IS Number,Product Description,BIS Product Category,Product Family,Certification Mandatory,Scheme,Notification Reference,Source Link,IS Base
IS 12640 (Part 1),"Residual current operated circuit breakers for house hold and
similar uses-Part 1 Circuit breakers without integral
overcurrent protection (RCCBs)",Household Electrical goods,Electrical cables and wiring,Yes,QCO,"2. Electrical Wires, Cables, Appliances and Protection Devices and Accessories (Quality Control) Order, 2003 No. 189(E) dated 17 Feb 2003 Subsequent Amendments: S.O. 165(E) dated 5 Feb 2004 , S.O. 1172 (E) dated 22Aug 2005 , S.O. 512(E) dated 19 Feb 2009 , S.O. 2058(E) dated 7Aug 2009 & S.O. 2604 (E) dated 19 Oct.2010",https://www.bis.gov.in/product-certification/products-under-compulsory-certification/,IS 12640
IS 12640 (Part 2),"Residual current operated circuit breakers for household and
similar uses–Part 2 Circuit breakers with integral overcurrent
protection(RCVOs)",Household Electrical goods,Electrical cables and wiring,Yes,QCO,,https://www.bis.gov.in/product-certification/products-under-compulsory-certification/,IS 12640
IS 13010,"AC watt-hour meters, class 0.5, 1 & 2",Household Electrical goods,Electrical cables and wiring,Yes,QCO,,https://www.bis.gov.in/product-certification/products-under-compulsory-certification/,IS 13010
IS 13779,"AC static watt-hour meters, class 1 & 2",Household Electrical goods,Electrical cables and wiring,Yes,QCO,,https://www.bis.gov.in/product-certification/products-under-compulsory-certification/,IS 13779
IS 14697,"AC static transformer operated watt-hour and VAR-hour meters,
class 0.2S & 0.5S",Household Electrical goods,Electrical cables and wiring,Yes,QCO,,https://www.bis.gov.in/product-certification/products-under-compulsory-certification/,IS 14697
IS 15111 (Part 1 & 2),"Self Ballasted Lamps for General Lighting Services – Part 1 :
Safety Requirements & Part 2 : Performance Requirements",Household Electrical goods,Electrical cables and wiring,Yes,QCO,,https://www.bis.gov.in/product-certification/products-under-compulsory-certification/,IS 15111
IS 302 (Part 2/Sec 3),Safety of household and similar electrical appliances – Electric iron,Household Electrical goods,Electrical cables and wiring,Yes,QCO,,https://www.bis.gov.in/product-certification/products-under-compulsory-certification/,IS 302
IS 302 (Part 2/Sec 201),Safety of household and similar electrical appliances– Electric immersion water-heaters,Household Electrical goods,Electrical cables and wiring,Yes,QCO,,https://www.bis.gov.in/product-certification/products-under-compulsory-certification/,IS 302
IS 302 (Part 2/Sec 202),Safety of household and similar electrical appliances –Electric stoves,Household Electrical goods,Electrical cables and wiring,Yes,QCO,,https://www.bis.gov.in/product-certification/products-under-compulsory-certification/,IS 302
IS 302 (Part 2/Sec 30),Safety of household and similar electrical appliances-Room heaters,Household Electrical goods,Electrical cables and wiring,Yes,QCO,,https://www.bis.gov.in/product-certification/products-under-compulsory-certification/,IS 302
IS 3854,Switches for domestic and similar purposes,Household Electrical goods,Electrical cables and wiring,Yes,QCO,,https://www.bis.gov.in/product-certification/products-under-compulsory-certification/,IS 3854
IS 418,Tungsten filament general service electric lamps (upto100 W ),Household Electrical goods,Electrical cables and wiring,Yes,QCO,,https://www.bis.gov.in/product-certification/products-under-compulsory-certification/,IS 418
IS 694,PVC insulated cables for working voltages up to and including 1100V,Household Electrical goods,Electrical cables and wiring,Yes,QCO,,https://www.bis.gov.in/product-certification/products-under-compulsory-certification/,IS 694
IS 8828 *,Electrical Accessories-Circuit breakers for overcurrent protection for household and similar installations,Household Electrical goods,Electrical cables and wiring,Yes,QCO,,https://www.bis.gov.in/product-certification/products-under-compulsory-certification/,IS 8828 *
IS 9968 (Part 1),Elastomer insulated cables (Part.1): For working voltages up to and including1100 V,Household Electrical goods,Electrical cables and wiring,Yes,QCO,,https://www.bis.gov.in/product-certification/products-under-compulsory-certification/,IS 9968
IS 2993,A.C. motor capacitors,Capacitors,Electrical cables and wiring,Yes,QCO,"16. SO 2434(E), dated 01st August 2017 Date of Implementation 01/02/2018",https://www.bis.gov.in/product-certification/products-under-compulsory-certification/,IS 2993
IS 13340,Power Capacitors of Self-healing Type for AC Power Systems having Rated Voltage up to 650V,Capacitors,Electrical cables and wiring,Yes,QCO,,https://www.bis.gov.in/product-certification/products-under-compulsory-certification/,IS 13340
IS 13585 Part 1,"Shunt Power Capacitors of the Non-Self-Healing Type for AC System having a Rated Voltage up to and Including 1000V Part-1 General Performance, Testing amd Rating Safety Requirements Guide for Installation and Operation",Capacitors,Electrical cables and wiring,Yes,QCO,,https://www.bis.gov.in/product-certification/products-under-compulsory-certification/,IS 13585 Part 1
IS 1554(Part 1) : 1988,Specification for PVC Insulated (Heavy Duty) Electric Cables Part 1 For Working Voltages up to and Including 1100 V,Cables,Electrical cables and wiring,Yes,QCO,"49. Cables (Quality Control) Order, 2020 (S.O. 294 (E) dated 21/01/2020 )",https://www.bis.gov.in/product-certification/products-under-compulsory-certification/,IS 1554
IS 1554(Part 2) : 1988,Specification for PVC Insulated (Heavy Duty) Electric Cables Part 2 For Working Voltages from 3.3 kV up to and Including 11 kV,Cables,Electrical cables and wiring,Yes,QCO,,https://www.bis.gov.in/product-certification/products-under-compulsory-certification/,IS 1554
IS 7098 (Part 1) : 1988,Specification for Crosslinked Polyethylene Insulated PVC Sheathed Cables Part 1 for working voltages up to and including 1100 V,Cables,Electrical cables and wiring,Yes,QCO,,https://www.bis.gov.in/product-certification/products-under-compulsory-certification/,IS 7098
IS 7098 (Part 2) : 2011,Crosslinked polyethylene insulated Thermoplastics sheathed cables – Specification Part 2 for working voltages from 3.3 kV up to and including 33 kV,Cables,Electrical cables and wiring,Yes,QCO,,https://www.bis.gov.in/product-certification/products-under-compulsory-certification/,IS 7098
IS 7098 (Part 3) : 1993,Cross-Linked Polyethylene Insulated Thermoplastics Sheathed Cables Part 3 For Working Voltages from 66 kV Up to and Including 220 kV,Cables,Electrical cables and wiring,Yes,QCO,,https://www.bis.gov.in/product-certification/products-under-compulsory-certification/,IS 7098
IS 14255 : 1995,Aerial Bunched Cables – For Working Voltages Up to and Including 1100 Volts – Specification,Cables,Electrical cables and wiring,Yes,QCO,,https://www.bis.gov.in/product-certification/products-under-compulsory-certification/,IS 14255
IS 9968 (Part 2) : 2002,Specification for Elastomer Insulated Cables Part 2 For Working Voltages form 3.3 kV Up to and Including 33 kV,Cables,Electrical cables and wiring,Yes,QCO,,https://www.bis.gov.in/product-certification/products-under-compulsory-certification/,IS 9968
IS 8784 : 1987,Specification for Thermocouple Compensating Cables,Cables,Electrical cables and wiring,Yes,QCO,,https://www.bis.gov.in/product-certification/products-under-compulsory-certification/,IS 8784
IS 9857 : 1990,Welding Cables – Specification,Cables,Electrical cables and wiring,Yes,QCO,,https://www.bis.gov.in/product-certification/products-under-compulsory-certification/,IS 9857
IS 14494 : 2019,Elastomer Insulated Flexible Cables for Use in Mines – Specification,Cables,Electrical cables and wiring,Yes,QCO,,https://www.bis.gov.in/product-certification/products-under-compulsory-certification/,IS 14494
IS 2593 : 1984,Specification for Flexible Cables for Miner’s Cap-Lamps,Cables,Electrical cables and wiring,Yes,QCO,,https://www.bis.gov.in/product-certification/products-under-compulsory-certification/,IS 2593
IS 5950 : 1984,Specification for Shot Firing Cables (for use other than in shafts),Cables,Electrical cables and wiring,Yes,QCO,,https://www.bis.gov.in/product-certification/products-under-compulsory-certification/,IS 5950
IS 17048 : 2018,Halogen Free Flame Retardant (HFFR) Cables for Working Voltages Up to and Including 1100 V – Specification,Cables,Electrical cables and wiring,Yes,QCO,,https://www.bis.gov.in/product-certification/products-under-compulsory-certification/,IS 17048
IS 5557: 2004,Industrial and protective rubber knee and ankle boots,Foot Wear,Safety equipment,Yes,QCO,"Footwear made from all-Rubber and all Polymeric material and its components (Quality Control) Order, 2020 (S.O. No. 3858 (E) 27/10/2020) Footwear made from all-Rubber and all Polymeric material and its components (Quality Control) Amendment Order, 2020 (S.O. 4378 (E) dated 04/12/2020) Footwear made from all Rubber and all Polymeric material and its components (Quality Control) Amendment Order, 2021 Rescind order for the Footwear made from all-Rubber and all Polymeric material and its components (Quality Control) Order, 2020 (S.O. 2597(E), dated 3rd June 2022) 61. Footwear made from all-Rubber and all Polymeric material and its components (Quality Control) Order, 2022 (S.O. 2600(E), dated 3rd June 2022 ) Footwear Made from all Rubber and all Polymeric Material and its Components (Quality Control) Amendment Order, 2022 S.O. 3880(E), dated 11 August 2022 Footwear made from all Rubber and all Polymeric Material and its Components (Quality Control) Amendment Order, 2023 S.O.3893(E), dated 1st September, 2023 Footwear made from All Rubber and all Polymeric Material and its Components (Quality Control) Order, 2024 S.O. 1422(E), dated 15th March 2024 Footwear made from All Rubber and all Polymeric Material and its Components (Quality Control) Amendment Order, 2024 S.O. 3701(E), dated 30th August 2024 Order for Goods & Articles Exemption against Import S.O. 775(E) Dated 13th February, 2026 Order for Goods & Articles Exemption against Purchase S.O. 776(E) Dated 13th February, 2026 Footwear made from All Rubber and all Polymeric Material and its Components (Quality Control) Amendment Order, 2026 S.O. 3037 (E) Dated 12 June, 2026 Transition Facilitation (Quality Control) Order, 2026 S.O. 3417 (E) Dated 25 June, 2026",https://www.bis.gov.in/product-certification/products-under-compulsory-certification/,IS 5557
IS 5557 (Part 2): 2018,All rubber gum boots and ankle boots,Foot Wear,Safety equipment,Yes,QCO,,https://www.bis.gov.in/product-certification/products-under-compulsory-certification/,IS 5557
IS 5676: 1995,Moulded solid rubber soles and heels,Foot Wear,Safety equipment,Yes,QCO,,https://www.bis.gov.in/product-certification/products-under-compulsory-certification/,IS 5676
IS 6664: 1992,Rubber microcellular sheets for soles and heels,Foot Wear,Safety equipment,Yes,QCO,,https://www.bis.gov.in/product-certification/products-under-compulsory-certification/,IS 6664
IS 6719: 1972,Solid PVC soles and heels,Foot Wear,Safety equipment,Yes,QCO,,https://www.bis.gov.in/product-certification/products-under-compulsory-certification/,IS 6719
IS 6721: 1972,PVC sandal,Foot Wear,Safety equipment,Yes,QCO,,https://www.bis.gov.in/product-certification/products-under-compulsory-certification/,IS 6721
IS 10702: 1992,Rubber Hawai Chappal,Foot Wear,Safety equipment,Yes,QCO,,https://www.bis.gov.in/product-certification/products-under-compulsory-certification/,IS 10702
IS 12254: 1993,Polyvinyl chloride(PVC) industrial boots,Foot Wear,Safety equipment,Yes,QCO,,https://www.bis.gov.in/product-certification/products-under-compulsory-certification/,IS 12254
IS 13893: 1994,"Polyurethane sole, semirigid",Foot Wear,Safety equipment,Yes,QCO,,https://www.bis.gov.in/product-certification/products-under-compulsory-certification/,IS 13893
IS 13995: 1995,Unlined moulded rubber boots,Foot Wear,Safety equipment,Yes,QCO,,https://www.bis.gov.in/product-certification/products-under-compulsory-certification/,IS 13995
IS 16645: 2018,Moulded plastics footwear- Lined or Unlined polyurethane boots for general industrial use,Foot Wear,Safety equipment,Yes,QCO,,https://www.bis.gov.in/product-certification/products-under-compulsory-certification/,IS 16645
IS 16994: 2018,Footwear for men and women for municipal scavenging work,Foot Wear,Safety equipment,Yes,QCO,,https://www.bis.gov.in/product-certification/products-under-compulsory-certification/,IS 16994
IS 1989 (Part 1): 1986,Leather safety boots and shoes for miners,Foot Wear,Safety equipment,Yes,QCO,"Footwear made from Leather and other materials (Quality Control) Order, 2020 (S.O. No. 3860(E) dated 27/10/2020) Footwear made from Leather and other materials (Quality Control) Amendment Order 2020 (S.O. 4379 (E) dated 04/12/2020) Footwear made from Leather and other materials (Quality Control) Amendment Order, 2021 Rescind order for the Footwear made from Leather and other materials(Quality Control)Order, 2020 (S.O. 2598(E), dated 3rd June 2022 ) 62. Footwear made from Leather and other materials(Quality Control)Order, 2022 (S.O. 2599(E), dated 3rd June 2022 ) Footwear Made from Leather and Other Materials (Quality Control) Amendment Order, 2022 S.O. 3775(E), dated 11 August 2022 Footwear made from Leather and other Materials (Quality Control) Order, 2024 S.O. 1421(E), dated 15th March 2024 Footwear made from Leather and other Materials (Quality Control) Amendment Order, 2024 S.O. 3700(E), dated 30th August 2024 Order for Goods & Articles Exemption against Import S.O. 775(E) Dated 13th February, 2026 Order for Goods & Articles Exemption against Purchase S.O. 776(E) Dated 13th February, 2026 Footwear made from Leather and other Materials (Quality Control) Amendment Order, 2026 S.O. 3038 (E) Dated 12 June, 2026 Transition Facilitation (Quality Control) Order, 2026 S.O. 3417 (E) Dated 25 June, 2026",https://www.bis.gov.in/product-certification/products-under-compulsory-certification/,IS 1989
IS 1989 (Part.2): 1986,Leather safety boots and shoes for heavy metal industries,Foot Wear,Safety equipment,Yes,QCO,,https://www.bis.gov.in/product-certification/products-under-compulsory-certification/,IS 1989
IS 3735: 1996,Canvas Shoes Rubber Sole,Foot Wear,Safety equipment,Yes,QCO,,https://www.bis.gov.in/product-certification/products-under-compulsory-certification/,IS 3735
IS 3736: 1995,Canvas Boots Rubber Sole,Foot Wear,Safety equipment,Yes,QCO,,https://www.bis.gov.in/product-certification/products-under-compulsory-certification/,IS 3736
IS 3976: 2018,Safety Rubber Canvas Boots for Miners,Foot Wear,Safety equipment,Yes,QCO,,https://www.bis.gov.in/product-certification/products-under-compulsory-certification/,IS 3976
IS 11226: 1993,Leather safety footwear having direct moulded rubber sole,Foot Wear,Safety equipment,Yes,QCO,,https://www.bis.gov.in/product-certification/products-under-compulsory-certification/,IS 11226
IS 14544: 1998,Leather safety footwear with direct moulded polyvinyl chloride (PVC) sole,Foot Wear,Safety equipment,Yes,QCO,,https://www.bis.gov.in/product-certification/products-under-compulsory-certification/,IS 14544
IS 15844(Part-1): 2023,Sports Footwear for General Purpose,Foot Wear,Safety equipment,Yes,QCO,,https://www.bis.gov.in/product-certification/products-under-compulsory-certification/,IS 15844
IS 15844(Part-2): 2023,Sports Footwear for Performance Sports Footwear,Foot Wear,Safety equipment,Yes,QCO,,https://www.bis.gov.in/product-certification/products-under-compulsory-certification/,IS 15844
IS 15844(Part 3): 2024,Sports Footwear for Professional Sports Footwear,Foot Wear,Safety equipment,Yes,QCO,,https://www.bis.gov.in/product-certification/products-under-compulsory-certification/,IS 15844
IS 17012: 2018,High ankle tactical boots with PU – Rubber sole,Foot Wear,Safety equipment,Yes,QCO,,https://www.bis.gov.in/product-certification/products-under-compulsory-certification/,IS 17012
IS 17037: 2018,Antiriot shoes,Foot Wear,Safety equipment,Yes,QCO,,https://www.bis.gov.in/product-certification/products-under-compulsory-certification/,IS 17037
IS 17043 (Part-1): 2024,Shoes for Services,Foot Wear,Safety equipment,Yes,QCO,,https://www.bis.gov.in/product-certification/products-under-compulsory-certification/,IS 17043
IS 17043 (Part-2): 2024,Shoes for General Purpose,Foot Wear,Safety equipment,Yes,QCO,,https://www.bis.gov.in/product-certification/products-under-compulsory-certification/,IS 17043
IS 15298 (Part 2): 2016,Personal protective equipment – Part 2 Safety Footwear,Foot Wear,Safety equipment,Yes,QCO,"63. Personal Protective Equipment – Footwear (Quality Control) Order, 2020 (S.O. No. 3857(E) dated 27/10/2020) Personal Protective Equipment – Footwear (Quality Control) Amendment Order, 2020 (S.O. 4377 (E) dated 04/12/2020) Personal Protective Equipment-Footwear (Quality Control) Amendment Order, 2021 Transition Facilitation (Quality Control) Order, 2026 S.O. 3417 (E) Dated 25 June, 2026",https://www.bis.gov.in/product-certification/products-under-compulsory-certification/,IS 15298
IS 15298 ( Part 3) : 2019,Personal protective equipment – Part 3 Protective Footwear,Foot Wear,Safety equipment,Yes,QCO,,https://www.bis.gov.in/product-certification/products-under-compulsory-certification/,IS 15298
IS 15298 (Part 4) : 2017,Personal protective equipment – Part 4 Occupational Footwear,Foot Wear,Safety equipment,Yes,QCO,,https://www.bis.gov.in/product-certification/products-under-compulsory-certification/,IS 15298
IS 1536: 2001,"Centrifugally cast (Spun) iron pressure pipes for water, gas and sewage",Centrifugally cast (Spun) iron pipes,Pipes (PVC and GI),Yes,QCO,"67. Centrifugally Cast (Spun) Iron Pipes (Quality Control) Order, 2021 (S.O. No. 116 (E) 12/01/2021)",https://www.bis.gov.in/product-certification/products-under-compulsory-certification/,IS 1536
IS 3989: 2009,"Centrifugally cast (Spun) iron spigot and socket soil, waste, ventilating and rainwater pipes, fittings and accessories",Centrifugally cast (Spun) iron pipes,Pipes (PVC and GI),Yes,QCO,,https://www.bis.gov.in/product-certification/products-under-compulsory-certification/,IS 3989
IS 15905: 2011,"Hubless centrifugally cast (Spun) iron pipes, fittings and accessories – Spigot series",Centrifugally cast (Spun) iron pipes,Pipes (PVC and GI),Yes,QCO,,https://www.bis.gov.in/product-certification/products-under-compulsory-certification/,IS 15905
IS 15741 : 2007,Curtains and Drapes,Protective Textiles,Safety equipment,Yes,QCO,"74. Protective Textiles (Quality Control) Order, 2022 (S.O. 1707(E), dated 10th April, 2023) Protective Textiles (Quality Control) Amendment Order, 2022 (S.O. 2332(E), 24th May, 2023) Protective Textiles (Quality Control) Amendment Order, 2024 S.O. 3896(E), dated 12th September 2024",https://www.bis.gov.in/product-certification/products-under-compulsory-certification/,IS 15741
IS 16890 : 2018,Protective clothing for firefighters,Protective Textiles,Safety equipment,Yes,QCO,,https://www.bis.gov.in/product-certification/products-under-compulsory-certification/,IS 16890
IS 16874 : 2018,Protective gloves for firefighters,Protective Textiles,Safety equipment,Yes,QCO,,https://www.bis.gov.in/product-certification/products-under-compulsory-certification/,IS 16874
IS 15748 : 2022,Protective clothing for industrial workers exposed to heat,Protective Textiles,Safety equipment,Yes,QCO,,https://www.bis.gov.in/product-certification/products-under-compulsory-certification/,IS 15748
IS 15742 : 2007,Clothing made of limited flame spread materials and material assemblies affording protection against heat and flame,Protective Textiles,Safety equipment,Yes,QCO,,https://www.bis.gov.in/product-certification/products-under-compulsory-certification/,IS 15742
IS 15809 : 2017,High visibility Warning Clothes,Protective Textiles,Safety equipment,Yes,QCO,,https://www.bis.gov.in/product-certification/products-under-compulsory-certification/,IS 15809
IS 16655 : 2017,Protective Clothing for use in welding and allied processes,Protective Textiles,Safety equipment,Yes,QCO,,https://www.bis.gov.in/product-certification/products-under-compulsory-certification/,IS 16655
IS 16725 : 2018,Tactical 3 point sling,Protective Textiles,Safety equipment,Yes,QCO,,https://www.bis.gov.in/product-certification/products-under-compulsory-certification/,IS 16725
IS 16726 : 2018,Pouch for ammunition and grenades made of disruptive pattern nylon-66,Protective Textiles,Safety equipment,Yes,QCO,,https://www.bis.gov.in/product-certification/products-under-compulsory-certification/,IS 16726
IS 17051 : 2018,Bullet resistant jackets,Protective Textiles,Safety equipment,Yes,QCO,,https://www.bis.gov.in/product-certification/products-under-compulsory-certification/,IS 17051
IS 17286 : 2019,Water-proof multipurpose rain poncho,Protective Textiles,Safety equipment,Yes,QCO,,https://www.bis.gov.in/product-certification/products-under-compulsory-certification/,IS 17286
IS 2745:1983,Non-metal helmet for firemen and civil defence personnel,"Helmet for Police Force, Civil Defence and Personal Protection",Safety equipment,Yes,QCO,"101. Helmet for Police Force, Civil Defence and Personal Protection (Quality Control) Order, 2023 S.O. 4649(E), dated 23rd October 2023",https://www.bis.gov.in/product-certification/products-under-compulsory-certification/,IS 2745
IS 2925:1984,Industrial safety helmets,"Helmet for Police Force, Civil Defence and Personal Protection",Safety equipment,Yes,QCO,,https://www.bis.gov.in/product-certification/products-under-compulsory-certification/,IS 2925
IS 9562:1980,Non- metal helmet for Police Force,"Helmet for Police Force, Civil Defence and Personal Protection",Safety equipment,Yes,QCO,,https://www.bis.gov.in/product-certification/products-under-compulsory-certification/,IS 9562
IS 12330,Sulphate Resisting Portland Cement,Cement (any variety of cement manufactured or sold in India) such as,Cement (any variety of cement manufactured or sold in India) such as,Yes,"BIS Product Certification (ISI Mark, Scheme I)","1. Cement (Quality Control)Order, 2003 S.O. No. 191(E) Dt. 17 Feb 2003",https://www.bis.gov.in/product-certification/products-under-compulsory-certification/scheme-i-mark-scheme/?lang=en,IS 12330
IS 12600,Low heat Portland Cement,Cement (any variety of cement manufactured or sold in India) such as,Cement (any variety of cement manufactured or sold in India) such as,Yes,"BIS Product Certification (ISI Mark, Scheme I)","1. Cement (Quality Control)Order, 2003 S.O. No. 191(E) Dt. 17 Feb 2003",https://www.bis.gov.in/product-certification/products-under-compulsory-certification/scheme-i-mark-scheme/?lang=en,IS 12600
IS 1489 (Part 1),Portland Pozzolana Cement-Part1 Fly-ash based,Cement (any variety of cement manufactured or sold in India) such as,Cement (any variety of cement manufactured or sold in India) such as,Yes,"BIS Product Certification (ISI Mark, Scheme I)","1. Cement (Quality Control)Order, 2003 S.O. No. 191(E) Dt. 17 Feb 2003",https://www.bis.gov.in/product-certification/products-under-compulsory-certification/scheme-i-mark-scheme/?lang=en,IS 1489
IS 1489 (Part 2),Portland Pozzolana Cement-Part 2 Calcined clay based,Cement (any variety of cement manufactured or sold in India) such as,Cement (any variety of cement manufactured or sold in India) such as,Yes,"BIS Product Certification (ISI Mark, Scheme I)","1. Cement (Quality Control)Order, 2003 S.O. No. 191(E) Dt. 17 Feb 2003",https://www.bis.gov.in/product-certification/products-under-compulsory-certification/scheme-i-mark-scheme/?lang=en,IS 1489
IS 269,Ordinary Portland Cement,Cement (any variety of cement manufactured or sold in India) such as,Cement (any variety of cement manufactured or sold in India) such as,Yes,"BIS Product Certification (ISI Mark, Scheme I)","1. Cement (Quality Control)Order, 2003 S.O. No. 191(E) Dt. 17 Feb 2003",https://www.bis.gov.in/product-certification/products-under-compulsory-certification/scheme-i-mark-scheme/?lang=en,IS 269
IS 3466,Masonry Cement,Cement (any variety of cement manufactured or sold in India) such as,Cement (any variety of cement manufactured or sold in India) such as,Yes,"BIS Product Certification (ISI Mark, Scheme I)","1. Cement (Quality Control)Order, 2003 S.O. No. 191(E) Dt. 17 Feb 2003",https://www.bis.gov.in/product-certification/products-under-compulsory-certification/scheme-i-mark-scheme/?lang=en,IS 3466
IS 455,Portland Slag Cement,Cement (any variety of cement manufactured or sold in India) such as,Cement (any variety of cement manufactured or sold in India) such as,Yes,"BIS Product Certification (ISI Mark, Scheme I)","1. Cement (Quality Control)Order, 2003 S.O. No. 191(E) Dt. 17 Feb 2003",https://www.bis.gov.in/product-certification/products-under-compulsory-certification/scheme-i-mark-scheme/?lang=en,IS 455
IS 6452,High Alumina Cement for Structural use,Cement (any variety of cement manufactured or sold in India) such as,Cement (any variety of cement manufactured or sold in India) such as,Yes,"BIS Product Certification (ISI Mark, Scheme I)","1. Cement (Quality Control)Order, 2003 S.O. No. 191(E) Dt. 17 Feb 2003",https://www.bis.gov.in/product-certification/products-under-compulsory-certification/scheme-i-mark-scheme/?lang=en,IS 6452
IS 6909,Super sulphated cement,Cement (any variety of cement manufactured or sold in India) such as,Cement (any variety of cement manufactured or sold in India) such as,Yes,"BIS Product Certification (ISI Mark, Scheme I)","1. Cement (Quality Control)Order, 2003 S.O. No. 191(E) Dt. 17 Feb 2003",https://www.bis.gov.in/product-certification/products-under-compulsory-certification/scheme-i-mark-scheme/?lang=en,IS 6909
IS 8041,Rapid hardening Portland cement,Cement (any variety of cement manufactured or sold in India) such as,Cement (any variety of cement manufactured or sold in India) such as,Yes,"BIS Product Certification (ISI Mark, Scheme I)","1. Cement (Quality Control)Order, 2003 S.O. No. 191(E) Dt. 17 Feb 2003",https://www.bis.gov.in/product-certification/products-under-compulsory-certification/scheme-i-mark-scheme/?lang=en,IS 8041
IS 8042,White Portland Cement,Cement (any variety of cement manufactured or sold in India) such as,Cement (any variety of cement manufactured or sold in India) such as,Yes,"BIS Product Certification (ISI Mark, Scheme I)","1. Cement (Quality Control)Order, 2003 S.O. No. 191(E) Dt. 17 Feb 2003",https://www.bis.gov.in/product-certification/products-under-compulsory-certification/scheme-i-mark-scheme/?lang=en,IS 8042
IS 8043,Hydrophobic Portland Cement,Cement (any variety of cement manufactured or sold in India) such as,Cement (any variety of cement manufactured or sold in India) such as,Yes,"BIS Product Certification (ISI Mark, Scheme I)","1. Cement (Quality Control)Order, 2003 S.O. No. 191(E) Dt. 17 Feb 2003",https://www.bis.gov.in/product-certification/products-under-compulsory-certification/scheme-i-mark-scheme/?lang=en,IS 8043
IS 8229,Oil well Cement,Cement (any variety of cement manufactured or sold in India) such as,Cement (any variety of cement manufactured or sold in India) such as,Yes,"BIS Product Certification (ISI Mark, Scheme I)","1. Cement (Quality Control)Order, 2003 S.O. No. 191(E) Dt. 17 Feb 2003",https://www.bis.gov.in/product-certification/products-under-compulsory-certification/scheme-i-mark-scheme/?lang=en,IS 8229
IS 16415: 2015,Composite Cement- Specification.,Cement (any variety of cement manufactured or sold in India) such as,Cement (any variety of cement manufactured or sold in India) such as,Yes,"BIS Product Certification (ISI Mark, Scheme I)","1. Cement (Quality Control)Order, 2003 S.O. No. 191(E) Dt. 17 Feb 2003",https://www.bis.gov.in/product-certification/products-under-compulsory-certification/scheme-i-mark-scheme/?lang=en,IS 16415
IS 16993: 2018,Microfine Ordinary Portland Cement- Specification.,Cement (any variety of cement manufactured or sold in India) such as,Cement (any variety of cement manufactured or sold in India) such as,Yes,"BIS Product Certification (ISI Mark, Scheme I)","1. Cement (Quality Control)Order, 2003 S.O. No. 191(E) Dt. 17 Feb 2003",https://www.bis.gov.in/product-certification/products-under-compulsory-certification/scheme-i-mark-scheme/?lang=en,IS 16993
IS 15895: 2018,High Alumina Refractory Cement.,Cement (any variety of cement manufactured or sold in India) such as,Cement (any variety of cement manufactured or sold in India) such as,Yes,"BIS Product Certification (ISI Mark, Scheme I)","1. Cement (Quality Control)Order, 2003 S.O. No. 191(E) Dt. 17 Feb 2003",https://www.bis.gov.in/product-certification/products-under-compulsory-certification/scheme-i-mark-scheme/?lang=en,IS 15895
IS 8144,Multi-Purpose dry batteries,Batteries,Batteries,Yes,"BIS Product Certification (ISI Mark, Scheme I)","3. SO 516(E), dated 25th May 1987",https://www.bis.gov.in/product-certification/products-under-compulsory-certification/scheme-i-mark-scheme/?lang=en,IS 8144
IS 15757,Follow – up formula – complimentary foods De-notified from compulsory BIS certification,Food & Related Products De-notified from compulsory BIS certification,Food & Related Products De-notified from compulsory BIS certification,Yes,"BIS Product Certification (ISI Mark, Scheme I)","3. SO 516(E), dated 25th May 1987",https://www.bis.gov.in/product-certification/products-under-compulsory-certification/scheme-i-mark-scheme/?lang=en,IS 15757
IS 11536,Processed cereal based complementary foods De-notified from compulsory BIS certification,Food & Related Products De-notified from compulsory BIS certification,Food & Related Products De-notified from compulsory BIS certification,Yes,"BIS Product Certification (ISI Mark, Scheme I)","3. SO 516(E), dated 25th May 1987",https://www.bis.gov.in/product-certification/products-under-compulsory-certification/scheme-i-mark-scheme/?lang=en,IS 11536
IS 1165,Milk-powder De-notified from compulsory BIS certification,Food & Related Products De-notified from compulsory BIS certification,Food & Related Products De-notified from compulsory BIS certification,Yes,"BIS Product Certification (ISI Mark, Scheme I)","3. SO 516(E), dated 25th May 1987",https://www.bis.gov.in/product-certification/products-under-compulsory-certification/scheme-i-mark-scheme/?lang=en,IS 1165
IS 1166,"Condensed milk, partly skimmed and skimmed condensed milk De-notified from compulsory BIS certification",Food & Related Products De-notified from compulsory BIS certification,Food & Related Products De-notified from compulsory BIS certification,Yes,"BIS Product Certification (ISI Mark, Scheme I)","3. SO 516(E), dated 25th May 1987",https://www.bis.gov.in/product-certification/products-under-compulsory-certification/scheme-i-mark-scheme/?lang=en,IS 1166
IS 12176,Sweetened ultra high temperature treated condensed milk De-notified from compulsory BIS certification,Food & Related Products De-notified from compulsory BIS certification,Food & Related Products De-notified from compulsory BIS certification,Yes,"BIS Product Certification (ISI Mark, Scheme I)","3. SO 516(E), dated 25th May 1987",https://www.bis.gov.in/product-certification/products-under-compulsory-certification/scheme-i-mark-scheme/?lang=en,IS 12176
IS 13334 (Part 1),"Skimmed milk-powder, standard grade De-notified from compulsory BIS certification",Food & Related Products De-notified from compulsory BIS certification,Food & Related Products De-notified from compulsory BIS certification,Yes,"BIS Product Certification (ISI Mark, Scheme I)","3. SO 516(E), dated 25th May 1987",https://www.bis.gov.in/product-certification/products-under-compulsory-certification/scheme-i-mark-scheme/?lang=en,IS 13334
IS 13334 (Part 2),"Skimmed milk-powder, extra grade De-notified from compulsory BIS certification",Food & Related Products De-notified from compulsory BIS certification,Food & Related Products De-notified from compulsory BIS certification,Yes,"BIS Product Certification (ISI Mark, Scheme I)","3. SO 516(E), dated 25th May 1987",https://www.bis.gov.in/product-certification/products-under-compulsory-certification/scheme-i-mark-scheme/?lang=en,IS 13334
IS 13428,Packaged Natural Mineral Water De-notified from compulsory BIS certification,Food & Related Products De-notified from compulsory BIS certification,Food & Related Products De-notified from compulsory BIS certification,Yes,"BIS Product Certification (ISI Mark, Scheme I)","3. SO 516(E), dated 25th May 1987",https://www.bis.gov.in/product-certification/products-under-compulsory-certification/scheme-i-mark-scheme/?lang=en,IS 13428
IS 14433,Infant milk substitutes De-notified from compulsory BIS certification,Food & Related Products De-notified from compulsory BIS certification,Food & Related Products De-notified from compulsory BIS certification,Yes,"BIS Product Certification (ISI Mark, Scheme I)","3. SO 516(E), dated 25th May 1987",https://www.bis.gov.in/product-certification/products-under-compulsory-certification/scheme-i-mark-scheme/?lang=en,IS 14433
IS 17945: 2022,Food for Special Medical Purpose intended for Infants De-notified from compulsory BIS certification,Food & Related Products De-notified from compulsory BIS certification,Food & Related Products De-notified from compulsory BIS certification,Yes,"BIS Product Certification (ISI Mark, Scheme I)","3. SO 516(E), dated 25th May 1987",https://www.bis.gov.in/product-certification/products-under-compulsory-certification/scheme-i-mark-scheme/?lang=en,IS 17945
IS 14542,Partly skimmed milk powder De-notified from compulsory BIS certification,Food & Related Products De-notified from compulsory BIS certification,Food & Related Products De-notified from compulsory BIS certification,Yes,"BIS Product Certification (ISI Mark, Scheme I)","3. SO 516(E), dated 25th May 1987",https://www.bis.gov.in/product-certification/products-under-compulsory-certification/scheme-i-mark-scheme/?lang=en,IS 14542
IS 14543,Packaged Drinking Water (Other than Packaged Natural Mineral Water) De-notified from compulsory BIS certification,Food & Related Products De-notified from compulsory BIS certification,Food & Related Products De-notified from compulsory BIS certification,Yes,"BIS Product Certification (ISI Mark, Scheme I)","3. SO 516(E), dated 25th May 1987",https://www.bis.gov.in/product-certification/products-under-compulsory-certification/scheme-i-mark-scheme/?lang=en,IS 14543
IS 1656,Milk- cereal Based Complementary foods De-notified from compulsory BIS certification,Food & Related Products De-notified from compulsory BIS certification,Food & Related Products De-notified from compulsory BIS certification,Yes,"BIS Product Certification (ISI Mark, Scheme I)","3. SO 516(E), dated 25th May 1987",https://www.bis.gov.in/product-certification/products-under-compulsory-certification/scheme-i-mark-scheme/?lang=en,IS 1656
IS 14625,Plastic Feeding Bottles,Feeding Bottles,Feeding Bottles,Yes,"BIS Product Certification (ISI Mark, Scheme I)","3. SO 516(E), dated 25th May 1987",https://www.bis.gov.in/product-certification/products-under-compulsory-certification/scheme-i-mark-scheme/?lang=en,IS 14625
IS 5168,Glass Feeding Bottles,Feeding Bottles,Feeding Bottles,Yes,"BIS Product Certification (ISI Mark, Scheme I)","3. SO 516(E), dated 25th May 1987",https://www.bis.gov.in/product-certification/products-under-compulsory-certification/scheme-i-mark-scheme/?lang=en,IS 5168
IS 10109,"Oil pressure stove, offset burner type",Oil Pressure Stoves,Oil Pressure Stoves,Yes,"BIS Product Certification (ISI Mark, Scheme I)","5. Oil Pressure Stoves (Q.C) Order, 1997 SO 451(E) dated 16 June 1997",https://www.bis.gov.in/product-certification/products-under-compulsory-certification/scheme-i-mark-scheme/?lang=en,IS 10109
IS 2787,Multi-burner oil pressure stoves,Oil Pressure Stoves,Oil Pressure Stoves,Yes,"BIS Product Certification (ISI Mark, Scheme I)","5. Oil Pressure Stoves (Q.C) Order, 1997 SO 451(E) dated 16 June 1997",https://www.bis.gov.in/product-certification/products-under-compulsory-certification/scheme-i-mark-scheme/?lang=en,IS 2787
IS 1342,Oil pressure stoves,Oil Pressure Stoves,Oil Pressure Stoves,Yes,"BIS Product Certification (ISI Mark, Scheme I)","5. Oil Pressure Stoves (Q.C) Order, 1997 SO 451(E) dated 16 June 1997",https://www.bis.gov.in/product-certification/products-under-compulsory-certification/scheme-i-mark-scheme/?lang=en,IS 1342
IS 13098,Automotive vehicles – Tubes for pneumatic tyres,Automobile Accessories,Automobile Accessories,Yes,"BIS Product Certification (ISI Mark, Scheme I)","6. Pneumatic Tyres and Tubes for Automotive Vehicles (Quality Control) Order, 2009 S.O. No. 2953(E) dated 19-11-2009 Subsequent Amendments S.O. No. 1057 (E) dated 11-05-2010 S.O. No. 2758 (E) dated 9-11-2010",https://www.bis.gov.in/product-certification/products-under-compulsory-certification/scheme-i-mark-scheme/?lang=en,IS 13098
IS 15627,Automotive vehicles – Pneumatic tyres for two and three-wheeled motor vehicles,Automobile Accessories,Automobile Accessories,Yes,"BIS Product Certification (ISI Mark, Scheme I)","6. Pneumatic Tyres and Tubes for Automotive Vehicles (Quality Control) Order, 2009 S.O. No. 2953(E) dated 19-11-2009 Subsequent Amendments S.O. No. 1057 (E) dated 11-05-2010 S.O. No. 2758 (E) dated 9-11-2010",https://www.bis.gov.in/product-certification/products-under-compulsory-certification/scheme-i-mark-scheme/?lang=en,IS 15627
IS 15633,Automotive vehicles-Pneumatic tyres for passenger car vehicles – Diagonal and radial ply,Automobile Accessories,Automobile Accessories,Yes,"BIS Product Certification (ISI Mark, Scheme I)","6. Pneumatic Tyres and Tubes for Automotive Vehicles (Quality Control) Order, 2009 S.O. No. 2953(E) dated 19-11-2009 Subsequent Amendments S.O. No. 1057 (E) dated 11-05-2010 S.O. No. 2758 (E) dated 9-11-2010",https://www.bis.gov.in/product-certification/products-under-compulsory-certification/scheme-i-mark-scheme/?lang=en,IS 15633
IS 15636,Automotive vehicles- Pneumatic tyres for commercial vehicles-Diagonal and radial ply,Automobile Accessories,Automobile Accessories,Yes,"BIS Product Certification (ISI Mark, Scheme I)","6. Pneumatic Tyres and Tubes for Automotive Vehicles (Quality Control) Order, 2009 S.O. No. 2953(E) dated 19-11-2009 Subsequent Amendments S.O. No. 1057 (E) dated 11-05-2010 S.O. No. 2758 (E) dated 9-11-2010",https://www.bis.gov.in/product-certification/products-under-compulsory-certification/scheme-i-mark-scheme/?lang=en,IS 15636
IS 14899,Liquefied petroleum gas containers for automotive use,"Cylinder, Valves and Regulator","Cylinder, Valves and Regulator",Yes,"BIS Product Certification (ISI Mark, Scheme I)","6. Pneumatic Tyres and Tubes for Automotive Vehicles (Quality Control) Order, 2009 S.O. No. 2953(E) dated 19-11-2009 Subsequent Amendments S.O. No. 1057 (E) dated 11-05-2010 S.O. No. 2758 (E) dated 9-11-2010",https://www.bis.gov.in/product-certification/products-under-compulsory-certification/scheme-i-mark-scheme/?lang=en,IS 14899
IS 15100,Multifunction valve assembly for permanently fixed liquefied petroleum gas (LPG) containers for automotive use,"Cylinder, Valves and Regulator","Cylinder, Valves and Regulator",Yes,"BIS Product Certification (ISI Mark, Scheme I)","6. Pneumatic Tyres and Tubes for Automotive Vehicles (Quality Control) Order, 2009 S.O. No. 2953(E) dated 19-11-2009 Subsequent Amendments S.O. No. 1057 (E) dated 11-05-2010 S.O. No. 2758 (E) dated 9-11-2010",https://www.bis.gov.in/product-certification/products-under-compulsory-certification/scheme-i-mark-scheme/?lang=en,IS 15100
IS 3196 (Part 4),Welded low carbon steel cylinders exceeding 5 litre Water capacity for low pressure liquefiable gases Part 4 Cylinders for toxic and corrosive gases,"Cylinder, Valves and Regulator","Cylinder, Valves and Regulator",Yes,"BIS Product Certification (ISI Mark, Scheme I)","6. Pneumatic Tyres and Tubes for Automotive Vehicles (Quality Control) Order, 2009 S.O. No. 2953(E) dated 19-11-2009 Subsequent Amendments S.O. No. 1057 (E) dated 11-05-2010 S.O. No. 2758 (E) dated 9-11-2010",https://www.bis.gov.in/product-certification/products-under-compulsory-certification/scheme-i-mark-scheme/?lang=en,IS 3196
IS 3196 (Part 1),Welded low carbon steel gas cylinder exceeding 5 litre water capacity for low pressure liquefiable gases Part1 Cylinders for liquefied petroleum gas (LPG),"Cylinder, Valves and Regulator","Cylinder, Valves and Regulator",Yes,"BIS Product Certification (ISI Mark, Scheme I)","6. Pneumatic Tyres and Tubes for Automotive Vehicles (Quality Control) Order, 2009 S.O. No. 2953(E) dated 19-11-2009 Subsequent Amendments S.O. No. 1057 (E) dated 11-05-2010 S.O. No. 2758 (E) dated 9-11-2010",https://www.bis.gov.in/product-certification/products-under-compulsory-certification/scheme-i-mark-scheme/?lang=en,IS 3196
IS 3196 (Part 2),Welded low carbon steel gas cylinder exceeding 5-litre water capacity for low pressure liquefiable gases Part 2 Cylinders for liquefiable gases other than LPG.,"Cylinder, Valves and Regulator","Cylinder, Valves and Regulator",Yes,"BIS Product Certification (ISI Mark, Scheme I)","6. Pneumatic Tyres and Tubes for Automotive Vehicles (Quality Control) Order, 2009 S.O. No. 2953(E) dated 19-11-2009 Subsequent Amendments S.O. No. 1057 (E) dated 11-05-2010 S.O. No. 2758 (E) dated 9-11-2010",https://www.bis.gov.in/product-certification/products-under-compulsory-certification/scheme-i-mark-scheme/?lang=en,IS 3196
IS 3224,Valve fittings for compressed gas cylinder excluding liquefied petroleum gas cylinders,"Cylinder, Valves and Regulator","Cylinder, Valves and Regulator",Yes,"BIS Product Certification (ISI Mark, Scheme I)","6. Pneumatic Tyres and Tubes for Automotive Vehicles (Quality Control) Order, 2009 S.O. No. 2953(E) dated 19-11-2009 Subsequent Amendments S.O. No. 1057 (E) dated 11-05-2010 S.O. No. 2758 (E) dated 9-11-2010",https://www.bis.gov.in/product-certification/products-under-compulsory-certification/scheme-i-mark-scheme/?lang=en,IS 3224
IS 3745,Yoke Type Valve Connection for Small Medical Gas Cylinders,"Cylinder, Valves and Regulator","Cylinder, Valves and Regulator",Yes,"BIS Product Certification (ISI Mark, Scheme I)","6. Pneumatic Tyres and Tubes for Automotive Vehicles (Quality Control) Order, 2009 S.O. No. 2953(E) dated 19-11-2009 Subsequent Amendments S.O. No. 1057 (E) dated 11-05-2010 S.O. No. 2758 (E) dated 9-11-2010",https://www.bis.gov.in/product-certification/products-under-compulsory-certification/scheme-i-mark-scheme/?lang=en,IS 3745
IS 7142,Welded low carbon steel cylinders for low pressure liquefiable gases not exceeding 5 litre water capacity,"Cylinder, Valves and Regulator","Cylinder, Valves and Regulator",Yes,"BIS Product Certification (ISI Mark, Scheme I)","6. Pneumatic Tyres and Tubes for Automotive Vehicles (Quality Control) Order, 2009 S.O. No. 2953(E) dated 19-11-2009 Subsequent Amendments S.O. No. 1057 (E) dated 11-05-2010 S.O. No. 2758 (E) dated 9-11-2010",https://www.bis.gov.in/product-certification/products-under-compulsory-certification/scheme-i-mark-scheme/?lang=en,IS 7142
IS 7285 (Part 1),Refillable Seamless steel gas cylinders Part1 Normalized steel cylinders,"Cylinder, Valves and Regulator","Cylinder, Valves and Regulator",Yes,"BIS Product Certification (ISI Mark, Scheme I)","6. Pneumatic Tyres and Tubes for Automotive Vehicles (Quality Control) Order, 2009 S.O. No. 2953(E) dated 19-11-2009 Subsequent Amendments S.O. No. 1057 (E) dated 11-05-2010 S.O. No. 2758 (E) dated 9-11-2010",https://www.bis.gov.in/product-certification/products-under-compulsory-certification/scheme-i-mark-scheme/?lang=en,IS 7285
IS 7285 (Part 2),Refillable Seamless steel gas cylinders Part 2 Quenched and tempered steel cylinders with tensile strength less than 1100 MPa (112 kgf/mm 2 ),"Cylinder, Valves and Regulator","Cylinder, Valves and Regulator",Yes,"BIS Product Certification (ISI Mark, Scheme I)","6. Pneumatic Tyres and Tubes for Automotive Vehicles (Quality Control) Order, 2009 S.O. No. 2953(E) dated 19-11-2009 Subsequent Amendments S.O. No. 1057 (E) dated 11-05-2010 S.O. No. 2758 (E) dated 9-11-2010",https://www.bis.gov.in/product-certification/products-under-compulsory-certification/scheme-i-mark-scheme/?lang=en,IS 7285
IS 7302,Valve fittings for gas cylinder valves for use with breathing apparatus,"Cylinder, Valves and Regulator","Cylinder, Valves and Regulator",Yes,"BIS Product Certification (ISI Mark, Scheme I)","6. Pneumatic Tyres and Tubes for Automotive Vehicles (Quality Control) Order, 2009 S.O. No. 2953(E) dated 19-11-2009 Subsequent Amendments S.O. No. 1057 (E) dated 11-05-2010 S.O. No. 2758 (E) dated 9-11-2010",https://www.bis.gov.in/product-certification/products-under-compulsory-certification/scheme-i-mark-scheme/?lang=en,IS 7302
IS 7312,Welded and seamless steel dissolved acetylene gas cylinders,"Cylinder, Valves and Regulator","Cylinder, Valves and Regulator",Yes,"BIS Product Certification (ISI Mark, Scheme I)","6. Pneumatic Tyres and Tubes for Automotive Vehicles (Quality Control) Order, 2009 S.O. No. 2953(E) dated 19-11-2009 Subsequent Amendments S.O. No. 1057 (E) dated 11-05-2010 S.O. No. 2758 (E) dated 9-11-2010",https://www.bis.gov.in/product-certification/products-under-compulsory-certification/scheme-i-mark-scheme/?lang=en,IS 7312
IS 8737,Valve fittings for use with liquefied petroleum gas cylinders of more than 5 litre water capacity Part 2 Valve fittings for newly manufactured LPG cylinders,"Cylinder, Valves and Regulator","Cylinder, Valves and Regulator",Yes,"BIS Product Certification (ISI Mark, Scheme I)","6. Pneumatic Tyres and Tubes for Automotive Vehicles (Quality Control) Order, 2009 S.O. No. 2953(E) dated 19-11-2009 Subsequent Amendments S.O. No. 1057 (E) dated 11-05-2010 S.O. No. 2758 (E) dated 9-11-2010",https://www.bis.gov.in/product-certification/products-under-compulsory-certification/scheme-i-mark-scheme/?lang=en,IS 8737
IS 8776,Valve Fittings for Use with Liquefied Petroleum Gas (LPG) Cylinders up to and Including 5-Litre Water Capacity,"Cylinder, Valves and Regulator","Cylinder, Valves and Regulator",Yes,"BIS Product Certification (ISI Mark, Scheme I)","6. Pneumatic Tyres and Tubes for Automotive Vehicles (Quality Control) Order, 2009 S.O. No. 2953(E) dated 19-11-2009 Subsequent Amendments S.O. No. 1057 (E) dated 11-05-2010 S.O. No. 2758 (E) dated 9-11-2010",https://www.bis.gov.in/product-certification/products-under-compulsory-certification/scheme-i-mark-scheme/?lang=en,IS 8776
IS 9798,Low pressure regulators for use with liquefied petroleum gas (LPG) mixtures,"Cylinder, Valves and Regulator","Cylinder, Valves and Regulator",Yes,"BIS Product Certification (ISI Mark, Scheme I)","6. Pneumatic Tyres and Tubes for Automotive Vehicles (Quality Control) Order, 2009 S.O. No. 2953(E) dated 19-11-2009 Subsequent Amendments S.O. No. 1057 (E) dated 11-05-2010 S.O. No. 2758 (E) dated 9-11-2010",https://www.bis.gov.in/product-certification/products-under-compulsory-certification/scheme-i-mark-scheme/?lang=en,IS 9798
IS 3055 (Part 1),Clinical thermometers :Part1 Solid stem type,Medical Equipment,Medical Equipment,Yes,"BIS Product Certification (ISI Mark, Scheme I)","8. Clinical Thermometers (Quality Control), 2001 GSR No. 843(E) dated 9 Nov. 2001",https://www.bis.gov.in/product-certification/products-under-compulsory-certification/scheme-i-mark-scheme/?lang=en,IS 3055
IS 3055 (Part 2),Clinical thermometers :Part 2 Enclosed scale type,Medical Equipment,Medical Equipment,Yes,"BIS Product Certification (ISI Mark, Scheme I)","8. Clinical Thermometers (Quality Control), 2001 GSR No. 843(E) dated 9 Nov. 2001",https://www.bis.gov.in/product-certification/products-under-compulsory-certification/scheme-i-mark-scheme/?lang=en,IS 3055
IS 7620 (Part 1),Diagnostic Medical X-Ray Equipment,Medical Equipment,Medical Equipment,Yes,"BIS Product Certification (ISI Mark, Scheme I)","8. Clinical Thermometers (Quality Control), 2001 GSR No. 843(E) dated 9 Nov. 2001",https://www.bis.gov.in/product-certification/products-under-compulsory-certification/scheme-i-mark-scheme/?lang=en,IS 7620
IS 1785 (Part 1) : 1983,Plain Hard-drawn Steel Wire For Pre-stressed Concrete: Part 1 Cold Drawn Stress-relieved Wire,Steel and Iron Products,Steel and Iron Products,Yes,"BIS Product Certification (ISI Mark, Scheme I)","10. Steel and Steel Products (Quality Control) Order, 2020 S.O. 756(E) , dated 14-02-2020 Superseded by Steel and Steel Products (Quality Control) Order, 2020 S.O. 1673(E), dated 27-05-2020 Superseded by Steel and Steel Products (Quality Control) Order, 2020 (S.O. 2379(E), dated 17-07-2020) Extension in date of enforcement for Steel Products Order File.No. S-20011/1/2020-TECH dated 22.07.2020 Extension Order Superseded by Steel and Steel Products (Quality Control) Order, 2020 (S.O. 4082(E), dated 12.11.2020) Superseded by Steel and Steel Products (Quality Control) Order, 2020 (S.O. No. 4637 (E) 22/12/2020) Order of extension in the enforcement date for Indian Standards covered under the Quality Control Order (namely IS 3748, IS 7291, and IS 12146) Order of extension in the enforcement date for some Indian Standards covered under the Quality Control Order (namely IS 4398 and IS 3195) Order of extension in the enforcement date for some Indian Standards covered under the Quality Control Order (namely IS 6526,IS 4454 (Part4), IS 11946, IS11947 and IS 12045) Extension in date of enforcement Order (namely IS 1110, IS 4409) Extension in date of enforcement Order (namely IS 4432, IS 5518, IS 12145 , IS 13387, IS 4072 & IS 13352) Extension in date of enforcement Order (namely IS 7226, IS 14331) Extension in date of enforcement Order (namely IS 6529) Extension in date of enforcement Order (namely IS 1993, IS 12591) Extension in the date of enforcement of Quality Control Order on IS 3748, IS 7291 and IS 12146 Order of extension in the date of enforcement of Quality Control Order for Indian Standards IS 4454 (Part 4): 2001, IS11946: 1987 & IS 11947: 1987 Extension in date of enforcement order (namely IS 1110: 1990 & IS 4409: 1973) Extension in date of enforcement order (namely IS 14331:1995) Extension in date of enforcement order (namely IS 13387:1992) Extension in date of enforcement order ( namely IS 1110: 1990 & IS 4409: 1973) Extension in date of enforcement order (namely IS 1110: 1990 & IS 4409: 1973) , dated 01 November 2022 Extension in date of enforcement order (namely IS 4409: 1973) , dated 06 February 2023 Extension in date of enforcement order (namely IS 4409 : 1973, dated 25th July 2023) Steel and Steel Products (Quality Control) Order, 2024 S.O. 574(E) dated on 5th February, 2024 Extension in date of enforcement order (namely IS 4409: 2023, dated 01 May 2024) Extension in date of enforcement order (namely IS 4409:2023, dated 01st August 2024) Steel & Steel Products (Quality Control) Order, 2024 S.O. 3716(E), dated 29th August 2024 Steel & Steel Products (Quality Control) Amendment Order, 2025 S.O.5134(E) Dated 20 November, 2025 Steel & Steel Products (Quality Control) Amendment Order, 2026 S.O.3300(E) Dated 22 June, 2026",https://www.bis.gov.in/product-certification/products-under-compulsory-certification/scheme-i-mark-scheme/?lang=en,IS 1785
IS 1785 (Part 2) : 1983,Plain hard-drawn steel wire for pre-stressed concrete Part 2: As drawn wire,Steel and Iron Products,Steel and Iron Products,Yes,"BIS Product Certification (ISI Mark, Scheme I)","10. Steel and Steel Products (Quality Control) Order, 2020 S.O. 756(E) , dated 14-02-2020 Superseded by Steel and Steel Products (Quality Control) Order, 2020 S.O. 1673(E), dated 27-05-2020 Superseded by Steel and Steel Products (Quality Control) Order, 2020 (S.O. 2379(E), dated 17-07-2020) Extension in date of enforcement for Steel Products Order File.No. S-20011/1/2020-TECH dated 22.07.2020 Extension Order Superseded by Steel and Steel Products (Quality Control) Order, 2020 (S.O. 4082(E), dated 12.11.2020) Superseded by Steel and Steel Products (Quality Control) Order, 2020 (S.O. No. 4637 (E) 22/12/2020) Order of extension in the enforcement date for Indian Standards covered under the Quality Control Order (namely IS 3748, IS 7291, and IS 12146) Order of extension in the enforcement date for some Indian Standards covered under the Quality Control Order (namely IS 4398 and IS 3195) Order of extension in the enforcement date for some Indian Standards covered under the Quality Control Order (namely IS 6526,IS 4454 (Part4), IS 11946, IS11947 and IS 12045) Extension in date of enforcement Order (namely IS 1110, IS 4409) Extension in date of enforcement Order (namely IS 4432, IS 5518, IS 12145 , IS 13387, IS 4072 & IS 13352) Extension in date of enforcement Order (namely IS 7226, IS 14331) Extension in date of enforcement Order (namely IS 6529) Extension in date of enforcement Order (namely IS 1993, IS 12591) Extension in the date of enforcement of Quality Control Order on IS 3748, IS 7291 and IS 12146 Order of extension in the date of enforcement of Quality Control Order for Indian Standards IS 4454 (Part 4): 2001, IS11946: 1987 & IS 11947: 1987 Extension in date of enforcement order (namely IS 1110: 1990 & IS 4409: 1973) Extension in date of enforcement order (namely IS 14331:1995) Extension in date of enforcement order (namely IS 13387:1992) Extension in date of enforcement order ( namely IS 1110: 1990 & IS 4409: 1973) Extension in date of enforcement order (namely IS 1110: 1990 & IS 4409: 1973) , dated 01 November 2022 Extension in date of enforcement order (namely IS 4409: 1973) , dated 06 February 2023 Extension in date of enforcement order (namely IS 4409 : 1973, dated 25th July 2023) Steel and Steel Products (Quality Control) Order, 2024 S.O. 574(E) dated on 5th February, 2024 Extension in date of enforcement order (namely IS 4409: 2023, dated 01 May 2024) Extension in date of enforcement order (namely IS 4409:2023, dated 01st August 2024) Steel & Steel Products (Quality Control) Order, 2024 S.O. 3716(E), dated 29th August 2024 Steel & Steel Products (Quality Control) Amendment Order, 2025 S.O.5134(E) Dated 20 November, 2025 Steel & Steel Products (Quality Control) Amendment Order, 2026 S.O.3300(E) Dated 22 June, 2026",https://www.bis.gov.in/product-certification/products-under-compulsory-certification/scheme-i-mark-scheme/?lang=en,IS 1785
IS 6003:2010,Indented wire for Pre-stressed concrete,Steel and Iron Products,Steel and Iron Products,Yes,"BIS Product Certification (ISI Mark, Scheme I)","10. Steel and Steel Products (Quality Control) Order, 2020 S.O. 756(E) , dated 14-02-2020 Superseded by Steel and Steel Products (Quality Control) Order, 2020 S.O. 1673(E), dated 27-05-2020 Superseded by Steel and Steel Products (Quality Control) Order, 2020 (S.O. 2379(E), dated 17-07-2020) Extension in date of enforcement for Steel Products Order File.No. S-20011/1/2020-TECH dated 22.07.2020 Extension Order Superseded by Steel and Steel Products (Quality Control) Order, 2020 (S.O. 4082(E), dated 12.11.2020) Superseded by Steel and Steel Products (Quality Control) Order, 2020 (S.O. No. 4637 (E) 22/12/2020) Order of extension in the enforcement date for Indian Standards covered under the Quality Control Order (namely IS 3748, IS 7291, and IS 12146) Order of extension in the enforcement date for some Indian Standards covered under the Quality Control Order (namely IS 4398 and IS 3195) Order of extension in the enforcement date for some Indian Standards covered under the Quality Control Order (namely IS 6526,IS 4454 (Part4), IS 11946, IS11947 and IS 12045) Extension in date of enforcement Order (namely IS 1110, IS 4409) Extension in date of enforcement Order (namely IS 4432, IS 5518, IS 12145 , IS 13387, IS 4072 & IS 13352) Extension in date of enforcement Order (namely IS 7226, IS 14331) Extension in date of enforcement Order (namely IS 6529) Extension in date of enforcement Order (namely IS 1993, IS 12591) Extension in the date of enforcement of Quality Control Order on IS 3748, IS 7291 and IS 12146 Order of extension in the date of enforcement of Quality Control Order for Indian Standards IS 4454 (Part 4): 2001, IS11946: 1987 & IS 11947: 1987 Extension in date of enforcement order (namely IS 1110: 1990 & IS 4409: 1973) Extension in date of enforcement order (namely IS 14331:1995) Extension in date of enforcement order (namely IS 13387:1992) Extension in date of enforcement order ( namely IS 1110: 1990 & IS 4409: 1973) Extension in date of enforcement order (namely IS 1110: 1990 & IS 4409: 1973) , dated 01 November 2022 Extension in date of enforcement order (namely IS 4409: 1973) , dated 06 February 2023 Extension in date of enforcement order (namely IS 4409 : 1973, dated 25th July 2023) Steel and Steel Products (Quality Control) Order, 2024 S.O. 574(E) dated on 5th February, 2024 Extension in date of enforcement order (namely IS 4409: 2023, dated 01 May 2024) Extension in date of enforcement order (namely IS 4409:2023, dated 01st August 2024) Steel & Steel Products (Quality Control) Order, 2024 S.O. 3716(E), dated 29th August 2024 Steel & Steel Products (Quality Control) Amendment Order, 2025 S.O.5134(E) Dated 20 November, 2025 Steel & Steel Products (Quality Control) Amendment Order, 2026 S.O.3300(E) Dated 22 June, 2026",https://www.bis.gov.in/product-certification/products-under-compulsory-certification/scheme-i-mark-scheme/?lang=en,IS 6003
IS 6006:2014,Uncoated stress relieved strand for Pre-stressed concrete.,Steel and Iron Products,Steel and Iron Products,Yes,"BIS Product Certification (ISI Mark, Scheme I)","10. Steel and Steel Products (Quality Control) Order, 2020 S.O. 756(E) , dated 14-02-2020 Superseded by Steel and Steel Products (Quality Control) Order, 2020 S.O. 1673(E), dated 27-05-2020 Superseded by Steel and Steel Products (Quality Control) Order, 2020 (S.O. 2379(E), dated 17-07-2020) Extension in date of enforcement for Steel Products Order File.No. S-20011/1/2020-TECH dated 22.07.2020 Extension Order Superseded by Steel and Steel Products (Quality Control) Order, 2020 (S.O. 4082(E), dated 12.11.2020) Superseded by Steel and Steel Products (Quality Control) Order, 2020 (S.O. No. 4637 (E) 22/12/2020) Order of extension in the enforcement date for Indian Standards covered under the Quality Control Order (namely IS 3748, IS 7291, and IS 12146) Order of extension in the enforcement date for some Indian Standards covered under the Quality Control Order (namely IS 4398 and IS 3195) Order of extension in the enforcement date for some Indian Standards covered under the Quality Control Order (namely IS 6526,IS 4454 (Part4), IS 11946, IS11947 and IS 12045) Extension in date of enforcement Order (namely IS 1110, IS 4409) Extension in date of enforcement Order (namely IS 4432, IS 5518, IS 12145 , IS 13387, IS 4072 & IS 13352) Extension in date of enforcement Order (namely IS 7226, IS 14331) Extension in date of enforcement Order (namely IS 6529) Extension in date of enforcement Order (namely IS 1993, IS 12591) Extension in the date of enforcement of Quality Control Order on IS 3748, IS 7291 and IS 12146 Order of extension in the date of enforcement of Quality Control Order for Indian Standards IS 4454 (Part 4): 2001, IS11946: 1987 & IS 11947: 1987 Extension in date of enforcement order (namely IS 1110: 1990 & IS 4409: 1973) Extension in date of enforcement order (namely IS 14331:1995) Extension in date of enforcement order (namely IS 13387:1992) Extension in date of enforcement order ( namely IS 1110: 1990 & IS 4409: 1973) Extension in date of enforcement order (namely IS 1110: 1990 & IS 4409: 1973) , dated 01 November 2022 Extension in date of enforcement order (namely IS 4409: 1973) , dated 06 February 2023 Extension in date of enforcement order (namely IS 4409 : 1973, dated 25th July 2023) Steel and Steel Products (Quality Control) Order, 2024 S.O. 574(E) dated on 5th February, 2024 Extension in date of enforcement order (namely IS 4409: 2023, dated 01 May 2024) Extension in date of enforcement order (namely IS 4409:2023, dated 01st August 2024) Steel & Steel Products (Quality Control) Order, 2024 S.O. 3716(E), dated 29th August 2024 Steel & Steel Products (Quality Control) Amendment Order, 2025 S.O.5134(E) Dated 20 November, 2025 Steel & Steel Products (Quality Control) Amendment Order, 2026 S.O.3300(E) Dated 22 June, 2026",https://www.bis.gov.in/product-certification/products-under-compulsory-certification/scheme-i-mark-scheme/?lang=en,IS 6006
IS 13620:1993,Fusion bonded epoxy coated reinforcing bars,Steel and Iron Products,Steel and Iron Products,Yes,"BIS Product Certification (ISI Mark, Scheme I)","10. Steel and Steel Products (Quality Control) Order, 2020 S.O. 756(E) , dated 14-02-2020 Superseded by Steel and Steel Products (Quality Control) Order, 2020 S.O. 1673(E), dated 27-05-2020 Superseded by Steel and Steel Products (Quality Control) Order, 2020 (S.O. 2379(E), dated 17-07-2020) Extension in date of enforcement for Steel Products Order File.No. S-20011/1/2020-TECH dated 22.07.2020 Extension Order Superseded by Steel and Steel Products (Quality Control) Order, 2020 (S.O. 4082(E), dated 12.11.2020) Superseded by Steel and Steel Products (Quality Control) Order, 2020 (S.O. No. 4637 (E) 22/12/2020) Order of extension in the enforcement date for Indian Standards covered under the Quality Control Order (namely IS 3748, IS 7291, and IS 12146) Order of extension in the enforcement date for some Indian Standards covered under the Quality Control Order (namely IS 4398 and IS 3195) Order of extension in the enforcement date for some Indian Standards covered under the Quality Control Order (namely IS 6526,IS 4454 (Part4), IS 11946, IS11947 and IS 12045) Extension in date of enforcement Order (namely IS 1110, IS 4409) Extension in date of enforcement Order (namely IS 4432, IS 5518, IS 12145 , IS 13387, IS 4072 & IS 13352) Extension in date of enforcement Order (namely IS 7226, IS 14331) Extension in date of enforcement Order (namely IS 6529) Extension in date of enforcement Order (namely IS 1993, IS 12591) Extension in the date of enforcement of Quality Control Order on IS 3748, IS 7291 and IS 12146 Order of extension in the date of enforcement of Quality Control Order for Indian Standards IS 4454 (Part 4): 2001, IS11946: 1987 & IS 11947: 1987 Extension in date of enforcement order (namely IS 1110: 1990 & IS 4409: 1973) Extension in date of enforcement order (namely IS 14331:1995) Extension in date of enforcement order (namely IS 13387:1992) Extension in date of enforcement order ( namely IS 1110: 1990 & IS 4409: 1973) Extension in date of enforcement order (namely IS 1110: 1990 & IS 4409: 1973) , dated 01 November 2022 Extension in date of enforcement order (namely IS 4409: 1973) , dated 06 February 2023 Extension in date of enforcement order (namely IS 4409 : 1973, dated 25th July 2023) Steel and Steel Products (Quality Control) Order, 2024 S.O. 574(E) dated on 5th February, 2024 Extension in date of enforcement order (namely IS 4409: 2023, dated 01 May 2024) Extension in date of enforcement order (namely IS 4409:2023, dated 01st August 2024) Steel & Steel Products (Quality Control) Order, 2024 S.O. 3716(E), dated 29th August 2024 Steel & Steel Products (Quality Control) Amendment Order, 2025 S.O.5134(E) Dated 20 November, 2025 Steel & Steel Products (Quality Control) Amendment Order, 2026 S.O.3300(E) Dated 22 June, 2026",https://www.bis.gov.in/product-certification/products-under-compulsory-certification/scheme-i-mark-scheme/?lang=en,IS 13620
IS 14268:1995,Uncoated Stress Relieved Low Relaxation Seven-ply Strand For Pre-stressed Concrete.,Steel and Iron Products,Steel and Iron Products,Yes,"BIS Product Certification (ISI Mark, Scheme I)","10. Steel and Steel Products (Quality Control) Order, 2020 S.O. 756(E) , dated 14-02-2020 Superseded by Steel and Steel Products (Quality Control) Order, 2020 S.O. 1673(E), dated 27-05-2020 Superseded by Steel and Steel Products (Quality Control) Order, 2020 (S.O. 2379(E), dated 17-07-2020) Extension in date of enforcement for Steel Products Order File.No. S-20011/1/2020-TECH dated 22.07.2020 Extension Order Superseded by Steel and Steel Products (Quality Control) Order, 2020 (S.O. 4082(E), dated 12.11.2020) Superseded by Steel and Steel Products (Quality Control) Order, 2020 (S.O. No. 4637 (E) 22/12/2020) Order of extension in the enforcement date for Indian Standards covered under the Quality Control Order (namely IS 3748, IS 7291, and IS 12146) Order of extension in the enforcement date for some Indian Standards covered under the Quality Control Order (namely IS 4398 and IS 3195) Order of extension in the enforcement date for some Indian Standards covered under the Quality Control Order (namely IS 6526,IS 4454 (Part4), IS 11946, IS11947 and IS 12045) Extension in date of enforcement Order (namely IS 1110, IS 4409) Extension in date of enforcement Order (namely IS 4432, IS 5518, IS 12145 , IS 13387, IS 4072 & IS 13352) Extension in date of enforcement Order (namely IS 7226, IS 14331) Extension in date of enforcement Order (namely IS 6529) Extension in date of enforcement Order (namely IS 1993, IS 12591) Extension in the date of enforcement of Quality Control Order on IS 3748, IS 7291 and IS 12146 Order of extension in the date of enforcement of Quality Control Order for Indian Standards IS 4454 (Part 4): 2001, IS11946: 1987 & IS 11947: 1987 Extension in date of enforcement order (namely IS 1110: 1990 & IS 4409: 1973) Extension in date of enforcement order (namely IS 14331:1995) Extension in date of enforcement order (namely IS 13387:1992) Extension in date of enforcement order ( namely IS 1110: 1990 & IS 4409: 1973) Extension in date of enforcement order (namely IS 1110: 1990 & IS 4409: 1973) , dated 01 November 2022 Extension in date of enforcement order (namely IS 4409: 1973) , dated 06 February 2023 Extension in date of enforcement order (namely IS 4409 : 1973, dated 25th July 2023) Steel and Steel Products (Quality Control) Order, 2024 S.O. 574(E) dated on 5th February, 2024 Extension in date of enforcement order (namely IS 4409: 2023, dated 01 May 2024) Extension in date of enforcement order (namely IS 4409:2023, dated 01st August 2024) Steel & Steel Products (Quality Control) Order, 2024 S.O. 3716(E), dated 29th August 2024 Steel & Steel Products (Quality Control) Amendment Order, 2025 S.O.5134(E) Dated 20 November, 2025 Steel & Steel Products (Quality Control) Amendment Order, 2026 S.O.3300(E) Dated 22 June, 2026",https://www.bis.gov.in/product-certification/products-under-compulsory-certification/scheme-i-mark-scheme/?lang=en,IS 14268
IS 277:2003,Galvanized steel sheets ( plain and corrugated).,Steel and Iron Products,Steel and Iron Products,Yes,"BIS Product Certification (ISI Mark, Scheme I)","10. Steel and Steel Products (Quality Control) Order, 2020 S.O. 756(E) , dated 14-02-2020 Superseded by Steel and Steel Products (Quality Control) Order, 2020 S.O. 1673(E), dated 27-05-2020 Superseded by Steel and Steel Products (Quality Control) Order, 2020 (S.O. 2379(E), dated 17-07-2020) Extension in date of enforcement for Steel Products Order File.No. S-20011/1/2020-TECH dated 22.07.2020 Extension Order Superseded by Steel and Steel Products (Quality Control) Order, 2020 (S.O. 4082(E), dated 12.11.2020) Superseded by Steel and Steel Products (Quality Control) Order, 2020 (S.O. No. 4637 (E) 22/12/2020) Order of extension in the enforcement date for Indian Standards covered under the Quality Control Order (namely IS 3748, IS 7291, and IS 12146) Order of extension in the enforcement date for some Indian Standards covered under the Quality Control Order (namely IS 4398 and IS 3195) Order of extension in the enforcement date for some Indian Standards covered under the Quality Control Order (namely IS 6526,IS 4454 (Part4), IS 11946, IS11947 and IS 12045) Extension in date of enforcement Order (namely IS 1110, IS 4409) Extension in date of enforcement Order (namely IS 4432, IS 5518, IS 12145 , IS 13387, IS 4072 & IS 13352) Extension in date of enforcement Order (namely IS 7226, IS 14331) Extension in date of enforcement Order (namely IS 6529) Extension in date of enforcement Order (namely IS 1993, IS 12591) Extension in the date of enforcement of Quality Control Order on IS 3748, IS 7291 and IS 12146 Order of extension in the date of enforcement of Quality Control Order for Indian Standards IS 4454 (Part 4): 2001, IS11946: 1987 & IS 11947: 1987 Extension in date of enforcement order (namely IS 1110: 1990 & IS 4409: 1973) Extension in date of enforcement order (namely IS 14331:1995) Extension in date of enforcement order (namely IS 13387:1992) Extension in date of enforcement order ( namely IS 1110: 1990 & IS 4409: 1973) Extension in date of enforcement order (namely IS 1110: 1990 & IS 4409: 1973) , dated 01 November 2022 Extension in date of enforcement order (namely IS 4409: 1973) , dated 06 February 2023 Extension in date of enforcement order (namely IS 4409 : 1973, dated 25th July 2023) Steel and Steel Products (Quality Control) Order, 2024 S.O. 574(E) dated on 5th February, 2024 Extension in date of enforcement order (namely IS 4409: 2023, dated 01 May 2024) Extension in date of enforcement order (namely IS 4409:2023, dated 01st August 2024) Steel & Steel Products (Quality Control) Order, 2024 S.O. 3716(E), dated 29th August 2024 Steel & Steel Products (Quality Control) Amendment Order, 2025 S.O.5134(E) Dated 20 November, 2025 Steel & Steel Products (Quality Control) Amendment Order, 2026 S.O.3300(E) Dated 22 June, 2026",https://www.bis.gov.in/product-certification/products-under-compulsory-certification/scheme-i-mark-scheme/?lang=en,IS 277
IS 2002:2009,Steel plates for pressure vessels for intermediate and high temperature service including boilers.,Steel and Iron Products,Steel and Iron Products,Yes,"BIS Product Certification (ISI Mark, Scheme I)","10. Steel and Steel Products (Quality Control) Order, 2020 S.O. 756(E) , dated 14-02-2020 Superseded by Steel and Steel Products (Quality Control) Order, 2020 S.O. 1673(E), dated 27-05-2020 Superseded by Steel and Steel Products (Quality Control) Order, 2020 (S.O. 2379(E), dated 17-07-2020) Extension in date of enforcement for Steel Products Order File.No. S-20011/1/2020-TECH dated 22.07.2020 Extension Order Superseded by Steel and Steel Products (Quality Control) Order, 2020 (S.O. 4082(E), dated 12.11.2020) Superseded by Steel and Steel Products (Quality Control) Order, 2020 (S.O. No. 4637 (E) 22/12/2020) Order of extension in the enforcement date for Indian Standards covered under the Quality Control Order (namely IS 3748, IS 7291, and IS 12146) Order of extension in the enforcement date for some Indian Standards covered under the Quality Control Order (namely IS 4398 and IS 3195) Order of extension in the enforcement date for some Indian Standards covered under the Quality Control Order (namely IS 6526,IS 4454 (Part4), IS 11946, IS11947 and IS 12045) Extension in date of enforcement Order (namely IS 1110, IS 4409) Extension in date of enforcement Order (namely IS 4432, IS 5518, IS 12145 , IS 13387, IS 4072 & IS 13352) Extension in date of enforcement Order (namely IS 7226, IS 14331) Extension in date of enforcement Order (namely IS 6529) Extension in date of enforcement Order (namely IS 1993, IS 12591) Extension in the date of enforcement of Quality Control Order on IS 3748, IS 7291 and IS 12146 Order of extension in the date of enforcement of Quality Control Order for Indian Standards IS 4454 (Part 4): 2001, IS11946: 1987 & IS 11947: 1987 Extension in date of enforcement order (namely IS 1110: 1990 & IS 4409: 1973) Extension in date of enforcement order (namely IS 14331:1995) Extension in date of enforcement order (namely IS 13387:1992) Extension in date of enforcement order ( namely IS 1110: 1990 & IS 4409: 1973) Extension in date of enforcement order (namely IS 1110: 1990 & IS 4409: 1973) , dated 01 November 2022 Extension in date of enforcement order (namely IS 4409: 1973) , dated 06 February 2023 Extension in date of enforcement order (namely IS 4409 : 1973, dated 25th July 2023) Steel and Steel Products (Quality Control) Order, 2024 S.O. 574(E) dated on 5th February, 2024 Extension in date of enforcement order (namely IS 4409: 2023, dated 01 May 2024) Extension in date of enforcement order (namely IS 4409:2023, dated 01st August 2024) Steel & Steel Products (Quality Control) Order, 2024 S.O. 3716(E), dated 29th August 2024 Steel & Steel Products (Quality Control) Amendment Order, 2025 S.O.5134(E) Dated 20 November, 2025 Steel & Steel Products (Quality Control) Amendment Order, 2026 S.O.3300(E) Dated 22 June, 2026",https://www.bis.gov.in/product-certification/products-under-compulsory-certification/scheme-i-mark-scheme/?lang=en,IS 2002
IS 2041:2009,Steel plates for pressure vessels used at moderate and low temperature,Steel and Iron Products,Steel and Iron Products,Yes,"BIS Product Certification (ISI Mark, Scheme I)","10. Steel and Steel Products (Quality Control) Order, 2020 S.O. 756(E) , dated 14-02-2020 Superseded by Steel and Steel Products (Quality Control) Order, 2020 S.O. 1673(E), dated 27-05-2020 Superseded by Steel and Steel Products (Quality Control) Order, 2020 (S.O. 2379(E), dated 17-07-2020) Extension in date of enforcement for Steel Products Order File.No. S-20011/1/2020-TECH dated 22.07.2020 Extension Order Superseded by Steel and Steel Products (Quality Control) Order, 2020 (S.O. 4082(E), dated 12.11.2020) Superseded by Steel and Steel Products (Quality Control) Order, 2020 (S.O. No. 4637 (E) 22/12/2020) Order of extension in the enforcement date for Indian Standards covered under the Quality Control Order (namely IS 3748, IS 7291, and IS 12146) Order of extension in the enforcement date for some Indian Standards covered under the Quality Control Order (namely IS 4398 and IS 3195) Order of extension in the enforcement date for some Indian Standards covered under the Quality Control Order (namely IS 6526,IS 4454 (Part4), IS 11946, IS11947 and IS 12045) Extension in date of enforcement Order (namely IS 1110, IS 4409) Extension in date of enforcement Order (namely IS 4432, IS 5518, IS 12145 , IS 13387, IS 4072 & IS 13352) Extension in date of enforcement Order (namely IS 7226, IS 14331) Extension in date of enforcement Order (namely IS 6529) Extension in date of enforcement Order (namely IS 1993, IS 12591) Extension in the date of enforcement of Quality Control Order on IS 3748, IS 7291 and IS 12146 Order of extension in the date of enforcement of Quality Control Order for Indian Standards IS 4454 (Part 4): 2001, IS11946: 1987 & IS 11947: 1987 Extension in date of enforcement order (namely IS 1110: 1990 & IS 4409: 1973) Extension in date of enforcement order (namely IS 14331:1995) Extension in date of enforcement order (namely IS 13387:1992) Extension in date of enforcement order ( namely IS 1110: 1990 & IS 4409: 1973) Extension in date of enforcement order (namely IS 1110: 1990 & IS 4409: 1973) , dated 01 November 2022 Extension in date of enforcement order (namely IS 4409: 1973) , dated 06 February 2023 Extension in date of enforcement order (namely IS 4409 : 1973, dated 25th July 2023) Steel and Steel Products (Quality Control) Order, 2024 S.O. 574(E) dated on 5th February, 2024 Extension in date of enforcement order (namely IS 4409: 2023, dated 01 May 2024) Extension in date of enforcement order (namely IS 4409:2023, dated 01st August 2024) Steel & Steel Products (Quality Control) Order, 2024 S.O. 3716(E), dated 29th August 2024 Steel & Steel Products (Quality Control) Amendment Order, 2025 S.O.5134(E) Dated 20 November, 2025 Steel & Steel Products (Quality Control) Amendment Order, 2026 S.O.3300(E) Dated 22 June, 2026",https://www.bis.gov.in/product-certification/products-under-compulsory-certification/scheme-i-mark-scheme/?lang=en,IS 2041
IS 2830:2012,"Carbon steel cast billet ingots ,billets, blooms and slabs for rerolling into steel for general structural purpose",Steel and Iron Products,Steel and Iron Products,Yes,"BIS Product Certification (ISI Mark, Scheme I)","10. Steel and Steel Products (Quality Control) Order, 2020 S.O. 756(E) , dated 14-02-2020 Superseded by Steel and Steel Products (Quality Control) Order, 2020 S.O. 1673(E), dated 27-05-2020 Superseded by Steel and Steel Products (Quality Control) Order, 2020 (S.O. 2379(E), dated 17-07-2020) Extension in date of enforcement for Steel Products Order File.No. S-20011/1/2020-TECH dated 22.07.2020 Extension Order Superseded by Steel and Steel Products (Quality Control) Order, 2020 (S.O. 4082(E), dated 12.11.2020) Superseded by Steel and Steel Products (Quality Control) Order, 2020 (S.O. No. 4637 (E) 22/12/2020) Order of extension in the enforcement date for Indian Standards covered under the Quality Control Order (namely IS 3748, IS 7291, and IS 12146) Order of extension in the enforcement date for some Indian Standards covered under the Quality Control Order (namely IS 4398 and IS 3195) Order of extension in the enforcement date for some Indian Standards covered under the Quality Control Order (namely IS 6526,IS 4454 (Part4), IS 11946, IS11947 and IS 12045) Extension in date of enforcement Order (namely IS 1110, IS 4409) Extension in date of enforcement Order (namely IS 4432, IS 5518, IS 12145 , IS 13387, IS 4072 & IS 13352) Extension in date of enforcement Order (namely IS 7226, IS 14331) Extension in date of enforcement Order (namely IS 6529) Extension in date of enforcement Order (namely IS 1993, IS 12591) Extension in the date of enforcement of Quality Control Order on IS 3748, IS 7291 and IS 12146 Order of extension in the date of enforcement of Quality Control Order for Indian Standards IS 4454 (Part 4): 2001, IS11946: 1987 & IS 11947: 1987 Extension in date of enforcement order (namely IS 1110: 1990 & IS 4409: 1973) Extension in date of enforcement order (namely IS 14331:1995) Extension in date of enforcement order (namely IS 13387:1992) Extension in date of enforcement order ( namely IS 1110: 1990 & IS 4409: 1973) Extension in date of enforcement order (namely IS 1110: 1990 & IS 4409: 1973) , dated 01 November 2022 Extension in date of enforcement order (namely IS 4409: 1973) , dated 06 February 2023 Extension in date of enforcement order (namely IS 4409 : 1973, dated 25th July 2023) Steel and Steel Products (Quality Control) Order, 2024 S.O. 574(E) dated on 5th February, 2024 Extension in date of enforcement order (namely IS 4409: 2023, dated 01 May 2024) Extension in date of enforcement order (namely IS 4409:2023, dated 01st August 2024) Steel & Steel Products (Quality Control) Order, 2024 S.O. 3716(E), dated 29th August 2024 Steel & Steel Products (Quality Control) Amendment Order, 2025 S.O.5134(E) Dated 20 November, 2025 Steel & Steel Products (Quality Control) Amendment Order, 2026 S.O.3300(E) Dated 22 June, 2026",https://www.bis.gov.in/product-certification/products-under-compulsory-certification/scheme-i-mark-scheme/?lang=en,IS 2830
IS 1786:2008,High strength deformed steel bars and wires for concrete reinforcement,Steel and Iron Products,Steel and Iron Products,Yes,"BIS Product Certification (ISI Mark, Scheme I)","10. Steel and Steel Products (Quality Control) Order, 2020 S.O. 756(E) , dated 14-02-2020 Superseded by Steel and Steel Products (Quality Control) Order, 2020 S.O. 1673(E), dated 27-05-2020 Superseded by Steel and Steel Products (Quality Control) Order, 2020 (S.O. 2379(E), dated 17-07-2020) Extension in date of enforcement for Steel Products Order File.No. S-20011/1/2020-TECH dated 22.07.2020 Extension Order Superseded by Steel and Steel Products (Quality Control) Order, 2020 (S.O. 4082(E), dated 12.11.2020) Superseded by Steel and Steel Products (Quality Control) Order, 2020 (S.O. No. 4637 (E) 22/12/2020) Order of extension in the enforcement date for Indian Standards covered under the Quality Control Order (namely IS 3748, IS 7291, and IS 12146) Order of extension in the enforcement date for some Indian Standards covered under the Quality Control Order (namely IS 4398 and IS 3195) Order of extension in the enforcement date for some Indian Standards covered under the Quality Control Order (namely IS 6526,IS 4454 (Part4), IS 11946, IS11947 and IS 12045) Extension in date of enforcement Order (namely IS 1110, IS 4409) Extension in date of enforcement Order (namely IS 4432, IS 5518, IS 12145 , IS 13387, IS 4072 & IS 13352) Extension in date of enforcement Order (namely IS 7226, IS 14331) Extension in date of enforcement Order (namely IS 6529) Extension in date of enforcement Order (namely IS 1993, IS 12591) Extension in the date of enforcement of Quality Control Order on IS 3748, IS 7291 and IS 12146 Order of extension in the date of enforcement of Quality Control Order for Indian Standards IS 4454 (Part 4): 2001, IS11946: 1987 & IS 11947: 1987 Extension in date of enforcement order (namely IS 1110: 1990 & IS 4409: 1973) Extension in date of enforcement order (namely IS 14331:1995) Extension in date of enforcement order (namely IS 13387:1992) Extension in date of enforcement order ( namely IS 1110: 1990 & IS 4409: 1973) Extension in date of enforcement order (namely IS 1110: 1990 & IS 4409: 1973) , dated 01 November 2022 Extension in date of enforcement order (namely IS 4409: 1973) , dated 06 February 2023 Extension in date of enforcement order (namely IS 4409 : 1973, dated 25th July 2023) Steel and Steel Products (Quality Control) Order, 2024 S.O. 574(E) dated on 5th February, 2024 Extension in date of enforcement order (namely IS 4409: 2023, dated 01 May 2024) Extension in date of enforcement order (namely IS 4409:2023, dated 01st August 2024) Steel & Steel Products (Quality Control) Order, 2024 S.O. 3716(E), dated 29th August 2024 Steel & Steel Products (Quality Control) Amendment Order, 2025 S.O.5134(E) Dated 20 November, 2025 Steel & Steel Products (Quality Control) Amendment Order, 2026 S.O.3300(E) Dated 22 June, 2026",https://www.bis.gov.in/product-certification/products-under-compulsory-certification/scheme-i-mark-scheme/?lang=en,IS 1786
IS 648:2006,Cold rolled non-oriented electrical steel sheets and strip-fully processed type (CRNO),Steel and Iron Products,Steel and Iron Products,Yes,"BIS Product Certification (ISI Mark, Scheme I)","10. Steel and Steel Products (Quality Control) Order, 2020 S.O. 756(E) , dated 14-02-2020 Superseded by Steel and Steel Products (Quality Control) Order, 2020 S.O. 1673(E), dated 27-05-2020 Superseded by Steel and Steel Products (Quality Control) Order, 2020 (S.O. 2379(E), dated 17-07-2020) Extension in date of enforcement for Steel Products Order File.No. S-20011/1/2020-TECH dated 22.07.2020 Extension Order Superseded by Steel and Steel Products (Quality Control) Order, 2020 (S.O. 4082(E), dated 12.11.2020) Superseded by Steel and Steel Products (Quality Control) Order, 2020 (S.O. No. 4637 (E) 22/12/2020) Order of extension in the enforcement date for Indian Standards covered under the Quality Control Order (namely IS 3748, IS 7291, and IS 12146) Order of extension in the enforcement date for some Indian Standards covered under the Quality Control Order (namely IS 4398 and IS 3195) Order of extension in the enforcement date for some Indian Standards covered under the Quality Control Order (namely IS 6526,IS 4454 (Part4), IS 11946, IS11947 and IS 12045) Extension in date of enforcement Order (namely IS 1110, IS 4409) Extension in date of enforcement Order (namely IS 4432, IS 5518, IS 12145 , IS 13387, IS 4072 & IS 13352) Extension in date of enforcement Order (namely IS 7226, IS 14331) Extension in date of enforcement Order (namely IS 6529) Extension in date of enforcement Order (namely IS 1993, IS 12591) Extension in the date of enforcement of Quality Control Order on IS 3748, IS 7291 and IS 12146 Order of extension in the date of enforcement of Quality Control Order for Indian Standards IS 4454 (Part 4): 2001, IS11946: 1987 & IS 11947: 1987 Extension in date of enforcement order (namely IS 1110: 1990 & IS 4409: 1973) Extension in date of enforcement order (namely IS 14331:1995) Extension in date of enforcement order (namely IS 13387:1992) Extension in date of enforcement order ( namely IS 1110: 1990 & IS 4409: 1973) Extension in date of enforcement order (namely IS 1110: 1990 & IS 4409: 1973) , dated 01 November 2022 Extension in date of enforcement order (namely IS 4409: 1973) , dated 06 February 2023 Extension in date of enforcement order (namely IS 4409 : 1973, dated 25th July 2023) Steel and Steel Products (Quality Control) Order, 2024 S.O. 574(E) dated on 5th February, 2024 Extension in date of enforcement order (namely IS 4409: 2023, dated 01 May 2024) Extension in date of enforcement order (namely IS 4409:2023, dated 01st August 2024) Steel & Steel Products (Quality Control) Order, 2024 S.O. 3716(E), dated 29th August 2024 Steel & Steel Products (Quality Control) Amendment Order, 2025 S.O.5134(E) Dated 20 November, 2025 Steel & Steel Products (Quality Control) Amendment Order, 2026 S.O.3300(E) Dated 22 June, 2026",https://www.bis.gov.in/product-certification/products-under-compulsory-certification/scheme-i-mark-scheme/?lang=en,IS 648
IS 3024:2015,Grain oriented electrical steel sheet & strip (CRGO),Steel and Iron Products,Steel and Iron Products,Yes,"BIS Product Certification (ISI Mark, Scheme I)","10. Steel and Steel Products (Quality Control) Order, 2020 S.O. 756(E) , dated 14-02-2020 Superseded by Steel and Steel Products (Quality Control) Order, 2020 S.O. 1673(E), dated 27-05-2020 Superseded by Steel and Steel Products (Quality Control) Order, 2020 (S.O. 2379(E), dated 17-07-2020) Extension in date of enforcement for Steel Products Order File.No. S-20011/1/2020-TECH dated 22.07.2020 Extension Order Superseded by Steel and Steel Products (Quality Control) Order, 2020 (S.O. 4082(E), dated 12.11.2020) Superseded by Steel and Steel Products (Quality Control) Order, 2020 (S.O. No. 4637 (E) 22/12/2020) Order of extension in the enforcement date for Indian Standards covered under the Quality Control Order (namely IS 3748, IS 7291, and IS 12146) Order of extension in the enforcement date for some Indian Standards covered under the Quality Control Order (namely IS 4398 and IS 3195) Order of extension in the enforcement date for some Indian Standards covered under the Quality Control Order (namely IS 6526,IS 4454 (Part4), IS 11946, IS11947 and IS 12045) Extension in date of enforcement Order (namely IS 1110, IS 4409) Extension in date of enforcement Order (namely IS 4432, IS 5518, IS 12145 , IS 13387, IS 4072 & IS 13352) Extension in date of enforcement Order (namely IS 7226, IS 14331) Extension in date of enforcement Order (namely IS 6529) Extension in date of enforcement Order (namely IS 1993, IS 12591) Extension in the date of enforcement of Quality Control Order on IS 3748, IS 7291 and IS 12146 Order of extension in the date of enforcement of Quality Control Order for Indian Standards IS 4454 (Part 4): 2001, IS11946: 1987 & IS 11947: 1987 Extension in date of enforcement order (namely IS 1110: 1990 & IS 4409: 1973) Extension in date of enforcement order (namely IS 14331:1995) Extension in date of enforcement order (namely IS 13387:1992) Extension in date of enforcement order ( namely IS 1110: 1990 & IS 4409: 1973) Extension in date of enforcement order (namely IS 1110: 1990 & IS 4409: 1973) , dated 01 November 2022 Extension in date of enforcement order (namely IS 4409: 1973) , dated 06 February 2023 Extension in date of enforcement order (namely IS 4409 : 1973, dated 25th July 2023) Steel and Steel Products (Quality Control) Order, 2024 S.O. 574(E) dated on 5th February, 2024 Extension in date of enforcement order (namely IS 4409: 2023, dated 01 May 2024) Extension in date of enforcement order (namely IS 4409:2023, dated 01st August 2024) Steel & Steel Products (Quality Control) Order, 2024 S.O. 3716(E), dated 29th August 2024 Steel & Steel Products (Quality Control) Amendment Order, 2025 S.O.5134(E) Dated 20 November, 2025 Steel & Steel Products (Quality Control) Amendment Order, 2026 S.O.3300(E) Dated 22 June, 2026",https://www.bis.gov.in/product-certification/products-under-compulsory-certification/scheme-i-mark-scheme/?lang=en,IS 3024
IS 15391:2003,Oriented Electrical Steel Sheet and Strip- Semi-Processed Type- Specification.,Steel and Iron Products,Steel and Iron Products,Yes,"BIS Product Certification (ISI Mark, Scheme I)","10. Steel and Steel Products (Quality Control) Order, 2020 S.O. 756(E) , dated 14-02-2020 Superseded by Steel and Steel Products (Quality Control) Order, 2020 S.O. 1673(E), dated 27-05-2020 Superseded by Steel and Steel Products (Quality Control) Order, 2020 (S.O. 2379(E), dated 17-07-2020) Extension in date of enforcement for Steel Products Order File.No. S-20011/1/2020-TECH dated 22.07.2020 Extension Order Superseded by Steel and Steel Products (Quality Control) Order, 2020 (S.O. 4082(E), dated 12.11.2020) Superseded by Steel and Steel Products (Quality Control) Order, 2020 (S.O. No. 4637 (E) 22/12/2020) Order of extension in the enforcement date for Indian Standards covered under the Quality Control Order (namely IS 3748, IS 7291, and IS 12146) Order of extension in the enforcement date for some Indian Standards covered under the Quality Control Order (namely IS 4398 and IS 3195) Order of extension in the enforcement date for some Indian Standards covered under the Quality Control Order (namely IS 6526,IS 4454 (Part4), IS 11946, IS11947 and IS 12045) Extension in date of enforcement Order (namely IS 1110, IS 4409) Extension in date of enforcement Order (namely IS 4432, IS 5518, IS 12145 , IS 13387, IS 4072 & IS 13352) Extension in date of enforcement Order (namely IS 7226, IS 14331) Extension in date of enforcement Order (namely IS 6529) Extension in date of enforcement Order (namely IS 1993, IS 12591) Extension in the date of enforcement of Quality Control Order on IS 3748, IS 7291 and IS 12146 Order of extension in the date of enforcement of Quality Control Order for Indian Standards IS 4454 (Part 4): 2001, IS11946: 1987 & IS 11947: 1987 Extension in date of enforcement order (namely IS 1110: 1990 & IS 4409: 1973) Extension in date of enforcement order (namely IS 14331:1995) Extension in date of enforcement order (namely IS 13387:1992) Extension in date of enforcement order ( namely IS 1110: 1990 & IS 4409: 1973) Extension in date of enforcement order (namely IS 1110: 1990 & IS 4409: 1973) , dated 01 November 2022 Extension in date of enforcement order (namely IS 4409: 1973) , dated 06 February 2023 Extension in date of enforcement order (namely IS 4409 : 1973, dated 25th July 2023) Steel and Steel Products (Quality Control) Order, 2024 S.O. 574(E) dated on 5th February, 2024 Extension in date of enforcement order (namely IS 4409: 2023, dated 01 May 2024) Extension in date of enforcement order (namely IS 4409:2023, dated 01st August 2024) Steel & Steel Products (Quality Control) Order, 2024 S.O. 3716(E), dated 29th August 2024 Steel & Steel Products (Quality Control) Amendment Order, 2025 S.O.5134(E) Dated 20 November, 2025 Steel & Steel Products (Quality Control) Amendment Order, 2026 S.O.3300(E) Dated 22 June, 2026",https://www.bis.gov.in/product-certification/products-under-compulsory-certification/scheme-i-mark-scheme/?lang=en,IS 15391
IS 2062:2011,Hot rolled medium and high tensile structural steel,Steel and Iron Products,Steel and Iron Products,Yes,"BIS Product Certification (ISI Mark, Scheme I)","10. Steel and Steel Products (Quality Control) Order, 2020 S.O. 756(E) , dated 14-02-2020 Superseded by Steel and Steel Products (Quality Control) Order, 2020 S.O. 1673(E), dated 27-05-2020 Superseded by Steel and Steel Products (Quality Control) Order, 2020 (S.O. 2379(E), dated 17-07-2020) Extension in date of enforcement for Steel Products Order File.No. S-20011/1/2020-TECH dated 22.07.2020 Extension Order Superseded by Steel and Steel Products (Quality Control) Order, 2020 (S.O. 4082(E), dated 12.11.2020) Superseded by Steel and Steel Products (Quality Control) Order, 2020 (S.O. No. 4637 (E) 22/12/2020) Order of extension in the enforcement date for Indian Standards covered under the Quality Control Order (namely IS 3748, IS 7291, and IS 12146) Order of extension in the enforcement date for some Indian Standards covered under the Quality Control Order (namely IS 4398 and IS 3195) Order of extension in the enforcement date for some Indian Standards covered under the Quality Control Order (namely IS 6526,IS 4454 (Part4), IS 11946, IS11947 and IS 12045) Extension in date of enforcement Order (namely IS 1110, IS 4409) Extension in date of enforcement Order (namely IS 4432, IS 5518, IS 12145 , IS 13387, IS 4072 & IS 13352) Extension in date of enforcement Order (namely IS 7226, IS 14331) Extension in date of enforcement Order (namely IS 6529) Extension in date of enforcement Order (namely IS 1993, IS 12591) Extension in the date of enforcement of Quality Control Order on IS 3748, IS 7291 and IS 12146 Order of extension in the date of enforcement of Quality Control Order for Indian Standards IS 4454 (Part 4): 2001, IS11946: 1987 & IS 11947: 1987 Extension in date of enforcement order (namely IS 1110: 1990 & IS 4409: 1973) Extension in date of enforcement order (namely IS 14331:1995) Extension in date of enforcement order (namely IS 13387:1992) Extension in date of enforcement order ( namely IS 1110: 1990 & IS 4409: 1973) Extension in date of enforcement order (namely IS 1110: 1990 & IS 4409: 1973) , dated 01 November 2022 Extension in date of enforcement order (namely IS 4409: 1973) , dated 06 February 2023 Extension in date of enforcement order (namely IS 4409 : 1973, dated 25th July 2023) Steel and Steel Products (Quality Control) Order, 2024 S.O. 574(E) dated on 5th February, 2024 Extension in date of enforcement order (namely IS 4409: 2023, dated 01 May 2024) Extension in date of enforcement order (namely IS 4409:2023, dated 01st August 2024) Steel & Steel Products (Quality Control) Order, 2024 S.O. 3716(E), dated 29th August 2024 Steel & Steel Products (Quality Control) Amendment Order, 2025 S.O.5134(E) Dated 20 November, 2025 Steel & Steel Products (Quality Control) Amendment Order, 2026 S.O.3300(E) Dated 22 June, 2026",https://www.bis.gov.in/product-certification/products-under-compulsory-certification/scheme-i-mark-scheme/?lang=en,IS 2062
IS 432 : Part 1:1982,Mild Steel and Medium Tensile Steel Bars and Hard–Drawn Steel Wire for Concrete Reinforcement: Part 1 Mild steel and medium tensile steel bars,Steel and Iron Products,Steel and Iron Products,Yes,"BIS Product Certification (ISI Mark, Scheme I)","10. Steel and Steel Products (Quality Control) Order, 2020 S.O. 756(E) , dated 14-02-2020 Superseded by Steel and Steel Products (Quality Control) Order, 2020 S.O. 1673(E), dated 27-05-2020 Superseded by Steel and Steel Products (Quality Control) Order, 2020 (S.O. 2379(E), dated 17-07-2020) Extension in date of enforcement for Steel Products Order File.No. S-20011/1/2020-TECH dated 22.07.2020 Extension Order Superseded by Steel and Steel Products (Quality Control) Order, 2020 (S.O. 4082(E), dated 12.11.2020) Superseded by Steel and Steel Products (Quality Control) Order, 2020 (S.O. No. 4637 (E) 22/12/2020) Order of extension in the enforcement date for Indian Standards covered under the Quality Control Order (namely IS 3748, IS 7291, and IS 12146) Order of extension in the enforcement date for some Indian Standards covered under the Quality Control Order (namely IS 4398 and IS 3195) Order of extension in the enforcement date for some Indian Standards covered under the Quality Control Order (namely IS 6526,IS 4454 (Part4), IS 11946, IS11947 and IS 12045) Extension in date of enforcement Order (namely IS 1110, IS 4409) Extension in date of enforcement Order (namely IS 4432, IS 5518, IS 12145 , IS 13387, IS 4072 & IS 13352) Extension in date of enforcement Order (namely IS 7226, IS 14331) Extension in date of enforcement Order (namely IS 6529) Extension in date of enforcement Order (namely IS 1993, IS 12591) Extension in the date of enforcement of Quality Control Order on IS 3748, IS 7291 and IS 12146 Order of extension in the date of enforcement of Quality Control Order for Indian Standards IS 4454 (Part 4): 2001, IS11946: 1987 & IS 11947: 1987 Extension in date of enforcement order (namely IS 1110: 1990 & IS 4409: 1973) Extension in date of enforcement order (namely IS 14331:1995) Extension in date of enforcement order (namely IS 13387:1992) Extension in date of enforcement order ( namely IS 1110: 1990 & IS 4409: 1973) Extension in date of enforcement order (namely IS 1110: 1990 & IS 4409: 1973) , dated 01 November 2022 Extension in date of enforcement order (namely IS 4409: 1973) , dated 06 February 2023 Extension in date of enforcement order (namely IS 4409 : 1973, dated 25th July 2023) Steel and Steel Products (Quality Control) Order, 2024 S.O. 574(E) dated on 5th February, 2024 Extension in date of enforcement order (namely IS 4409: 2023, dated 01 May 2024) Extension in date of enforcement order (namely IS 4409:2023, dated 01st August 2024) Steel & Steel Products (Quality Control) Order, 2024 S.O. 3716(E), dated 29th August 2024 Steel & Steel Products (Quality Control) Amendment Order, 2025 S.O.5134(E) Dated 20 November, 2025 Steel & Steel Products (Quality Control) Amendment Order, 2026 S.O.3300(E) Dated 22 June, 2026",https://www.bis.gov.in/product-certification/products-under-compulsory-certification/scheme-i-mark-scheme/?lang=en,IS 432
IS 432 : Part 2:1982,Mild steel and Medium Tensile steel bars and Hard–Drawn Steel Wire for Concrete Reinforcement: Part 2 Hard- Drawn Steel Wire,Steel and Iron Products,Steel and Iron Products,Yes,"BIS Product Certification (ISI Mark, Scheme I)","10. Steel and Steel Products (Quality Control) Order, 2020 S.O. 756(E) , dated 14-02-2020 Superseded by Steel and Steel Products (Quality Control) Order, 2020 S.O. 1673(E), dated 27-05-2020 Superseded by Steel and Steel Products (Quality Control) Order, 2020 (S.O. 2379(E), dated 17-07-2020) Extension in date of enforcement for Steel Products Order File.No. S-20011/1/2020-TECH dated 22.07.2020 Extension Order Superseded by Steel and Steel Products (Quality Control) Order, 2020 (S.O. 4082(E), dated 12.11.2020) Superseded by Steel and Steel Products (Quality Control) Order, 2020 (S.O. No. 4637 (E) 22/12/2020) Order of extension in the enforcement date for Indian Standards covered under the Quality Control Order (namely IS 3748, IS 7291, and IS 12146) Order of extension in the enforcement date for some Indian Standards covered under the Quality Control Order (namely IS 4398 and IS 3195) Order of extension in the enforcement date for some Indian Standards covered under the Quality Control Order (namely IS 6526,IS 4454 (Part4), IS 11946, IS11947 and IS 12045) Extension in date of enforcement Order (namely IS 1110, IS 4409) Extension in date of enforcement Order (namely IS 4432, IS 5518, IS 12145 , IS 13387, IS 4072 & IS 13352) Extension in date of enforcement Order (namely IS 7226, IS 14331) Extension in date of enforcement Order (namely IS 6529) Extension in date of enforcement Order (namely IS 1993, IS 12591) Extension in the date of enforcement of Quality Control Order on IS 3748, IS 7291 and IS 12146 Order of extension in the date of enforcement of Quality Control Order for Indian Standards IS 4454 (Part 4): 2001, IS11946: 1987 & IS 11947: 1987 Extension in date of enforcement order (namely IS 1110: 1990 & IS 4409: 1973) Extension in date of enforcement order (namely IS 14331:1995) Extension in date of enforcement order (namely IS 13387:1992) Extension in date of enforcement order ( namely IS 1110: 1990 & IS 4409: 1973) Extension in date of enforcement order (namely IS 1110: 1990 & IS 4409: 1973) , dated 01 November 2022 Extension in date of enforcement order (namely IS 4409: 1973) , dated 06 February 2023 Extension in date of enforcement order (namely IS 4409 : 1973, dated 25th July 2023) Steel and Steel Products (Quality Control) Order, 2024 S.O. 574(E) dated on 5th February, 2024 Extension in date of enforcement order (namely IS 4409: 2023, dated 01 May 2024) Extension in date of enforcement order (namely IS 4409:2023, dated 01st August 2024) Steel & Steel Products (Quality Control) Order, 2024 S.O. 3716(E), dated 29th August 2024 Steel & Steel Products (Quality Control) Amendment Order, 2025 S.O.5134(E) Dated 20 November, 2025 Steel & Steel Products (Quality Control) Amendment Order, 2026 S.O.3300(E) Dated 22 June, 2026",https://www.bis.gov.in/product-certification/products-under-compulsory-certification/scheme-i-mark-scheme/?lang=en,IS 432
IS 513 (Part-1): 2016,Cold reduced carbon steel sheets and strips Part 1 Cold Forming and Drawing Purpose,Steel and Iron Products,Steel and Iron Products,Yes,"BIS Product Certification (ISI Mark, Scheme I)","10. Steel and Steel Products (Quality Control) Order, 2020 S.O. 756(E) , dated 14-02-2020 Superseded by Steel and Steel Products (Quality Control) Order, 2020 S.O. 1673(E), dated 27-05-2020 Superseded by Steel and Steel Products (Quality Control) Order, 2020 (S.O. 2379(E), dated 17-07-2020) Extension in date of enforcement for Steel Products Order File.No. S-20011/1/2020-TECH dated 22.07.2020 Extension Order Superseded by Steel and Steel Products (Quality Control) Order, 2020 (S.O. 4082(E), dated 12.11.2020) Superseded by Steel and Steel Products (Quality Control) Order, 2020 (S.O. No. 4637 (E) 22/12/2020) Order of extension in the enforcement date for Indian Standards covered under the Quality Control Order (namely IS 3748, IS 7291, and IS 12146) Order of extension in the enforcement date for some Indian Standards covered under the Quality Control Order (namely IS 4398 and IS 3195) Order of extension in the enforcement date for some Indian Standards covered under the Quality Control Order (namely IS 6526,IS 4454 (Part4), IS 11946, IS11947 and IS 12045) Extension in date of enforcement Order (namely IS 1110, IS 4409) Extension in date of enforcement Order (namely IS 4432, IS 5518, IS 12145 , IS 13387, IS 4072 & IS 13352) Extension in date of enforcement Order (namely IS 7226, IS 14331) Extension in date of enforcement Order (namely IS 6529) Extension in date of enforcement Order (namely IS 1993, IS 12591) Extension in the date of enforcement of Quality Control Order on IS 3748, IS 7291 and IS 12146 Order of extension in the date of enforcement of Quality Control Order for Indian Standards IS 4454 (Part 4): 2001, IS11946: 1987 & IS 11947: 1987 Extension in date of enforcement order (namely IS 1110: 1990 & IS 4409: 1973) Extension in date of enforcement order (namely IS 14331:1995) Extension in date of enforcement order (namely IS 13387:1992) Extension in date of enforcement order ( namely IS 1110: 1990 & IS 4409: 1973) Extension in date of enforcement order (namely IS 1110: 1990 & IS 4409: 1973) , dated 01 November 2022 Extension in date of enforcement order (namely IS 4409: 1973) , dated 06 February 2023 Extension in date of enforcement order (namely IS 4409 : 1973, dated 25th July 2023) Steel and Steel Products (Quality Control) Order, 2024 S.O. 574(E) dated on 5th February, 2024 Extension in date of enforcement order (namely IS 4409: 2023, dated 01 May 2024) Extension in date of enforcement order (namely IS 4409:2023, dated 01st August 2024) Steel & Steel Products (Quality Control) Order, 2024 S.O. 3716(E), dated 29th August 2024 Steel & Steel Products (Quality Control) Amendment Order, 2025 S.O.5134(E) Dated 20 November, 2025 Steel & Steel Products (Quality Control) Amendment Order, 2026 S.O.3300(E) Dated 22 June, 2026",https://www.bis.gov.in/product-certification/products-under-compulsory-certification/scheme-i-mark-scheme/?lang=en,IS 513
IS 513(Part-2):2016,Cold reduced carbon steel sheets and strips Part 2 High Tensile and Multi-phase Steel,Steel and Iron Products,Steel and Iron Products,Yes,"BIS Product Certification (ISI Mark, Scheme I)","10. Steel and Steel Products (Quality Control) Order, 2020 S.O. 756(E) , dated 14-02-2020 Superseded by Steel and Steel Products (Quality Control) Order, 2020 S.O. 1673(E), dated 27-05-2020 Superseded by Steel and Steel Products (Quality Control) Order, 2020 (S.O. 2379(E), dated 17-07-2020) Extension in date of enforcement for Steel Products Order File.No. S-20011/1/2020-TECH dated 22.07.2020 Extension Order Superseded by Steel and Steel Products (Quality Control) Order, 2020 (S.O. 4082(E), dated 12.11.2020) Superseded by Steel and Steel Products (Quality Control) Order, 2020 (S.O. No. 4637 (E) 22/12/2020) Order of extension in the enforcement date for Indian Standards covered under the Quality Control Order (namely IS 3748, IS 7291, and IS 12146) Order of extension in the enforcement date for some Indian Standards covered under the Quality Control Order (namely IS 4398 and IS 3195) Order of extension in the enforcement date for some Indian Standards covered under the Quality Control Order (namely IS 6526,IS 4454 (Part4), IS 11946, IS11947 and IS 12045) Extension in date of enforcement Order (namely IS 1110, IS 4409) Extension in date of enforcement Order (namely IS 4432, IS 5518, IS 12145 , IS 13387, IS 4072 & IS 13352) Extension in date of enforcement Order (namely IS 7226, IS 14331) Extension in date of enforcement Order (namely IS 6529) Extension in date of enforcement Order (namely IS 1993, IS 12591) Extension in the date of enforcement of Quality Control Order on IS 3748, IS 7291 and IS 12146 Order of extension in the date of enforcement of Quality Control Order for Indian Standards IS 4454 (Part 4): 2001, IS11946: 1987 & IS 11947: 1987 Extension in date of enforcement order (namely IS 1110: 1990 & IS 4409: 1973) Extension in date of enforcement order (namely IS 14331:1995) Extension in date of enforcement order (namely IS 13387:1992) Extension in date of enforcement order ( namely IS 1110: 1990 & IS 4409: 1973) Extension in date of enforcement order (namely IS 1110: 1990 & IS 4409: 1973) , dated 01 November 2022 Extension in date of enforcement order (namely IS 4409: 1973) , dated 06 February 2023 Extension in date of enforcement order (namely IS 4409 : 1973, dated 25th July 2023) Steel and Steel Products (Quality Control) Order, 2024 S.O. 574(E) dated on 5th February, 2024 Extension in date of enforcement order (namely IS 4409: 2023, dated 01 May 2024) Extension in date of enforcement order (namely IS 4409:2023, dated 01st August 2024) Steel & Steel Products (Quality Control) Order, 2024 S.O. 3716(E), dated 29th August 2024 Steel & Steel Products (Quality Control) Amendment Order, 2025 S.O.5134(E) Dated 20 November, 2025 Steel & Steel Products (Quality Control) Amendment Order, 2026 S.O.3300(E) Dated 22 June, 2026",https://www.bis.gov.in/product-certification/products-under-compulsory-certification/scheme-i-mark-scheme/?lang=en,IS 513
IS 1079: 2017,"Hot Rolled Carbon Steel Sheet, Plate and Strip — Specification.",Steel and Iron Products,Steel and Iron Products,Yes,"BIS Product Certification (ISI Mark, Scheme I)","10. Steel and Steel Products (Quality Control) Order, 2020 S.O. 756(E) , dated 14-02-2020 Superseded by Steel and Steel Products (Quality Control) Order, 2020 S.O. 1673(E), dated 27-05-2020 Superseded by Steel and Steel Products (Quality Control) Order, 2020 (S.O. 2379(E), dated 17-07-2020) Extension in date of enforcement for Steel Products Order File.No. S-20011/1/2020-TECH dated 22.07.2020 Extension Order Superseded by Steel and Steel Products (Quality Control) Order, 2020 (S.O. 4082(E), dated 12.11.2020) Superseded by Steel and Steel Products (Quality Control) Order, 2020 (S.O. No. 4637 (E) 22/12/2020) Order of extension in the enforcement date for Indian Standards covered under the Quality Control Order (namely IS 3748, IS 7291, and IS 12146) Order of extension in the enforcement date for some Indian Standards covered under the Quality Control Order (namely IS 4398 and IS 3195) Order of extension in the enforcement date for some Indian Standards covered under the Quality Control Order (namely IS 6526,IS 4454 (Part4), IS 11946, IS11947 and IS 12045) Extension in date of enforcement Order (namely IS 1110, IS 4409) Extension in date of enforcement Order (namely IS 4432, IS 5518, IS 12145 , IS 13387, IS 4072 & IS 13352) Extension in date of enforcement Order (namely IS 7226, IS 14331) Extension in date of enforcement Order (namely IS 6529) Extension in date of enforcement Order (namely IS 1993, IS 12591) Extension in the date of enforcement of Quality Control Order on IS 3748, IS 7291 and IS 12146 Order of extension in the date of enforcement of Quality Control Order for Indian Standards IS 4454 (Part 4): 2001, IS11946: 1987 & IS 11947: 1987 Extension in date of enforcement order (namely IS 1110: 1990 & IS 4409: 1973) Extension in date of enforcement order (namely IS 14331:1995) Extension in date of enforcement order (namely IS 13387:1992) Extension in date of enforcement order ( namely IS 1110: 1990 & IS 4409: 1973) Extension in date of enforcement order (namely IS 1110: 1990 & IS 4409: 1973) , dated 01 November 2022 Extension in date of enforcement order (namely IS 4409: 1973) , dated 06 February 2023 Extension in date of enforcement order (namely IS 4409 : 1973, dated 25th July 2023) Steel and Steel Products (Quality Control) Order, 2024 S.O. 574(E) dated on 5th February, 2024 Extension in date of enforcement order (namely IS 4409: 2023, dated 01 May 2024) Extension in date of enforcement order (namely IS 4409:2023, dated 01st August 2024) Steel & Steel Products (Quality Control) Order, 2024 S.O. 3716(E), dated 29th August 2024 Steel & Steel Products (Quality Control) Amendment Order, 2025 S.O.5134(E) Dated 20 November, 2025 Steel & Steel Products (Quality Control) Amendment Order, 2026 S.O.3300(E) Dated 22 June, 2026",https://www.bis.gov.in/product-certification/products-under-compulsory-certification/scheme-i-mark-scheme/?lang=en,IS 1079
IS 1875:1992,"Carbon steel billets, blooms, slabs and bars for forgings.",Steel and Iron Products,Steel and Iron Products,Yes,"BIS Product Certification (ISI Mark, Scheme I)","10. Steel and Steel Products (Quality Control) Order, 2020 S.O. 756(E) , dated 14-02-2020 Superseded by Steel and Steel Products (Quality Control) Order, 2020 S.O. 1673(E), dated 27-05-2020 Superseded by Steel and Steel Products (Quality Control) Order, 2020 (S.O. 2379(E), dated 17-07-2020) Extension in date of enforcement for Steel Products Order File.No. S-20011/1/2020-TECH dated 22.07.2020 Extension Order Superseded by Steel and Steel Products (Quality Control) Order, 2020 (S.O. 4082(E), dated 12.11.2020) Superseded by Steel and Steel Products (Quality Control) Order, 2020 (S.O. No. 4637 (E) 22/12/2020) Order of extension in the enforcement date for Indian Standards covered under the Quality Control Order (namely IS 3748, IS 7291, and IS 12146) Order of extension in the enforcement date for some Indian Standards covered under the Quality Control Order (namely IS 4398 and IS 3195) Order of extension in the enforcement date for some Indian Standards covered under the Quality Control Order (namely IS 6526,IS 4454 (Part4), IS 11946, IS11947 and IS 12045) Extension in date of enforcement Order (namely IS 1110, IS 4409) Extension in date of enforcement Order (namely IS 4432, IS 5518, IS 12145 , IS 13387, IS 4072 & IS 13352) Extension in date of enforcement Order (namely IS 7226, IS 14331) Extension in date of enforcement Order (namely IS 6529) Extension in date of enforcement Order (namely IS 1993, IS 12591) Extension in the date of enforcement of Quality Control Order on IS 3748, IS 7291 and IS 12146 Order of extension in the date of enforcement of Quality Control Order for Indian Standards IS 4454 (Part 4): 2001, IS11946: 1987 & IS 11947: 1987 Extension in date of enforcement order (namely IS 1110: 1990 & IS 4409: 1973) Extension in date of enforcement order (namely IS 14331:1995) Extension in date of enforcement order (namely IS 13387:1992) Extension in date of enforcement order ( namely IS 1110: 1990 & IS 4409: 1973) Extension in date of enforcement order (namely IS 1110: 1990 & IS 4409: 1973) , dated 01 November 2022 Extension in date of enforcement order (namely IS 4409: 1973) , dated 06 February 2023 Extension in date of enforcement order (namely IS 4409 : 1973, dated 25th July 2023) Steel and Steel Products (Quality Control) Order, 2024 S.O. 574(E) dated on 5th February, 2024 Extension in date of enforcement order (namely IS 4409: 2023, dated 01 May 2024) Extension in date of enforcement order (namely IS 4409:2023, dated 01st August 2024) Steel & Steel Products (Quality Control) Order, 2024 S.O. 3716(E), dated 29th August 2024 Steel & Steel Products (Quality Control) Amendment Order, 2025 S.O.5134(E) Dated 20 November, 2025 Steel & Steel Products (Quality Control) Amendment Order, 2026 S.O.3300(E) Dated 22 June, 2026",https://www.bis.gov.in/product-certification/products-under-compulsory-certification/scheme-i-mark-scheme/?lang=en,IS 1875
IS 2879:1998,Mild steel for metal arc welding electrodes.,Steel and Iron Products,Steel and Iron Products,Yes,"BIS Product Certification (ISI Mark, Scheme I)","10. Steel and Steel Products (Quality Control) Order, 2020 S.O. 756(E) , dated 14-02-2020 Superseded by Steel and Steel Products (Quality Control) Order, 2020 S.O. 1673(E), dated 27-05-2020 Superseded by Steel and Steel Products (Quality Control) Order, 2020 (S.O. 2379(E), dated 17-07-2020) Extension in date of enforcement for Steel Products Order File.No. S-20011/1/2020-TECH dated 22.07.2020 Extension Order Superseded by Steel and Steel Products (Quality Control) Order, 2020 (S.O. 4082(E), dated 12.11.2020) Superseded by Steel and Steel Products (Quality Control) Order, 2020 (S.O. No. 4637 (E) 22/12/2020) Order of extension in the enforcement date for Indian Standards covered under the Quality Control Order (namely IS 3748, IS 7291, and IS 12146) Order of extension in the enforcement date for some Indian Standards covered under the Quality Control Order (namely IS 4398 and IS 3195) Order of extension in the enforcement date for some Indian Standards covered under the Quality Control Order (namely IS 6526,IS 4454 (Part4), IS 11946, IS11947 and IS 12045) Extension in date of enforcement Order (namely IS 1110, IS 4409) Extension in date of enforcement Order (namely IS 4432, IS 5518, IS 12145 , IS 13387, IS 4072 & IS 13352) Extension in date of enforcement Order (namely IS 7226, IS 14331) Extension in date of enforcement Order (namely IS 6529) Extension in date of enforcement Order (namely IS 1993, IS 12591) Extension in the date of enforcement of Quality Control Order on IS 3748, IS 7291 and IS 12146 Order of extension in the date of enforcement of Quality Control Order for Indian Standards IS 4454 (Part 4): 2001, IS11946: 1987 & IS 11947: 1987 Extension in date of enforcement order (namely IS 1110: 1990 & IS 4409: 1973) Extension in date of enforcement order (namely IS 14331:1995) Extension in date of enforcement order (namely IS 13387:1992) Extension in date of enforcement order ( namely IS 1110: 1990 & IS 4409: 1973) Extension in date of enforcement order (namely IS 1110: 1990 & IS 4409: 1973) , dated 01 November 2022 Extension in date of enforcement order (namely IS 4409: 1973) , dated 06 February 2023 Extension in date of enforcement order (namely IS 4409 : 1973, dated 25th July 2023) Steel and Steel Products (Quality Control) Order, 2024 S.O. 574(E) dated on 5th February, 2024 Extension in date of enforcement order (namely IS 4409: 2023, dated 01 May 2024) Extension in date of enforcement order (namely IS 4409:2023, dated 01st August 2024) Steel & Steel Products (Quality Control) Order, 2024 S.O. 3716(E), dated 29th August 2024 Steel & Steel Products (Quality Control) Amendment Order, 2025 S.O.5134(E) Dated 20 November, 2025 Steel & Steel Products (Quality Control) Amendment Order, 2026 S.O.3300(E) Dated 22 June, 2026",https://www.bis.gov.in/product-certification/products-under-compulsory-certification/scheme-i-mark-scheme/?lang=en,IS 2879
IS 3502:2009,Steel Chequered Plates,Steel and Iron Products,Steel and Iron Products,Yes,"BIS Product Certification (ISI Mark, Scheme I)","10. Steel and Steel Products (Quality Control) Order, 2020 S.O. 756(E) , dated 14-02-2020 Superseded by Steel and Steel Products (Quality Control) Order, 2020 S.O. 1673(E), dated 27-05-2020 Superseded by Steel and Steel Products (Quality Control) Order, 2020 (S.O. 2379(E), dated 17-07-2020) Extension in date of enforcement for Steel Products Order File.No. S-20011/1/2020-TECH dated 22.07.2020 Extension Order Superseded by Steel and Steel Products (Quality Control) Order, 2020 (S.O. 4082(E), dated 12.11.2020) Superseded by Steel and Steel Products (Quality Control) Order, 2020 (S.O. No. 4637 (E) 22/12/2020) Order of extension in the enforcement date for Indian Standards covered under the Quality Control Order (namely IS 3748, IS 7291, and IS 12146) Order of extension in the enforcement date for some Indian Standards covered under the Quality Control Order (namely IS 4398 and IS 3195) Order of extension in the enforcement date for some Indian Standards covered under the Quality Control Order (namely IS 6526,IS 4454 (Part4), IS 11946, IS11947 and IS 12045) Extension in date of enforcement Order (namely IS 1110, IS 4409) Extension in date of enforcement Order (namely IS 4432, IS 5518, IS 12145 , IS 13387, IS 4072 & IS 13352) Extension in date of enforcement Order (namely IS 7226, IS 14331) Extension in date of enforcement Order (namely IS 6529) Extension in date of enforcement Order (namely IS 1993, IS 12591) Extension in the date of enforcement of Quality Control Order on IS 3748, IS 7291 and IS 12146 Order of extension in the date of enforcement of Quality Control Order for Indian Standards IS 4454 (Part 4): 2001, IS11946: 1987 & IS 11947: 1987 Extension in date of enforcement order (namely IS 1110: 1990 & IS 4409: 1973) Extension in date of enforcement order (namely IS 14331:1995) Extension in date of enforcement order (namely IS 13387:1992) Extension in date of enforcement order ( namely IS 1110: 1990 & IS 4409: 1973) Extension in date of enforcement order (namely IS 1110: 1990 & IS 4409: 1973) , dated 01 November 2022 Extension in date of enforcement order (namely IS 4409: 1973) , dated 06 February 2023 Extension in date of enforcement order (namely IS 4409 : 1973, dated 25th July 2023) Steel and Steel Products (Quality Control) Order, 2024 S.O. 574(E) dated on 5th February, 2024 Extension in date of enforcement order (namely IS 4409: 2023, dated 01 May 2024) Extension in date of enforcement order (namely IS 4409:2023, dated 01st August 2024) Steel & Steel Products (Quality Control) Order, 2024 S.O. 3716(E), dated 29th August 2024 Steel & Steel Products (Quality Control) Amendment Order, 2025 S.O.5134(E) Dated 20 November, 2025 Steel & Steel Products (Quality Control) Amendment Order, 2026 S.O.3300(E) Dated 22 June, 2026",https://www.bis.gov.in/product-certification/products-under-compulsory-certification/scheme-i-mark-scheme/?lang=en,IS 3502
IS 5872:1990,Cold Rolled Steel Strips (Box Strappings).,Steel and Iron Products,Steel and Iron Products,Yes,"BIS Product Certification (ISI Mark, Scheme I)","10. Steel and Steel Products (Quality Control) Order, 2020 S.O. 756(E) , dated 14-02-2020 Superseded by Steel and Steel Products (Quality Control) Order, 2020 S.O. 1673(E), dated 27-05-2020 Superseded by Steel and Steel Products (Quality Control) Order, 2020 (S.O. 2379(E), dated 17-07-2020) Extension in date of enforcement for Steel Products Order File.No. S-20011/1/2020-TECH dated 22.07.2020 Extension Order Superseded by Steel and Steel Products (Quality Control) Order, 2020 (S.O. 4082(E), dated 12.11.2020) Superseded by Steel and Steel Products (Quality Control) Order, 2020 (S.O. No. 4637 (E) 22/12/2020) Order of extension in the enforcement date for Indian Standards covered under the Quality Control Order (namely IS 3748, IS 7291, and IS 12146) Order of extension in the enforcement date for some Indian Standards covered under the Quality Control Order (namely IS 4398 and IS 3195) Order of extension in the enforcement date for some Indian Standards covered under the Quality Control Order (namely IS 6526,IS 4454 (Part4), IS 11946, IS11947 and IS 12045) Extension in date of enforcement Order (namely IS 1110, IS 4409) Extension in date of enforcement Order (namely IS 4432, IS 5518, IS 12145 , IS 13387, IS 4072 & IS 13352) Extension in date of enforcement Order (namely IS 7226, IS 14331) Extension in date of enforcement Order (namely IS 6529) Extension in date of enforcement Order (namely IS 1993, IS 12591) Extension in the date of enforcement of Quality Control Order on IS 3748, IS 7291 and IS 12146 Order of extension in the date of enforcement of Quality Control Order for Indian Standards IS 4454 (Part 4): 2001, IS11946: 1987 & IS 11947: 1987 Extension in date of enforcement order (namely IS 1110: 1990 & IS 4409: 1973) Extension in date of enforcement order (namely IS 14331:1995) Extension in date of enforcement order (namely IS 13387:1992) Extension in date of enforcement order ( namely IS 1110: 1990 & IS 4409: 1973) Extension in date of enforcement order (namely IS 1110: 1990 & IS 4409: 1973) , dated 01 November 2022 Extension in date of enforcement order (namely IS 4409: 1973) , dated 06 February 2023 Extension in date of enforcement order (namely IS 4409 : 1973, dated 25th July 2023) Steel and Steel Products (Quality Control) Order, 2024 S.O. 574(E) dated on 5th February, 2024 Extension in date of enforcement order (namely IS 4409: 2023, dated 01 May 2024) Extension in date of enforcement order (namely IS 4409:2023, dated 01st August 2024) Steel & Steel Products (Quality Control) Order, 2024 S.O. 3716(E), dated 29th August 2024 Steel & Steel Products (Quality Control) Amendment Order, 2025 S.O.5134(E) Dated 20 November, 2025 Steel & Steel Products (Quality Control) Amendment Order, 2026 S.O.3300(E) Dated 22 June, 2026",https://www.bis.gov.in/product-certification/products-under-compulsory-certification/scheme-i-mark-scheme/?lang=en,IS 5872
IS 5986: 2017,"Hot Rolled Steel Sheet, Plate and Strip for Forming and Flanging Purposes — Specification.",Steel and Iron Products,Steel and Iron Products,Yes,"BIS Product Certification (ISI Mark, Scheme I)","10. Steel and Steel Products (Quality Control) Order, 2020 S.O. 756(E) , dated 14-02-2020 Superseded by Steel and Steel Products (Quality Control) Order, 2020 S.O. 1673(E), dated 27-05-2020 Superseded by Steel and Steel Products (Quality Control) Order, 2020 (S.O. 2379(E), dated 17-07-2020) Extension in date of enforcement for Steel Products Order File.No. S-20011/1/2020-TECH dated 22.07.2020 Extension Order Superseded by Steel and Steel Products (Quality Control) Order, 2020 (S.O. 4082(E), dated 12.11.2020) Superseded by Steel and Steel Products (Quality Control) Order, 2020 (S.O. No. 4637 (E) 22/12/2020) Order of extension in the enforcement date for Indian Standards covered under the Quality Control Order (namely IS 3748, IS 7291, and IS 12146) Order of extension in the enforcement date for some Indian Standards covered under the Quality Control Order (namely IS 4398 and IS 3195) Order of extension in the enforcement date for some Indian Standards covered under the Quality Control Order (namely IS 6526,IS 4454 (Part4), IS 11946, IS11947 and IS 12045) Extension in date of enforcement Order (namely IS 1110, IS 4409) Extension in date of enforcement Order (namely IS 4432, IS 5518, IS 12145 , IS 13387, IS 4072 & IS 13352) Extension in date of enforcement Order (namely IS 7226, IS 14331) Extension in date of enforcement Order (namely IS 6529) Extension in date of enforcement Order (namely IS 1993, IS 12591) Extension in the date of enforcement of Quality Control Order on IS 3748, IS 7291 and IS 12146 Order of extension in the date of enforcement of Quality Control Order for Indian Standards IS 4454 (Part 4): 2001, IS11946: 1987 & IS 11947: 1987 Extension in date of enforcement order (namely IS 1110: 1990 & IS 4409: 1973) Extension in date of enforcement order (namely IS 14331:1995) Extension in date of enforcement order (namely IS 13387:1992) Extension in date of enforcement order ( namely IS 1110: 1990 & IS 4409: 1973) Extension in date of enforcement order (namely IS 1110: 1990 & IS 4409: 1973) , dated 01 November 2022 Extension in date of enforcement order (namely IS 4409: 1973) , dated 06 February 2023 Extension in date of enforcement order (namely IS 4409 : 1973, dated 25th July 2023) Steel and Steel Products (Quality Control) Order, 2024 S.O. 574(E) dated on 5th February, 2024 Extension in date of enforcement order (namely IS 4409: 2023, dated 01 May 2024) Extension in date of enforcement order (namely IS 4409:2023, dated 01st August 2024) Steel & Steel Products (Quality Control) Order, 2024 S.O. 3716(E), dated 29th August 2024 Steel & Steel Products (Quality Control) Amendment Order, 2025 S.O.5134(E) Dated 20 November, 2025 Steel & Steel Products (Quality Control) Amendment Order, 2026 S.O.3300(E) Dated 22 June, 2026",https://www.bis.gov.in/product-certification/products-under-compulsory-certification/scheme-i-mark-scheme/?lang=en,IS 5986
IS 6240:2008,Hot Rolled Steel Plate (up to 6 mm) Sheet and Strip for the Manufacture of Low Pressure Liquefiable Gas Cylinders,Steel and Iron Products,Steel and Iron Products,Yes,"BIS Product Certification (ISI Mark, Scheme I)","10. Steel and Steel Products (Quality Control) Order, 2020 S.O. 756(E) , dated 14-02-2020 Superseded by Steel and Steel Products (Quality Control) Order, 2020 S.O. 1673(E), dated 27-05-2020 Superseded by Steel and Steel Products (Quality Control) Order, 2020 (S.O. 2379(E), dated 17-07-2020) Extension in date of enforcement for Steel Products Order File.No. S-20011/1/2020-TECH dated 22.07.2020 Extension Order Superseded by Steel and Steel Products (Quality Control) Order, 2020 (S.O. 4082(E), dated 12.11.2020) Superseded by Steel and Steel Products (Quality Control) Order, 2020 (S.O. No. 4637 (E) 22/12/2020) Order of extension in the enforcement date for Indian Standards covered under the Quality Control Order (namely IS 3748, IS 7291, and IS 12146) Order of extension in the enforcement date for some Indian Standards covered under the Quality Control Order (namely IS 4398 and IS 3195) Order of extension in the enforcement date for some Indian Standards covered under the Quality Control Order (namely IS 6526,IS 4454 (Part4), IS 11946, IS11947 and IS 12045) Extension in date of enforcement Order (namely IS 1110, IS 4409) Extension in date of enforcement Order (namely IS 4432, IS 5518, IS 12145 , IS 13387, IS 4072 & IS 13352) Extension in date of enforcement Order (namely IS 7226, IS 14331) Extension in date of enforcement Order (namely IS 6529) Extension in date of enforcement Order (namely IS 1993, IS 12591) Extension in the date of enforcement of Quality Control Order on IS 3748, IS 7291 and IS 12146 Order of extension in the date of enforcement of Quality Control Order for Indian Standards IS 4454 (Part 4): 2001, IS11946: 1987 & IS 11947: 1987 Extension in date of enforcement order (namely IS 1110: 1990 & IS 4409: 1973) Extension in date of enforcement order (namely IS 14331:1995) Extension in date of enforcement order (namely IS 13387:1992) Extension in date of enforcement order ( namely IS 1110: 1990 & IS 4409: 1973) Extension in date of enforcement order (namely IS 1110: 1990 & IS 4409: 1973) , dated 01 November 2022 Extension in date of enforcement order (namely IS 4409: 1973) , dated 06 February 2023 Extension in date of enforcement order (namely IS 4409 : 1973, dated 25th July 2023) Steel and Steel Products (Quality Control) Order, 2024 S.O. 574(E) dated on 5th February, 2024 Extension in date of enforcement order (namely IS 4409: 2023, dated 01 May 2024) Extension in date of enforcement order (namely IS 4409:2023, dated 01st August 2024) Steel & Steel Products (Quality Control) Order, 2024 S.O. 3716(E), dated 29th August 2024 Steel & Steel Products (Quality Control) Amendment Order, 2025 S.O.5134(E) Dated 20 November, 2025 Steel & Steel Products (Quality Control) Amendment Order, 2026 S.O.3300(E) Dated 22 June, 2026",https://www.bis.gov.in/product-certification/products-under-compulsory-certification/scheme-i-mark-scheme/?lang=en,IS 6240
IS 7283:1992,Hot Rolled bars for production of bright bars and machined parts for engineering applications.,Steel and Iron Products,Steel and Iron Products,Yes,"BIS Product Certification (ISI Mark, Scheme I)","10. Steel and Steel Products (Quality Control) Order, 2020 S.O. 756(E) , dated 14-02-2020 Superseded by Steel and Steel Products (Quality Control) Order, 2020 S.O. 1673(E), dated 27-05-2020 Superseded by Steel and Steel Products (Quality Control) Order, 2020 (S.O. 2379(E), dated 17-07-2020) Extension in date of enforcement for Steel Products Order File.No. S-20011/1/2020-TECH dated 22.07.2020 Extension Order Superseded by Steel and Steel Products (Quality Control) Order, 2020 (S.O. 4082(E), dated 12.11.2020) Superseded by Steel and Steel Products (Quality Control) Order, 2020 (S.O. No. 4637 (E) 22/12/2020) Order of extension in the enforcement date for Indian Standards covered under the Quality Control Order (namely IS 3748, IS 7291, and IS 12146) Order of extension in the enforcement date for some Indian Standards covered under the Quality Control Order (namely IS 4398 and IS 3195) Order of extension in the enforcement date for some Indian Standards covered under the Quality Control Order (namely IS 6526,IS 4454 (Part4), IS 11946, IS11947 and IS 12045) Extension in date of enforcement Order (namely IS 1110, IS 4409) Extension in date of enforcement Order (namely IS 4432, IS 5518, IS 12145 , IS 13387, IS 4072 & IS 13352) Extension in date of enforcement Order (namely IS 7226, IS 14331) Extension in date of enforcement Order (namely IS 6529) Extension in date of enforcement Order (namely IS 1993, IS 12591) Extension in the date of enforcement of Quality Control Order on IS 3748, IS 7291 and IS 12146 Order of extension in the date of enforcement of Quality Control Order for Indian Standards IS 4454 (Part 4): 2001, IS11946: 1987 & IS 11947: 1987 Extension in date of enforcement order (namely IS 1110: 1990 & IS 4409: 1973) Extension in date of enforcement order (namely IS 14331:1995) Extension in date of enforcement order (namely IS 13387:1992) Extension in date of enforcement order ( namely IS 1110: 1990 & IS 4409: 1973) Extension in date of enforcement order (namely IS 1110: 1990 & IS 4409: 1973) , dated 01 November 2022 Extension in date of enforcement order (namely IS 4409: 1973) , dated 06 February 2023 Extension in date of enforcement order (namely IS 4409 : 1973, dated 25th July 2023) Steel and Steel Products (Quality Control) Order, 2024 S.O. 574(E) dated on 5th February, 2024 Extension in date of enforcement order (namely IS 4409: 2023, dated 01 May 2024) Extension in date of enforcement order (namely IS 4409:2023, dated 01st August 2024) Steel & Steel Products (Quality Control) Order, 2024 S.O. 3716(E), dated 29th August 2024 Steel & Steel Products (Quality Control) Amendment Order, 2025 S.O.5134(E) Dated 20 November, 2025 Steel & Steel Products (Quality Control) Amendment Order, 2026 S.O.3300(E) Dated 22 June, 2026",https://www.bis.gov.in/product-certification/products-under-compulsory-certification/scheme-i-mark-scheme/?lang=en,IS 7283
IS 7887:1992,Mild steel wire rods for general engineering purposes.,Steel and Iron Products,Steel and Iron Products,Yes,"BIS Product Certification (ISI Mark, Scheme I)","10. Steel and Steel Products (Quality Control) Order, 2020 S.O. 756(E) , dated 14-02-2020 Superseded by Steel and Steel Products (Quality Control) Order, 2020 S.O. 1673(E), dated 27-05-2020 Superseded by Steel and Steel Products (Quality Control) Order, 2020 (S.O. 2379(E), dated 17-07-2020) Extension in date of enforcement for Steel Products Order File.No. S-20011/1/2020-TECH dated 22.07.2020 Extension Order Superseded by Steel and Steel Products (Quality Control) Order, 2020 (S.O. 4082(E), dated 12.11.2020) Superseded by Steel and Steel Products (Quality Control) Order, 2020 (S.O. No. 4637 (E) 22/12/2020) Order of extension in the enforcement date for Indian Standards covered under the Quality Control Order (namely IS 3748, IS 7291, and IS 12146) Order of extension in the enforcement date for some Indian Standards covered under the Quality Control Order (namely IS 4398 and IS 3195) Order of extension in the enforcement date for some Indian Standards covered under the Quality Control Order (namely IS 6526,IS 4454 (Part4), IS 11946, IS11947 and IS 12045) Extension in date of enforcement Order (namely IS 1110, IS 4409) Extension in date of enforcement Order (namely IS 4432, IS 5518, IS 12145 , IS 13387, IS 4072 & IS 13352) Extension in date of enforcement Order (namely IS 7226, IS 14331) Extension in date of enforcement Order (namely IS 6529) Extension in date of enforcement Order (namely IS 1993, IS 12591) Extension in the date of enforcement of Quality Control Order on IS 3748, IS 7291 and IS 12146 Order of extension in the date of enforcement of Quality Control Order for Indian Standards IS 4454 (Part 4): 2001, IS11946: 1987 & IS 11947: 1987 Extension in date of enforcement order (namely IS 1110: 1990 & IS 4409: 1973) Extension in date of enforcement order (namely IS 14331:1995) Extension in date of enforcement order (namely IS 13387:1992) Extension in date of enforcement order ( namely IS 1110: 1990 & IS 4409: 1973) Extension in date of enforcement order (namely IS 1110: 1990 & IS 4409: 1973) , dated 01 November 2022 Extension in date of enforcement order (namely IS 4409: 1973) , dated 06 February 2023 Extension in date of enforcement order (namely IS 4409 : 1973, dated 25th July 2023) Steel and Steel Products (Quality Control) Order, 2024 S.O. 574(E) dated on 5th February, 2024 Extension in date of enforcement order (namely IS 4409: 2023, dated 01 May 2024) Extension in date of enforcement order (namely IS 4409:2023, dated 01st August 2024) Steel & Steel Products (Quality Control) Order, 2024 S.O. 3716(E), dated 29th August 2024 Steel & Steel Products (Quality Control) Amendment Order, 2025 S.O.5134(E) Dated 20 November, 2025 Steel & Steel Products (Quality Control) Amendment Order, 2026 S.O.3300(E) Dated 22 June, 2026",https://www.bis.gov.in/product-certification/products-under-compulsory-certification/scheme-i-mark-scheme/?lang=en,IS 7887
IS 10748:2004,Hot Rolled Steel Strip for Welded Tubes and Pipes.,Steel and Iron Products,Steel and Iron Products,Yes,"BIS Product Certification (ISI Mark, Scheme I)","10. Steel and Steel Products (Quality Control) Order, 2020 S.O. 756(E) , dated 14-02-2020 Superseded by Steel and Steel Products (Quality Control) Order, 2020 S.O. 1673(E), dated 27-05-2020 Superseded by Steel and Steel Products (Quality Control) Order, 2020 (S.O. 2379(E), dated 17-07-2020) Extension in date of enforcement for Steel Products Order File.No. S-20011/1/2020-TECH dated 22.07.2020 Extension Order Superseded by Steel and Steel Products (Quality Control) Order, 2020 (S.O. 4082(E), dated 12.11.2020) Superseded by Steel and Steel Products (Quality Control) Order, 2020 (S.O. No. 4637 (E) 22/12/2020) Order of extension in the enforcement date for Indian Standards covered under the Quality Control Order (namely IS 3748, IS 7291, and IS 12146) Order of extension in the enforcement date for some Indian Standards covered under the Quality Control Order (namely IS 4398 and IS 3195) Order of extension in the enforcement date for some Indian Standards covered under the Quality Control Order (namely IS 6526,IS 4454 (Part4), IS 11946, IS11947 and IS 12045) Extension in date of enforcement Order (namely IS 1110, IS 4409) Extension in date of enforcement Order (namely IS 4432, IS 5518, IS 12145 , IS 13387, IS 4072 & IS 13352) Extension in date of enforcement Order (namely IS 7226, IS 14331) Extension in date of enforcement Order (namely IS 6529) Extension in date of enforcement Order (namely IS 1993, IS 12591) Extension in the date of enforcement of Quality Control Order on IS 3748, IS 7291 and IS 12146 Order of extension in the date of enforcement of Quality Control Order for Indian Standards IS 4454 (Part 4): 2001, IS11946: 1987 & IS 11947: 1987 Extension in date of enforcement order (namely IS 1110: 1990 & IS 4409: 1973) Extension in date of enforcement order (namely IS 14331:1995) Extension in date of enforcement order (namely IS 13387:1992) Extension in date of enforcement order ( namely IS 1110: 1990 & IS 4409: 1973) Extension in date of enforcement order (namely IS 1110: 1990 & IS 4409: 1973) , dated 01 November 2022 Extension in date of enforcement order (namely IS 4409: 1973) , dated 06 February 2023 Extension in date of enforcement order (namely IS 4409 : 1973, dated 25th July 2023) Steel and Steel Products (Quality Control) Order, 2024 S.O. 574(E) dated on 5th February, 2024 Extension in date of enforcement order (namely IS 4409: 2023, dated 01 May 2024) Extension in date of enforcement order (namely IS 4409:2023, dated 01st August 2024) Steel & Steel Products (Quality Control) Order, 2024 S.O. 3716(E), dated 29th August 2024 Steel & Steel Products (Quality Control) Amendment Order, 2025 S.O.5134(E) Dated 20 November, 2025 Steel & Steel Products (Quality Control) Amendment Order, 2026 S.O.3300(E) Dated 22 June, 2026",https://www.bis.gov.in/product-certification/products-under-compulsory-certification/scheme-i-mark-scheme/?lang=en,IS 10748
IS 11513:2017,Hot Rolled Carbon Steel Strip for Cold Rolling Purposes — Specification,Steel and Iron Products,Steel and Iron Products,Yes,"BIS Product Certification (ISI Mark, Scheme I)","10. Steel and Steel Products (Quality Control) Order, 2020 S.O. 756(E) , dated 14-02-2020 Superseded by Steel and Steel Products (Quality Control) Order, 2020 S.O. 1673(E), dated 27-05-2020 Superseded by Steel and Steel Products (Quality Control) Order, 2020 (S.O. 2379(E), dated 17-07-2020) Extension in date of enforcement for Steel Products Order File.No. S-20011/1/2020-TECH dated 22.07.2020 Extension Order Superseded by Steel and Steel Products (Quality Control) Order, 2020 (S.O. 4082(E), dated 12.11.2020) Superseded by Steel and Steel Products (Quality Control) Order, 2020 (S.O. No. 4637 (E) 22/12/2020) Order of extension in the enforcement date for Indian Standards covered under the Quality Control Order (namely IS 3748, IS 7291, and IS 12146) Order of extension in the enforcement date for some Indian Standards covered under the Quality Control Order (namely IS 4398 and IS 3195) Order of extension in the enforcement date for some Indian Standards covered under the Quality Control Order (namely IS 6526,IS 4454 (Part4), IS 11946, IS11947 and IS 12045) Extension in date of enforcement Order (namely IS 1110, IS 4409) Extension in date of enforcement Order (namely IS 4432, IS 5518, IS 12145 , IS 13387, IS 4072 & IS 13352) Extension in date of enforcement Order (namely IS 7226, IS 14331) Extension in date of enforcement Order (namely IS 6529) Extension in date of enforcement Order (namely IS 1993, IS 12591) Extension in the date of enforcement of Quality Control Order on IS 3748, IS 7291 and IS 12146 Order of extension in the date of enforcement of Quality Control Order for Indian Standards IS 4454 (Part 4): 2001, IS11946: 1987 & IS 11947: 1987 Extension in date of enforcement order (namely IS 1110: 1990 & IS 4409: 1973) Extension in date of enforcement order (namely IS 14331:1995) Extension in date of enforcement order (namely IS 13387:1992) Extension in date of enforcement order ( namely IS 1110: 1990 & IS 4409: 1973) Extension in date of enforcement order (namely IS 1110: 1990 & IS 4409: 1973) , dated 01 November 2022 Extension in date of enforcement order (namely IS 4409: 1973) , dated 06 February 2023 Extension in date of enforcement order (namely IS 4409 : 1973, dated 25th July 2023) Steel and Steel Products (Quality Control) Order, 2024 S.O. 574(E) dated on 5th February, 2024 Extension in date of enforcement order (namely IS 4409: 2023, dated 01 May 2024) Extension in date of enforcement order (namely IS 4409:2023, dated 01st August 2024) Steel & Steel Products (Quality Control) Order, 2024 S.O. 3716(E), dated 29th August 2024 Steel & Steel Products (Quality Control) Amendment Order, 2025 S.O.5134(E) Dated 20 November, 2025 Steel & Steel Products (Quality Control) Amendment Order, 2026 S.O.3300(E) Dated 22 June, 2026",https://www.bis.gov.in/product-certification/products-under-compulsory-certification/scheme-i-mark-scheme/?lang=en,IS 11513
IS 15647:2006,Hot rolled steel narrow width strip for welded tubes and pipes,Steel and Iron Products,Steel and Iron Products,Yes,"BIS Product Certification (ISI Mark, Scheme I)","10. Steel and Steel Products (Quality Control) Order, 2020 S.O. 756(E) , dated 14-02-2020 Superseded by Steel and Steel Products (Quality Control) Order, 2020 S.O. 1673(E), dated 27-05-2020 Superseded by Steel and Steel Products (Quality Control) Order, 2020 (S.O. 2379(E), dated 17-07-2020) Extension in date of enforcement for Steel Products Order File.No. S-20011/1/2020-TECH dated 22.07.2020 Extension Order Superseded by Steel and Steel Products (Quality Control) Order, 2020 (S.O. 4082(E), dated 12.11.2020) Superseded by Steel and Steel Products (Quality Control) Order, 2020 (S.O. No. 4637 (E) 22/12/2020) Order of extension in the enforcement date for Indian Standards covered under the Quality Control Order (namely IS 3748, IS 7291, and IS 12146) Order of extension in the enforcement date for some Indian Standards covered under the Quality Control Order (namely IS 4398 and IS 3195) Order of extension in the enforcement date for some Indian Standards covered under the Quality Control Order (namely IS 6526,IS 4454 (Part4), IS 11946, IS11947 and IS 12045) Extension in date of enforcement Order (namely IS 1110, IS 4409) Extension in date of enforcement Order (namely IS 4432, IS 5518, IS 12145 , IS 13387, IS 4072 & IS 13352) Extension in date of enforcement Order (namely IS 7226, IS 14331) Extension in date of enforcement Order (namely IS 6529) Extension in date of enforcement Order (namely IS 1993, IS 12591) Extension in the date of enforcement of Quality Control Order on IS 3748, IS 7291 and IS 12146 Order of extension in the date of enforcement of Quality Control Order for Indian Standards IS 4454 (Part 4): 2001, IS11946: 1987 & IS 11947: 1987 Extension in date of enforcement order (namely IS 1110: 1990 & IS 4409: 1973) Extension in date of enforcement order (namely IS 14331:1995) Extension in date of enforcement order (namely IS 13387:1992) Extension in date of enforcement order ( namely IS 1110: 1990 & IS 4409: 1973) Extension in date of enforcement order (namely IS 1110: 1990 & IS 4409: 1973) , dated 01 November 2022 Extension in date of enforcement order (namely IS 4409: 1973) , dated 06 February 2023 Extension in date of enforcement order (namely IS 4409 : 1973, dated 25th July 2023) Steel and Steel Products (Quality Control) Order, 2024 S.O. 574(E) dated on 5th February, 2024 Extension in date of enforcement order (namely IS 4409: 2023, dated 01 May 2024) Extension in date of enforcement order (namely IS 4409:2023, dated 01st August 2024) Steel & Steel Products (Quality Control) Order, 2024 S.O. 3716(E), dated 29th August 2024 Steel & Steel Products (Quality Control) Amendment Order, 2025 S.O.5134(E) Dated 20 November, 2025 Steel & Steel Products (Quality Control) Amendment Order, 2026 S.O.3300(E) Dated 22 June, 2026",https://www.bis.gov.in/product-certification/products-under-compulsory-certification/scheme-i-mark-scheme/?lang=en,IS 15647
IS 7904:2017,High carbon steel wire rods- Specification,Steel and Iron Products,Steel and Iron Products,Yes,"BIS Product Certification (ISI Mark, Scheme I)","10. Steel and Steel Products (Quality Control) Order, 2020 S.O. 756(E) , dated 14-02-2020 Superseded by Steel and Steel Products (Quality Control) Order, 2020 S.O. 1673(E), dated 27-05-2020 Superseded by Steel and Steel Products (Quality Control) Order, 2020 (S.O. 2379(E), dated 17-07-2020) Extension in date of enforcement for Steel Products Order File.No. S-20011/1/2020-TECH dated 22.07.2020 Extension Order Superseded by Steel and Steel Products (Quality Control) Order, 2020 (S.O. 4082(E), dated 12.11.2020) Superseded by Steel and Steel Products (Quality Control) Order, 2020 (S.O. No. 4637 (E) 22/12/2020) Order of extension in the enforcement date for Indian Standards covered under the Quality Control Order (namely IS 3748, IS 7291, and IS 12146) Order of extension in the enforcement date for some Indian Standards covered under the Quality Control Order (namely IS 4398 and IS 3195) Order of extension in the enforcement date for some Indian Standards covered under the Quality Control Order (namely IS 6526,IS 4454 (Part4), IS 11946, IS11947 and IS 12045) Extension in date of enforcement Order (namely IS 1110, IS 4409) Extension in date of enforcement Order (namely IS 4432, IS 5518, IS 12145 , IS 13387, IS 4072 & IS 13352) Extension in date of enforcement Order (namely IS 7226, IS 14331) Extension in date of enforcement Order (namely IS 6529) Extension in date of enforcement Order (namely IS 1993, IS 12591) Extension in the date of enforcement of Quality Control Order on IS 3748, IS 7291 and IS 12146 Order of extension in the date of enforcement of Quality Control Order for Indian Standards IS 4454 (Part 4): 2001, IS11946: 1987 & IS 11947: 1987 Extension in date of enforcement order (namely IS 1110: 1990 & IS 4409: 1973) Extension in date of enforcement order (namely IS 14331:1995) Extension in date of enforcement order (namely IS 13387:1992) Extension in date of enforcement order ( namely IS 1110: 1990 & IS 4409: 1973) Extension in date of enforcement order (namely IS 1110: 1990 & IS 4409: 1973) , dated 01 November 2022 Extension in date of enforcement order (namely IS 4409: 1973) , dated 06 February 2023 Extension in date of enforcement order (namely IS 4409 : 1973, dated 25th July 2023) Steel and Steel Products (Quality Control) Order, 2024 S.O. 574(E) dated on 5th February, 2024 Extension in date of enforcement order (namely IS 4409: 2023, dated 01 May 2024) Extension in date of enforcement order (namely IS 4409:2023, dated 01st August 2024) Steel & Steel Products (Quality Control) Order, 2024 S.O. 3716(E), dated 29th August 2024 Steel & Steel Products (Quality Control) Amendment Order, 2025 S.O.5134(E) Dated 20 November, 2025 Steel & Steel Products (Quality Control) Amendment Order, 2026 S.O.3300(E) Dated 22 June, 2026",https://www.bis.gov.in/product-certification/products-under-compulsory-certification/scheme-i-mark-scheme/?lang=en,IS 7904
IS 14246:2013,Continuously pre-painted galvanized steel sheets and coils,Steel and Iron Products,Steel and Iron Products,Yes,"BIS Product Certification (ISI Mark, Scheme I)","10. Steel and Steel Products (Quality Control) Order, 2020 S.O. 756(E) , dated 14-02-2020 Superseded by Steel and Steel Products (Quality Control) Order, 2020 S.O. 1673(E), dated 27-05-2020 Superseded by Steel and Steel Products (Quality Control) Order, 2020 (S.O. 2379(E), dated 17-07-2020) Extension in date of enforcement for Steel Products Order File.No. S-20011/1/2020-TECH dated 22.07.2020 Extension Order Superseded by Steel and Steel Products (Quality Control) Order, 2020 (S.O. 4082(E), dated 12.11.2020) Superseded by Steel and Steel Products (Quality Control) Order, 2020 (S.O. No. 4637 (E) 22/12/2020) Order of extension in the enforcement date for Indian Standards covered under the Quality Control Order (namely IS 3748, IS 7291, and IS 12146) Order of extension in the enforcement date for some Indian Standards covered under the Quality Control Order (namely IS 4398 and IS 3195) Order of extension in the enforcement date for some Indian Standards covered under the Quality Control Order (namely IS 6526,IS 4454 (Part4), IS 11946, IS11947 and IS 12045) Extension in date of enforcement Order (namely IS 1110, IS 4409) Extension in date of enforcement Order (namely IS 4432, IS 5518, IS 12145 , IS 13387, IS 4072 & IS 13352) Extension in date of enforcement Order (namely IS 7226, IS 14331) Extension in date of enforcement Order (namely IS 6529) Extension in date of enforcement Order (namely IS 1993, IS 12591) Extension in the date of enforcement of Quality Control Order on IS 3748, IS 7291 and IS 12146 Order of extension in the date of enforcement of Quality Control Order for Indian Standards IS 4454 (Part 4): 2001, IS11946: 1987 & IS 11947: 1987 Extension in date of enforcement order (namely IS 1110: 1990 & IS 4409: 1973) Extension in date of enforcement order (namely IS 14331:1995) Extension in date of enforcement order (namely IS 13387:1992) Extension in date of enforcement order ( namely IS 1110: 1990 & IS 4409: 1973) Extension in date of enforcement order (namely IS 1110: 1990 & IS 4409: 1973) , dated 01 November 2022 Extension in date of enforcement order (namely IS 4409: 1973) , dated 06 February 2023 Extension in date of enforcement order (namely IS 4409 : 1973, dated 25th July 2023) Steel and Steel Products (Quality Control) Order, 2024 S.O. 574(E) dated on 5th February, 2024 Extension in date of enforcement order (namely IS 4409: 2023, dated 01 May 2024) Extension in date of enforcement order (namely IS 4409:2023, dated 01st August 2024) Steel & Steel Products (Quality Control) Order, 2024 S.O. 3716(E), dated 29th August 2024 Steel & Steel Products (Quality Control) Amendment Order, 2025 S.O.5134(E) Dated 20 November, 2025 Steel & Steel Products (Quality Control) Amendment Order, 2026 S.O.3300(E) Dated 22 June, 2026",https://www.bis.gov.in/product-certification/products-under-compulsory-certification/scheme-i-mark-scheme/?lang=en,IS 14246
IS 15965:2012,Pre-painted aluminium zinc alloy metallic coated steel strip and sheet (Plain).,Steel and Iron Products,Steel and Iron Products,Yes,"BIS Product Certification (ISI Mark, Scheme I)","10. Steel and Steel Products (Quality Control) Order, 2020 S.O. 756(E) , dated 14-02-2020 Superseded by Steel and Steel Products (Quality Control) Order, 2020 S.O. 1673(E), dated 27-05-2020 Superseded by Steel and Steel Products (Quality Control) Order, 2020 (S.O. 2379(E), dated 17-07-2020) Extension in date of enforcement for Steel Products Order File.No. S-20011/1/2020-TECH dated 22.07.2020 Extension Order Superseded by Steel and Steel Products (Quality Control) Order, 2020 (S.O. 4082(E), dated 12.11.2020) Superseded by Steel and Steel Products (Quality Control) Order, 2020 (S.O. No. 4637 (E) 22/12/2020) Order of extension in the enforcement date for Indian Standards covered under the Quality Control Order (namely IS 3748, IS 7291, and IS 12146) Order of extension in the enforcement date for some Indian Standards covered under the Quality Control Order (namely IS 4398 and IS 3195) Order of extension in the enforcement date for some Indian Standards covered under the Quality Control Order (namely IS 6526,IS 4454 (Part4), IS 11946, IS11947 and IS 12045) Extension in date of enforcement Order (namely IS 1110, IS 4409) Extension in date of enforcement Order (namely IS 4432, IS 5518, IS 12145 , IS 13387, IS 4072 & IS 13352) Extension in date of enforcement Order (namely IS 7226, IS 14331) Extension in date of enforcement Order (namely IS 6529) Extension in date of enforcement Order (namely IS 1993, IS 12591) Extension in the date of enforcement of Quality Control Order on IS 3748, IS 7291 and IS 12146 Order of extension in the date of enforcement of Quality Control Order for Indian Standards IS 4454 (Part 4): 2001, IS11946: 1987 & IS 11947: 1987 Extension in date of enforcement order (namely IS 1110: 1990 & IS 4409: 1973) Extension in date of enforcement order (namely IS 14331:1995) Extension in date of enforcement order (namely IS 13387:1992) Extension in date of enforcement order ( namely IS 1110: 1990 & IS 4409: 1973) Extension in date of enforcement order (namely IS 1110: 1990 & IS 4409: 1973) , dated 01 November 2022 Extension in date of enforcement order (namely IS 4409: 1973) , dated 06 February 2023 Extension in date of enforcement order (namely IS 4409 : 1973, dated 25th July 2023) Steel and Steel Products (Quality Control) Order, 2024 S.O. 574(E) dated on 5th February, 2024 Extension in date of enforcement order (namely IS 4409: 2023, dated 01 May 2024) Extension in date of enforcement order (namely IS 4409:2023, dated 01st August 2024) Steel & Steel Products (Quality Control) Order, 2024 S.O. 3716(E), dated 29th August 2024 Steel & Steel Products (Quality Control) Amendment Order, 2025 S.O.5134(E) Dated 20 November, 2025 Steel & Steel Products (Quality Control) Amendment Order, 2026 S.O.3300(E) Dated 22 June, 2026",https://www.bis.gov.in/product-certification/products-under-compulsory-certification/scheme-i-mark-scheme/?lang=en,IS 15965
IS 280: 2006,Mild steel wire for General Engineering purposes.,Steel and Iron Products,Steel and Iron Products,Yes,"BIS Product Certification (ISI Mark, Scheme I)","10. Steel and Steel Products (Quality Control) Order, 2020 S.O. 756(E) , dated 14-02-2020 Superseded by Steel and Steel Products (Quality Control) Order, 2020 S.O. 1673(E), dated 27-05-2020 Superseded by Steel and Steel Products (Quality Control) Order, 2020 (S.O. 2379(E), dated 17-07-2020) Extension in date of enforcement for Steel Products Order File.No. S-20011/1/2020-TECH dated 22.07.2020 Extension Order Superseded by Steel and Steel Products (Quality Control) Order, 2020 (S.O. 4082(E), dated 12.11.2020) Superseded by Steel and Steel Products (Quality Control) Order, 2020 (S.O. No. 4637 (E) 22/12/2020) Order of extension in the enforcement date for Indian Standards covered under the Quality Control Order (namely IS 3748, IS 7291, and IS 12146) Order of extension in the enforcement date for some Indian Standards covered under the Quality Control Order (namely IS 4398 and IS 3195) Order of extension in the enforcement date for some Indian Standards covered under the Quality Control Order (namely IS 6526,IS 4454 (Part4), IS 11946, IS11947 and IS 12045) Extension in date of enforcement Order (namely IS 1110, IS 4409) Extension in date of enforcement Order (namely IS 4432, IS 5518, IS 12145 , IS 13387, IS 4072 & IS 13352) Extension in date of enforcement Order (namely IS 7226, IS 14331) Extension in date of enforcement Order (namely IS 6529) Extension in date of enforcement Order (namely IS 1993, IS 12591) Extension in the date of enforcement of Quality Control Order on IS 3748, IS 7291 and IS 12146 Order of extension in the date of enforcement of Quality Control Order for Indian Standards IS 4454 (Part 4): 2001, IS11946: 1987 & IS 11947: 1987 Extension in date of enforcement order (namely IS 1110: 1990 & IS 4409: 1973) Extension in date of enforcement order (namely IS 14331:1995) Extension in date of enforcement order (namely IS 13387:1992) Extension in date of enforcement order ( namely IS 1110: 1990 & IS 4409: 1973) Extension in date of enforcement order (namely IS 1110: 1990 & IS 4409: 1973) , dated 01 November 2022 Extension in date of enforcement order (namely IS 4409: 1973) , dated 06 February 2023 Extension in date of enforcement order (namely IS 4409 : 1973, dated 25th July 2023) Steel and Steel Products (Quality Control) Order, 2024 S.O. 574(E) dated on 5th February, 2024 Extension in date of enforcement order (namely IS 4409: 2023, dated 01 May 2024) Extension in date of enforcement order (namely IS 4409:2023, dated 01st August 2024) Steel & Steel Products (Quality Control) Order, 2024 S.O. 3716(E), dated 29th August 2024 Steel & Steel Products (Quality Control) Amendment Order, 2025 S.O.5134(E) Dated 20 November, 2025 Steel & Steel Products (Quality Control) Amendment Order, 2026 S.O.3300(E) Dated 22 June, 2026",https://www.bis.gov.in/product-certification/products-under-compulsory-certification/scheme-i-mark-scheme/?lang=en,IS 280
IS 1835:1976,Round Steel wire for ropes,Steel and Iron Products,Steel and Iron Products,Yes,"BIS Product Certification (ISI Mark, Scheme I)","10. Steel and Steel Products (Quality Control) Order, 2020 S.O. 756(E) , dated 14-02-2020 Superseded by Steel and Steel Products (Quality Control) Order, 2020 S.O. 1673(E), dated 27-05-2020 Superseded by Steel and Steel Products (Quality Control) Order, 2020 (S.O. 2379(E), dated 17-07-2020) Extension in date of enforcement for Steel Products Order File.No. S-20011/1/2020-TECH dated 22.07.2020 Extension Order Superseded by Steel and Steel Products (Quality Control) Order, 2020 (S.O. 4082(E), dated 12.11.2020) Superseded by Steel and Steel Products (Quality Control) Order, 2020 (S.O. No. 4637 (E) 22/12/2020) Order of extension in the enforcement date for Indian Standards covered under the Quality Control Order (namely IS 3748, IS 7291, and IS 12146) Order of extension in the enforcement date for some Indian Standards covered under the Quality Control Order (namely IS 4398 and IS 3195) Order of extension in the enforcement date for some Indian Standards covered under the Quality Control Order (namely IS 6526,IS 4454 (Part4), IS 11946, IS11947 and IS 12045) Extension in date of enforcement Order (namely IS 1110, IS 4409) Extension in date of enforcement Order (namely IS 4432, IS 5518, IS 12145 , IS 13387, IS 4072 & IS 13352) Extension in date of enforcement Order (namely IS 7226, IS 14331) Extension in date of enforcement Order (namely IS 6529) Extension in date of enforcement Order (namely IS 1993, IS 12591) Extension in the date of enforcement of Quality Control Order on IS 3748, IS 7291 and IS 12146 Order of extension in the date of enforcement of Quality Control Order for Indian Standards IS 4454 (Part 4): 2001, IS11946: 1987 & IS 11947: 1987 Extension in date of enforcement order (namely IS 1110: 1990 & IS 4409: 1973) Extension in date of enforcement order (namely IS 14331:1995) Extension in date of enforcement order (namely IS 13387:1992) Extension in date of enforcement order ( namely IS 1110: 1990 & IS 4409: 1973) Extension in date of enforcement order (namely IS 1110: 1990 & IS 4409: 1973) , dated 01 November 2022 Extension in date of enforcement order (namely IS 4409: 1973) , dated 06 February 2023 Extension in date of enforcement order (namely IS 4409 : 1973, dated 25th July 2023) Steel and Steel Products (Quality Control) Order, 2024 S.O. 574(E) dated on 5th February, 2024 Extension in date of enforcement order (namely IS 4409: 2023, dated 01 May 2024) Extension in date of enforcement order (namely IS 4409:2023, dated 01st August 2024) Steel & Steel Products (Quality Control) Order, 2024 S.O. 3716(E), dated 29th August 2024 Steel & Steel Products (Quality Control) Amendment Order, 2025 S.O.5134(E) Dated 20 November, 2025 Steel & Steel Products (Quality Control) Amendment Order, 2026 S.O.3300(E) Dated 22 June, 2026",https://www.bis.gov.in/product-certification/products-under-compulsory-certification/scheme-i-mark-scheme/?lang=en,IS 1835
IS 3975:1999,Low Carbon Galvanized steel wires formed wires and Tapes for armouring of Cables,Steel and Iron Products,Steel and Iron Products,Yes,"BIS Product Certification (ISI Mark, Scheme I)","10. Steel and Steel Products (Quality Control) Order, 2020 S.O. 756(E) , dated 14-02-2020 Superseded by Steel and Steel Products (Quality Control) Order, 2020 S.O. 1673(E), dated 27-05-2020 Superseded by Steel and Steel Products (Quality Control) Order, 2020 (S.O. 2379(E), dated 17-07-2020) Extension in date of enforcement for Steel Products Order File.No. S-20011/1/2020-TECH dated 22.07.2020 Extension Order Superseded by Steel and Steel Products (Quality Control) Order, 2020 (S.O. 4082(E), dated 12.11.2020) Superseded by Steel and Steel Products (Quality Control) Order, 2020 (S.O. No. 4637 (E) 22/12/2020) Order of extension in the enforcement date for Indian Standards covered under the Quality Control Order (namely IS 3748, IS 7291, and IS 12146) Order of extension in the enforcement date for some Indian Standards covered under the Quality Control Order (namely IS 4398 and IS 3195) Order of extension in the enforcement date for some Indian Standards covered under the Quality Control Order (namely IS 6526,IS 4454 (Part4), IS 11946, IS11947 and IS 12045) Extension in date of enforcement Order (namely IS 1110, IS 4409) Extension in date of enforcement Order (namely IS 4432, IS 5518, IS 12145 , IS 13387, IS 4072 & IS 13352) Extension in date of enforcement Order (namely IS 7226, IS 14331) Extension in date of enforcement Order (namely IS 6529) Extension in date of enforcement Order (namely IS 1993, IS 12591) Extension in the date of enforcement of Quality Control Order on IS 3748, IS 7291 and IS 12146 Order of extension in the date of enforcement of Quality Control Order for Indian Standards IS 4454 (Part 4): 2001, IS11946: 1987 & IS 11947: 1987 Extension in date of enforcement order (namely IS 1110: 1990 & IS 4409: 1973) Extension in date of enforcement order (namely IS 14331:1995) Extension in date of enforcement order (namely IS 13387:1992) Extension in date of enforcement order ( namely IS 1110: 1990 & IS 4409: 1973) Extension in date of enforcement order (namely IS 1110: 1990 & IS 4409: 1973) , dated 01 November 2022 Extension in date of enforcement order (namely IS 4409: 1973) , dated 06 February 2023 Extension in date of enforcement order (namely IS 4409 : 1973, dated 25th July 2023) Steel and Steel Products (Quality Control) Order, 2024 S.O. 574(E) dated on 5th February, 2024 Extension in date of enforcement order (namely IS 4409: 2023, dated 01 May 2024) Extension in date of enforcement order (namely IS 4409:2023, dated 01st August 2024) Steel & Steel Products (Quality Control) Order, 2024 S.O. 3716(E), dated 29th August 2024 Steel & Steel Products (Quality Control) Amendment Order, 2025 S.O.5134(E) Dated 20 November, 2025 Steel & Steel Products (Quality Control) Amendment Order, 2026 S.O.3300(E) Dated 22 June, 2026",https://www.bis.gov.in/product-certification/products-under-compulsory-certification/scheme-i-mark-scheme/?lang=en,IS 3975
IS 4368:1967,"Alloy Steel billets, blooms and slabs for forging for general engineering purposes.",Steel and Iron Products,Steel and Iron Products,Yes,"BIS Product Certification (ISI Mark, Scheme I)","10. Steel and Steel Products (Quality Control) Order, 2020 S.O. 756(E) , dated 14-02-2020 Superseded by Steel and Steel Products (Quality Control) Order, 2020 S.O. 1673(E), dated 27-05-2020 Superseded by Steel and Steel Products (Quality Control) Order, 2020 (S.O. 2379(E), dated 17-07-2020) Extension in date of enforcement for Steel Products Order File.No. S-20011/1/2020-TECH dated 22.07.2020 Extension Order Superseded by Steel and Steel Products (Quality Control) Order, 2020 (S.O. 4082(E), dated 12.11.2020) Superseded by Steel and Steel Products (Quality Control) Order, 2020 (S.O. No. 4637 (E) 22/12/2020) Order of extension in the enforcement date for Indian Standards covered under the Quality Control Order (namely IS 3748, IS 7291, and IS 12146) Order of extension in the enforcement date for some Indian Standards covered under the Quality Control Order (namely IS 4398 and IS 3195) Order of extension in the enforcement date for some Indian Standards covered under the Quality Control Order (namely IS 6526,IS 4454 (Part4), IS 11946, IS11947 and IS 12045) Extension in date of enforcement Order (namely IS 1110, IS 4409) Extension in date of enforcement Order (namely IS 4432, IS 5518, IS 12145 , IS 13387, IS 4072 & IS 13352) Extension in date of enforcement Order (namely IS 7226, IS 14331) Extension in date of enforcement Order (namely IS 6529) Extension in date of enforcement Order (namely IS 1993, IS 12591) Extension in the date of enforcement of Quality Control Order on IS 3748, IS 7291 and IS 12146 Order of extension in the date of enforcement of Quality Control Order for Indian Standards IS 4454 (Part 4): 2001, IS11946: 1987 & IS 11947: 1987 Extension in date of enforcement order (namely IS 1110: 1990 & IS 4409: 1973) Extension in date of enforcement order (namely IS 14331:1995) Extension in date of enforcement order (namely IS 13387:1992) Extension in date of enforcement order ( namely IS 1110: 1990 & IS 4409: 1973) Extension in date of enforcement order (namely IS 1110: 1990 & IS 4409: 1973) , dated 01 November 2022 Extension in date of enforcement order (namely IS 4409: 1973) , dated 06 February 2023 Extension in date of enforcement order (namely IS 4409 : 1973, dated 25th July 2023) Steel and Steel Products (Quality Control) Order, 2024 S.O. 574(E) dated on 5th February, 2024 Extension in date of enforcement order (namely IS 4409: 2023, dated 01 May 2024) Extension in date of enforcement order (namely IS 4409:2023, dated 01st August 2024) Steel & Steel Products (Quality Control) Order, 2024 S.O. 3716(E), dated 29th August 2024 Steel & Steel Products (Quality Control) Amendment Order, 2025 S.O.5134(E) Dated 20 November, 2025 Steel & Steel Products (Quality Control) Amendment Order, 2026 S.O.3300(E) Dated 22 June, 2026",https://www.bis.gov.in/product-certification/products-under-compulsory-certification/scheme-i-mark-scheme/?lang=en,IS 4368
IS 4454 (Part 1) : 2001,Steel wire for mechanical springs Part-1 cold drawn unalloyed steel wire.,Steel and Iron Products,Steel and Iron Products,Yes,"BIS Product Certification (ISI Mark, Scheme I)","10. Steel and Steel Products (Quality Control) Order, 2020 S.O. 756(E) , dated 14-02-2020 Superseded by Steel and Steel Products (Quality Control) Order, 2020 S.O. 1673(E), dated 27-05-2020 Superseded by Steel and Steel Products (Quality Control) Order, 2020 (S.O. 2379(E), dated 17-07-2020) Extension in date of enforcement for Steel Products Order File.No. S-20011/1/2020-TECH dated 22.07.2020 Extension Order Superseded by Steel and Steel Products (Quality Control) Order, 2020 (S.O. 4082(E), dated 12.11.2020) Superseded by Steel and Steel Products (Quality Control) Order, 2020 (S.O. No. 4637 (E) 22/12/2020) Order of extension in the enforcement date for Indian Standards covered under the Quality Control Order (namely IS 3748, IS 7291, and IS 12146) Order of extension in the enforcement date for some Indian Standards covered under the Quality Control Order (namely IS 4398 and IS 3195) Order of extension in the enforcement date for some Indian Standards covered under the Quality Control Order (namely IS 6526,IS 4454 (Part4), IS 11946, IS11947 and IS 12045) Extension in date of enforcement Order (namely IS 1110, IS 4409) Extension in date of enforcement Order (namely IS 4432, IS 5518, IS 12145 , IS 13387, IS 4072 & IS 13352) Extension in date of enforcement Order (namely IS 7226, IS 14331) Extension in date of enforcement Order (namely IS 6529) Extension in date of enforcement Order (namely IS 1993, IS 12591) Extension in the date of enforcement of Quality Control Order on IS 3748, IS 7291 and IS 12146 Order of extension in the date of enforcement of Quality Control Order for Indian Standards IS 4454 (Part 4): 2001, IS11946: 1987 & IS 11947: 1987 Extension in date of enforcement order (namely IS 1110: 1990 & IS 4409: 1973) Extension in date of enforcement order (namely IS 14331:1995) Extension in date of enforcement order (namely IS 13387:1992) Extension in date of enforcement order ( namely IS 1110: 1990 & IS 4409: 1973) Extension in date of enforcement order (namely IS 1110: 1990 & IS 4409: 1973) , dated 01 November 2022 Extension in date of enforcement order (namely IS 4409: 1973) , dated 06 February 2023 Extension in date of enforcement order (namely IS 4409 : 1973, dated 25th July 2023) Steel and Steel Products (Quality Control) Order, 2024 S.O. 574(E) dated on 5th February, 2024 Extension in date of enforcement order (namely IS 4409: 2023, dated 01 May 2024) Extension in date of enforcement order (namely IS 4409:2023, dated 01st August 2024) Steel & Steel Products (Quality Control) Order, 2024 S.O. 3716(E), dated 29th August 2024 Steel & Steel Products (Quality Control) Amendment Order, 2025 S.O.5134(E) Dated 20 November, 2025 Steel & Steel Products (Quality Control) Amendment Order, 2026 S.O.3300(E) Dated 22 June, 2026",https://www.bis.gov.in/product-certification/products-under-compulsory-certification/scheme-i-mark-scheme/?lang=en,IS 4454
IS 4454 (Part 2): 2001,Steel wire for mechanical springs Part-2 oil hardened and tempered steel wire.,Steel and Iron Products,Steel and Iron Products,Yes,"BIS Product Certification (ISI Mark, Scheme I)","10. Steel and Steel Products (Quality Control) Order, 2020 S.O. 756(E) , dated 14-02-2020 Superseded by Steel and Steel Products (Quality Control) Order, 2020 S.O. 1673(E), dated 27-05-2020 Superseded by Steel and Steel Products (Quality Control) Order, 2020 (S.O. 2379(E), dated 17-07-2020) Extension in date of enforcement for Steel Products Order File.No. S-20011/1/2020-TECH dated 22.07.2020 Extension Order Superseded by Steel and Steel Products (Quality Control) Order, 2020 (S.O. 4082(E), dated 12.11.2020) Superseded by Steel and Steel Products (Quality Control) Order, 2020 (S.O. No. 4637 (E) 22/12/2020) Order of extension in the enforcement date for Indian Standards covered under the Quality Control Order (namely IS 3748, IS 7291, and IS 12146) Order of extension in the enforcement date for some Indian Standards covered under the Quality Control Order (namely IS 4398 and IS 3195) Order of extension in the enforcement date for some Indian Standards covered under the Quality Control Order (namely IS 6526,IS 4454 (Part4), IS 11946, IS11947 and IS 12045) Extension in date of enforcement Order (namely IS 1110, IS 4409) Extension in date of enforcement Order (namely IS 4432, IS 5518, IS 12145 , IS 13387, IS 4072 & IS 13352) Extension in date of enforcement Order (namely IS 7226, IS 14331) Extension in date of enforcement Order (namely IS 6529) Extension in date of enforcement Order (namely IS 1993, IS 12591) Extension in the date of enforcement of Quality Control Order on IS 3748, IS 7291 and IS 12146 Order of extension in the date of enforcement of Quality Control Order for Indian Standards IS 4454 (Part 4): 2001, IS11946: 1987 & IS 11947: 1987 Extension in date of enforcement order (namely IS 1110: 1990 & IS 4409: 1973) Extension in date of enforcement order (namely IS 14331:1995) Extension in date of enforcement order (namely IS 13387:1992) Extension in date of enforcement order ( namely IS 1110: 1990 & IS 4409: 1973) Extension in date of enforcement order (namely IS 1110: 1990 & IS 4409: 1973) , dated 01 November 2022 Extension in date of enforcement order (namely IS 4409: 1973) , dated 06 February 2023 Extension in date of enforcement order (namely IS 4409 : 1973, dated 25th July 2023) Steel and Steel Products (Quality Control) Order, 2024 S.O. 574(E) dated on 5th February, 2024 Extension in date of enforcement order (namely IS 4409: 2023, dated 01 May 2024) Extension in date of enforcement order (namely IS 4409:2023, dated 01st August 2024) Steel & Steel Products (Quality Control) Order, 2024 S.O. 3716(E), dated 29th August 2024 Steel & Steel Products (Quality Control) Amendment Order, 2025 S.O.5134(E) Dated 20 November, 2025 Steel & Steel Products (Quality Control) Amendment Order, 2026 S.O.3300(E) Dated 22 June, 2026",https://www.bis.gov.in/product-certification/products-under-compulsory-certification/scheme-i-mark-scheme/?lang=en,IS 4454
IS 4824:2006,Bead Wires for Tyres,Steel and Iron Products,Steel and Iron Products,Yes,"BIS Product Certification (ISI Mark, Scheme I)","10. Steel and Steel Products (Quality Control) Order, 2020 S.O. 756(E) , dated 14-02-2020 Superseded by Steel and Steel Products (Quality Control) Order, 2020 S.O. 1673(E), dated 27-05-2020 Superseded by Steel and Steel Products (Quality Control) Order, 2020 (S.O. 2379(E), dated 17-07-2020) Extension in date of enforcement for Steel Products Order File.No. S-20011/1/2020-TECH dated 22.07.2020 Extension Order Superseded by Steel and Steel Products (Quality Control) Order, 2020 (S.O. 4082(E), dated 12.11.2020) Superseded by Steel and Steel Products (Quality Control) Order, 2020 (S.O. No. 4637 (E) 22/12/2020) Order of extension in the enforcement date for Indian Standards covered under the Quality Control Order (namely IS 3748, IS 7291, and IS 12146) Order of extension in the enforcement date for some Indian Standards covered under the Quality Control Order (namely IS 4398 and IS 3195) Order of extension in the enforcement date for some Indian Standards covered under the Quality Control Order (namely IS 6526,IS 4454 (Part4), IS 11946, IS11947 and IS 12045) Extension in date of enforcement Order (namely IS 1110, IS 4409) Extension in date of enforcement Order (namely IS 4432, IS 5518, IS 12145 , IS 13387, IS 4072 & IS 13352) Extension in date of enforcement Order (namely IS 7226, IS 14331) Extension in date of enforcement Order (namely IS 6529) Extension in date of enforcement Order (namely IS 1993, IS 12591) Extension in the date of enforcement of Quality Control Order on IS 3748, IS 7291 and IS 12146 Order of extension in the date of enforcement of Quality Control Order for Indian Standards IS 4454 (Part 4): 2001, IS11946: 1987 & IS 11947: 1987 Extension in date of enforcement order (namely IS 1110: 1990 & IS 4409: 1973) Extension in date of enforcement order (namely IS 14331:1995) Extension in date of enforcement order (namely IS 13387:1992) Extension in date of enforcement order ( namely IS 1110: 1990 & IS 4409: 1973) Extension in date of enforcement order (namely IS 1110: 1990 & IS 4409: 1973) , dated 01 November 2022 Extension in date of enforcement order (namely IS 4409: 1973) , dated 06 February 2023 Extension in date of enforcement order (namely IS 4409 : 1973, dated 25th July 2023) Steel and Steel Products (Quality Control) Order, 2024 S.O. 574(E) dated on 5th February, 2024 Extension in date of enforcement order (namely IS 4409: 2023, dated 01 May 2024) Extension in date of enforcement order (namely IS 4409:2023, dated 01st August 2024) Steel & Steel Products (Quality Control) Order, 2024 S.O. 3716(E), dated 29th August 2024 Steel & Steel Products (Quality Control) Amendment Order, 2025 S.O.5134(E) Dated 20 November, 2025 Steel & Steel Products (Quality Control) Amendment Order, 2026 S.O.3300(E) Dated 22 June, 2026",https://www.bis.gov.in/product-certification/products-under-compulsory-certification/scheme-i-mark-scheme/?lang=en,IS 4824
IS 11169 (Part 1): 1984,Steels for Cold Heading/Cold extrusion application Part-1 Wrought carbon and low alloy steels,Steel and Iron Products,Steel and Iron Products,Yes,"BIS Product Certification (ISI Mark, Scheme I)","10. Steel and Steel Products (Quality Control) Order, 2020 S.O. 756(E) , dated 14-02-2020 Superseded by Steel and Steel Products (Quality Control) Order, 2020 S.O. 1673(E), dated 27-05-2020 Superseded by Steel and Steel Products (Quality Control) Order, 2020 (S.O. 2379(E), dated 17-07-2020) Extension in date of enforcement for Steel Products Order File.No. S-20011/1/2020-TECH dated 22.07.2020 Extension Order Superseded by Steel and Steel Products (Quality Control) Order, 2020 (S.O. 4082(E), dated 12.11.2020) Superseded by Steel and Steel Products (Quality Control) Order, 2020 (S.O. No. 4637 (E) 22/12/2020) Order of extension in the enforcement date for Indian Standards covered under the Quality Control Order (namely IS 3748, IS 7291, and IS 12146) Order of extension in the enforcement date for some Indian Standards covered under the Quality Control Order (namely IS 4398 and IS 3195) Order of extension in the enforcement date for some Indian Standards covered under the Quality Control Order (namely IS 6526,IS 4454 (Part4), IS 11946, IS11947 and IS 12045) Extension in date of enforcement Order (namely IS 1110, IS 4409) Extension in date of enforcement Order (namely IS 4432, IS 5518, IS 12145 , IS 13387, IS 4072 & IS 13352) Extension in date of enforcement Order (namely IS 7226, IS 14331) Extension in date of enforcement Order (namely IS 6529) Extension in date of enforcement Order (namely IS 1993, IS 12591) Extension in the date of enforcement of Quality Control Order on IS 3748, IS 7291 and IS 12146 Order of extension in the date of enforcement of Quality Control Order for Indian Standards IS 4454 (Part 4): 2001, IS11946: 1987 & IS 11947: 1987 Extension in date of enforcement order (namely IS 1110: 1990 & IS 4409: 1973) Extension in date of enforcement order (namely IS 14331:1995) Extension in date of enforcement order (namely IS 13387:1992) Extension in date of enforcement order ( namely IS 1110: 1990 & IS 4409: 1973) Extension in date of enforcement order (namely IS 1110: 1990 & IS 4409: 1973) , dated 01 November 2022 Extension in date of enforcement order (namely IS 4409: 1973) , dated 06 February 2023 Extension in date of enforcement order (namely IS 4409 : 1973, dated 25th July 2023) Steel and Steel Products (Quality Control) Order, 2024 S.O. 574(E) dated on 5th February, 2024 Extension in date of enforcement order (namely IS 4409: 2023, dated 01 May 2024) Extension in date of enforcement order (namely IS 4409:2023, dated 01st August 2024) Steel & Steel Products (Quality Control) Order, 2024 S.O. 3716(E), dated 29th August 2024 Steel & Steel Products (Quality Control) Amendment Order, 2025 S.O.5134(E) Dated 20 November, 2025 Steel & Steel Products (Quality Control) Amendment Order, 2026 S.O.3300(E) Dated 22 June, 2026",https://www.bis.gov.in/product-certification/products-under-compulsory-certification/scheme-i-mark-scheme/?lang=en,IS 11169
IS 11587:1986,Structural Weather resistant steel.,Steel and Iron Products,Steel and Iron Products,Yes,"BIS Product Certification (ISI Mark, Scheme I)","10. Steel and Steel Products (Quality Control) Order, 2020 S.O. 756(E) , dated 14-02-2020 Superseded by Steel and Steel Products (Quality Control) Order, 2020 S.O. 1673(E), dated 27-05-2020 Superseded by Steel and Steel Products (Quality Control) Order, 2020 (S.O. 2379(E), dated 17-07-2020) Extension in date of enforcement for Steel Products Order File.No. S-20011/1/2020-TECH dated 22.07.2020 Extension Order Superseded by Steel and Steel Products (Quality Control) Order, 2020 (S.O. 4082(E), dated 12.11.2020) Superseded by Steel and Steel Products (Quality Control) Order, 2020 (S.O. No. 4637 (E) 22/12/2020) Order of extension in the enforcement date for Indian Standards covered under the Quality Control Order (namely IS 3748, IS 7291, and IS 12146) Order of extension in the enforcement date for some Indian Standards covered under the Quality Control Order (namely IS 4398 and IS 3195) Order of extension in the enforcement date for some Indian Standards covered under the Quality Control Order (namely IS 6526,IS 4454 (Part4), IS 11946, IS11947 and IS 12045) Extension in date of enforcement Order (namely IS 1110, IS 4409) Extension in date of enforcement Order (namely IS 4432, IS 5518, IS 12145 , IS 13387, IS 4072 & IS 13352) Extension in date of enforcement Order (namely IS 7226, IS 14331) Extension in date of enforcement Order (namely IS 6529) Extension in date of enforcement Order (namely IS 1993, IS 12591) Extension in the date of enforcement of Quality Control Order on IS 3748, IS 7291 and IS 12146 Order of extension in the date of enforcement of Quality Control Order for Indian Standards IS 4454 (Part 4): 2001, IS11946: 1987 & IS 11947: 1987 Extension in date of enforcement order (namely IS 1110: 1990 & IS 4409: 1973) Extension in date of enforcement order (namely IS 14331:1995) Extension in date of enforcement order (namely IS 13387:1992) Extension in date of enforcement order ( namely IS 1110: 1990 & IS 4409: 1973) Extension in date of enforcement order (namely IS 1110: 1990 & IS 4409: 1973) , dated 01 November 2022 Extension in date of enforcement order (namely IS 4409: 1973) , dated 06 February 2023 Extension in date of enforcement order (namely IS 4409 : 1973, dated 25th July 2023) Steel and Steel Products (Quality Control) Order, 2024 S.O. 574(E) dated on 5th February, 2024 Extension in date of enforcement order (namely IS 4409: 2023, dated 01 May 2024) Extension in date of enforcement order (namely IS 4409:2023, dated 01st August 2024) Steel & Steel Products (Quality Control) Order, 2024 S.O. 3716(E), dated 29th August 2024 Steel & Steel Products (Quality Control) Amendment Order, 2025 S.O.5134(E) Dated 20 November, 2025 Steel & Steel Products (Quality Control) Amendment Order, 2026 S.O.3300(E) Dated 22 June, 2026",https://www.bis.gov.in/product-certification/products-under-compulsory-certification/scheme-i-mark-scheme/?lang=en,IS 11587
IS 15103: 2002,Fire resistant Steel- Specification,Steel and Iron Products,Steel and Iron Products,Yes,"BIS Product Certification (ISI Mark, Scheme I)","10. Steel and Steel Products (Quality Control) Order, 2020 S.O. 756(E) , dated 14-02-2020 Superseded by Steel and Steel Products (Quality Control) Order, 2020 S.O. 1673(E), dated 27-05-2020 Superseded by Steel and Steel Products (Quality Control) Order, 2020 (S.O. 2379(E), dated 17-07-2020) Extension in date of enforcement for Steel Products Order File.No. S-20011/1/2020-TECH dated 22.07.2020 Extension Order Superseded by Steel and Steel Products (Quality Control) Order, 2020 (S.O. 4082(E), dated 12.11.2020) Superseded by Steel and Steel Products (Quality Control) Order, 2020 (S.O. No. 4637 (E) 22/12/2020) Order of extension in the enforcement date for Indian Standards covered under the Quality Control Order (namely IS 3748, IS 7291, and IS 12146) Order of extension in the enforcement date for some Indian Standards covered under the Quality Control Order (namely IS 4398 and IS 3195) Order of extension in the enforcement date for some Indian Standards covered under the Quality Control Order (namely IS 6526,IS 4454 (Part4), IS 11946, IS11947 and IS 12045) Extension in date of enforcement Order (namely IS 1110, IS 4409) Extension in date of enforcement Order (namely IS 4432, IS 5518, IS 12145 , IS 13387, IS 4072 & IS 13352) Extension in date of enforcement Order (namely IS 7226, IS 14331) Extension in date of enforcement Order (namely IS 6529) Extension in date of enforcement Order (namely IS 1993, IS 12591) Extension in the date of enforcement of Quality Control Order on IS 3748, IS 7291 and IS 12146 Order of extension in the date of enforcement of Quality Control Order for Indian Standards IS 4454 (Part 4): 2001, IS11946: 1987 & IS 11947: 1987 Extension in date of enforcement order (namely IS 1110: 1990 & IS 4409: 1973) Extension in date of enforcement order (namely IS 14331:1995) Extension in date of enforcement order (namely IS 13387:1992) Extension in date of enforcement order ( namely IS 1110: 1990 & IS 4409: 1973) Extension in date of enforcement order (namely IS 1110: 1990 & IS 4409: 1973) , dated 01 November 2022 Extension in date of enforcement order (namely IS 4409: 1973) , dated 06 February 2023 Extension in date of enforcement order (namely IS 4409 : 1973, dated 25th July 2023) Steel and Steel Products (Quality Control) Order, 2024 S.O. 574(E) dated on 5th February, 2024 Extension in date of enforcement order (namely IS 4409: 2023, dated 01 May 2024) Extension in date of enforcement order (namely IS 4409:2023, dated 01st August 2024) Steel & Steel Products (Quality Control) Order, 2024 S.O. 3716(E), dated 29th August 2024 Steel & Steel Products (Quality Control) Amendment Order, 2025 S.O.5134(E) Dated 20 November, 2025 Steel & Steel Products (Quality Control) Amendment Order, 2026 S.O.3300(E) Dated 22 June, 2026",https://www.bis.gov.in/product-certification/products-under-compulsory-certification/scheme-i-mark-scheme/?lang=en,IS 15103
IS 15914:2011,"High Tensile Strength Flat Rolled Steel Plate (Up to 6 mm), Sheet and Strip for the Manufacture of Welded Gas Cylinder.",Steel and Iron Products,Steel and Iron Products,Yes,"BIS Product Certification (ISI Mark, Scheme I)","10. Steel and Steel Products (Quality Control) Order, 2020 S.O. 756(E) , dated 14-02-2020 Superseded by Steel and Steel Products (Quality Control) Order, 2020 S.O. 1673(E), dated 27-05-2020 Superseded by Steel and Steel Products (Quality Control) Order, 2020 (S.O. 2379(E), dated 17-07-2020) Extension in date of enforcement for Steel Products Order File.No. S-20011/1/2020-TECH dated 22.07.2020 Extension Order Superseded by Steel and Steel Products (Quality Control) Order, 2020 (S.O. 4082(E), dated 12.11.2020) Superseded by Steel and Steel Products (Quality Control) Order, 2020 (S.O. No. 4637 (E) 22/12/2020) Order of extension in the enforcement date for Indian Standards covered under the Quality Control Order (namely IS 3748, IS 7291, and IS 12146) Order of extension in the enforcement date for some Indian Standards covered under the Quality Control Order (namely IS 4398 and IS 3195) Order of extension in the enforcement date for some Indian Standards covered under the Quality Control Order (namely IS 6526,IS 4454 (Part4), IS 11946, IS11947 and IS 12045) Extension in date of enforcement Order (namely IS 1110, IS 4409) Extension in date of enforcement Order (namely IS 4432, IS 5518, IS 12145 , IS 13387, IS 4072 & IS 13352) Extension in date of enforcement Order (namely IS 7226, IS 14331) Extension in date of enforcement Order (namely IS 6529) Extension in date of enforcement Order (namely IS 1993, IS 12591) Extension in the date of enforcement of Quality Control Order on IS 3748, IS 7291 and IS 12146 Order of extension in the date of enforcement of Quality Control Order for Indian Standards IS 4454 (Part 4): 2001, IS11946: 1987 & IS 11947: 1987 Extension in date of enforcement order (namely IS 1110: 1990 & IS 4409: 1973) Extension in date of enforcement order (namely IS 14331:1995) Extension in date of enforcement order (namely IS 13387:1992) Extension in date of enforcement order ( namely IS 1110: 1990 & IS 4409: 1973) Extension in date of enforcement order (namely IS 1110: 1990 & IS 4409: 1973) , dated 01 November 2022 Extension in date of enforcement order (namely IS 4409: 1973) , dated 06 February 2023 Extension in date of enforcement order (namely IS 4409 : 1973, dated 25th July 2023) Steel and Steel Products (Quality Control) Order, 2024 S.O. 574(E) dated on 5th February, 2024 Extension in date of enforcement order (namely IS 4409: 2023, dated 01 May 2024) Extension in date of enforcement order (namely IS 4409:2023, dated 01st August 2024) Steel & Steel Products (Quality Control) Order, 2024 S.O. 3716(E), dated 29th August 2024 Steel & Steel Products (Quality Control) Amendment Order, 2025 S.O.5134(E) Dated 20 November, 2025 Steel & Steel Products (Quality Control) Amendment Order, 2026 S.O.3300(E) Dated 22 June, 2026",https://www.bis.gov.in/product-certification/products-under-compulsory-certification/scheme-i-mark-scheme/?lang=en,IS 15914
IS 15961:2012,Hot Dip aluminium- Zinc alloy metallic coated steel strip and sheet (Plain),Steel and Iron Products,Steel and Iron Products,Yes,"BIS Product Certification (ISI Mark, Scheme I)","10. Steel and Steel Products (Quality Control) Order, 2020 S.O. 756(E) , dated 14-02-2020 Superseded by Steel and Steel Products (Quality Control) Order, 2020 S.O. 1673(E), dated 27-05-2020 Superseded by Steel and Steel Products (Quality Control) Order, 2020 (S.O. 2379(E), dated 17-07-2020) Extension in date of enforcement for Steel Products Order File.No. S-20011/1/2020-TECH dated 22.07.2020 Extension Order Superseded by Steel and Steel Products (Quality Control) Order, 2020 (S.O. 4082(E), dated 12.11.2020) Superseded by Steel and Steel Products (Quality Control) Order, 2020 (S.O. No. 4637 (E) 22/12/2020) Order of extension in the enforcement date for Indian Standards covered under the Quality Control Order (namely IS 3748, IS 7291, and IS 12146) Order of extension in the enforcement date for some Indian Standards covered under the Quality Control Order (namely IS 4398 and IS 3195) Order of extension in the enforcement date for some Indian Standards covered under the Quality Control Order (namely IS 6526,IS 4454 (Part4), IS 11946, IS11947 and IS 12045) Extension in date of enforcement Order (namely IS 1110, IS 4409) Extension in date of enforcement Order (namely IS 4432, IS 5518, IS 12145 , IS 13387, IS 4072 & IS 13352) Extension in date of enforcement Order (namely IS 7226, IS 14331) Extension in date of enforcement Order (namely IS 6529) Extension in date of enforcement Order (namely IS 1993, IS 12591) Extension in the date of enforcement of Quality Control Order on IS 3748, IS 7291 and IS 12146 Order of extension in the date of enforcement of Quality Control Order for Indian Standards IS 4454 (Part 4): 2001, IS11946: 1987 & IS 11947: 1987 Extension in date of enforcement order (namely IS 1110: 1990 & IS 4409: 1973) Extension in date of enforcement order (namely IS 14331:1995) Extension in date of enforcement order (namely IS 13387:1992) Extension in date of enforcement order ( namely IS 1110: 1990 & IS 4409: 1973) Extension in date of enforcement order (namely IS 1110: 1990 & IS 4409: 1973) , dated 01 November 2022 Extension in date of enforcement order (namely IS 4409: 1973) , dated 06 February 2023 Extension in date of enforcement order (namely IS 4409 : 1973, dated 25th July 2023) Steel and Steel Products (Quality Control) Order, 2024 S.O. 574(E) dated on 5th February, 2024 Extension in date of enforcement order (namely IS 4409: 2023, dated 01 May 2024) Extension in date of enforcement order (namely IS 4409:2023, dated 01st August 2024) Steel & Steel Products (Quality Control) Order, 2024 S.O. 3716(E), dated 29th August 2024 Steel & Steel Products (Quality Control) Amendment Order, 2025 S.O.5134(E) Dated 20 November, 2025 Steel & Steel Products (Quality Control) Amendment Order, 2026 S.O.3300(E) Dated 22 June, 2026",https://www.bis.gov.in/product-certification/products-under-compulsory-certification/scheme-i-mark-scheme/?lang=en,IS 15961
IS 15962:2012,Structural Steel for Building for Structures with improved seismic Resistance,Steel and Iron Products,Steel and Iron Products,Yes,"BIS Product Certification (ISI Mark, Scheme I)","10. Steel and Steel Products (Quality Control) Order, 2020 S.O. 756(E) , dated 14-02-2020 Superseded by Steel and Steel Products (Quality Control) Order, 2020 S.O. 1673(E), dated 27-05-2020 Superseded by Steel and Steel Products (Quality Control) Order, 2020 (S.O. 2379(E), dated 17-07-2020) Extension in date of enforcement for Steel Products Order File.No. S-20011/1/2020-TECH dated 22.07.2020 Extension Order Superseded by Steel and Steel Products (Quality Control) Order, 2020 (S.O. 4082(E), dated 12.11.2020) Superseded by Steel and Steel Products (Quality Control) Order, 2020 (S.O. No. 4637 (E) 22/12/2020) Order of extension in the enforcement date for Indian Standards covered under the Quality Control Order (namely IS 3748, IS 7291, and IS 12146) Order of extension in the enforcement date for some Indian Standards covered under the Quality Control Order (namely IS 4398 and IS 3195) Order of extension in the enforcement date for some Indian Standards covered under the Quality Control Order (namely IS 6526,IS 4454 (Part4), IS 11946, IS11947 and IS 12045) Extension in date of enforcement Order (namely IS 1110, IS 4409) Extension in date of enforcement Order (namely IS 4432, IS 5518, IS 12145 , IS 13387, IS 4072 & IS 13352) Extension in date of enforcement Order (namely IS 7226, IS 14331) Extension in date of enforcement Order (namely IS 6529) Extension in date of enforcement Order (namely IS 1993, IS 12591) Extension in the date of enforcement of Quality Control Order on IS 3748, IS 7291 and IS 12146 Order of extension in the date of enforcement of Quality Control Order for Indian Standards IS 4454 (Part 4): 2001, IS11946: 1987 & IS 11947: 1987 Extension in date of enforcement order (namely IS 1110: 1990 & IS 4409: 1973) Extension in date of enforcement order (namely IS 14331:1995) Extension in date of enforcement order (namely IS 13387:1992) Extension in date of enforcement order ( namely IS 1110: 1990 & IS 4409: 1973) Extension in date of enforcement order (namely IS 1110: 1990 & IS 4409: 1973) , dated 01 November 2022 Extension in date of enforcement order (namely IS 4409: 1973) , dated 06 February 2023 Extension in date of enforcement order (namely IS 4409 : 1973, dated 25th July 2023) Steel and Steel Products (Quality Control) Order, 2024 S.O. 574(E) dated on 5th February, 2024 Extension in date of enforcement order (namely IS 4409: 2023, dated 01 May 2024) Extension in date of enforcement order (namely IS 4409:2023, dated 01st August 2024) Steel & Steel Products (Quality Control) Order, 2024 S.O. 3716(E), dated 29th August 2024 Steel & Steel Products (Quality Control) Amendment Order, 2025 S.O.5134(E) Dated 20 November, 2025 Steel & Steel Products (Quality Control) Amendment Order, 2026 S.O.3300(E) Dated 22 June, 2026",https://www.bis.gov.in/product-certification/products-under-compulsory-certification/scheme-i-mark-scheme/?lang=en,IS 15962
IS 6527:1995,Stainless Steel wire Rod,Steel and Iron Products,Steel and Iron Products,Yes,"BIS Product Certification (ISI Mark, Scheme I)","10. Steel and Steel Products (Quality Control) Order, 2020 S.O. 756(E) , dated 14-02-2020 Superseded by Steel and Steel Products (Quality Control) Order, 2020 S.O. 1673(E), dated 27-05-2020 Superseded by Steel and Steel Products (Quality Control) Order, 2020 (S.O. 2379(E), dated 17-07-2020) Extension in date of enforcement for Steel Products Order File.No. S-20011/1/2020-TECH dated 22.07.2020 Extension Order Superseded by Steel and Steel Products (Quality Control) Order, 2020 (S.O. 4082(E), dated 12.11.2020) Superseded by Steel and Steel Products (Quality Control) Order, 2020 (S.O. No. 4637 (E) 22/12/2020) Order of extension in the enforcement date for Indian Standards covered under the Quality Control Order (namely IS 3748, IS 7291, and IS 12146) Order of extension in the enforcement date for some Indian Standards covered under the Quality Control Order (namely IS 4398 and IS 3195) Order of extension in the enforcement date for some Indian Standards covered under the Quality Control Order (namely IS 6526,IS 4454 (Part4), IS 11946, IS11947 and IS 12045) Extension in date of enforcement Order (namely IS 1110, IS 4409) Extension in date of enforcement Order (namely IS 4432, IS 5518, IS 12145 , IS 13387, IS 4072 & IS 13352) Extension in date of enforcement Order (namely IS 7226, IS 14331) Extension in date of enforcement Order (namely IS 6529) Extension in date of enforcement Order (namely IS 1993, IS 12591) Extension in the date of enforcement of Quality Control Order on IS 3748, IS 7291 and IS 12146 Order of extension in the date of enforcement of Quality Control Order for Indian Standards IS 4454 (Part 4): 2001, IS11946: 1987 & IS 11947: 1987 Extension in date of enforcement order (namely IS 1110: 1990 & IS 4409: 1973) Extension in date of enforcement order (namely IS 14331:1995) Extension in date of enforcement order (namely IS 13387:1992) Extension in date of enforcement order ( namely IS 1110: 1990 & IS 4409: 1973) Extension in date of enforcement order (namely IS 1110: 1990 & IS 4409: 1973) , dated 01 November 2022 Extension in date of enforcement order (namely IS 4409: 1973) , dated 06 February 2023 Extension in date of enforcement order (namely IS 4409 : 1973, dated 25th July 2023) Steel and Steel Products (Quality Control) Order, 2024 S.O. 574(E) dated on 5th February, 2024 Extension in date of enforcement order (namely IS 4409: 2023, dated 01 May 2024) Extension in date of enforcement order (namely IS 4409:2023, dated 01st August 2024) Steel & Steel Products (Quality Control) Order, 2024 S.O. 3716(E), dated 29th August 2024 Steel & Steel Products (Quality Control) Amendment Order, 2025 S.O.5134(E) Dated 20 November, 2025 Steel & Steel Products (Quality Control) Amendment Order, 2026 S.O.3300(E) Dated 22 June, 2026",https://www.bis.gov.in/product-certification/products-under-compulsory-certification/scheme-i-mark-scheme/?lang=en,IS 6527
IS 6528:1995,Stainless Steel Wires,Steel and Iron Products,Steel and Iron Products,Yes,"BIS Product Certification (ISI Mark, Scheme I)","10. Steel and Steel Products (Quality Control) Order, 2020 S.O. 756(E) , dated 14-02-2020 Superseded by Steel and Steel Products (Quality Control) Order, 2020 S.O. 1673(E), dated 27-05-2020 Superseded by Steel and Steel Products (Quality Control) Order, 2020 (S.O. 2379(E), dated 17-07-2020) Extension in date of enforcement for Steel Products Order File.No. S-20011/1/2020-TECH dated 22.07.2020 Extension Order Superseded by Steel and Steel Products (Quality Control) Order, 2020 (S.O. 4082(E), dated 12.11.2020) Superseded by Steel and Steel Products (Quality Control) Order, 2020 (S.O. No. 4637 (E) 22/12/2020) Order of extension in the enforcement date for Indian Standards covered under the Quality Control Order (namely IS 3748, IS 7291, and IS 12146) Order of extension in the enforcement date for some Indian Standards covered under the Quality Control Order (namely IS 4398 and IS 3195) Order of extension in the enforcement date for some Indian Standards covered under the Quality Control Order (namely IS 6526,IS 4454 (Part4), IS 11946, IS11947 and IS 12045) Extension in date of enforcement Order (namely IS 1110, IS 4409) Extension in date of enforcement Order (namely IS 4432, IS 5518, IS 12145 , IS 13387, IS 4072 & IS 13352) Extension in date of enforcement Order (namely IS 7226, IS 14331) Extension in date of enforcement Order (namely IS 6529) Extension in date of enforcement Order (namely IS 1993, IS 12591) Extension in the date of enforcement of Quality Control Order on IS 3748, IS 7291 and IS 12146 Order of extension in the date of enforcement of Quality Control Order for Indian Standards IS 4454 (Part 4): 2001, IS11946: 1987 & IS 11947: 1987 Extension in date of enforcement order (namely IS 1110: 1990 & IS 4409: 1973) Extension in date of enforcement order (namely IS 14331:1995) Extension in date of enforcement order (namely IS 13387:1992) Extension in date of enforcement order ( namely IS 1110: 1990 & IS 4409: 1973) Extension in date of enforcement order (namely IS 1110: 1990 & IS 4409: 1973) , dated 01 November 2022 Extension in date of enforcement order (namely IS 4409: 1973) , dated 06 February 2023 Extension in date of enforcement order (namely IS 4409 : 1973, dated 25th July 2023) Steel and Steel Products (Quality Control) Order, 2024 S.O. 574(E) dated on 5th February, 2024 Extension in date of enforcement order (namely IS 4409: 2023, dated 01 May 2024) Extension in date of enforcement order (namely IS 4409:2023, dated 01st August 2024) Steel & Steel Products (Quality Control) Order, 2024 S.O. 3716(E), dated 29th August 2024 Steel & Steel Products (Quality Control) Amendment Order, 2025 S.O.5134(E) Dated 20 November, 2025 Steel & Steel Products (Quality Control) Amendment Order, 2026 S.O.3300(E) Dated 22 June, 2026",https://www.bis.gov.in/product-certification/products-under-compulsory-certification/scheme-i-mark-scheme/?lang=en,IS 6528
IS 6603:2001,Stainless Steel Bars and Flats,Steel and Iron Products,Steel and Iron Products,Yes,"BIS Product Certification (ISI Mark, Scheme I)","10. Steel and Steel Products (Quality Control) Order, 2020 S.O. 756(E) , dated 14-02-2020 Superseded by Steel and Steel Products (Quality Control) Order, 2020 S.O. 1673(E), dated 27-05-2020 Superseded by Steel and Steel Products (Quality Control) Order, 2020 (S.O. 2379(E), dated 17-07-2020) Extension in date of enforcement for Steel Products Order File.No. S-20011/1/2020-TECH dated 22.07.2020 Extension Order Superseded by Steel and Steel Products (Quality Control) Order, 2020 (S.O. 4082(E), dated 12.11.2020) Superseded by Steel and Steel Products (Quality Control) Order, 2020 (S.O. No. 4637 (E) 22/12/2020) Order of extension in the enforcement date for Indian Standards covered under the Quality Control Order (namely IS 3748, IS 7291, and IS 12146) Order of extension in the enforcement date for some Indian Standards covered under the Quality Control Order (namely IS 4398 and IS 3195) Order of extension in the enforcement date for some Indian Standards covered under the Quality Control Order (namely IS 6526,IS 4454 (Part4), IS 11946, IS11947 and IS 12045) Extension in date of enforcement Order (namely IS 1110, IS 4409) Extension in date of enforcement Order (namely IS 4432, IS 5518, IS 12145 , IS 13387, IS 4072 & IS 13352) Extension in date of enforcement Order (namely IS 7226, IS 14331) Extension in date of enforcement Order (namely IS 6529) Extension in date of enforcement Order (namely IS 1993, IS 12591) Extension in the date of enforcement of Quality Control Order on IS 3748, IS 7291 and IS 12146 Order of extension in the date of enforcement of Quality Control Order for Indian Standards IS 4454 (Part 4): 2001, IS11946: 1987 & IS 11947: 1987 Extension in date of enforcement order (namely IS 1110: 1990 & IS 4409: 1973) Extension in date of enforcement order (namely IS 14331:1995) Extension in date of enforcement order (namely IS 13387:1992) Extension in date of enforcement order ( namely IS 1110: 1990 & IS 4409: 1973) Extension in date of enforcement order (namely IS 1110: 1990 & IS 4409: 1973) , dated 01 November 2022 Extension in date of enforcement order (namely IS 4409: 1973) , dated 06 February 2023 Extension in date of enforcement order (namely IS 4409 : 1973, dated 25th July 2023) Steel and Steel Products (Quality Control) Order, 2024 S.O. 574(E) dated on 5th February, 2024 Extension in date of enforcement order (namely IS 4409: 2023, dated 01 May 2024) Extension in date of enforcement order (namely IS 4409:2023, dated 01st August 2024) Steel & Steel Products (Quality Control) Order, 2024 S.O. 3716(E), dated 29th August 2024 Steel & Steel Products (Quality Control) Amendment Order, 2025 S.O.5134(E) Dated 20 November, 2025 Steel & Steel Products (Quality Control) Amendment Order, 2026 S.O.3300(E) Dated 22 June, 2026",https://www.bis.gov.in/product-certification/products-under-compulsory-certification/scheme-i-mark-scheme/?lang=en,IS 6603
IS 5522:2014,6Stainless Steel sheets and strips for utensils- Specification &nbsp;,Steel and Iron Products,Steel and Iron Products,Yes,"BIS Product Certification (ISI Mark, Scheme I)","10. Steel and Steel Products (Quality Control) Order, 2020 S.O. 756(E) , dated 14-02-2020 Superseded by Steel and Steel Products (Quality Control) Order, 2020 S.O. 1673(E), dated 27-05-2020 Superseded by Steel and Steel Products (Quality Control) Order, 2020 (S.O. 2379(E), dated 17-07-2020) Extension in date of enforcement for Steel Products Order File.No. S-20011/1/2020-TECH dated 22.07.2020 Extension Order Superseded by Steel and Steel Products (Quality Control) Order, 2020 (S.O. 4082(E), dated 12.11.2020) Superseded by Steel and Steel Products (Quality Control) Order, 2020 (S.O. No. 4637 (E) 22/12/2020) Order of extension in the enforcement date for Indian Standards covered under the Quality Control Order (namely IS 3748, IS 7291, and IS 12146) Order of extension in the enforcement date for some Indian Standards covered under the Quality Control Order (namely IS 4398 and IS 3195) Order of extension in the enforcement date for some Indian Standards covered under the Quality Control Order (namely IS 6526,IS 4454 (Part4), IS 11946, IS11947 and IS 12045) Extension in date of enforcement Order (namely IS 1110, IS 4409) Extension in date of enforcement Order (namely IS 4432, IS 5518, IS 12145 , IS 13387, IS 4072 & IS 13352) Extension in date of enforcement Order (namely IS 7226, IS 14331) Extension in date of enforcement Order (namely IS 6529) Extension in date of enforcement Order (namely IS 1993, IS 12591) Extension in the date of enforcement of Quality Control Order on IS 3748, IS 7291 and IS 12146 Order of extension in the date of enforcement of Quality Control Order for Indian Standards IS 4454 (Part 4): 2001, IS11946: 1987 & IS 11947: 1987 Extension in date of enforcement order (namely IS 1110: 1990 & IS 4409: 1973) Extension in date of enforcement order (namely IS 14331:1995) Extension in date of enforcement order (namely IS 13387:1992) Extension in date of enforcement order ( namely IS 1110: 1990 & IS 4409: 1973) Extension in date of enforcement order (namely IS 1110: 1990 & IS 4409: 1973) , dated 01 November 2022 Extension in date of enforcement order (namely IS 4409: 1973) , dated 06 February 2023 Extension in date of enforcement order (namely IS 4409 : 1973, dated 25th July 2023) Steel and Steel Products (Quality Control) Order, 2024 S.O. 574(E) dated on 5th February, 2024 Extension in date of enforcement order (namely IS 4409: 2023, dated 01 May 2024) Extension in date of enforcement order (namely IS 4409:2023, dated 01st August 2024) Steel & Steel Products (Quality Control) Order, 2024 S.O. 3716(E), dated 29th August 2024 Steel & Steel Products (Quality Control) Amendment Order, 2025 S.O.5134(E) Dated 20 November, 2025 Steel & Steel Products (Quality Control) Amendment Order, 2026 S.O.3300(E) Dated 22 June, 2026",https://www.bis.gov.in/product-certification/products-under-compulsory-certification/scheme-i-mark-scheme/?lang=en,IS 5522
IS 6911:2017,"Stainless Steel Plate, Sheet and Strip- Specification",Steel and Iron Products,Steel and Iron Products,Yes,"BIS Product Certification (ISI Mark, Scheme I)","10. Steel and Steel Products (Quality Control) Order, 2020 S.O. 756(E) , dated 14-02-2020 Superseded by Steel and Steel Products (Quality Control) Order, 2020 S.O. 1673(E), dated 27-05-2020 Superseded by Steel and Steel Products (Quality Control) Order, 2020 (S.O. 2379(E), dated 17-07-2020) Extension in date of enforcement for Steel Products Order File.No. S-20011/1/2020-TECH dated 22.07.2020 Extension Order Superseded by Steel and Steel Products (Quality Control) Order, 2020 (S.O. 4082(E), dated 12.11.2020) Superseded by Steel and Steel Products (Quality Control) Order, 2020 (S.O. No. 4637 (E) 22/12/2020) Order of extension in the enforcement date for Indian Standards covered under the Quality Control Order (namely IS 3748, IS 7291, and IS 12146) Order of extension in the enforcement date for some Indian Standards covered under the Quality Control Order (namely IS 4398 and IS 3195) Order of extension in the enforcement date for some Indian Standards covered under the Quality Control Order (namely IS 6526,IS 4454 (Part4), IS 11946, IS11947 and IS 12045) Extension in date of enforcement Order (namely IS 1110, IS 4409) Extension in date of enforcement Order (namely IS 4432, IS 5518, IS 12145 , IS 13387, IS 4072 & IS 13352) Extension in date of enforcement Order (namely IS 7226, IS 14331) Extension in date of enforcement Order (namely IS 6529) Extension in date of enforcement Order (namely IS 1993, IS 12591) Extension in the date of enforcement of Quality Control Order on IS 3748, IS 7291 and IS 12146 Order of extension in the date of enforcement of Quality Control Order for Indian Standards IS 4454 (Part 4): 2001, IS11946: 1987 & IS 11947: 1987 Extension in date of enforcement order (namely IS 1110: 1990 & IS 4409: 1973) Extension in date of enforcement order (namely IS 14331:1995) Extension in date of enforcement order (namely IS 13387:1992) Extension in date of enforcement order ( namely IS 1110: 1990 & IS 4409: 1973) Extension in date of enforcement order (namely IS 1110: 1990 & IS 4409: 1973) , dated 01 November 2022 Extension in date of enforcement order (namely IS 4409: 1973) , dated 06 February 2023 Extension in date of enforcement order (namely IS 4409 : 1973, dated 25th July 2023) Steel and Steel Products (Quality Control) Order, 2024 S.O. 574(E) dated on 5th February, 2024 Extension in date of enforcement order (namely IS 4409: 2023, dated 01 May 2024) Extension in date of enforcement order (namely IS 4409:2023, dated 01st August 2024) Steel & Steel Products (Quality Control) Order, 2024 S.O. 3716(E), dated 29th August 2024 Steel & Steel Products (Quality Control) Amendment Order, 2025 S.O.5134(E) Dated 20 November, 2025 Steel & Steel Products (Quality Control) Amendment Order, 2026 S.O.3300(E) Dated 22 June, 2026",https://www.bis.gov.in/product-certification/products-under-compulsory-certification/scheme-i-mark-scheme/?lang=en,IS 6911
IS 15997:2012,Low Nickel Austenitic Stainless Steel Sheet and Strip For Utensils and Kitchen Applications- Specification,Steel and Iron Products,Steel and Iron Products,Yes,"BIS Product Certification (ISI Mark, Scheme I)","10. Steel and Steel Products (Quality Control) Order, 2020 S.O. 756(E) , dated 14-02-2020 Superseded by Steel and Steel Products (Quality Control) Order, 2020 S.O. 1673(E), dated 27-05-2020 Superseded by Steel and Steel Products (Quality Control) Order, 2020 (S.O. 2379(E), dated 17-07-2020) Extension in date of enforcement for Steel Products Order File.No. S-20011/1/2020-TECH dated 22.07.2020 Extension Order Superseded by Steel and Steel Products (Quality Control) Order, 2020 (S.O. 4082(E), dated 12.11.2020) Superseded by Steel and Steel Products (Quality Control) Order, 2020 (S.O. No. 4637 (E) 22/12/2020) Order of extension in the enforcement date for Indian Standards covered under the Quality Control Order (namely IS 3748, IS 7291, and IS 12146) Order of extension in the enforcement date for some Indian Standards covered under the Quality Control Order (namely IS 4398 and IS 3195) Order of extension in the enforcement date for some Indian Standards covered under the Quality Control Order (namely IS 6526,IS 4454 (Part4), IS 11946, IS11947 and IS 12045) Extension in date of enforcement Order (namely IS 1110, IS 4409) Extension in date of enforcement Order (namely IS 4432, IS 5518, IS 12145 , IS 13387, IS 4072 & IS 13352) Extension in date of enforcement Order (namely IS 7226, IS 14331) Extension in date of enforcement Order (namely IS 6529) Extension in date of enforcement Order (namely IS 1993, IS 12591) Extension in the date of enforcement of Quality Control Order on IS 3748, IS 7291 and IS 12146 Order of extension in the date of enforcement of Quality Control Order for Indian Standards IS 4454 (Part 4): 2001, IS11946: 1987 & IS 11947: 1987 Extension in date of enforcement order (namely IS 1110: 1990 & IS 4409: 1973) Extension in date of enforcement order (namely IS 14331:1995) Extension in date of enforcement order (namely IS 13387:1992) Extension in date of enforcement order ( namely IS 1110: 1990 & IS 4409: 1973) Extension in date of enforcement order (namely IS 1110: 1990 & IS 4409: 1973) , dated 01 November 2022 Extension in date of enforcement order (namely IS 4409: 1973) , dated 06 February 2023 Extension in date of enforcement order (namely IS 4409 : 1973, dated 25th July 2023) Steel and Steel Products (Quality Control) Order, 2024 S.O. 574(E) dated on 5th February, 2024 Extension in date of enforcement order (namely IS 4409: 2023, dated 01 May 2024) Extension in date of enforcement order (namely IS 4409:2023, dated 01st August 2024) Steel & Steel Products (Quality Control) Order, 2024 S.O. 3716(E), dated 29th August 2024 Steel & Steel Products (Quality Control) Amendment Order, 2025 S.O.5134(E) Dated 20 November, 2025 Steel & Steel Products (Quality Control) Amendment Order, 2026 S.O.3300(E) Dated 22 June, 2026",https://www.bis.gov.in/product-certification/products-under-compulsory-certification/scheme-i-mark-scheme/?lang=en,IS 15997
IS 1110 : 1990,Ferrosilicon – Specification,Steel and Iron Products,Steel and Iron Products,Yes,"BIS Product Certification (ISI Mark, Scheme I)","10. Steel and Steel Products (Quality Control) Order, 2020 S.O. 756(E) , dated 14-02-2020 Superseded by Steel and Steel Products (Quality Control) Order, 2020 S.O. 1673(E), dated 27-05-2020 Superseded by Steel and Steel Products (Quality Control) Order, 2020 (S.O. 2379(E), dated 17-07-2020) Extension in date of enforcement for Steel Products Order File.No. S-20011/1/2020-TECH dated 22.07.2020 Extension Order Superseded by Steel and Steel Products (Quality Control) Order, 2020 (S.O. 4082(E), dated 12.11.2020) Superseded by Steel and Steel Products (Quality Control) Order, 2020 (S.O. No. 4637 (E) 22/12/2020) Order of extension in the enforcement date for Indian Standards covered under the Quality Control Order (namely IS 3748, IS 7291, and IS 12146) Order of extension in the enforcement date for some Indian Standards covered under the Quality Control Order (namely IS 4398 and IS 3195) Order of extension in the enforcement date for some Indian Standards covered under the Quality Control Order (namely IS 6526,IS 4454 (Part4), IS 11946, IS11947 and IS 12045) Extension in date of enforcement Order (namely IS 1110, IS 4409) Extension in date of enforcement Order (namely IS 4432, IS 5518, IS 12145 , IS 13387, IS 4072 & IS 13352) Extension in date of enforcement Order (namely IS 7226, IS 14331) Extension in date of enforcement Order (namely IS 6529) Extension in date of enforcement Order (namely IS 1993, IS 12591) Extension in the date of enforcement of Quality Control Order on IS 3748, IS 7291 and IS 12146 Order of extension in the date of enforcement of Quality Control Order for Indian Standards IS 4454 (Part 4): 2001, IS11946: 1987 & IS 11947: 1987 Extension in date of enforcement order (namely IS 1110: 1990 & IS 4409: 1973) Extension in date of enforcement order (namely IS 14331:1995) Extension in date of enforcement order (namely IS 13387:1992) Extension in date of enforcement order ( namely IS 1110: 1990 & IS 4409: 1973) Extension in date of enforcement order (namely IS 1110: 1990 & IS 4409: 1973) , dated 01 November 2022 Extension in date of enforcement order (namely IS 4409: 1973) , dated 06 February 2023 Extension in date of enforcement order (namely IS 4409 : 1973, dated 25th July 2023) Steel and Steel Products (Quality Control) Order, 2024 S.O. 574(E) dated on 5th February, 2024 Extension in date of enforcement order (namely IS 4409: 2023, dated 01 May 2024) Extension in date of enforcement order (namely IS 4409:2023, dated 01st August 2024) Steel & Steel Products (Quality Control) Order, 2024 S.O. 3716(E), dated 29th August 2024 Steel & Steel Products (Quality Control) Amendment Order, 2025 S.O.5134(E) Dated 20 November, 2025 Steel & Steel Products (Quality Control) Amendment Order, 2026 S.O.3300(E) Dated 22 June, 2026",https://www.bis.gov.in/product-certification/products-under-compulsory-certification/scheme-i-mark-scheme/?lang=en,IS 1110
IS 4409 : 1973,Specification for Ferronickel,Steel and Iron Products,Steel and Iron Products,Yes,"BIS Product Certification (ISI Mark, Scheme I)","10. Steel and Steel Products (Quality Control) Order, 2020 S.O. 756(E) , dated 14-02-2020 Superseded by Steel and Steel Products (Quality Control) Order, 2020 S.O. 1673(E), dated 27-05-2020 Superseded by Steel and Steel Products (Quality Control) Order, 2020 (S.O. 2379(E), dated 17-07-2020) Extension in date of enforcement for Steel Products Order File.No. S-20011/1/2020-TECH dated 22.07.2020 Extension Order Superseded by Steel and Steel Products (Quality Control) Order, 2020 (S.O. 4082(E), dated 12.11.2020) Superseded by Steel and Steel Products (Quality Control) Order, 2020 (S.O. No. 4637 (E) 22/12/2020) Order of extension in the enforcement date for Indian Standards covered under the Quality Control Order (namely IS 3748, IS 7291, and IS 12146) Order of extension in the enforcement date for some Indian Standards covered under the Quality Control Order (namely IS 4398 and IS 3195) Order of extension in the enforcement date for some Indian Standards covered under the Quality Control Order (namely IS 6526,IS 4454 (Part4), IS 11946, IS11947 and IS 12045) Extension in date of enforcement Order (namely IS 1110, IS 4409) Extension in date of enforcement Order (namely IS 4432, IS 5518, IS 12145 , IS 13387, IS 4072 & IS 13352) Extension in date of enforcement Order (namely IS 7226, IS 14331) Extension in date of enforcement Order (namely IS 6529) Extension in date of enforcement Order (namely IS 1993, IS 12591) Extension in the date of enforcement of Quality Control Order on IS 3748, IS 7291 and IS 12146 Order of extension in the date of enforcement of Quality Control Order for Indian Standards IS 4454 (Part 4): 2001, IS11946: 1987 & IS 11947: 1987 Extension in date of enforcement order (namely IS 1110: 1990 & IS 4409: 1973) Extension in date of enforcement order (namely IS 14331:1995) Extension in date of enforcement order (namely IS 13387:1992) Extension in date of enforcement order ( namely IS 1110: 1990 & IS 4409: 1973) Extension in date of enforcement order (namely IS 1110: 1990 & IS 4409: 1973) , dated 01 November 2022 Extension in date of enforcement order (namely IS 4409: 1973) , dated 06 February 2023 Extension in date of enforcement order (namely IS 4409 : 1973, dated 25th July 2023) Steel and Steel Products (Quality Control) Order, 2024 S.O. 574(E) dated on 5th February, 2024 Extension in date of enforcement order (namely IS 4409: 2023, dated 01 May 2024) Extension in date of enforcement order (namely IS 4409:2023, dated 01st August 2024) Steel & Steel Products (Quality Control) Order, 2024 S.O. 3716(E), dated 29th August 2024 Steel & Steel Products (Quality Control) Amendment Order, 2025 S.O.5134(E) Dated 20 November, 2025 Steel & Steel Products (Quality Control) Amendment Order, 2026 S.O.3300(E) Dated 22 June, 2026",https://www.bis.gov.in/product-certification/products-under-compulsory-certification/scheme-i-mark-scheme/?lang=en,IS 4409
IS 1029 : 1970,Specification for Hot rolled steel strip (bailing),Steel and Iron Products,Steel and Iron Products,Yes,"BIS Product Certification (ISI Mark, Scheme I)","10. Steel and Steel Products (Quality Control) Order, 2020 S.O. 756(E) , dated 14-02-2020 Superseded by Steel and Steel Products (Quality Control) Order, 2020 S.O. 1673(E), dated 27-05-2020 Superseded by Steel and Steel Products (Quality Control) Order, 2020 (S.O. 2379(E), dated 17-07-2020) Extension in date of enforcement for Steel Products Order File.No. S-20011/1/2020-TECH dated 22.07.2020 Extension Order Superseded by Steel and Steel Products (Quality Control) Order, 2020 (S.O. 4082(E), dated 12.11.2020) Superseded by Steel and Steel Products (Quality Control) Order, 2020 (S.O. No. 4637 (E) 22/12/2020) Order of extension in the enforcement date for Indian Standards covered under the Quality Control Order (namely IS 3748, IS 7291, and IS 12146) Order of extension in the enforcement date for some Indian Standards covered under the Quality Control Order (namely IS 4398 and IS 3195) Order of extension in the enforcement date for some Indian Standards covered under the Quality Control Order (namely IS 6526,IS 4454 (Part4), IS 11946, IS11947 and IS 12045) Extension in date of enforcement Order (namely IS 1110, IS 4409) Extension in date of enforcement Order (namely IS 4432, IS 5518, IS 12145 , IS 13387, IS 4072 & IS 13352) Extension in date of enforcement Order (namely IS 7226, IS 14331) Extension in date of enforcement Order (namely IS 6529) Extension in date of enforcement Order (namely IS 1993, IS 12591) Extension in the date of enforcement of Quality Control Order on IS 3748, IS 7291 and IS 12146 Order of extension in the date of enforcement of Quality Control Order for Indian Standards IS 4454 (Part 4): 2001, IS11946: 1987 & IS 11947: 1987 Extension in date of enforcement order (namely IS 1110: 1990 & IS 4409: 1973) Extension in date of enforcement order (namely IS 14331:1995) Extension in date of enforcement order (namely IS 13387:1992) Extension in date of enforcement order ( namely IS 1110: 1990 & IS 4409: 1973) Extension in date of enforcement order (namely IS 1110: 1990 & IS 4409: 1973) , dated 01 November 2022 Extension in date of enforcement order (namely IS 4409: 1973) , dated 06 February 2023 Extension in date of enforcement order (namely IS 4409 : 1973, dated 25th July 2023) Steel and Steel Products (Quality Control) Order, 2024 S.O. 574(E) dated on 5th February, 2024 Extension in date of enforcement order (namely IS 4409: 2023, dated 01 May 2024) Extension in date of enforcement order (namely IS 4409:2023, dated 01st August 2024) Steel & Steel Products (Quality Control) Order, 2024 S.O. 3716(E), dated 29th August 2024 Steel & Steel Products (Quality Control) Amendment Order, 2025 S.O.5134(E) Dated 20 November, 2025 Steel & Steel Products (Quality Control) Amendment Order, 2026 S.O.3300(E) Dated 22 June, 2026",https://www.bis.gov.in/product-certification/products-under-compulsory-certification/scheme-i-mark-scheme/?lang=en,IS 1029
IS 2385 : 1977,Specification for Hot-rolled mild steel sheet and strip in coil form for cold-reduced tinplate and cold-reduced black plate,Steel and Iron Products,Steel and Iron Products,Yes,"BIS Product Certification (ISI Mark, Scheme I)","10. Steel and Steel Products (Quality Control) Order, 2020 S.O. 756(E) , dated 14-02-2020 Superseded by Steel and Steel Products (Quality Control) Order, 2020 S.O. 1673(E), dated 27-05-2020 Superseded by Steel and Steel Products (Quality Control) Order, 2020 (S.O. 2379(E), dated 17-07-2020) Extension in date of enforcement for Steel Products Order File.No. S-20011/1/2020-TECH dated 22.07.2020 Extension Order Superseded by Steel and Steel Products (Quality Control) Order, 2020 (S.O. 4082(E), dated 12.11.2020) Superseded by Steel and Steel Products (Quality Control) Order, 2020 (S.O. No. 4637 (E) 22/12/2020) Order of extension in the enforcement date for Indian Standards covered under the Quality Control Order (namely IS 3748, IS 7291, and IS 12146) Order of extension in the enforcement date for some Indian Standards covered under the Quality Control Order (namely IS 4398 and IS 3195) Order of extension in the enforcement date for some Indian Standards covered under the Quality Control Order (namely IS 6526,IS 4454 (Part4), IS 11946, IS11947 and IS 12045) Extension in date of enforcement Order (namely IS 1110, IS 4409) Extension in date of enforcement Order (namely IS 4432, IS 5518, IS 12145 , IS 13387, IS 4072 & IS 13352) Extension in date of enforcement Order (namely IS 7226, IS 14331) Extension in date of enforcement Order (namely IS 6529) Extension in date of enforcement Order (namely IS 1993, IS 12591) Extension in the date of enforcement of Quality Control Order on IS 3748, IS 7291 and IS 12146 Order of extension in the date of enforcement of Quality Control Order for Indian Standards IS 4454 (Part 4): 2001, IS11946: 1987 & IS 11947: 1987 Extension in date of enforcement order (namely IS 1110: 1990 & IS 4409: 1973) Extension in date of enforcement order (namely IS 14331:1995) Extension in date of enforcement order (namely IS 13387:1992) Extension in date of enforcement order ( namely IS 1110: 1990 & IS 4409: 1973) Extension in date of enforcement order (namely IS 1110: 1990 & IS 4409: 1973) , dated 01 November 2022 Extension in date of enforcement order (namely IS 4409: 1973) , dated 06 February 2023 Extension in date of enforcement order (namely IS 4409 : 1973, dated 25th July 2023) Steel and Steel Products (Quality Control) Order, 2024 S.O. 574(E) dated on 5th February, 2024 Extension in date of enforcement order (namely IS 4409: 2023, dated 01 May 2024) Extension in date of enforcement order (namely IS 4409:2023, dated 01st August 2024) Steel & Steel Products (Quality Control) Order, 2024 S.O. 3716(E), dated 29th August 2024 Steel & Steel Products (Quality Control) Amendment Order, 2025 S.O.5134(E) Dated 20 November, 2025 Steel & Steel Products (Quality Control) Amendment Order, 2026 S.O.3300(E) Dated 22 June, 2026",https://www.bis.gov.in/product-certification/products-under-compulsory-certification/scheme-i-mark-scheme/?lang=en,IS 2385
IS 3039 : 1988,Specification for Structural steel for construction of hulls of ships,Steel and Iron Products,Steel and Iron Products,Yes,"BIS Product Certification (ISI Mark, Scheme I)","10. Steel and Steel Products (Quality Control) Order, 2020 S.O. 756(E) , dated 14-02-2020 Superseded by Steel and Steel Products (Quality Control) Order, 2020 S.O. 1673(E), dated 27-05-2020 Superseded by Steel and Steel Products (Quality Control) Order, 2020 (S.O. 2379(E), dated 17-07-2020) Extension in date of enforcement for Steel Products Order File.No. S-20011/1/2020-TECH dated 22.07.2020 Extension Order Superseded by Steel and Steel Products (Quality Control) Order, 2020 (S.O. 4082(E), dated 12.11.2020) Superseded by Steel and Steel Products (Quality Control) Order, 2020 (S.O. No. 4637 (E) 22/12/2020) Order of extension in the enforcement date for Indian Standards covered under the Quality Control Order (namely IS 3748, IS 7291, and IS 12146) Order of extension in the enforcement date for some Indian Standards covered under the Quality Control Order (namely IS 4398 and IS 3195) Order of extension in the enforcement date for some Indian Standards covered under the Quality Control Order (namely IS 6526,IS 4454 (Part4), IS 11946, IS11947 and IS 12045) Extension in date of enforcement Order (namely IS 1110, IS 4409) Extension in date of enforcement Order (namely IS 4432, IS 5518, IS 12145 , IS 13387, IS 4072 & IS 13352) Extension in date of enforcement Order (namely IS 7226, IS 14331) Extension in date of enforcement Order (namely IS 6529) Extension in date of enforcement Order (namely IS 1993, IS 12591) Extension in the date of enforcement of Quality Control Order on IS 3748, IS 7291 and IS 12146 Order of extension in the date of enforcement of Quality Control Order for Indian Standards IS 4454 (Part 4): 2001, IS11946: 1987 & IS 11947: 1987 Extension in date of enforcement order (namely IS 1110: 1990 & IS 4409: 1973) Extension in date of enforcement order (namely IS 14331:1995) Extension in date of enforcement order (namely IS 13387:1992) Extension in date of enforcement order ( namely IS 1110: 1990 & IS 4409: 1973) Extension in date of enforcement order (namely IS 1110: 1990 & IS 4409: 1973) , dated 01 November 2022 Extension in date of enforcement order (namely IS 4409: 1973) , dated 06 February 2023 Extension in date of enforcement order (namely IS 4409 : 1973, dated 25th July 2023) Steel and Steel Products (Quality Control) Order, 2024 S.O. 574(E) dated on 5th February, 2024 Extension in date of enforcement order (namely IS 4409: 2023, dated 01 May 2024) Extension in date of enforcement order (namely IS 4409:2023, dated 01st August 2024) Steel & Steel Products (Quality Control) Order, 2024 S.O. 3716(E), dated 29th August 2024 Steel & Steel Products (Quality Control) Amendment Order, 2025 S.O.5134(E) Dated 20 November, 2025 Steel & Steel Products (Quality Control) Amendment Order, 2026 S.O.3300(E) Dated 22 June, 2026",https://www.bis.gov.in/product-certification/products-under-compulsory-certification/scheme-i-mark-scheme/?lang=en,IS 3039
IS 9550 2001,Bright steel bars – v Specification,Steel and Iron Products,Steel and Iron Products,Yes,"BIS Product Certification (ISI Mark, Scheme I)","10. Steel and Steel Products (Quality Control) Order, 2020 S.O. 756(E) , dated 14-02-2020 Superseded by Steel and Steel Products (Quality Control) Order, 2020 S.O. 1673(E), dated 27-05-2020 Superseded by Steel and Steel Products (Quality Control) Order, 2020 (S.O. 2379(E), dated 17-07-2020) Extension in date of enforcement for Steel Products Order File.No. S-20011/1/2020-TECH dated 22.07.2020 Extension Order Superseded by Steel and Steel Products (Quality Control) Order, 2020 (S.O. 4082(E), dated 12.11.2020) Superseded by Steel and Steel Products (Quality Control) Order, 2020 (S.O. No. 4637 (E) 22/12/2020) Order of extension in the enforcement date for Indian Standards covered under the Quality Control Order (namely IS 3748, IS 7291, and IS 12146) Order of extension in the enforcement date for some Indian Standards covered under the Quality Control Order (namely IS 4398 and IS 3195) Order of extension in the enforcement date for some Indian Standards covered under the Quality Control Order (namely IS 6526,IS 4454 (Part4), IS 11946, IS11947 and IS 12045) Extension in date of enforcement Order (namely IS 1110, IS 4409) Extension in date of enforcement Order (namely IS 4432, IS 5518, IS 12145 , IS 13387, IS 4072 & IS 13352) Extension in date of enforcement Order (namely IS 7226, IS 14331) Extension in date of enforcement Order (namely IS 6529) Extension in date of enforcement Order (namely IS 1993, IS 12591) Extension in the date of enforcement of Quality Control Order on IS 3748, IS 7291 and IS 12146 Order of extension in the date of enforcement of Quality Control Order for Indian Standards IS 4454 (Part 4): 2001, IS11946: 1987 & IS 11947: 1987 Extension in date of enforcement order (namely IS 1110: 1990 & IS 4409: 1973) Extension in date of enforcement order (namely IS 14331:1995) Extension in date of enforcement order (namely IS 13387:1992) Extension in date of enforcement order ( namely IS 1110: 1990 & IS 4409: 1973) Extension in date of enforcement order (namely IS 1110: 1990 & IS 4409: 1973) , dated 01 November 2022 Extension in date of enforcement order (namely IS 4409: 1973) , dated 06 February 2023 Extension in date of enforcement order (namely IS 4409 : 1973, dated 25th July 2023) Steel and Steel Products (Quality Control) Order, 2024 S.O. 574(E) dated on 5th February, 2024 Extension in date of enforcement order (namely IS 4409: 2023, dated 01 May 2024) Extension in date of enforcement order (namely IS 4409:2023, dated 01st August 2024) Steel & Steel Products (Quality Control) Order, 2024 S.O. 3716(E), dated 29th August 2024 Steel & Steel Products (Quality Control) Amendment Order, 2025 S.O.5134(E) Dated 20 November, 2025 Steel & Steel Products (Quality Control) Amendment Order, 2026 S.O.3300(E) Dated 22 June, 2026",https://www.bis.gov.in/product-certification/products-under-compulsory-certification/scheme-i-mark-scheme/?lang=en,IS 9550 2001
IS 3748 : 1990,Tool and die steels – Specification,Steel and Iron Products,Steel and Iron Products,Yes,"BIS Product Certification (ISI Mark, Scheme I)","10. Steel and Steel Products (Quality Control) Order, 2020 S.O. 756(E) , dated 14-02-2020 Superseded by Steel and Steel Products (Quality Control) Order, 2020 S.O. 1673(E), dated 27-05-2020 Superseded by Steel and Steel Products (Quality Control) Order, 2020 (S.O. 2379(E), dated 17-07-2020) Extension in date of enforcement for Steel Products Order File.No. S-20011/1/2020-TECH dated 22.07.2020 Extension Order Superseded by Steel and Steel Products (Quality Control) Order, 2020 (S.O. 4082(E), dated 12.11.2020) Superseded by Steel and Steel Products (Quality Control) Order, 2020 (S.O. No. 4637 (E) 22/12/2020) Order of extension in the enforcement date for Indian Standards covered under the Quality Control Order (namely IS 3748, IS 7291, and IS 12146) Order of extension in the enforcement date for some Indian Standards covered under the Quality Control Order (namely IS 4398 and IS 3195) Order of extension in the enforcement date for some Indian Standards covered under the Quality Control Order (namely IS 6526,IS 4454 (Part4), IS 11946, IS11947 and IS 12045) Extension in date of enforcement Order (namely IS 1110, IS 4409) Extension in date of enforcement Order (namely IS 4432, IS 5518, IS 12145 , IS 13387, IS 4072 & IS 13352) Extension in date of enforcement Order (namely IS 7226, IS 14331) Extension in date of enforcement Order (namely IS 6529) Extension in date of enforcement Order (namely IS 1993, IS 12591) Extension in the date of enforcement of Quality Control Order on IS 3748, IS 7291 and IS 12146 Order of extension in the date of enforcement of Quality Control Order for Indian Standards IS 4454 (Part 4): 2001, IS11946: 1987 & IS 11947: 1987 Extension in date of enforcement order (namely IS 1110: 1990 & IS 4409: 1973) Extension in date of enforcement order (namely IS 14331:1995) Extension in date of enforcement order (namely IS 13387:1992) Extension in date of enforcement order ( namely IS 1110: 1990 & IS 4409: 1973) Extension in date of enforcement order (namely IS 1110: 1990 & IS 4409: 1973) , dated 01 November 2022 Extension in date of enforcement order (namely IS 4409: 1973) , dated 06 February 2023 Extension in date of enforcement order (namely IS 4409 : 1973, dated 25th July 2023) Steel and Steel Products (Quality Control) Order, 2024 S.O. 574(E) dated on 5th February, 2024 Extension in date of enforcement order (namely IS 4409: 2023, dated 01 May 2024) Extension in date of enforcement order (namely IS 4409:2023, dated 01st August 2024) Steel & Steel Products (Quality Control) Order, 2024 S.O. 3716(E), dated 29th August 2024 Steel & Steel Products (Quality Control) Amendment Order, 2025 S.O.5134(E) Dated 20 November, 2025 Steel & Steel Products (Quality Control) Amendment Order, 2026 S.O.3300(E) Dated 22 June, 2026",https://www.bis.gov.in/product-certification/products-under-compulsory-certification/scheme-i-mark-scheme/?lang=en,IS 3748
IS 5517 : 1993,Steel for hardening and tempering – Specification,Steel and Iron Products,Steel and Iron Products,Yes,"BIS Product Certification (ISI Mark, Scheme I)","10. Steel and Steel Products (Quality Control) Order, 2020 S.O. 756(E) , dated 14-02-2020 Superseded by Steel and Steel Products (Quality Control) Order, 2020 S.O. 1673(E), dated 27-05-2020 Superseded by Steel and Steel Products (Quality Control) Order, 2020 (S.O. 2379(E), dated 17-07-2020) Extension in date of enforcement for Steel Products Order File.No. S-20011/1/2020-TECH dated 22.07.2020 Extension Order Superseded by Steel and Steel Products (Quality Control) Order, 2020 (S.O. 4082(E), dated 12.11.2020) Superseded by Steel and Steel Products (Quality Control) Order, 2020 (S.O. No. 4637 (E) 22/12/2020) Order of extension in the enforcement date for Indian Standards covered under the Quality Control Order (namely IS 3748, IS 7291, and IS 12146) Order of extension in the enforcement date for some Indian Standards covered under the Quality Control Order (namely IS 4398 and IS 3195) Order of extension in the enforcement date for some Indian Standards covered under the Quality Control Order (namely IS 6526,IS 4454 (Part4), IS 11946, IS11947 and IS 12045) Extension in date of enforcement Order (namely IS 1110, IS 4409) Extension in date of enforcement Order (namely IS 4432, IS 5518, IS 12145 , IS 13387, IS 4072 & IS 13352) Extension in date of enforcement Order (namely IS 7226, IS 14331) Extension in date of enforcement Order (namely IS 6529) Extension in date of enforcement Order (namely IS 1993, IS 12591) Extension in the date of enforcement of Quality Control Order on IS 3748, IS 7291 and IS 12146 Order of extension in the date of enforcement of Quality Control Order for Indian Standards IS 4454 (Part 4): 2001, IS11946: 1987 & IS 11947: 1987 Extension in date of enforcement order (namely IS 1110: 1990 & IS 4409: 1973) Extension in date of enforcement order (namely IS 14331:1995) Extension in date of enforcement order (namely IS 13387:1992) Extension in date of enforcement order ( namely IS 1110: 1990 & IS 4409: 1973) Extension in date of enforcement order (namely IS 1110: 1990 & IS 4409: 1973) , dated 01 November 2022 Extension in date of enforcement order (namely IS 4409: 1973) , dated 06 February 2023 Extension in date of enforcement order (namely IS 4409 : 1973, dated 25th July 2023) Steel and Steel Products (Quality Control) Order, 2024 S.O. 574(E) dated on 5th February, 2024 Extension in date of enforcement order (namely IS 4409: 2023, dated 01 May 2024) Extension in date of enforcement order (namely IS 4409:2023, dated 01st August 2024) Steel & Steel Products (Quality Control) Order, 2024 S.O. 3716(E), dated 29th August 2024 Steel & Steel Products (Quality Control) Amendment Order, 2025 S.O.5134(E) Dated 20 November, 2025 Steel & Steel Products (Quality Control) Amendment Order, 2026 S.O.3300(E) Dated 22 June, 2026",https://www.bis.gov.in/product-certification/products-under-compulsory-certification/scheme-i-mark-scheme/?lang=en,IS 5517
IS 16732: 2019,Galvanized Structural Steel – Specification,Steel and Iron Products,Steel and Iron Products,Yes,"BIS Product Certification (ISI Mark, Scheme I)","10. Steel and Steel Products (Quality Control) Order, 2020 S.O. 756(E) , dated 14-02-2020 Superseded by Steel and Steel Products (Quality Control) Order, 2020 S.O. 1673(E), dated 27-05-2020 Superseded by Steel and Steel Products (Quality Control) Order, 2020 (S.O. 2379(E), dated 17-07-2020) Extension in date of enforcement for Steel Products Order File.No. S-20011/1/2020-TECH dated 22.07.2020 Extension Order Superseded by Steel and Steel Products (Quality Control) Order, 2020 (S.O. 4082(E), dated 12.11.2020) Superseded by Steel and Steel Products (Quality Control) Order, 2020 (S.O. No. 4637 (E) 22/12/2020) Order of extension in the enforcement date for Indian Standards covered under the Quality Control Order (namely IS 3748, IS 7291, and IS 12146) Order of extension in the enforcement date for some Indian Standards covered under the Quality Control Order (namely IS 4398 and IS 3195) Order of extension in the enforcement date for some Indian Standards covered under the Quality Control Order (namely IS 6526,IS 4454 (Part4), IS 11946, IS11947 and IS 12045) Extension in date of enforcement Order (namely IS 1110, IS 4409) Extension in date of enforcement Order (namely IS 4432, IS 5518, IS 12145 , IS 13387, IS 4072 & IS 13352) Extension in date of enforcement Order (namely IS 7226, IS 14331) Extension in date of enforcement Order (namely IS 6529) Extension in date of enforcement Order (namely IS 1993, IS 12591) Extension in the date of enforcement of Quality Control Order on IS 3748, IS 7291 and IS 12146 Order of extension in the date of enforcement of Quality Control Order for Indian Standards IS 4454 (Part 4): 2001, IS11946: 1987 & IS 11947: 1987 Extension in date of enforcement order (namely IS 1110: 1990 & IS 4409: 1973) Extension in date of enforcement order (namely IS 14331:1995) Extension in date of enforcement order (namely IS 13387:1992) Extension in date of enforcement order ( namely IS 1110: 1990 & IS 4409: 1973) Extension in date of enforcement order (namely IS 1110: 1990 & IS 4409: 1973) , dated 01 November 2022 Extension in date of enforcement order (namely IS 4409: 1973) , dated 06 February 2023 Extension in date of enforcement order (namely IS 4409 : 1973, dated 25th July 2023) Steel and Steel Products (Quality Control) Order, 2024 S.O. 574(E) dated on 5th February, 2024 Extension in date of enforcement order (namely IS 4409: 2023, dated 01 May 2024) Extension in date of enforcement order (namely IS 4409:2023, dated 01st August 2024) Steel & Steel Products (Quality Control) Order, 2024 S.O. 3716(E), dated 29th August 2024 Steel & Steel Products (Quality Control) Amendment Order, 2025 S.O.5134(E) Dated 20 November, 2025 Steel & Steel Products (Quality Control) Amendment Order, 2026 S.O.3300(E) Dated 22 June, 2026",https://www.bis.gov.in/product-certification/products-under-compulsory-certification/scheme-i-mark-scheme/?lang=en,IS 16732
IS 7494 : 1981,Specification for Steel for valves for internal combustion engines,Steel and Iron Products,Steel and Iron Products,Yes,"BIS Product Certification (ISI Mark, Scheme I)","10. Steel and Steel Products (Quality Control) Order, 2020 S.O. 756(E) , dated 14-02-2020 Superseded by Steel and Steel Products (Quality Control) Order, 2020 S.O. 1673(E), dated 27-05-2020 Superseded by Steel and Steel Products (Quality Control) Order, 2020 (S.O. 2379(E), dated 17-07-2020) Extension in date of enforcement for Steel Products Order File.No. S-20011/1/2020-TECH dated 22.07.2020 Extension Order Superseded by Steel and Steel Products (Quality Control) Order, 2020 (S.O. 4082(E), dated 12.11.2020) Superseded by Steel and Steel Products (Quality Control) Order, 2020 (S.O. No. 4637 (E) 22/12/2020) Order of extension in the enforcement date for Indian Standards covered under the Quality Control Order (namely IS 3748, IS 7291, and IS 12146) Order of extension in the enforcement date for some Indian Standards covered under the Quality Control Order (namely IS 4398 and IS 3195) Order of extension in the enforcement date for some Indian Standards covered under the Quality Control Order (namely IS 6526,IS 4454 (Part4), IS 11946, IS11947 and IS 12045) Extension in date of enforcement Order (namely IS 1110, IS 4409) Extension in date of enforcement Order (namely IS 4432, IS 5518, IS 12145 , IS 13387, IS 4072 & IS 13352) Extension in date of enforcement Order (namely IS 7226, IS 14331) Extension in date of enforcement Order (namely IS 6529) Extension in date of enforcement Order (namely IS 1993, IS 12591) Extension in the date of enforcement of Quality Control Order on IS 3748, IS 7291 and IS 12146 Order of extension in the date of enforcement of Quality Control Order for Indian Standards IS 4454 (Part 4): 2001, IS11946: 1987 & IS 11947: 1987 Extension in date of enforcement order (namely IS 1110: 1990 & IS 4409: 1973) Extension in date of enforcement order (namely IS 14331:1995) Extension in date of enforcement order (namely IS 13387:1992) Extension in date of enforcement order ( namely IS 1110: 1990 & IS 4409: 1973) Extension in date of enforcement order (namely IS 1110: 1990 & IS 4409: 1973) , dated 01 November 2022 Extension in date of enforcement order (namely IS 4409: 1973) , dated 06 February 2023 Extension in date of enforcement order (namely IS 4409 : 1973, dated 25th July 2023) Steel and Steel Products (Quality Control) Order, 2024 S.O. 574(E) dated on 5th February, 2024 Extension in date of enforcement order (namely IS 4409: 2023, dated 01 May 2024) Extension in date of enforcement order (namely IS 4409:2023, dated 01st August 2024) Steel & Steel Products (Quality Control) Order, 2024 S.O. 3716(E), dated 29th August 2024 Steel & Steel Products (Quality Control) Amendment Order, 2025 S.O.5134(E) Dated 20 November, 2025 Steel & Steel Products (Quality Control) Amendment Order, 2026 S.O.3300(E) Dated 22 June, 2026",https://www.bis.gov.in/product-certification/products-under-compulsory-certification/scheme-i-mark-scheme/?lang=en,IS 7494
IS 12146 : 1987,Specification for Carbon manganese steel forgings for pressure vessels,Steel and Iron Products,Steel and Iron Products,Yes,"BIS Product Certification (ISI Mark, Scheme I)","10. Steel and Steel Products (Quality Control) Order, 2020 S.O. 756(E) , dated 14-02-2020 Superseded by Steel and Steel Products (Quality Control) Order, 2020 S.O. 1673(E), dated 27-05-2020 Superseded by Steel and Steel Products (Quality Control) Order, 2020 (S.O. 2379(E), dated 17-07-2020) Extension in date of enforcement for Steel Products Order File.No. S-20011/1/2020-TECH dated 22.07.2020 Extension Order Superseded by Steel and Steel Products (Quality Control) Order, 2020 (S.O. 4082(E), dated 12.11.2020) Superseded by Steel and Steel Products (Quality Control) Order, 2020 (S.O. No. 4637 (E) 22/12/2020) Order of extension in the enforcement date for Indian Standards covered under the Quality Control Order (namely IS 3748, IS 7291, and IS 12146) Order of extension in the enforcement date for some Indian Standards covered under the Quality Control Order (namely IS 4398 and IS 3195) Order of extension in the enforcement date for some Indian Standards covered under the Quality Control Order (namely IS 6526,IS 4454 (Part4), IS 11946, IS11947 and IS 12045) Extension in date of enforcement Order (namely IS 1110, IS 4409) Extension in date of enforcement Order (namely IS 4432, IS 5518, IS 12145 , IS 13387, IS 4072 & IS 13352) Extension in date of enforcement Order (namely IS 7226, IS 14331) Extension in date of enforcement Order (namely IS 6529) Extension in date of enforcement Order (namely IS 1993, IS 12591) Extension in the date of enforcement of Quality Control Order on IS 3748, IS 7291 and IS 12146 Order of extension in the date of enforcement of Quality Control Order for Indian Standards IS 4454 (Part 4): 2001, IS11946: 1987 & IS 11947: 1987 Extension in date of enforcement order (namely IS 1110: 1990 & IS 4409: 1973) Extension in date of enforcement order (namely IS 14331:1995) Extension in date of enforcement order (namely IS 13387:1992) Extension in date of enforcement order ( namely IS 1110: 1990 & IS 4409: 1973) Extension in date of enforcement order (namely IS 1110: 1990 & IS 4409: 1973) , dated 01 November 2022 Extension in date of enforcement order (namely IS 4409: 1973) , dated 06 February 2023 Extension in date of enforcement order (namely IS 4409 : 1973, dated 25th July 2023) Steel and Steel Products (Quality Control) Order, 2024 S.O. 574(E) dated on 5th February, 2024 Extension in date of enforcement order (namely IS 4409: 2023, dated 01 May 2024) Extension in date of enforcement order (namely IS 4409:2023, dated 01st August 2024) Steel & Steel Products (Quality Control) Order, 2024 S.O. 3716(E), dated 29th August 2024 Steel & Steel Products (Quality Control) Amendment Order, 2025 S.O.5134(E) Dated 20 November, 2025 Steel & Steel Products (Quality Control) Amendment Order, 2026 S.O.3300(E) Dated 22 June, 2026",https://www.bis.gov.in/product-certification/products-under-compulsory-certification/scheme-i-mark-scheme/?lang=en,IS 12146
IS 16585 : 2016,Magnetic materials – specification for individual material – Fe based amorphous strip delivered in the semi-processed state.,Steel and Iron Products,Steel and Iron Products,Yes,"BIS Product Certification (ISI Mark, Scheme I)","10. Steel and Steel Products (Quality Control) Order, 2020 S.O. 756(E) , dated 14-02-2020 Superseded by Steel and Steel Products (Quality Control) Order, 2020 S.O. 1673(E), dated 27-05-2020 Superseded by Steel and Steel Products (Quality Control) Order, 2020 (S.O. 2379(E), dated 17-07-2020) Extension in date of enforcement for Steel Products Order File.No. S-20011/1/2020-TECH dated 22.07.2020 Extension Order Superseded by Steel and Steel Products (Quality Control) Order, 2020 (S.O. 4082(E), dated 12.11.2020) Superseded by Steel and Steel Products (Quality Control) Order, 2020 (S.O. No. 4637 (E) 22/12/2020) Order of extension in the enforcement date for Indian Standards covered under the Quality Control Order (namely IS 3748, IS 7291, and IS 12146) Order of extension in the enforcement date for some Indian Standards covered under the Quality Control Order (namely IS 4398 and IS 3195) Order of extension in the enforcement date for some Indian Standards covered under the Quality Control Order (namely IS 6526,IS 4454 (Part4), IS 11946, IS11947 and IS 12045) Extension in date of enforcement Order (namely IS 1110, IS 4409) Extension in date of enforcement Order (namely IS 4432, IS 5518, IS 12145 , IS 13387, IS 4072 & IS 13352) Extension in date of enforcement Order (namely IS 7226, IS 14331) Extension in date of enforcement Order (namely IS 6529) Extension in date of enforcement Order (namely IS 1993, IS 12591) Extension in the date of enforcement of Quality Control Order on IS 3748, IS 7291 and IS 12146 Order of extension in the date of enforcement of Quality Control Order for Indian Standards IS 4454 (Part 4): 2001, IS11946: 1987 & IS 11947: 1987 Extension in date of enforcement order (namely IS 1110: 1990 & IS 4409: 1973) Extension in date of enforcement order (namely IS 14331:1995) Extension in date of enforcement order (namely IS 13387:1992) Extension in date of enforcement order ( namely IS 1110: 1990 & IS 4409: 1973) Extension in date of enforcement order (namely IS 1110: 1990 & IS 4409: 1973) , dated 01 November 2022 Extension in date of enforcement order (namely IS 4409: 1973) , dated 06 February 2023 Extension in date of enforcement order (namely IS 4409 : 1973, dated 25th July 2023) Steel and Steel Products (Quality Control) Order, 2024 S.O. 574(E) dated on 5th February, 2024 Extension in date of enforcement order (namely IS 4409: 2023, dated 01 May 2024) Extension in date of enforcement order (namely IS 4409:2023, dated 01st August 2024) Steel & Steel Products (Quality Control) Order, 2024 S.O. 3716(E), dated 29th August 2024 Steel & Steel Products (Quality Control) Amendment Order, 2025 S.O.5134(E) Dated 20 November, 2025 Steel & Steel Products (Quality Control) Amendment Order, 2026 S.O.3300(E) Dated 22 June, 2026",https://www.bis.gov.in/product-certification/products-under-compulsory-certification/scheme-i-mark-scheme/?lang=en,IS 16585
IS 2831 : 2012,"Carbon steel cast billet ingots, billets, blooms and slabs for re-rolling into structural steel (ordinary quality) – Specification",Steel and Iron Products,Steel and Iron Products,Yes,"BIS Product Certification (ISI Mark, Scheme I)","10. Steel and Steel Products (Quality Control) Order, 2020 S.O. 756(E) , dated 14-02-2020 Superseded by Steel and Steel Products (Quality Control) Order, 2020 S.O. 1673(E), dated 27-05-2020 Superseded by Steel and Steel Products (Quality Control) Order, 2020 (S.O. 2379(E), dated 17-07-2020) Extension in date of enforcement for Steel Products Order File.No. S-20011/1/2020-TECH dated 22.07.2020 Extension Order Superseded by Steel and Steel Products (Quality Control) Order, 2020 (S.O. 4082(E), dated 12.11.2020) Superseded by Steel and Steel Products (Quality Control) Order, 2020 (S.O. No. 4637 (E) 22/12/2020) Order of extension in the enforcement date for Indian Standards covered under the Quality Control Order (namely IS 3748, IS 7291, and IS 12146) Order of extension in the enforcement date for some Indian Standards covered under the Quality Control Order (namely IS 4398 and IS 3195) Order of extension in the enforcement date for some Indian Standards covered under the Quality Control Order (namely IS 6526,IS 4454 (Part4), IS 11946, IS11947 and IS 12045) Extension in date of enforcement Order (namely IS 1110, IS 4409) Extension in date of enforcement Order (namely IS 4432, IS 5518, IS 12145 , IS 13387, IS 4072 & IS 13352) Extension in date of enforcement Order (namely IS 7226, IS 14331) Extension in date of enforcement Order (namely IS 6529) Extension in date of enforcement Order (namely IS 1993, IS 12591) Extension in the date of enforcement of Quality Control Order on IS 3748, IS 7291 and IS 12146 Order of extension in the date of enforcement of Quality Control Order for Indian Standards IS 4454 (Part 4): 2001, IS11946: 1987 & IS 11947: 1987 Extension in date of enforcement order (namely IS 1110: 1990 & IS 4409: 1973) Extension in date of enforcement order (namely IS 14331:1995) Extension in date of enforcement order (namely IS 13387:1992) Extension in date of enforcement order ( namely IS 1110: 1990 & IS 4409: 1973) Extension in date of enforcement order (namely IS 1110: 1990 & IS 4409: 1973) , dated 01 November 2022 Extension in date of enforcement order (namely IS 4409: 1973) , dated 06 February 2023 Extension in date of enforcement order (namely IS 4409 : 1973, dated 25th July 2023) Steel and Steel Products (Quality Control) Order, 2024 S.O. 574(E) dated on 5th February, 2024 Extension in date of enforcement order (namely IS 4409: 2023, dated 01 May 2024) Extension in date of enforcement order (namely IS 4409:2023, dated 01st August 2024) Steel & Steel Products (Quality Control) Order, 2024 S.O. 3716(E), dated 29th August 2024 Steel & Steel Products (Quality Control) Amendment Order, 2025 S.O.5134(E) Dated 20 November, 2025 Steel & Steel Products (Quality Control) Amendment Order, 2026 S.O.3300(E) Dated 22 June, 2026",https://www.bis.gov.in/product-certification/products-under-compulsory-certification/scheme-i-mark-scheme/?lang=en,IS 2831
IS 1148: 2009,Steel Rivet Bars (medium And High Tensile) – For Structural Purposes,Steel and Iron Products,Steel and Iron Products,Yes,"BIS Product Certification (ISI Mark, Scheme I)","10. Steel and Steel Products (Quality Control) Order, 2020 S.O. 756(E) , dated 14-02-2020 Superseded by Steel and Steel Products (Quality Control) Order, 2020 S.O. 1673(E), dated 27-05-2020 Superseded by Steel and Steel Products (Quality Control) Order, 2020 (S.O. 2379(E), dated 17-07-2020) Extension in date of enforcement for Steel Products Order File.No. S-20011/1/2020-TECH dated 22.07.2020 Extension Order Superseded by Steel and Steel Products (Quality Control) Order, 2020 (S.O. 4082(E), dated 12.11.2020) Superseded by Steel and Steel Products (Quality Control) Order, 2020 (S.O. No. 4637 (E) 22/12/2020) Order of extension in the enforcement date for Indian Standards covered under the Quality Control Order (namely IS 3748, IS 7291, and IS 12146) Order of extension in the enforcement date for some Indian Standards covered under the Quality Control Order (namely IS 4398 and IS 3195) Order of extension in the enforcement date for some Indian Standards covered under the Quality Control Order (namely IS 6526,IS 4454 (Part4), IS 11946, IS11947 and IS 12045) Extension in date of enforcement Order (namely IS 1110, IS 4409) Extension in date of enforcement Order (namely IS 4432, IS 5518, IS 12145 , IS 13387, IS 4072 & IS 13352) Extension in date of enforcement Order (namely IS 7226, IS 14331) Extension in date of enforcement Order (namely IS 6529) Extension in date of enforcement Order (namely IS 1993, IS 12591) Extension in the date of enforcement of Quality Control Order on IS 3748, IS 7291 and IS 12146 Order of extension in the date of enforcement of Quality Control Order for Indian Standards IS 4454 (Part 4): 2001, IS11946: 1987 & IS 11947: 1987 Extension in date of enforcement order (namely IS 1110: 1990 & IS 4409: 1973) Extension in date of enforcement order (namely IS 14331:1995) Extension in date of enforcement order (namely IS 13387:1992) Extension in date of enforcement order ( namely IS 1110: 1990 & IS 4409: 1973) Extension in date of enforcement order (namely IS 1110: 1990 & IS 4409: 1973) , dated 01 November 2022 Extension in date of enforcement order (namely IS 4409: 1973) , dated 06 February 2023 Extension in date of enforcement order (namely IS 4409 : 1973, dated 25th July 2023) Steel and Steel Products (Quality Control) Order, 2024 S.O. 574(E) dated on 5th February, 2024 Extension in date of enforcement order (namely IS 4409: 2023, dated 01 May 2024) Extension in date of enforcement order (namely IS 4409:2023, dated 01st August 2024) Steel & Steel Products (Quality Control) Order, 2024 S.O. 3716(E), dated 29th August 2024 Steel & Steel Products (Quality Control) Amendment Order, 2025 S.O.5134(E) Dated 20 November, 2025 Steel & Steel Products (Quality Control) Amendment Order, 2026 S.O.3300(E) Dated 22 June, 2026",https://www.bis.gov.in/product-certification/products-under-compulsory-certification/scheme-i-mark-scheme/?lang=en,IS 1148
IS 1673: 1984,"Specification for Mild Steel Wire, Cold Heading Quality",Steel and Iron Products,Steel and Iron Products,Yes,"BIS Product Certification (ISI Mark, Scheme I)","10. Steel and Steel Products (Quality Control) Order, 2020 S.O. 756(E) , dated 14-02-2020 Superseded by Steel and Steel Products (Quality Control) Order, 2020 S.O. 1673(E), dated 27-05-2020 Superseded by Steel and Steel Products (Quality Control) Order, 2020 (S.O. 2379(E), dated 17-07-2020) Extension in date of enforcement for Steel Products Order File.No. S-20011/1/2020-TECH dated 22.07.2020 Extension Order Superseded by Steel and Steel Products (Quality Control) Order, 2020 (S.O. 4082(E), dated 12.11.2020) Superseded by Steel and Steel Products (Quality Control) Order, 2020 (S.O. No. 4637 (E) 22/12/2020) Order of extension in the enforcement date for Indian Standards covered under the Quality Control Order (namely IS 3748, IS 7291, and IS 12146) Order of extension in the enforcement date for some Indian Standards covered under the Quality Control Order (namely IS 4398 and IS 3195) Order of extension in the enforcement date for some Indian Standards covered under the Quality Control Order (namely IS 6526,IS 4454 (Part4), IS 11946, IS11947 and IS 12045) Extension in date of enforcement Order (namely IS 1110, IS 4409) Extension in date of enforcement Order (namely IS 4432, IS 5518, IS 12145 , IS 13387, IS 4072 & IS 13352) Extension in date of enforcement Order (namely IS 7226, IS 14331) Extension in date of enforcement Order (namely IS 6529) Extension in date of enforcement Order (namely IS 1993, IS 12591) Extension in the date of enforcement of Quality Control Order on IS 3748, IS 7291 and IS 12146 Order of extension in the date of enforcement of Quality Control Order for Indian Standards IS 4454 (Part 4): 2001, IS11946: 1987 & IS 11947: 1987 Extension in date of enforcement order (namely IS 1110: 1990 & IS 4409: 1973) Extension in date of enforcement order (namely IS 14331:1995) Extension in date of enforcement order (namely IS 13387:1992) Extension in date of enforcement order ( namely IS 1110: 1990 & IS 4409: 1973) Extension in date of enforcement order (namely IS 1110: 1990 & IS 4409: 1973) , dated 01 November 2022 Extension in date of enforcement order (namely IS 4409: 1973) , dated 06 February 2023 Extension in date of enforcement order (namely IS 4409 : 1973, dated 25th July 2023) Steel and Steel Products (Quality Control) Order, 2024 S.O. 574(E) dated on 5th February, 2024 Extension in date of enforcement order (namely IS 4409: 2023, dated 01 May 2024) Extension in date of enforcement order (namely IS 4409:2023, dated 01st August 2024) Steel & Steel Products (Quality Control) Order, 2024 S.O. 3716(E), dated 29th August 2024 Steel & Steel Products (Quality Control) Amendment Order, 2025 S.O.5134(E) Dated 20 November, 2025 Steel & Steel Products (Quality Control) Amendment Order, 2026 S.O.3300(E) Dated 22 June, 2026",https://www.bis.gov.in/product-certification/products-under-compulsory-certification/scheme-i-mark-scheme/?lang=en,IS 1673
IS 1812: 1982,Specification for Carbon Steel Wire for the Manufacture of Wood Screws,Steel and Iron Products,Steel and Iron Products,Yes,"BIS Product Certification (ISI Mark, Scheme I)","10. Steel and Steel Products (Quality Control) Order, 2020 S.O. 756(E) , dated 14-02-2020 Superseded by Steel and Steel Products (Quality Control) Order, 2020 S.O. 1673(E), dated 27-05-2020 Superseded by Steel and Steel Products (Quality Control) Order, 2020 (S.O. 2379(E), dated 17-07-2020) Extension in date of enforcement for Steel Products Order File.No. S-20011/1/2020-TECH dated 22.07.2020 Extension Order Superseded by Steel and Steel Products (Quality Control) Order, 2020 (S.O. 4082(E), dated 12.11.2020) Superseded by Steel and Steel Products (Quality Control) Order, 2020 (S.O. No. 4637 (E) 22/12/2020) Order of extension in the enforcement date for Indian Standards covered under the Quality Control Order (namely IS 3748, IS 7291, and IS 12146) Order of extension in the enforcement date for some Indian Standards covered under the Quality Control Order (namely IS 4398 and IS 3195) Order of extension in the enforcement date for some Indian Standards covered under the Quality Control Order (namely IS 6526,IS 4454 (Part4), IS 11946, IS11947 and IS 12045) Extension in date of enforcement Order (namely IS 1110, IS 4409) Extension in date of enforcement Order (namely IS 4432, IS 5518, IS 12145 , IS 13387, IS 4072 & IS 13352) Extension in date of enforcement Order (namely IS 7226, IS 14331) Extension in date of enforcement Order (namely IS 6529) Extension in date of enforcement Order (namely IS 1993, IS 12591) Extension in the date of enforcement of Quality Control Order on IS 3748, IS 7291 and IS 12146 Order of extension in the date of enforcement of Quality Control Order for Indian Standards IS 4454 (Part 4): 2001, IS11946: 1987 & IS 11947: 1987 Extension in date of enforcement order (namely IS 1110: 1990 & IS 4409: 1973) Extension in date of enforcement order (namely IS 14331:1995) Extension in date of enforcement order (namely IS 13387:1992) Extension in date of enforcement order ( namely IS 1110: 1990 & IS 4409: 1973) Extension in date of enforcement order (namely IS 1110: 1990 & IS 4409: 1973) , dated 01 November 2022 Extension in date of enforcement order (namely IS 4409: 1973) , dated 06 February 2023 Extension in date of enforcement order (namely IS 4409 : 1973, dated 25th July 2023) Steel and Steel Products (Quality Control) Order, 2024 S.O. 574(E) dated on 5th February, 2024 Extension in date of enforcement order (namely IS 4409: 2023, dated 01 May 2024) Extension in date of enforcement order (namely IS 4409:2023, dated 01st August 2024) Steel & Steel Products (Quality Control) Order, 2024 S.O. 3716(E), dated 29th August 2024 Steel & Steel Products (Quality Control) Amendment Order, 2025 S.O.5134(E) Dated 20 November, 2025 Steel & Steel Products (Quality Control) Amendment Order, 2026 S.O.3300(E) Dated 22 June, 2026",https://www.bis.gov.in/product-certification/products-under-compulsory-certification/scheme-i-mark-scheme/?lang=en,IS 1812
IS 2507: 1975,Specification for Cold – rolled Steel Strips For Springs.,Steel and Iron Products,Steel and Iron Products,Yes,"BIS Product Certification (ISI Mark, Scheme I)","10. Steel and Steel Products (Quality Control) Order, 2020 S.O. 756(E) , dated 14-02-2020 Superseded by Steel and Steel Products (Quality Control) Order, 2020 S.O. 1673(E), dated 27-05-2020 Superseded by Steel and Steel Products (Quality Control) Order, 2020 (S.O. 2379(E), dated 17-07-2020) Extension in date of enforcement for Steel Products Order File.No. S-20011/1/2020-TECH dated 22.07.2020 Extension Order Superseded by Steel and Steel Products (Quality Control) Order, 2020 (S.O. 4082(E), dated 12.11.2020) Superseded by Steel and Steel Products (Quality Control) Order, 2020 (S.O. No. 4637 (E) 22/12/2020) Order of extension in the enforcement date for Indian Standards covered under the Quality Control Order (namely IS 3748, IS 7291, and IS 12146) Order of extension in the enforcement date for some Indian Standards covered under the Quality Control Order (namely IS 4398 and IS 3195) Order of extension in the enforcement date for some Indian Standards covered under the Quality Control Order (namely IS 6526,IS 4454 (Part4), IS 11946, IS11947 and IS 12045) Extension in date of enforcement Order (namely IS 1110, IS 4409) Extension in date of enforcement Order (namely IS 4432, IS 5518, IS 12145 , IS 13387, IS 4072 & IS 13352) Extension in date of enforcement Order (namely IS 7226, IS 14331) Extension in date of enforcement Order (namely IS 6529) Extension in date of enforcement Order (namely IS 1993, IS 12591) Extension in the date of enforcement of Quality Control Order on IS 3748, IS 7291 and IS 12146 Order of extension in the date of enforcement of Quality Control Order for Indian Standards IS 4454 (Part 4): 2001, IS11946: 1987 & IS 11947: 1987 Extension in date of enforcement order (namely IS 1110: 1990 & IS 4409: 1973) Extension in date of enforcement order (namely IS 14331:1995) Extension in date of enforcement order (namely IS 13387:1992) Extension in date of enforcement order ( namely IS 1110: 1990 & IS 4409: 1973) Extension in date of enforcement order (namely IS 1110: 1990 & IS 4409: 1973) , dated 01 November 2022 Extension in date of enforcement order (namely IS 4409: 1973) , dated 06 February 2023 Extension in date of enforcement order (namely IS 4409 : 1973, dated 25th July 2023) Steel and Steel Products (Quality Control) Order, 2024 S.O. 574(E) dated on 5th February, 2024 Extension in date of enforcement order (namely IS 4409: 2023, dated 01 May 2024) Extension in date of enforcement order (namely IS 4409:2023, dated 01st August 2024) Steel & Steel Products (Quality Control) Order, 2024 S.O. 3716(E), dated 29th August 2024 Steel & Steel Products (Quality Control) Amendment Order, 2025 S.O.5134(E) Dated 20 November, 2025 Steel & Steel Products (Quality Control) Amendment Order, 2026 S.O.3300(E) Dated 22 June, 2026",https://www.bis.gov.in/product-certification/products-under-compulsory-certification/scheme-i-mark-scheme/?lang=en,IS 2507
IS 2255: 1977,Specification for Mild Steel Wire Rod for the Manufacture of Machine Screws (By Cold Heading Process).,Steel and Iron Products,Steel and Iron Products,Yes,"BIS Product Certification (ISI Mark, Scheme I)","10. Steel and Steel Products (Quality Control) Order, 2020 S.O. 756(E) , dated 14-02-2020 Superseded by Steel and Steel Products (Quality Control) Order, 2020 S.O. 1673(E), dated 27-05-2020 Superseded by Steel and Steel Products (Quality Control) Order, 2020 (S.O. 2379(E), dated 17-07-2020) Extension in date of enforcement for Steel Products Order File.No. S-20011/1/2020-TECH dated 22.07.2020 Extension Order Superseded by Steel and Steel Products (Quality Control) Order, 2020 (S.O. 4082(E), dated 12.11.2020) Superseded by Steel and Steel Products (Quality Control) Order, 2020 (S.O. No. 4637 (E) 22/12/2020) Order of extension in the enforcement date for Indian Standards covered under the Quality Control Order (namely IS 3748, IS 7291, and IS 12146) Order of extension in the enforcement date for some Indian Standards covered under the Quality Control Order (namely IS 4398 and IS 3195) Order of extension in the enforcement date for some Indian Standards covered under the Quality Control Order (namely IS 6526,IS 4454 (Part4), IS 11946, IS11947 and IS 12045) Extension in date of enforcement Order (namely IS 1110, IS 4409) Extension in date of enforcement Order (namely IS 4432, IS 5518, IS 12145 , IS 13387, IS 4072 & IS 13352) Extension in date of enforcement Order (namely IS 7226, IS 14331) Extension in date of enforcement Order (namely IS 6529) Extension in date of enforcement Order (namely IS 1993, IS 12591) Extension in the date of enforcement of Quality Control Order on IS 3748, IS 7291 and IS 12146 Order of extension in the date of enforcement of Quality Control Order for Indian Standards IS 4454 (Part 4): 2001, IS11946: 1987 & IS 11947: 1987 Extension in date of enforcement order (namely IS 1110: 1990 & IS 4409: 1973) Extension in date of enforcement order (namely IS 14331:1995) Extension in date of enforcement order (namely IS 13387:1992) Extension in date of enforcement order ( namely IS 1110: 1990 & IS 4409: 1973) Extension in date of enforcement order (namely IS 1110: 1990 & IS 4409: 1973) , dated 01 November 2022 Extension in date of enforcement order (namely IS 4409: 1973) , dated 06 February 2023 Extension in date of enforcement order (namely IS 4409 : 1973, dated 25th July 2023) Steel and Steel Products (Quality Control) Order, 2024 S.O. 574(E) dated on 5th February, 2024 Extension in date of enforcement order (namely IS 4409: 2023, dated 01 May 2024) Extension in date of enforcement order (namely IS 4409:2023, dated 01st August 2024) Steel & Steel Products (Quality Control) Order, 2024 S.O. 3716(E), dated 29th August 2024 Steel & Steel Products (Quality Control) Amendment Order, 2025 S.O.5134(E) Dated 20 November, 2025 Steel & Steel Products (Quality Control) Amendment Order, 2026 S.O.3300(E) Dated 22 June, 2026",https://www.bis.gov.in/product-certification/products-under-compulsory-certification/scheme-i-mark-scheme/?lang=en,IS 2255
IS 3195: 1992,Steel For the Manufacture of Volute And Helical Springs (for Railway Rolling Stock) – Specification .,Steel and Iron Products,Steel and Iron Products,Yes,"BIS Product Certification (ISI Mark, Scheme I)","10. Steel and Steel Products (Quality Control) Order, 2020 S.O. 756(E) , dated 14-02-2020 Superseded by Steel and Steel Products (Quality Control) Order, 2020 S.O. 1673(E), dated 27-05-2020 Superseded by Steel and Steel Products (Quality Control) Order, 2020 (S.O. 2379(E), dated 17-07-2020) Extension in date of enforcement for Steel Products Order File.No. S-20011/1/2020-TECH dated 22.07.2020 Extension Order Superseded by Steel and Steel Products (Quality Control) Order, 2020 (S.O. 4082(E), dated 12.11.2020) Superseded by Steel and Steel Products (Quality Control) Order, 2020 (S.O. No. 4637 (E) 22/12/2020) Order of extension in the enforcement date for Indian Standards covered under the Quality Control Order (namely IS 3748, IS 7291, and IS 12146) Order of extension in the enforcement date for some Indian Standards covered under the Quality Control Order (namely IS 4398 and IS 3195) Order of extension in the enforcement date for some Indian Standards covered under the Quality Control Order (namely IS 6526,IS 4454 (Part4), IS 11946, IS11947 and IS 12045) Extension in date of enforcement Order (namely IS 1110, IS 4409) Extension in date of enforcement Order (namely IS 4432, IS 5518, IS 12145 , IS 13387, IS 4072 & IS 13352) Extension in date of enforcement Order (namely IS 7226, IS 14331) Extension in date of enforcement Order (namely IS 6529) Extension in date of enforcement Order (namely IS 1993, IS 12591) Extension in the date of enforcement of Quality Control Order on IS 3748, IS 7291 and IS 12146 Order of extension in the date of enforcement of Quality Control Order for Indian Standards IS 4454 (Part 4): 2001, IS11946: 1987 & IS 11947: 1987 Extension in date of enforcement order (namely IS 1110: 1990 & IS 4409: 1973) Extension in date of enforcement order (namely IS 14331:1995) Extension in date of enforcement order (namely IS 13387:1992) Extension in date of enforcement order ( namely IS 1110: 1990 & IS 4409: 1973) Extension in date of enforcement order (namely IS 1110: 1990 & IS 4409: 1973) , dated 01 November 2022 Extension in date of enforcement order (namely IS 4409: 1973) , dated 06 February 2023 Extension in date of enforcement order (namely IS 4409 : 1973, dated 25th July 2023) Steel and Steel Products (Quality Control) Order, 2024 S.O. 574(E) dated on 5th February, 2024 Extension in date of enforcement order (namely IS 4409: 2023, dated 01 May 2024) Extension in date of enforcement order (namely IS 4409:2023, dated 01st August 2024) Steel & Steel Products (Quality Control) Order, 2024 S.O. 3716(E), dated 29th August 2024 Steel & Steel Products (Quality Control) Amendment Order, 2025 S.O.5134(E) Dated 20 November, 2025 Steel & Steel Products (Quality Control) Amendment Order, 2026 S.O.3300(E) Dated 22 June, 2026",https://www.bis.gov.in/product-certification/products-under-compulsory-certification/scheme-i-mark-scheme/?lang=en,IS 3195
IS 3431: 1982,"Specification for Steel for the manufacture of volute, helical and laminated springs for automotive suspension.",Steel and Iron Products,Steel and Iron Products,Yes,"BIS Product Certification (ISI Mark, Scheme I)","10. Steel and Steel Products (Quality Control) Order, 2020 S.O. 756(E) , dated 14-02-2020 Superseded by Steel and Steel Products (Quality Control) Order, 2020 S.O. 1673(E), dated 27-05-2020 Superseded by Steel and Steel Products (Quality Control) Order, 2020 (S.O. 2379(E), dated 17-07-2020) Extension in date of enforcement for Steel Products Order File.No. S-20011/1/2020-TECH dated 22.07.2020 Extension Order Superseded by Steel and Steel Products (Quality Control) Order, 2020 (S.O. 4082(E), dated 12.11.2020) Superseded by Steel and Steel Products (Quality Control) Order, 2020 (S.O. No. 4637 (E) 22/12/2020) Order of extension in the enforcement date for Indian Standards covered under the Quality Control Order (namely IS 3748, IS 7291, and IS 12146) Order of extension in the enforcement date for some Indian Standards covered under the Quality Control Order (namely IS 4398 and IS 3195) Order of extension in the enforcement date for some Indian Standards covered under the Quality Control Order (namely IS 6526,IS 4454 (Part4), IS 11946, IS11947 and IS 12045) Extension in date of enforcement Order (namely IS 1110, IS 4409) Extension in date of enforcement Order (namely IS 4432, IS 5518, IS 12145 , IS 13387, IS 4072 & IS 13352) Extension in date of enforcement Order (namely IS 7226, IS 14331) Extension in date of enforcement Order (namely IS 6529) Extension in date of enforcement Order (namely IS 1993, IS 12591) Extension in the date of enforcement of Quality Control Order on IS 3748, IS 7291 and IS 12146 Order of extension in the date of enforcement of Quality Control Order for Indian Standards IS 4454 (Part 4): 2001, IS11946: 1987 & IS 11947: 1987 Extension in date of enforcement order (namely IS 1110: 1990 & IS 4409: 1973) Extension in date of enforcement order (namely IS 14331:1995) Extension in date of enforcement order (namely IS 13387:1992) Extension in date of enforcement order ( namely IS 1110: 1990 & IS 4409: 1973) Extension in date of enforcement order (namely IS 1110: 1990 & IS 4409: 1973) , dated 01 November 2022 Extension in date of enforcement order (namely IS 4409: 1973) , dated 06 February 2023 Extension in date of enforcement order (namely IS 4409 : 1973, dated 25th July 2023) Steel and Steel Products (Quality Control) Order, 2024 S.O. 574(E) dated on 5th February, 2024 Extension in date of enforcement order (namely IS 4409: 2023, dated 01 May 2024) Extension in date of enforcement order (namely IS 4409:2023, dated 01st August 2024) Steel & Steel Products (Quality Control) Order, 2024 S.O. 3716(E), dated 29th August 2024 Steel & Steel Products (Quality Control) Amendment Order, 2025 S.O.5134(E) Dated 20 November, 2025 Steel & Steel Products (Quality Control) Amendment Order, 2026 S.O.3300(E) Dated 22 June, 2026",https://www.bis.gov.in/product-certification/products-under-compulsory-certification/scheme-i-mark-scheme/?lang=en,IS 3431
IS 3885-Part-1: 1992,Steel for the manufacture of laminated springs (railway rolling stock) Part 1 Flat Sections – Specification.,Steel and Iron Products,Steel and Iron Products,Yes,"BIS Product Certification (ISI Mark, Scheme I)","10. Steel and Steel Products (Quality Control) Order, 2020 S.O. 756(E) , dated 14-02-2020 Superseded by Steel and Steel Products (Quality Control) Order, 2020 S.O. 1673(E), dated 27-05-2020 Superseded by Steel and Steel Products (Quality Control) Order, 2020 (S.O. 2379(E), dated 17-07-2020) Extension in date of enforcement for Steel Products Order File.No. S-20011/1/2020-TECH dated 22.07.2020 Extension Order Superseded by Steel and Steel Products (Quality Control) Order, 2020 (S.O. 4082(E), dated 12.11.2020) Superseded by Steel and Steel Products (Quality Control) Order, 2020 (S.O. No. 4637 (E) 22/12/2020) Order of extension in the enforcement date for Indian Standards covered under the Quality Control Order (namely IS 3748, IS 7291, and IS 12146) Order of extension in the enforcement date for some Indian Standards covered under the Quality Control Order (namely IS 4398 and IS 3195) Order of extension in the enforcement date for some Indian Standards covered under the Quality Control Order (namely IS 6526,IS 4454 (Part4), IS 11946, IS11947 and IS 12045) Extension in date of enforcement Order (namely IS 1110, IS 4409) Extension in date of enforcement Order (namely IS 4432, IS 5518, IS 12145 , IS 13387, IS 4072 & IS 13352) Extension in date of enforcement Order (namely IS 7226, IS 14331) Extension in date of enforcement Order (namely IS 6529) Extension in date of enforcement Order (namely IS 1993, IS 12591) Extension in the date of enforcement of Quality Control Order on IS 3748, IS 7291 and IS 12146 Order of extension in the date of enforcement of Quality Control Order for Indian Standards IS 4454 (Part 4): 2001, IS11946: 1987 & IS 11947: 1987 Extension in date of enforcement order (namely IS 1110: 1990 & IS 4409: 1973) Extension in date of enforcement order (namely IS 14331:1995) Extension in date of enforcement order (namely IS 13387:1992) Extension in date of enforcement order ( namely IS 1110: 1990 & IS 4409: 1973) Extension in date of enforcement order (namely IS 1110: 1990 & IS 4409: 1973) , dated 01 November 2022 Extension in date of enforcement order (namely IS 4409: 1973) , dated 06 February 2023 Extension in date of enforcement order (namely IS 4409 : 1973, dated 25th July 2023) Steel and Steel Products (Quality Control) Order, 2024 S.O. 574(E) dated on 5th February, 2024 Extension in date of enforcement order (namely IS 4409: 2023, dated 01 May 2024) Extension in date of enforcement order (namely IS 4409:2023, dated 01st August 2024) Steel & Steel Products (Quality Control) Order, 2024 S.O. 3716(E), dated 29th August 2024 Steel & Steel Products (Quality Control) Amendment Order, 2025 S.O.5134(E) Dated 20 November, 2025 Steel & Steel Products (Quality Control) Amendment Order, 2026 S.O.3300(E) Dated 22 June, 2026",https://www.bis.gov.in/product-certification/products-under-compulsory-certification/scheme-i-mark-scheme/?lang=en,IS 3885-Part-1
IS 3885-Part- 2: 1992,Steel for the manufacture of laminated springs (railway rolling stock) Part 2: Rib and Groove Sections- Specification.,Steel and Iron Products,Steel and Iron Products,Yes,"BIS Product Certification (ISI Mark, Scheme I)","10. Steel and Steel Products (Quality Control) Order, 2020 S.O. 756(E) , dated 14-02-2020 Superseded by Steel and Steel Products (Quality Control) Order, 2020 S.O. 1673(E), dated 27-05-2020 Superseded by Steel and Steel Products (Quality Control) Order, 2020 (S.O. 2379(E), dated 17-07-2020) Extension in date of enforcement for Steel Products Order File.No. S-20011/1/2020-TECH dated 22.07.2020 Extension Order Superseded by Steel and Steel Products (Quality Control) Order, 2020 (S.O. 4082(E), dated 12.11.2020) Superseded by Steel and Steel Products (Quality Control) Order, 2020 (S.O. No. 4637 (E) 22/12/2020) Order of extension in the enforcement date for Indian Standards covered under the Quality Control Order (namely IS 3748, IS 7291, and IS 12146) Order of extension in the enforcement date for some Indian Standards covered under the Quality Control Order (namely IS 4398 and IS 3195) Order of extension in the enforcement date for some Indian Standards covered under the Quality Control Order (namely IS 6526,IS 4454 (Part4), IS 11946, IS11947 and IS 12045) Extension in date of enforcement Order (namely IS 1110, IS 4409) Extension in date of enforcement Order (namely IS 4432, IS 5518, IS 12145 , IS 13387, IS 4072 & IS 13352) Extension in date of enforcement Order (namely IS 7226, IS 14331) Extension in date of enforcement Order (namely IS 6529) Extension in date of enforcement Order (namely IS 1993, IS 12591) Extension in the date of enforcement of Quality Control Order on IS 3748, IS 7291 and IS 12146 Order of extension in the date of enforcement of Quality Control Order for Indian Standards IS 4454 (Part 4): 2001, IS11946: 1987 & IS 11947: 1987 Extension in date of enforcement order (namely IS 1110: 1990 & IS 4409: 1973) Extension in date of enforcement order (namely IS 14331:1995) Extension in date of enforcement order (namely IS 13387:1992) Extension in date of enforcement order ( namely IS 1110: 1990 & IS 4409: 1973) Extension in date of enforcement order (namely IS 1110: 1990 & IS 4409: 1973) , dated 01 November 2022 Extension in date of enforcement order (namely IS 4409: 1973) , dated 06 February 2023 Extension in date of enforcement order (namely IS 4409 : 1973, dated 25th July 2023) Steel and Steel Products (Quality Control) Order, 2024 S.O. 574(E) dated on 5th February, 2024 Extension in date of enforcement order (namely IS 4409: 2023, dated 01 May 2024) Extension in date of enforcement order (namely IS 4409:2023, dated 01st August 2024) Steel & Steel Products (Quality Control) Order, 2024 S.O. 3716(E), dated 29th August 2024 Steel & Steel Products (Quality Control) Amendment Order, 2025 S.O.5134(E) Dated 20 November, 2025 Steel & Steel Products (Quality Control) Amendment Order, 2026 S.O.3300(E) Dated 22 June, 2026",https://www.bis.gov.in/product-certification/products-under-compulsory-certification/scheme-i-mark-scheme/?lang=en,IS 3885-Part- 2
IS 4223: 1975,Specification for Steel Wire for Umbrella Ribs .,Steel and Iron Products,Steel and Iron Products,Yes,"BIS Product Certification (ISI Mark, Scheme I)","10. Steel and Steel Products (Quality Control) Order, 2020 S.O. 756(E) , dated 14-02-2020 Superseded by Steel and Steel Products (Quality Control) Order, 2020 S.O. 1673(E), dated 27-05-2020 Superseded by Steel and Steel Products (Quality Control) Order, 2020 (S.O. 2379(E), dated 17-07-2020) Extension in date of enforcement for Steel Products Order File.No. S-20011/1/2020-TECH dated 22.07.2020 Extension Order Superseded by Steel and Steel Products (Quality Control) Order, 2020 (S.O. 4082(E), dated 12.11.2020) Superseded by Steel and Steel Products (Quality Control) Order, 2020 (S.O. No. 4637 (E) 22/12/2020) Order of extension in the enforcement date for Indian Standards covered under the Quality Control Order (namely IS 3748, IS 7291, and IS 12146) Order of extension in the enforcement date for some Indian Standards covered under the Quality Control Order (namely IS 4398 and IS 3195) Order of extension in the enforcement date for some Indian Standards covered under the Quality Control Order (namely IS 6526,IS 4454 (Part4), IS 11946, IS11947 and IS 12045) Extension in date of enforcement Order (namely IS 1110, IS 4409) Extension in date of enforcement Order (namely IS 4432, IS 5518, IS 12145 , IS 13387, IS 4072 & IS 13352) Extension in date of enforcement Order (namely IS 7226, IS 14331) Extension in date of enforcement Order (namely IS 6529) Extension in date of enforcement Order (namely IS 1993, IS 12591) Extension in the date of enforcement of Quality Control Order on IS 3748, IS 7291 and IS 12146 Order of extension in the date of enforcement of Quality Control Order for Indian Standards IS 4454 (Part 4): 2001, IS11946: 1987 & IS 11947: 1987 Extension in date of enforcement order (namely IS 1110: 1990 & IS 4409: 1973) Extension in date of enforcement order (namely IS 14331:1995) Extension in date of enforcement order (namely IS 13387:1992) Extension in date of enforcement order ( namely IS 1110: 1990 & IS 4409: 1973) Extension in date of enforcement order (namely IS 1110: 1990 & IS 4409: 1973) , dated 01 November 2022 Extension in date of enforcement order (namely IS 4409: 1973) , dated 06 February 2023 Extension in date of enforcement order (namely IS 4409 : 1973, dated 25th July 2023) Steel and Steel Products (Quality Control) Order, 2024 S.O. 574(E) dated on 5th February, 2024 Extension in date of enforcement order (namely IS 4409: 2023, dated 01 May 2024) Extension in date of enforcement order (namely IS 4409:2023, dated 01st August 2024) Steel & Steel Products (Quality Control) Order, 2024 S.O. 3716(E), dated 29th August 2024 Steel & Steel Products (Quality Control) Amendment Order, 2025 S.O.5134(E) Dated 20 November, 2025 Steel & Steel Products (Quality Control) Amendment Order, 2026 S.O.3300(E) Dated 22 June, 2026",https://www.bis.gov.in/product-certification/products-under-compulsory-certification/scheme-i-mark-scheme/?lang=en,IS 4223
IS 4224: 1972,"Specification for Steel Wire for Staples, Pins And Clips.",Steel and Iron Products,Steel and Iron Products,Yes,"BIS Product Certification (ISI Mark, Scheme I)","10. Steel and Steel Products (Quality Control) Order, 2020 S.O. 756(E) , dated 14-02-2020 Superseded by Steel and Steel Products (Quality Control) Order, 2020 S.O. 1673(E), dated 27-05-2020 Superseded by Steel and Steel Products (Quality Control) Order, 2020 (S.O. 2379(E), dated 17-07-2020) Extension in date of enforcement for Steel Products Order File.No. S-20011/1/2020-TECH dated 22.07.2020 Extension Order Superseded by Steel and Steel Products (Quality Control) Order, 2020 (S.O. 4082(E), dated 12.11.2020) Superseded by Steel and Steel Products (Quality Control) Order, 2020 (S.O. No. 4637 (E) 22/12/2020) Order of extension in the enforcement date for Indian Standards covered under the Quality Control Order (namely IS 3748, IS 7291, and IS 12146) Order of extension in the enforcement date for some Indian Standards covered under the Quality Control Order (namely IS 4398 and IS 3195) Order of extension in the enforcement date for some Indian Standards covered under the Quality Control Order (namely IS 6526,IS 4454 (Part4), IS 11946, IS11947 and IS 12045) Extension in date of enforcement Order (namely IS 1110, IS 4409) Extension in date of enforcement Order (namely IS 4432, IS 5518, IS 12145 , IS 13387, IS 4072 & IS 13352) Extension in date of enforcement Order (namely IS 7226, IS 14331) Extension in date of enforcement Order (namely IS 6529) Extension in date of enforcement Order (namely IS 1993, IS 12591) Extension in the date of enforcement of Quality Control Order on IS 3748, IS 7291 and IS 12146 Order of extension in the date of enforcement of Quality Control Order for Indian Standards IS 4454 (Part 4): 2001, IS11946: 1987 & IS 11947: 1987 Extension in date of enforcement order (namely IS 1110: 1990 & IS 4409: 1973) Extension in date of enforcement order (namely IS 14331:1995) Extension in date of enforcement order (namely IS 13387:1992) Extension in date of enforcement order ( namely IS 1110: 1990 & IS 4409: 1973) Extension in date of enforcement order (namely IS 1110: 1990 & IS 4409: 1973) , dated 01 November 2022 Extension in date of enforcement order (namely IS 4409: 1973) , dated 06 February 2023 Extension in date of enforcement order (namely IS 4409 : 1973, dated 25th July 2023) Steel and Steel Products (Quality Control) Order, 2024 S.O. 574(E) dated on 5th February, 2024 Extension in date of enforcement order (namely IS 4409: 2023, dated 01 May 2024) Extension in date of enforcement order (namely IS 4409:2023, dated 01st August 2024) Steel & Steel Products (Quality Control) Order, 2024 S.O. 3716(E), dated 29th August 2024 Steel & Steel Products (Quality Control) Amendment Order, 2025 S.O.5134(E) Dated 20 November, 2025 Steel & Steel Products (Quality Control) Amendment Order, 2026 S.O.3300(E) Dated 22 June, 2026",https://www.bis.gov.in/product-certification/products-under-compulsory-certification/scheme-i-mark-scheme/?lang=en,IS 4224
IS 4397: 1999,Cold-rolled Carbon Steel Strips for Ball and Roller Bearing Cages/ Retainers- Specification.,Steel and Iron Products,Steel and Iron Products,Yes,"BIS Product Certification (ISI Mark, Scheme I)","10. Steel and Steel Products (Quality Control) Order, 2020 S.O. 756(E) , dated 14-02-2020 Superseded by Steel and Steel Products (Quality Control) Order, 2020 S.O. 1673(E), dated 27-05-2020 Superseded by Steel and Steel Products (Quality Control) Order, 2020 (S.O. 2379(E), dated 17-07-2020) Extension in date of enforcement for Steel Products Order File.No. S-20011/1/2020-TECH dated 22.07.2020 Extension Order Superseded by Steel and Steel Products (Quality Control) Order, 2020 (S.O. 4082(E), dated 12.11.2020) Superseded by Steel and Steel Products (Quality Control) Order, 2020 (S.O. No. 4637 (E) 22/12/2020) Order of extension in the enforcement date for Indian Standards covered under the Quality Control Order (namely IS 3748, IS 7291, and IS 12146) Order of extension in the enforcement date for some Indian Standards covered under the Quality Control Order (namely IS 4398 and IS 3195) Order of extension in the enforcement date for some Indian Standards covered under the Quality Control Order (namely IS 6526,IS 4454 (Part4), IS 11946, IS11947 and IS 12045) Extension in date of enforcement Order (namely IS 1110, IS 4409) Extension in date of enforcement Order (namely IS 4432, IS 5518, IS 12145 , IS 13387, IS 4072 & IS 13352) Extension in date of enforcement Order (namely IS 7226, IS 14331) Extension in date of enforcement Order (namely IS 6529) Extension in date of enforcement Order (namely IS 1993, IS 12591) Extension in the date of enforcement of Quality Control Order on IS 3748, IS 7291 and IS 12146 Order of extension in the date of enforcement of Quality Control Order for Indian Standards IS 4454 (Part 4): 2001, IS11946: 1987 & IS 11947: 1987 Extension in date of enforcement order (namely IS 1110: 1990 & IS 4409: 1973) Extension in date of enforcement order (namely IS 14331:1995) Extension in date of enforcement order (namely IS 13387:1992) Extension in date of enforcement order ( namely IS 1110: 1990 & IS 4409: 1973) Extension in date of enforcement order (namely IS 1110: 1990 & IS 4409: 1973) , dated 01 November 2022 Extension in date of enforcement order (namely IS 4409: 1973) , dated 06 February 2023 Extension in date of enforcement order (namely IS 4409 : 1973, dated 25th July 2023) Steel and Steel Products (Quality Control) Order, 2024 S.O. 574(E) dated on 5th February, 2024 Extension in date of enforcement order (namely IS 4409: 2023, dated 01 May 2024) Extension in date of enforcement order (namely IS 4409:2023, dated 01st August 2024) Steel & Steel Products (Quality Control) Order, 2024 S.O. 3716(E), dated 29th August 2024 Steel & Steel Products (Quality Control) Amendment Order, 2025 S.O.5134(E) Dated 20 November, 2025 Steel & Steel Products (Quality Control) Amendment Order, 2026 S.O.3300(E) Dated 22 June, 2026",https://www.bis.gov.in/product-certification/products-under-compulsory-certification/scheme-i-mark-scheme/?lang=en,IS 4397
IS 4398: 1994,"Carbon-chromium Steel for the Manufacture of Balls, Rollers and Bearing Races- Specification",Steel and Iron Products,Steel and Iron Products,Yes,"BIS Product Certification (ISI Mark, Scheme I)","10. Steel and Steel Products (Quality Control) Order, 2020 S.O. 756(E) , dated 14-02-2020 Superseded by Steel and Steel Products (Quality Control) Order, 2020 S.O. 1673(E), dated 27-05-2020 Superseded by Steel and Steel Products (Quality Control) Order, 2020 (S.O. 2379(E), dated 17-07-2020) Extension in date of enforcement for Steel Products Order File.No. S-20011/1/2020-TECH dated 22.07.2020 Extension Order Superseded by Steel and Steel Products (Quality Control) Order, 2020 (S.O. 4082(E), dated 12.11.2020) Superseded by Steel and Steel Products (Quality Control) Order, 2020 (S.O. No. 4637 (E) 22/12/2020) Order of extension in the enforcement date for Indian Standards covered under the Quality Control Order (namely IS 3748, IS 7291, and IS 12146) Order of extension in the enforcement date for some Indian Standards covered under the Quality Control Order (namely IS 4398 and IS 3195) Order of extension in the enforcement date for some Indian Standards covered under the Quality Control Order (namely IS 6526,IS 4454 (Part4), IS 11946, IS11947 and IS 12045) Extension in date of enforcement Order (namely IS 1110, IS 4409) Extension in date of enforcement Order (namely IS 4432, IS 5518, IS 12145 , IS 13387, IS 4072 & IS 13352) Extension in date of enforcement Order (namely IS 7226, IS 14331) Extension in date of enforcement Order (namely IS 6529) Extension in date of enforcement Order (namely IS 1993, IS 12591) Extension in the date of enforcement of Quality Control Order on IS 3748, IS 7291 and IS 12146 Order of extension in the date of enforcement of Quality Control Order for Indian Standards IS 4454 (Part 4): 2001, IS11946: 1987 & IS 11947: 1987 Extension in date of enforcement order (namely IS 1110: 1990 & IS 4409: 1973) Extension in date of enforcement order (namely IS 14331:1995) Extension in date of enforcement order (namely IS 13387:1992) Extension in date of enforcement order ( namely IS 1110: 1990 & IS 4409: 1973) Extension in date of enforcement order (namely IS 1110: 1990 & IS 4409: 1973) , dated 01 November 2022 Extension in date of enforcement order (namely IS 4409: 1973) , dated 06 February 2023 Extension in date of enforcement order (namely IS 4409 : 1973, dated 25th July 2023) Steel and Steel Products (Quality Control) Order, 2024 S.O. 574(E) dated on 5th February, 2024 Extension in date of enforcement order (namely IS 4409: 2023, dated 01 May 2024) Extension in date of enforcement order (namely IS 4409:2023, dated 01st August 2024) Steel & Steel Products (Quality Control) Order, 2024 S.O. 3716(E), dated 29th August 2024 Steel & Steel Products (Quality Control) Amendment Order, 2025 S.O.5134(E) Dated 20 November, 2025 Steel & Steel Products (Quality Control) Amendment Order, 2026 S.O.3300(E) Dated 22 June, 2026",https://www.bis.gov.in/product-certification/products-under-compulsory-certification/scheme-i-mark-scheme/?lang=en,IS 4398
IS 6902: 1973,Specification for Steel Wire for spokes.,Steel and Iron Products,Steel and Iron Products,Yes,"BIS Product Certification (ISI Mark, Scheme I)","10. Steel and Steel Products (Quality Control) Order, 2020 S.O. 756(E) , dated 14-02-2020 Superseded by Steel and Steel Products (Quality Control) Order, 2020 S.O. 1673(E), dated 27-05-2020 Superseded by Steel and Steel Products (Quality Control) Order, 2020 (S.O. 2379(E), dated 17-07-2020) Extension in date of enforcement for Steel Products Order File.No. S-20011/1/2020-TECH dated 22.07.2020 Extension Order Superseded by Steel and Steel Products (Quality Control) Order, 2020 (S.O. 4082(E), dated 12.11.2020) Superseded by Steel and Steel Products (Quality Control) Order, 2020 (S.O. No. 4637 (E) 22/12/2020) Order of extension in the enforcement date for Indian Standards covered under the Quality Control Order (namely IS 3748, IS 7291, and IS 12146) Order of extension in the enforcement date for some Indian Standards covered under the Quality Control Order (namely IS 4398 and IS 3195) Order of extension in the enforcement date for some Indian Standards covered under the Quality Control Order (namely IS 6526,IS 4454 (Part4), IS 11946, IS11947 and IS 12045) Extension in date of enforcement Order (namely IS 1110, IS 4409) Extension in date of enforcement Order (namely IS 4432, IS 5518, IS 12145 , IS 13387, IS 4072 & IS 13352) Extension in date of enforcement Order (namely IS 7226, IS 14331) Extension in date of enforcement Order (namely IS 6529) Extension in date of enforcement Order (namely IS 1993, IS 12591) Extension in the date of enforcement of Quality Control Order on IS 3748, IS 7291 and IS 12146 Order of extension in the date of enforcement of Quality Control Order for Indian Standards IS 4454 (Part 4): 2001, IS11946: 1987 & IS 11947: 1987 Extension in date of enforcement order (namely IS 1110: 1990 & IS 4409: 1973) Extension in date of enforcement order (namely IS 14331:1995) Extension in date of enforcement order (namely IS 13387:1992) Extension in date of enforcement order ( namely IS 1110: 1990 & IS 4409: 1973) Extension in date of enforcement order (namely IS 1110: 1990 & IS 4409: 1973) , dated 01 November 2022 Extension in date of enforcement order (namely IS 4409: 1973) , dated 06 February 2023 Extension in date of enforcement order (namely IS 4409 : 1973, dated 25th July 2023) Steel and Steel Products (Quality Control) Order, 2024 S.O. 574(E) dated on 5th February, 2024 Extension in date of enforcement order (namely IS 4409: 2023, dated 01 May 2024) Extension in date of enforcement order (namely IS 4409:2023, dated 01st August 2024) Steel & Steel Products (Quality Control) Order, 2024 S.O. 3716(E), dated 29th August 2024 Steel & Steel Products (Quality Control) Amendment Order, 2025 S.O.5134(E) Dated 20 November, 2025 Steel & Steel Products (Quality Control) Amendment Order, 2026 S.O.3300(E) Dated 22 June, 2026",https://www.bis.gov.in/product-certification/products-under-compulsory-certification/scheme-i-mark-scheme/?lang=en,IS 6902
IS 6967: 1973,Specification for Steel For Electrically welded round Link Chains.,Steel and Iron Products,Steel and Iron Products,Yes,"BIS Product Certification (ISI Mark, Scheme I)","10. Steel and Steel Products (Quality Control) Order, 2020 S.O. 756(E) , dated 14-02-2020 Superseded by Steel and Steel Products (Quality Control) Order, 2020 S.O. 1673(E), dated 27-05-2020 Superseded by Steel and Steel Products (Quality Control) Order, 2020 (S.O. 2379(E), dated 17-07-2020) Extension in date of enforcement for Steel Products Order File.No. S-20011/1/2020-TECH dated 22.07.2020 Extension Order Superseded by Steel and Steel Products (Quality Control) Order, 2020 (S.O. 4082(E), dated 12.11.2020) Superseded by Steel and Steel Products (Quality Control) Order, 2020 (S.O. No. 4637 (E) 22/12/2020) Order of extension in the enforcement date for Indian Standards covered under the Quality Control Order (namely IS 3748, IS 7291, and IS 12146) Order of extension in the enforcement date for some Indian Standards covered under the Quality Control Order (namely IS 4398 and IS 3195) Order of extension in the enforcement date for some Indian Standards covered under the Quality Control Order (namely IS 6526,IS 4454 (Part4), IS 11946, IS11947 and IS 12045) Extension in date of enforcement Order (namely IS 1110, IS 4409) Extension in date of enforcement Order (namely IS 4432, IS 5518, IS 12145 , IS 13387, IS 4072 & IS 13352) Extension in date of enforcement Order (namely IS 7226, IS 14331) Extension in date of enforcement Order (namely IS 6529) Extension in date of enforcement Order (namely IS 1993, IS 12591) Extension in the date of enforcement of Quality Control Order on IS 3748, IS 7291 and IS 12146 Order of extension in the date of enforcement of Quality Control Order for Indian Standards IS 4454 (Part 4): 2001, IS11946: 1987 & IS 11947: 1987 Extension in date of enforcement order (namely IS 1110: 1990 & IS 4409: 1973) Extension in date of enforcement order (namely IS 14331:1995) Extension in date of enforcement order (namely IS 13387:1992) Extension in date of enforcement order ( namely IS 1110: 1990 & IS 4409: 1973) Extension in date of enforcement order (namely IS 1110: 1990 & IS 4409: 1973) , dated 01 November 2022 Extension in date of enforcement order (namely IS 4409: 1973) , dated 06 February 2023 Extension in date of enforcement order (namely IS 4409 : 1973, dated 25th July 2023) Steel and Steel Products (Quality Control) Order, 2024 S.O. 574(E) dated on 5th February, 2024 Extension in date of enforcement order (namely IS 4409: 2023, dated 01 May 2024) Extension in date of enforcement order (namely IS 4409:2023, dated 01st August 2024) Steel & Steel Products (Quality Control) Order, 2024 S.O. 3716(E), dated 29th August 2024 Steel & Steel Products (Quality Control) Amendment Order, 2025 S.O.5134(E) Dated 20 November, 2025 Steel & Steel Products (Quality Control) Amendment Order, 2026 S.O.3300(E) Dated 22 June, 2026",https://www.bis.gov.in/product-certification/products-under-compulsory-certification/scheme-i-mark-scheme/?lang=en,IS 6967
IS 7226: 1974,"Specification for Cold rolled medium, high carbon and low alloy steel strip for general engineering purposes.",Steel and Iron Products,Steel and Iron Products,Yes,"BIS Product Certification (ISI Mark, Scheme I)","10. Steel and Steel Products (Quality Control) Order, 2020 S.O. 756(E) , dated 14-02-2020 Superseded by Steel and Steel Products (Quality Control) Order, 2020 S.O. 1673(E), dated 27-05-2020 Superseded by Steel and Steel Products (Quality Control) Order, 2020 (S.O. 2379(E), dated 17-07-2020) Extension in date of enforcement for Steel Products Order File.No. S-20011/1/2020-TECH dated 22.07.2020 Extension Order Superseded by Steel and Steel Products (Quality Control) Order, 2020 (S.O. 4082(E), dated 12.11.2020) Superseded by Steel and Steel Products (Quality Control) Order, 2020 (S.O. No. 4637 (E) 22/12/2020) Order of extension in the enforcement date for Indian Standards covered under the Quality Control Order (namely IS 3748, IS 7291, and IS 12146) Order of extension in the enforcement date for some Indian Standards covered under the Quality Control Order (namely IS 4398 and IS 3195) Order of extension in the enforcement date for some Indian Standards covered under the Quality Control Order (namely IS 6526,IS 4454 (Part4), IS 11946, IS11947 and IS 12045) Extension in date of enforcement Order (namely IS 1110, IS 4409) Extension in date of enforcement Order (namely IS 4432, IS 5518, IS 12145 , IS 13387, IS 4072 & IS 13352) Extension in date of enforcement Order (namely IS 7226, IS 14331) Extension in date of enforcement Order (namely IS 6529) Extension in date of enforcement Order (namely IS 1993, IS 12591) Extension in the date of enforcement of Quality Control Order on IS 3748, IS 7291 and IS 12146 Order of extension in the date of enforcement of Quality Control Order for Indian Standards IS 4454 (Part 4): 2001, IS11946: 1987 & IS 11947: 1987 Extension in date of enforcement order (namely IS 1110: 1990 & IS 4409: 1973) Extension in date of enforcement order (namely IS 14331:1995) Extension in date of enforcement order (namely IS 13387:1992) Extension in date of enforcement order ( namely IS 1110: 1990 & IS 4409: 1973) Extension in date of enforcement order (namely IS 1110: 1990 & IS 4409: 1973) , dated 01 November 2022 Extension in date of enforcement order (namely IS 4409: 1973) , dated 06 February 2023 Extension in date of enforcement order (namely IS 4409 : 1973, dated 25th July 2023) Steel and Steel Products (Quality Control) Order, 2024 S.O. 574(E) dated on 5th February, 2024 Extension in date of enforcement order (namely IS 4409: 2023, dated 01 May 2024) Extension in date of enforcement order (namely IS 4409:2023, dated 01st August 2024) Steel & Steel Products (Quality Control) Order, 2024 S.O. 3716(E), dated 29th August 2024 Steel & Steel Products (Quality Control) Amendment Order, 2025 S.O.5134(E) Dated 20 November, 2025 Steel & Steel Products (Quality Control) Amendment Order, 2026 S.O.3300(E) Dated 22 June, 2026",https://www.bis.gov.in/product-certification/products-under-compulsory-certification/scheme-i-mark-scheme/?lang=en,IS 7226
IS 7557: 1982,Specification for Steel Wire: (Up to 20 mm) for the manufacture of cold-forged rivets.,Steel and Iron Products,Steel and Iron Products,Yes,"BIS Product Certification (ISI Mark, Scheme I)","10. Steel and Steel Products (Quality Control) Order, 2020 S.O. 756(E) , dated 14-02-2020 Superseded by Steel and Steel Products (Quality Control) Order, 2020 S.O. 1673(E), dated 27-05-2020 Superseded by Steel and Steel Products (Quality Control) Order, 2020 (S.O. 2379(E), dated 17-07-2020) Extension in date of enforcement for Steel Products Order File.No. S-20011/1/2020-TECH dated 22.07.2020 Extension Order Superseded by Steel and Steel Products (Quality Control) Order, 2020 (S.O. 4082(E), dated 12.11.2020) Superseded by Steel and Steel Products (Quality Control) Order, 2020 (S.O. No. 4637 (E) 22/12/2020) Order of extension in the enforcement date for Indian Standards covered under the Quality Control Order (namely IS 3748, IS 7291, and IS 12146) Order of extension in the enforcement date for some Indian Standards covered under the Quality Control Order (namely IS 4398 and IS 3195) Order of extension in the enforcement date for some Indian Standards covered under the Quality Control Order (namely IS 6526,IS 4454 (Part4), IS 11946, IS11947 and IS 12045) Extension in date of enforcement Order (namely IS 1110, IS 4409) Extension in date of enforcement Order (namely IS 4432, IS 5518, IS 12145 , IS 13387, IS 4072 & IS 13352) Extension in date of enforcement Order (namely IS 7226, IS 14331) Extension in date of enforcement Order (namely IS 6529) Extension in date of enforcement Order (namely IS 1993, IS 12591) Extension in the date of enforcement of Quality Control Order on IS 3748, IS 7291 and IS 12146 Order of extension in the date of enforcement of Quality Control Order for Indian Standards IS 4454 (Part 4): 2001, IS11946: 1987 & IS 11947: 1987 Extension in date of enforcement order (namely IS 1110: 1990 & IS 4409: 1973) Extension in date of enforcement order (namely IS 14331:1995) Extension in date of enforcement order (namely IS 13387:1992) Extension in date of enforcement order ( namely IS 1110: 1990 & IS 4409: 1973) Extension in date of enforcement order (namely IS 1110: 1990 & IS 4409: 1973) , dated 01 November 2022 Extension in date of enforcement order (namely IS 4409: 1973) , dated 06 February 2023 Extension in date of enforcement order (namely IS 4409 : 1973, dated 25th July 2023) Steel and Steel Products (Quality Control) Order, 2024 S.O. 574(E) dated on 5th February, 2024 Extension in date of enforcement order (namely IS 4409: 2023, dated 01 May 2024) Extension in date of enforcement order (namely IS 4409:2023, dated 01st August 2024) Steel & Steel Products (Quality Control) Order, 2024 S.O. 3716(E), dated 29th August 2024 Steel & Steel Products (Quality Control) Amendment Order, 2025 S.O.5134(E) Dated 20 November, 2025 Steel & Steel Products (Quality Control) Amendment Order, 2026 S.O.3300(E) Dated 22 June, 2026",https://www.bis.gov.in/product-certification/products-under-compulsory-certification/scheme-i-mark-scheme/?lang=en,IS 7557
IS 8052: 2006,"Steel ingots, billets and blooms for the production of springs, rivets and screws for general engineering applications – Specification.",Steel and Iron Products,Steel and Iron Products,Yes,"BIS Product Certification (ISI Mark, Scheme I)","10. Steel and Steel Products (Quality Control) Order, 2020 S.O. 756(E) , dated 14-02-2020 Superseded by Steel and Steel Products (Quality Control) Order, 2020 S.O. 1673(E), dated 27-05-2020 Superseded by Steel and Steel Products (Quality Control) Order, 2020 (S.O. 2379(E), dated 17-07-2020) Extension in date of enforcement for Steel Products Order File.No. S-20011/1/2020-TECH dated 22.07.2020 Extension Order Superseded by Steel and Steel Products (Quality Control) Order, 2020 (S.O. 4082(E), dated 12.11.2020) Superseded by Steel and Steel Products (Quality Control) Order, 2020 (S.O. No. 4637 (E) 22/12/2020) Order of extension in the enforcement date for Indian Standards covered under the Quality Control Order (namely IS 3748, IS 7291, and IS 12146) Order of extension in the enforcement date for some Indian Standards covered under the Quality Control Order (namely IS 4398 and IS 3195) Order of extension in the enforcement date for some Indian Standards covered under the Quality Control Order (namely IS 6526,IS 4454 (Part4), IS 11946, IS11947 and IS 12045) Extension in date of enforcement Order (namely IS 1110, IS 4409) Extension in date of enforcement Order (namely IS 4432, IS 5518, IS 12145 , IS 13387, IS 4072 & IS 13352) Extension in date of enforcement Order (namely IS 7226, IS 14331) Extension in date of enforcement Order (namely IS 6529) Extension in date of enforcement Order (namely IS 1993, IS 12591) Extension in the date of enforcement of Quality Control Order on IS 3748, IS 7291 and IS 12146 Order of extension in the date of enforcement of Quality Control Order for Indian Standards IS 4454 (Part 4): 2001, IS11946: 1987 & IS 11947: 1987 Extension in date of enforcement order (namely IS 1110: 1990 & IS 4409: 1973) Extension in date of enforcement order (namely IS 14331:1995) Extension in date of enforcement order (namely IS 13387:1992) Extension in date of enforcement order ( namely IS 1110: 1990 & IS 4409: 1973) Extension in date of enforcement order (namely IS 1110: 1990 & IS 4409: 1973) , dated 01 November 2022 Extension in date of enforcement order (namely IS 4409: 1973) , dated 06 February 2023 Extension in date of enforcement order (namely IS 4409 : 1973, dated 25th July 2023) Steel and Steel Products (Quality Control) Order, 2024 S.O. 574(E) dated on 5th February, 2024 Extension in date of enforcement order (namely IS 4409: 2023, dated 01 May 2024) Extension in date of enforcement order (namely IS 4409:2023, dated 01st August 2024) Steel & Steel Products (Quality Control) Order, 2024 S.O. 3716(E), dated 29th August 2024 Steel & Steel Products (Quality Control) Amendment Order, 2025 S.O.5134(E) Dated 20 November, 2025 Steel & Steel Products (Quality Control) Amendment Order, 2026 S.O.3300(E) Dated 22 June, 2026",https://www.bis.gov.in/product-certification/products-under-compulsory-certification/scheme-i-mark-scheme/?lang=en,IS 8052
IS 8951: 2001,"Steel Cast Billet Ingots, Billets and Blooms for production of High Carbon Steel Wire Rods- Specification",Steel and Iron Products,Steel and Iron Products,Yes,"BIS Product Certification (ISI Mark, Scheme I)","10. Steel and Steel Products (Quality Control) Order, 2020 S.O. 756(E) , dated 14-02-2020 Superseded by Steel and Steel Products (Quality Control) Order, 2020 S.O. 1673(E), dated 27-05-2020 Superseded by Steel and Steel Products (Quality Control) Order, 2020 (S.O. 2379(E), dated 17-07-2020) Extension in date of enforcement for Steel Products Order File.No. S-20011/1/2020-TECH dated 22.07.2020 Extension Order Superseded by Steel and Steel Products (Quality Control) Order, 2020 (S.O. 4082(E), dated 12.11.2020) Superseded by Steel and Steel Products (Quality Control) Order, 2020 (S.O. No. 4637 (E) 22/12/2020) Order of extension in the enforcement date for Indian Standards covered under the Quality Control Order (namely IS 3748, IS 7291, and IS 12146) Order of extension in the enforcement date for some Indian Standards covered under the Quality Control Order (namely IS 4398 and IS 3195) Order of extension in the enforcement date for some Indian Standards covered under the Quality Control Order (namely IS 6526,IS 4454 (Part4), IS 11946, IS11947 and IS 12045) Extension in date of enforcement Order (namely IS 1110, IS 4409) Extension in date of enforcement Order (namely IS 4432, IS 5518, IS 12145 , IS 13387, IS 4072 & IS 13352) Extension in date of enforcement Order (namely IS 7226, IS 14331) Extension in date of enforcement Order (namely IS 6529) Extension in date of enforcement Order (namely IS 1993, IS 12591) Extension in the date of enforcement of Quality Control Order on IS 3748, IS 7291 and IS 12146 Order of extension in the date of enforcement of Quality Control Order for Indian Standards IS 4454 (Part 4): 2001, IS11946: 1987 & IS 11947: 1987 Extension in date of enforcement order (namely IS 1110: 1990 & IS 4409: 1973) Extension in date of enforcement order (namely IS 14331:1995) Extension in date of enforcement order (namely IS 13387:1992) Extension in date of enforcement order ( namely IS 1110: 1990 & IS 4409: 1973) Extension in date of enforcement order (namely IS 1110: 1990 & IS 4409: 1973) , dated 01 November 2022 Extension in date of enforcement order (namely IS 4409: 1973) , dated 06 February 2023 Extension in date of enforcement order (namely IS 4409 : 1973, dated 25th July 2023) Steel and Steel Products (Quality Control) Order, 2024 S.O. 574(E) dated on 5th February, 2024 Extension in date of enforcement order (namely IS 4409: 2023, dated 01 May 2024) Extension in date of enforcement order (namely IS 4409:2023, dated 01st August 2024) Steel & Steel Products (Quality Control) Order, 2024 S.O. 3716(E), dated 29th August 2024 Steel & Steel Products (Quality Control) Amendment Order, 2025 S.O.5134(E) Dated 20 November, 2025 Steel & Steel Products (Quality Control) Amendment Order, 2026 S.O.3300(E) Dated 22 June, 2026",https://www.bis.gov.in/product-certification/products-under-compulsory-certification/scheme-i-mark-scheme/?lang=en,IS 8951
IS 8952: 1995,"Steel ingots, blooms and billets for production of mild steel wire rods for general engineering purposes – Specification",Steel and Iron Products,Steel and Iron Products,Yes,"BIS Product Certification (ISI Mark, Scheme I)","10. Steel and Steel Products (Quality Control) Order, 2020 S.O. 756(E) , dated 14-02-2020 Superseded by Steel and Steel Products (Quality Control) Order, 2020 S.O. 1673(E), dated 27-05-2020 Superseded by Steel and Steel Products (Quality Control) Order, 2020 (S.O. 2379(E), dated 17-07-2020) Extension in date of enforcement for Steel Products Order File.No. S-20011/1/2020-TECH dated 22.07.2020 Extension Order Superseded by Steel and Steel Products (Quality Control) Order, 2020 (S.O. 4082(E), dated 12.11.2020) Superseded by Steel and Steel Products (Quality Control) Order, 2020 (S.O. No. 4637 (E) 22/12/2020) Order of extension in the enforcement date for Indian Standards covered under the Quality Control Order (namely IS 3748, IS 7291, and IS 12146) Order of extension in the enforcement date for some Indian Standards covered under the Quality Control Order (namely IS 4398 and IS 3195) Order of extension in the enforcement date for some Indian Standards covered under the Quality Control Order (namely IS 6526,IS 4454 (Part4), IS 11946, IS11947 and IS 12045) Extension in date of enforcement Order (namely IS 1110, IS 4409) Extension in date of enforcement Order (namely IS 4432, IS 5518, IS 12145 , IS 13387, IS 4072 & IS 13352) Extension in date of enforcement Order (namely IS 7226, IS 14331) Extension in date of enforcement Order (namely IS 6529) Extension in date of enforcement Order (namely IS 1993, IS 12591) Extension in the date of enforcement of Quality Control Order on IS 3748, IS 7291 and IS 12146 Order of extension in the date of enforcement of Quality Control Order for Indian Standards IS 4454 (Part 4): 2001, IS11946: 1987 & IS 11947: 1987 Extension in date of enforcement order (namely IS 1110: 1990 & IS 4409: 1973) Extension in date of enforcement order (namely IS 14331:1995) Extension in date of enforcement order (namely IS 13387:1992) Extension in date of enforcement order ( namely IS 1110: 1990 & IS 4409: 1973) Extension in date of enforcement order (namely IS 1110: 1990 & IS 4409: 1973) , dated 01 November 2022 Extension in date of enforcement order (namely IS 4409: 1973) , dated 06 February 2023 Extension in date of enforcement order (namely IS 4409 : 1973, dated 25th July 2023) Steel and Steel Products (Quality Control) Order, 2024 S.O. 574(E) dated on 5th February, 2024 Extension in date of enforcement order (namely IS 4409: 2023, dated 01 May 2024) Extension in date of enforcement order (namely IS 4409:2023, dated 01st August 2024) Steel & Steel Products (Quality Control) Order, 2024 S.O. 3716(E), dated 29th August 2024 Steel & Steel Products (Quality Control) Amendment Order, 2025 S.O.5134(E) Dated 20 November, 2025 Steel & Steel Products (Quality Control) Amendment Order, 2026 S.O.3300(E) Dated 22 June, 2026",https://www.bis.gov.in/product-certification/products-under-compulsory-certification/scheme-i-mark-scheme/?lang=en,IS 8952
IS 9476: 1980,Specification for Cold rolled steel strips for carbon steel razor blades.,Steel and Iron Products,Steel and Iron Products,Yes,"BIS Product Certification (ISI Mark, Scheme I)","10. Steel and Steel Products (Quality Control) Order, 2020 S.O. 756(E) , dated 14-02-2020 Superseded by Steel and Steel Products (Quality Control) Order, 2020 S.O. 1673(E), dated 27-05-2020 Superseded by Steel and Steel Products (Quality Control) Order, 2020 (S.O. 2379(E), dated 17-07-2020) Extension in date of enforcement for Steel Products Order File.No. S-20011/1/2020-TECH dated 22.07.2020 Extension Order Superseded by Steel and Steel Products (Quality Control) Order, 2020 (S.O. 4082(E), dated 12.11.2020) Superseded by Steel and Steel Products (Quality Control) Order, 2020 (S.O. No. 4637 (E) 22/12/2020) Order of extension in the enforcement date for Indian Standards covered under the Quality Control Order (namely IS 3748, IS 7291, and IS 12146) Order of extension in the enforcement date for some Indian Standards covered under the Quality Control Order (namely IS 4398 and IS 3195) Order of extension in the enforcement date for some Indian Standards covered under the Quality Control Order (namely IS 6526,IS 4454 (Part4), IS 11946, IS11947 and IS 12045) Extension in date of enforcement Order (namely IS 1110, IS 4409) Extension in date of enforcement Order (namely IS 4432, IS 5518, IS 12145 , IS 13387, IS 4072 & IS 13352) Extension in date of enforcement Order (namely IS 7226, IS 14331) Extension in date of enforcement Order (namely IS 6529) Extension in date of enforcement Order (namely IS 1993, IS 12591) Extension in the date of enforcement of Quality Control Order on IS 3748, IS 7291 and IS 12146 Order of extension in the date of enforcement of Quality Control Order for Indian Standards IS 4454 (Part 4): 2001, IS11946: 1987 & IS 11947: 1987 Extension in date of enforcement order (namely IS 1110: 1990 & IS 4409: 1973) Extension in date of enforcement order (namely IS 14331:1995) Extension in date of enforcement order (namely IS 13387:1992) Extension in date of enforcement order ( namely IS 1110: 1990 & IS 4409: 1973) Extension in date of enforcement order (namely IS 1110: 1990 & IS 4409: 1973) , dated 01 November 2022 Extension in date of enforcement order (namely IS 4409: 1973) , dated 06 February 2023 Extension in date of enforcement order (namely IS 4409 : 1973, dated 25th July 2023) Steel and Steel Products (Quality Control) Order, 2024 S.O. 574(E) dated on 5th February, 2024 Extension in date of enforcement order (namely IS 4409: 2023, dated 01 May 2024) Extension in date of enforcement order (namely IS 4409:2023, dated 01st August 2024) Steel & Steel Products (Quality Control) Order, 2024 S.O. 3716(E), dated 29th August 2024 Steel & Steel Products (Quality Control) Amendment Order, 2025 S.O.5134(E) Dated 20 November, 2025 Steel & Steel Products (Quality Control) Amendment Order, 2026 S.O.3300(E) Dated 22 June, 2026",https://www.bis.gov.in/product-certification/products-under-compulsory-certification/scheme-i-mark-scheme/?lang=en,IS 9476
IS 9962: 1981,Specification for Steel Wire for Needles.,Steel and Iron Products,Steel and Iron Products,Yes,"BIS Product Certification (ISI Mark, Scheme I)","10. Steel and Steel Products (Quality Control) Order, 2020 S.O. 756(E) , dated 14-02-2020 Superseded by Steel and Steel Products (Quality Control) Order, 2020 S.O. 1673(E), dated 27-05-2020 Superseded by Steel and Steel Products (Quality Control) Order, 2020 (S.O. 2379(E), dated 17-07-2020) Extension in date of enforcement for Steel Products Order File.No. S-20011/1/2020-TECH dated 22.07.2020 Extension Order Superseded by Steel and Steel Products (Quality Control) Order, 2020 (S.O. 4082(E), dated 12.11.2020) Superseded by Steel and Steel Products (Quality Control) Order, 2020 (S.O. No. 4637 (E) 22/12/2020) Order of extension in the enforcement date for Indian Standards covered under the Quality Control Order (namely IS 3748, IS 7291, and IS 12146) Order of extension in the enforcement date for some Indian Standards covered under the Quality Control Order (namely IS 4398 and IS 3195) Order of extension in the enforcement date for some Indian Standards covered under the Quality Control Order (namely IS 6526,IS 4454 (Part4), IS 11946, IS11947 and IS 12045) Extension in date of enforcement Order (namely IS 1110, IS 4409) Extension in date of enforcement Order (namely IS 4432, IS 5518, IS 12145 , IS 13387, IS 4072 & IS 13352) Extension in date of enforcement Order (namely IS 7226, IS 14331) Extension in date of enforcement Order (namely IS 6529) Extension in date of enforcement Order (namely IS 1993, IS 12591) Extension in the date of enforcement of Quality Control Order on IS 3748, IS 7291 and IS 12146 Order of extension in the date of enforcement of Quality Control Order for Indian Standards IS 4454 (Part 4): 2001, IS11946: 1987 & IS 11947: 1987 Extension in date of enforcement order (namely IS 1110: 1990 & IS 4409: 1973) Extension in date of enforcement order (namely IS 14331:1995) Extension in date of enforcement order (namely IS 13387:1992) Extension in date of enforcement order ( namely IS 1110: 1990 & IS 4409: 1973) Extension in date of enforcement order (namely IS 1110: 1990 & IS 4409: 1973) , dated 01 November 2022 Extension in date of enforcement order (namely IS 4409: 1973) , dated 06 February 2023 Extension in date of enforcement order (namely IS 4409 : 1973, dated 25th July 2023) Steel and Steel Products (Quality Control) Order, 2024 S.O. 574(E) dated on 5th February, 2024 Extension in date of enforcement order (namely IS 4409: 2023, dated 01 May 2024) Extension in date of enforcement order (namely IS 4409:2023, dated 01st August 2024) Steel & Steel Products (Quality Control) Order, 2024 S.O. 3716(E), dated 29th August 2024 Steel & Steel Products (Quality Control) Amendment Order, 2025 S.O.5134(E) Dated 20 November, 2025 Steel & Steel Products (Quality Control) Amendment Order, 2026 S.O.3300(E) Dated 22 June, 2026",https://www.bis.gov.in/product-certification/products-under-compulsory-certification/scheme-i-mark-scheme/?lang=en,IS 9962
IS 17111: 2019 (ISO 683- 17: 2014),Heat-Treated Steels Alloy and Free-Cutting Steels — Ball and Roller Bearing Steels.,Steel and Iron Products,Steel and Iron Products,Yes,"BIS Product Certification (ISI Mark, Scheme I)","10. Steel and Steel Products (Quality Control) Order, 2020 S.O. 756(E) , dated 14-02-2020 Superseded by Steel and Steel Products (Quality Control) Order, 2020 S.O. 1673(E), dated 27-05-2020 Superseded by Steel and Steel Products (Quality Control) Order, 2020 (S.O. 2379(E), dated 17-07-2020) Extension in date of enforcement for Steel Products Order File.No. S-20011/1/2020-TECH dated 22.07.2020 Extension Order Superseded by Steel and Steel Products (Quality Control) Order, 2020 (S.O. 4082(E), dated 12.11.2020) Superseded by Steel and Steel Products (Quality Control) Order, 2020 (S.O. No. 4637 (E) 22/12/2020) Order of extension in the enforcement date for Indian Standards covered under the Quality Control Order (namely IS 3748, IS 7291, and IS 12146) Order of extension in the enforcement date for some Indian Standards covered under the Quality Control Order (namely IS 4398 and IS 3195) Order of extension in the enforcement date for some Indian Standards covered under the Quality Control Order (namely IS 6526,IS 4454 (Part4), IS 11946, IS11947 and IS 12045) Extension in date of enforcement Order (namely IS 1110, IS 4409) Extension in date of enforcement Order (namely IS 4432, IS 5518, IS 12145 , IS 13387, IS 4072 & IS 13352) Extension in date of enforcement Order (namely IS 7226, IS 14331) Extension in date of enforcement Order (namely IS 6529) Extension in date of enforcement Order (namely IS 1993, IS 12591) Extension in the date of enforcement of Quality Control Order on IS 3748, IS 7291 and IS 12146 Order of extension in the date of enforcement of Quality Control Order for Indian Standards IS 4454 (Part 4): 2001, IS11946: 1987 & IS 11947: 1987 Extension in date of enforcement order (namely IS 1110: 1990 & IS 4409: 1973) Extension in date of enforcement order (namely IS 14331:1995) Extension in date of enforcement order (namely IS 13387:1992) Extension in date of enforcement order ( namely IS 1110: 1990 & IS 4409: 1973) Extension in date of enforcement order (namely IS 1110: 1990 & IS 4409: 1973) , dated 01 November 2022 Extension in date of enforcement order (namely IS 4409: 1973) , dated 06 February 2023 Extension in date of enforcement order (namely IS 4409 : 1973, dated 25th July 2023) Steel and Steel Products (Quality Control) Order, 2024 S.O. 574(E) dated on 5th February, 2024 Extension in date of enforcement order (namely IS 4409: 2023, dated 01 May 2024) Extension in date of enforcement order (namely IS 4409:2023, dated 01st August 2024) Steel & Steel Products (Quality Control) Order, 2024 S.O. 3716(E), dated 29th August 2024 Steel & Steel Products (Quality Control) Amendment Order, 2025 S.O.5134(E) Dated 20 November, 2025 Steel & Steel Products (Quality Control) Amendment Order, 2026 S.O.3300(E) Dated 22 June, 2026",https://www.bis.gov.in/product-certification/products-under-compulsory-certification/scheme-i-mark-scheme/?lang=en,IS 17111
IS 14331:1995,Steels for High Temperature Bolting Applications – Specification,Steel and Iron Products,Steel and Iron Products,Yes,"BIS Product Certification (ISI Mark, Scheme I)","10. Steel and Steel Products (Quality Control) Order, 2020 S.O. 756(E) , dated 14-02-2020 Superseded by Steel and Steel Products (Quality Control) Order, 2020 S.O. 1673(E), dated 27-05-2020 Superseded by Steel and Steel Products (Quality Control) Order, 2020 (S.O. 2379(E), dated 17-07-2020) Extension in date of enforcement for Steel Products Order File.No. S-20011/1/2020-TECH dated 22.07.2020 Extension Order Superseded by Steel and Steel Products (Quality Control) Order, 2020 (S.O. 4082(E), dated 12.11.2020) Superseded by Steel and Steel Products (Quality Control) Order, 2020 (S.O. No. 4637 (E) 22/12/2020) Order of extension in the enforcement date for Indian Standards covered under the Quality Control Order (namely IS 3748, IS 7291, and IS 12146) Order of extension in the enforcement date for some Indian Standards covered under the Quality Control Order (namely IS 4398 and IS 3195) Order of extension in the enforcement date for some Indian Standards covered under the Quality Control Order (namely IS 6526,IS 4454 (Part4), IS 11946, IS11947 and IS 12045) Extension in date of enforcement Order (namely IS 1110, IS 4409) Extension in date of enforcement Order (namely IS 4432, IS 5518, IS 12145 , IS 13387, IS 4072 & IS 13352) Extension in date of enforcement Order (namely IS 7226, IS 14331) Extension in date of enforcement Order (namely IS 6529) Extension in date of enforcement Order (namely IS 1993, IS 12591) Extension in the date of enforcement of Quality Control Order on IS 3748, IS 7291 and IS 12146 Order of extension in the date of enforcement of Quality Control Order for Indian Standards IS 4454 (Part 4): 2001, IS11946: 1987 & IS 11947: 1987 Extension in date of enforcement order (namely IS 1110: 1990 & IS 4409: 1973) Extension in date of enforcement order (namely IS 14331:1995) Extension in date of enforcement order (namely IS 13387:1992) Extension in date of enforcement order ( namely IS 1110: 1990 & IS 4409: 1973) Extension in date of enforcement order (namely IS 1110: 1990 & IS 4409: 1973) , dated 01 November 2022 Extension in date of enforcement order (namely IS 4409: 1973) , dated 06 February 2023 Extension in date of enforcement order (namely IS 4409 : 1973, dated 25th July 2023) Steel and Steel Products (Quality Control) Order, 2024 S.O. 574(E) dated on 5th February, 2024 Extension in date of enforcement order (namely IS 4409: 2023, dated 01 May 2024) Extension in date of enforcement order (namely IS 4409:2023, dated 01st August 2024) Steel & Steel Products (Quality Control) Order, 2024 S.O. 3716(E), dated 29th August 2024 Steel & Steel Products (Quality Control) Amendment Order, 2025 S.O.5134(E) Dated 20 November, 2025 Steel & Steel Products (Quality Control) Amendment Order, 2026 S.O.3300(E) Dated 22 June, 2026",https://www.bis.gov.in/product-certification/products-under-compulsory-certification/scheme-i-mark-scheme/?lang=en,IS 14331
IS 12594: 1988,Hot-dip Zinc Coating on Structural Steel Bars for Concrete Reinforcement – Specification,Steel and Iron Products,Steel and Iron Products,Yes,"BIS Product Certification (ISI Mark, Scheme I)","10. Steel and Steel Products (Quality Control) Order, 2020 S.O. 756(E) , dated 14-02-2020 Superseded by Steel and Steel Products (Quality Control) Order, 2020 S.O. 1673(E), dated 27-05-2020 Superseded by Steel and Steel Products (Quality Control) Order, 2020 (S.O. 2379(E), dated 17-07-2020) Extension in date of enforcement for Steel Products Order File.No. S-20011/1/2020-TECH dated 22.07.2020 Extension Order Superseded by Steel and Steel Products (Quality Control) Order, 2020 (S.O. 4082(E), dated 12.11.2020) Superseded by Steel and Steel Products (Quality Control) Order, 2020 (S.O. No. 4637 (E) 22/12/2020) Order of extension in the enforcement date for Indian Standards covered under the Quality Control Order (namely IS 3748, IS 7291, and IS 12146) Order of extension in the enforcement date for some Indian Standards covered under the Quality Control Order (namely IS 4398 and IS 3195) Order of extension in the enforcement date for some Indian Standards covered under the Quality Control Order (namely IS 6526,IS 4454 (Part4), IS 11946, IS11947 and IS 12045) Extension in date of enforcement Order (namely IS 1110, IS 4409) Extension in date of enforcement Order (namely IS 4432, IS 5518, IS 12145 , IS 13387, IS 4072 & IS 13352) Extension in date of enforcement Order (namely IS 7226, IS 14331) Extension in date of enforcement Order (namely IS 6529) Extension in date of enforcement Order (namely IS 1993, IS 12591) Extension in the date of enforcement of Quality Control Order on IS 3748, IS 7291 and IS 12146 Order of extension in the date of enforcement of Quality Control Order for Indian Standards IS 4454 (Part 4): 2001, IS11946: 1987 & IS 11947: 1987 Extension in date of enforcement order (namely IS 1110: 1990 & IS 4409: 1973) Extension in date of enforcement order (namely IS 14331:1995) Extension in date of enforcement order (namely IS 13387:1992) Extension in date of enforcement order ( namely IS 1110: 1990 & IS 4409: 1973) Extension in date of enforcement order (namely IS 1110: 1990 & IS 4409: 1973) , dated 01 November 2022 Extension in date of enforcement order (namely IS 4409: 1973) , dated 06 February 2023 Extension in date of enforcement order (namely IS 4409 : 1973, dated 25th July 2023) Steel and Steel Products (Quality Control) Order, 2024 S.O. 574(E) dated on 5th February, 2024 Extension in date of enforcement order (namely IS 4409: 2023, dated 01 May 2024) Extension in date of enforcement order (namely IS 4409:2023, dated 01st August 2024) Steel & Steel Products (Quality Control) Order, 2024 S.O. 3716(E), dated 29th August 2024 Steel & Steel Products (Quality Control) Amendment Order, 2025 S.O.5134(E) Dated 20 November, 2025 Steel & Steel Products (Quality Control) Amendment Order, 2026 S.O.3300(E) Dated 22 June, 2026",https://www.bis.gov.in/product-certification/products-under-compulsory-certification/scheme-i-mark-scheme/?lang=en,IS 12594
IS 14650:1999,"Carbon Steel Cast Billet Ingots, Billets, Blooms and Slabs for Rerolling purposes- Specification",Steel and Iron Products,Steel and Iron Products,Yes,"BIS Product Certification (ISI Mark, Scheme I)","10. Steel and Steel Products (Quality Control) Order, 2020 S.O. 756(E) , dated 14-02-2020 Superseded by Steel and Steel Products (Quality Control) Order, 2020 S.O. 1673(E), dated 27-05-2020 Superseded by Steel and Steel Products (Quality Control) Order, 2020 (S.O. 2379(E), dated 17-07-2020) Extension in date of enforcement for Steel Products Order File.No. S-20011/1/2020-TECH dated 22.07.2020 Extension Order Superseded by Steel and Steel Products (Quality Control) Order, 2020 (S.O. 4082(E), dated 12.11.2020) Superseded by Steel and Steel Products (Quality Control) Order, 2020 (S.O. No. 4637 (E) 22/12/2020) Order of extension in the enforcement date for Indian Standards covered under the Quality Control Order (namely IS 3748, IS 7291, and IS 12146) Order of extension in the enforcement date for some Indian Standards covered under the Quality Control Order (namely IS 4398 and IS 3195) Order of extension in the enforcement date for some Indian Standards covered under the Quality Control Order (namely IS 6526,IS 4454 (Part4), IS 11946, IS11947 and IS 12045) Extension in date of enforcement Order (namely IS 1110, IS 4409) Extension in date of enforcement Order (namely IS 4432, IS 5518, IS 12145 , IS 13387, IS 4072 & IS 13352) Extension in date of enforcement Order (namely IS 7226, IS 14331) Extension in date of enforcement Order (namely IS 6529) Extension in date of enforcement Order (namely IS 1993, IS 12591) Extension in the date of enforcement of Quality Control Order on IS 3748, IS 7291 and IS 12146 Order of extension in the date of enforcement of Quality Control Order for Indian Standards IS 4454 (Part 4): 2001, IS11946: 1987 & IS 11947: 1987 Extension in date of enforcement order (namely IS 1110: 1990 & IS 4409: 1973) Extension in date of enforcement order (namely IS 14331:1995) Extension in date of enforcement order (namely IS 13387:1992) Extension in date of enforcement order ( namely IS 1110: 1990 & IS 4409: 1973) Extension in date of enforcement order (namely IS 1110: 1990 & IS 4409: 1973) , dated 01 November 2022 Extension in date of enforcement order (namely IS 4409: 1973) , dated 06 February 2023 Extension in date of enforcement order (namely IS 4409 : 1973, dated 25th July 2023) Steel and Steel Products (Quality Control) Order, 2024 S.O. 574(E) dated on 5th February, 2024 Extension in date of enforcement order (namely IS 4409: 2023, dated 01 May 2024) Extension in date of enforcement order (namely IS 4409:2023, dated 01st August 2024) Steel & Steel Products (Quality Control) Order, 2024 S.O. 3716(E), dated 29th August 2024 Steel & Steel Products (Quality Control) Amendment Order, 2025 S.O.5134(E) Dated 20 November, 2025 Steel & Steel Products (Quality Control) Amendment Order, 2026 S.O.3300(E) Dated 22 June, 2026",https://www.bis.gov.in/product-certification/products-under-compulsory-certification/scheme-i-mark-scheme/?lang=en,IS 14650
IS 4882: 1979,Specification for Low Carbon Steel Wire for Rivets for use in Bearing Industry,Steel and Iron Products,Steel and Iron Products,Yes,"BIS Product Certification (ISI Mark, Scheme I)","10. Steel and Steel Products (Quality Control) Order, 2020 S.O. 756(E) , dated 14-02-2020 Superseded by Steel and Steel Products (Quality Control) Order, 2020 S.O. 1673(E), dated 27-05-2020 Superseded by Steel and Steel Products (Quality Control) Order, 2020 (S.O. 2379(E), dated 17-07-2020) Extension in date of enforcement for Steel Products Order File.No. S-20011/1/2020-TECH dated 22.07.2020 Extension Order Superseded by Steel and Steel Products (Quality Control) Order, 2020 (S.O. 4082(E), dated 12.11.2020) Superseded by Steel and Steel Products (Quality Control) Order, 2020 (S.O. No. 4637 (E) 22/12/2020) Order of extension in the enforcement date for Indian Standards covered under the Quality Control Order (namely IS 3748, IS 7291, and IS 12146) Order of extension in the enforcement date for some Indian Standards covered under the Quality Control Order (namely IS 4398 and IS 3195) Order of extension in the enforcement date for some Indian Standards covered under the Quality Control Order (namely IS 6526,IS 4454 (Part4), IS 11946, IS11947 and IS 12045) Extension in date of enforcement Order (namely IS 1110, IS 4409) Extension in date of enforcement Order (namely IS 4432, IS 5518, IS 12145 , IS 13387, IS 4072 & IS 13352) Extension in date of enforcement Order (namely IS 7226, IS 14331) Extension in date of enforcement Order (namely IS 6529) Extension in date of enforcement Order (namely IS 1993, IS 12591) Extension in the date of enforcement of Quality Control Order on IS 3748, IS 7291 and IS 12146 Order of extension in the date of enforcement of Quality Control Order for Indian Standards IS 4454 (Part 4): 2001, IS11946: 1987 & IS 11947: 1987 Extension in date of enforcement order (namely IS 1110: 1990 & IS 4409: 1973) Extension in date of enforcement order (namely IS 14331:1995) Extension in date of enforcement order (namely IS 13387:1992) Extension in date of enforcement order ( namely IS 1110: 1990 & IS 4409: 1973) Extension in date of enforcement order (namely IS 1110: 1990 & IS 4409: 1973) , dated 01 November 2022 Extension in date of enforcement order (namely IS 4409: 1973) , dated 06 February 2023 Extension in date of enforcement order (namely IS 4409 : 1973, dated 25th July 2023) Steel and Steel Products (Quality Control) Order, 2024 S.O. 574(E) dated on 5th February, 2024 Extension in date of enforcement order (namely IS 4409: 2023, dated 01 May 2024) Extension in date of enforcement order (namely IS 4409:2023, dated 01st August 2024) Steel & Steel Products (Quality Control) Order, 2024 S.O. 3716(E), dated 29th August 2024 Steel & Steel Products (Quality Control) Amendment Order, 2025 S.O.5134(E) Dated 20 November, 2025 Steel & Steel Products (Quality Control) Amendment Order, 2026 S.O.3300(E) Dated 22 June, 2026",https://www.bis.gov.in/product-certification/products-under-compulsory-certification/scheme-i-mark-scheme/?lang=en,IS 4882
IS 2090:1983,Specification for High Tensile Steel Bars used in Pre-stressed Concrete,Steel and Iron Products,Steel and Iron Products,Yes,"BIS Product Certification (ISI Mark, Scheme I)","10. Steel and Steel Products (Quality Control) Order, 2020 S.O. 756(E) , dated 14-02-2020 Superseded by Steel and Steel Products (Quality Control) Order, 2020 S.O. 1673(E), dated 27-05-2020 Superseded by Steel and Steel Products (Quality Control) Order, 2020 (S.O. 2379(E), dated 17-07-2020) Extension in date of enforcement for Steel Products Order File.No. S-20011/1/2020-TECH dated 22.07.2020 Extension Order Superseded by Steel and Steel Products (Quality Control) Order, 2020 (S.O. 4082(E), dated 12.11.2020) Superseded by Steel and Steel Products (Quality Control) Order, 2020 (S.O. No. 4637 (E) 22/12/2020) Order of extension in the enforcement date for Indian Standards covered under the Quality Control Order (namely IS 3748, IS 7291, and IS 12146) Order of extension in the enforcement date for some Indian Standards covered under the Quality Control Order (namely IS 4398 and IS 3195) Order of extension in the enforcement date for some Indian Standards covered under the Quality Control Order (namely IS 6526,IS 4454 (Part4), IS 11946, IS11947 and IS 12045) Extension in date of enforcement Order (namely IS 1110, IS 4409) Extension in date of enforcement Order (namely IS 4432, IS 5518, IS 12145 , IS 13387, IS 4072 & IS 13352) Extension in date of enforcement Order (namely IS 7226, IS 14331) Extension in date of enforcement Order (namely IS 6529) Extension in date of enforcement Order (namely IS 1993, IS 12591) Extension in the date of enforcement of Quality Control Order on IS 3748, IS 7291 and IS 12146 Order of extension in the date of enforcement of Quality Control Order for Indian Standards IS 4454 (Part 4): 2001, IS11946: 1987 & IS 11947: 1987 Extension in date of enforcement order (namely IS 1110: 1990 & IS 4409: 1973) Extension in date of enforcement order (namely IS 14331:1995) Extension in date of enforcement order (namely IS 13387:1992) Extension in date of enforcement order ( namely IS 1110: 1990 & IS 4409: 1973) Extension in date of enforcement order (namely IS 1110: 1990 & IS 4409: 1973) , dated 01 November 2022 Extension in date of enforcement order (namely IS 4409: 1973) , dated 06 February 2023 Extension in date of enforcement order (namely IS 4409 : 1973, dated 25th July 2023) Steel and Steel Products (Quality Control) Order, 2024 S.O. 574(E) dated on 5th February, 2024 Extension in date of enforcement order (namely IS 4409: 2023, dated 01 May 2024) Extension in date of enforcement order (namely IS 4409:2023, dated 01st August 2024) Steel & Steel Products (Quality Control) Order, 2024 S.O. 3716(E), dated 29th August 2024 Steel & Steel Products (Quality Control) Amendment Order, 2025 S.O.5134(E) Dated 20 November, 2025 Steel & Steel Products (Quality Control) Amendment Order, 2026 S.O.3300(E) Dated 22 June, 2026",https://www.bis.gov.in/product-certification/products-under-compulsory-certification/scheme-i-mark-scheme/?lang=en,IS 2090
IS 6529:1996,Stainless Steel Blooms Billets And Slabs For Forging,Steel and Iron Products,Steel and Iron Products,Yes,"BIS Product Certification (ISI Mark, Scheme I)","10. Steel and Steel Products (Quality Control) Order, 2020 S.O. 756(E) , dated 14-02-2020 Superseded by Steel and Steel Products (Quality Control) Order, 2020 S.O. 1673(E), dated 27-05-2020 Superseded by Steel and Steel Products (Quality Control) Order, 2020 (S.O. 2379(E), dated 17-07-2020) Extension in date of enforcement for Steel Products Order File.No. S-20011/1/2020-TECH dated 22.07.2020 Extension Order Superseded by Steel and Steel Products (Quality Control) Order, 2020 (S.O. 4082(E), dated 12.11.2020) Superseded by Steel and Steel Products (Quality Control) Order, 2020 (S.O. No. 4637 (E) 22/12/2020) Order of extension in the enforcement date for Indian Standards covered under the Quality Control Order (namely IS 3748, IS 7291, and IS 12146) Order of extension in the enforcement date for some Indian Standards covered under the Quality Control Order (namely IS 4398 and IS 3195) Order of extension in the enforcement date for some Indian Standards covered under the Quality Control Order (namely IS 6526,IS 4454 (Part4), IS 11946, IS11947 and IS 12045) Extension in date of enforcement Order (namely IS 1110, IS 4409) Extension in date of enforcement Order (namely IS 4432, IS 5518, IS 12145 , IS 13387, IS 4072 & IS 13352) Extension in date of enforcement Order (namely IS 7226, IS 14331) Extension in date of enforcement Order (namely IS 6529) Extension in date of enforcement Order (namely IS 1993, IS 12591) Extension in the date of enforcement of Quality Control Order on IS 3748, IS 7291 and IS 12146 Order of extension in the date of enforcement of Quality Control Order for Indian Standards IS 4454 (Part 4): 2001, IS11946: 1987 & IS 11947: 1987 Extension in date of enforcement order (namely IS 1110: 1990 & IS 4409: 1973) Extension in date of enforcement order (namely IS 14331:1995) Extension in date of enforcement order (namely IS 13387:1992) Extension in date of enforcement order ( namely IS 1110: 1990 & IS 4409: 1973) Extension in date of enforcement order (namely IS 1110: 1990 & IS 4409: 1973) , dated 01 November 2022 Extension in date of enforcement order (namely IS 4409: 1973) , dated 06 February 2023 Extension in date of enforcement order (namely IS 4409 : 1973, dated 25th July 2023) Steel and Steel Products (Quality Control) Order, 2024 S.O. 574(E) dated on 5th February, 2024 Extension in date of enforcement order (namely IS 4409: 2023, dated 01 May 2024) Extension in date of enforcement order (namely IS 4409:2023, dated 01st August 2024) Steel & Steel Products (Quality Control) Order, 2024 S.O. 3716(E), dated 29th August 2024 Steel & Steel Products (Quality Control) Amendment Order, 2025 S.O.5134(E) Dated 20 November, 2025 Steel & Steel Products (Quality Control) Amendment Order, 2026 S.O.3300(E) Dated 22 June, 2026",https://www.bis.gov.in/product-certification/products-under-compulsory-certification/scheme-i-mark-scheme/?lang=en,IS 6529
IS 9294:1979,Cold-Rolled Stainless Steel Strips for Razor Blades,Steel and Iron Products,Steel and Iron Products,Yes,"BIS Product Certification (ISI Mark, Scheme I)","10. Steel and Steel Products (Quality Control) Order, 2020 S.O. 756(E) , dated 14-02-2020 Superseded by Steel and Steel Products (Quality Control) Order, 2020 S.O. 1673(E), dated 27-05-2020 Superseded by Steel and Steel Products (Quality Control) Order, 2020 (S.O. 2379(E), dated 17-07-2020) Extension in date of enforcement for Steel Products Order File.No. S-20011/1/2020-TECH dated 22.07.2020 Extension Order Superseded by Steel and Steel Products (Quality Control) Order, 2020 (S.O. 4082(E), dated 12.11.2020) Superseded by Steel and Steel Products (Quality Control) Order, 2020 (S.O. No. 4637 (E) 22/12/2020) Order of extension in the enforcement date for Indian Standards covered under the Quality Control Order (namely IS 3748, IS 7291, and IS 12146) Order of extension in the enforcement date for some Indian Standards covered under the Quality Control Order (namely IS 4398 and IS 3195) Order of extension in the enforcement date for some Indian Standards covered under the Quality Control Order (namely IS 6526,IS 4454 (Part4), IS 11946, IS11947 and IS 12045) Extension in date of enforcement Order (namely IS 1110, IS 4409) Extension in date of enforcement Order (namely IS 4432, IS 5518, IS 12145 , IS 13387, IS 4072 & IS 13352) Extension in date of enforcement Order (namely IS 7226, IS 14331) Extension in date of enforcement Order (namely IS 6529) Extension in date of enforcement Order (namely IS 1993, IS 12591) Extension in the date of enforcement of Quality Control Order on IS 3748, IS 7291 and IS 12146 Order of extension in the date of enforcement of Quality Control Order for Indian Standards IS 4454 (Part 4): 2001, IS11946: 1987 & IS 11947: 1987 Extension in date of enforcement order (namely IS 1110: 1990 & IS 4409: 1973) Extension in date of enforcement order (namely IS 14331:1995) Extension in date of enforcement order (namely IS 13387:1992) Extension in date of enforcement order ( namely IS 1110: 1990 & IS 4409: 1973) Extension in date of enforcement order (namely IS 1110: 1990 & IS 4409: 1973) , dated 01 November 2022 Extension in date of enforcement order (namely IS 4409: 1973) , dated 06 February 2023 Extension in date of enforcement order (namely IS 4409 : 1973, dated 25th July 2023) Steel and Steel Products (Quality Control) Order, 2024 S.O. 574(E) dated on 5th February, 2024 Extension in date of enforcement order (namely IS 4409: 2023, dated 01 May 2024) Extension in date of enforcement order (namely IS 4409:2023, dated 01st August 2024) Steel & Steel Products (Quality Control) Order, 2024 S.O. 3716(E), dated 29th August 2024 Steel & Steel Products (Quality Control) Amendment Order, 2025 S.O.5134(E) Dated 20 November, 2025 Steel & Steel Products (Quality Control) Amendment Order, 2026 S.O.3300(E) Dated 22 June, 2026",https://www.bis.gov.in/product-certification/products-under-compulsory-certification/scheme-i-mark-scheme/?lang=en,IS 9294
IS 10631:1983,Stainless Steel for welding electrode core wire,Steel and Iron Products,Steel and Iron Products,Yes,"BIS Product Certification (ISI Mark, Scheme I)","10. Steel and Steel Products (Quality Control) Order, 2020 S.O. 756(E) , dated 14-02-2020 Superseded by Steel and Steel Products (Quality Control) Order, 2020 S.O. 1673(E), dated 27-05-2020 Superseded by Steel and Steel Products (Quality Control) Order, 2020 (S.O. 2379(E), dated 17-07-2020) Extension in date of enforcement for Steel Products Order File.No. S-20011/1/2020-TECH dated 22.07.2020 Extension Order Superseded by Steel and Steel Products (Quality Control) Order, 2020 (S.O. 4082(E), dated 12.11.2020) Superseded by Steel and Steel Products (Quality Control) Order, 2020 (S.O. No. 4637 (E) 22/12/2020) Order of extension in the enforcement date for Indian Standards covered under the Quality Control Order (namely IS 3748, IS 7291, and IS 12146) Order of extension in the enforcement date for some Indian Standards covered under the Quality Control Order (namely IS 4398 and IS 3195) Order of extension in the enforcement date for some Indian Standards covered under the Quality Control Order (namely IS 6526,IS 4454 (Part4), IS 11946, IS11947 and IS 12045) Extension in date of enforcement Order (namely IS 1110, IS 4409) Extension in date of enforcement Order (namely IS 4432, IS 5518, IS 12145 , IS 13387, IS 4072 & IS 13352) Extension in date of enforcement Order (namely IS 7226, IS 14331) Extension in date of enforcement Order (namely IS 6529) Extension in date of enforcement Order (namely IS 1993, IS 12591) Extension in the date of enforcement of Quality Control Order on IS 3748, IS 7291 and IS 12146 Order of extension in the date of enforcement of Quality Control Order for Indian Standards IS 4454 (Part 4): 2001, IS11946: 1987 & IS 11947: 1987 Extension in date of enforcement order (namely IS 1110: 1990 & IS 4409: 1973) Extension in date of enforcement order (namely IS 14331:1995) Extension in date of enforcement order (namely IS 13387:1992) Extension in date of enforcement order ( namely IS 1110: 1990 & IS 4409: 1973) Extension in date of enforcement order (namely IS 1110: 1990 & IS 4409: 1973) , dated 01 November 2022 Extension in date of enforcement order (namely IS 4409: 1973) , dated 06 February 2023 Extension in date of enforcement order (namely IS 4409 : 1973, dated 25th July 2023) Steel and Steel Products (Quality Control) Order, 2024 S.O. 574(E) dated on 5th February, 2024 Extension in date of enforcement order (namely IS 4409: 2023, dated 01 May 2024) Extension in date of enforcement order (namely IS 4409:2023, dated 01st August 2024) Steel & Steel Products (Quality Control) Order, 2024 S.O. 3716(E), dated 29th August 2024 Steel & Steel Products (Quality Control) Amendment Order, 2025 S.O.5134(E) Dated 20 November, 2025 Steel & Steel Products (Quality Control) Amendment Order, 2026 S.O.3300(E) Dated 22 June, 2026",https://www.bis.gov.in/product-certification/products-under-compulsory-certification/scheme-i-mark-scheme/?lang=en,IS 10631
IS 10632 (Part 2):1983,Specification for Non Magnetic stainless steel for electrical applications Part 2 Specific requirements for binding wire.,Steel and Iron Products,Steel and Iron Products,Yes,"BIS Product Certification (ISI Mark, Scheme I)","10. Steel and Steel Products (Quality Control) Order, 2020 S.O. 756(E) , dated 14-02-2020 Superseded by Steel and Steel Products (Quality Control) Order, 2020 S.O. 1673(E), dated 27-05-2020 Superseded by Steel and Steel Products (Quality Control) Order, 2020 (S.O. 2379(E), dated 17-07-2020) Extension in date of enforcement for Steel Products Order File.No. S-20011/1/2020-TECH dated 22.07.2020 Extension Order Superseded by Steel and Steel Products (Quality Control) Order, 2020 (S.O. 4082(E), dated 12.11.2020) Superseded by Steel and Steel Products (Quality Control) Order, 2020 (S.O. No. 4637 (E) 22/12/2020) Order of extension in the enforcement date for Indian Standards covered under the Quality Control Order (namely IS 3748, IS 7291, and IS 12146) Order of extension in the enforcement date for some Indian Standards covered under the Quality Control Order (namely IS 4398 and IS 3195) Order of extension in the enforcement date for some Indian Standards covered under the Quality Control Order (namely IS 6526,IS 4454 (Part4), IS 11946, IS11947 and IS 12045) Extension in date of enforcement Order (namely IS 1110, IS 4409) Extension in date of enforcement Order (namely IS 4432, IS 5518, IS 12145 , IS 13387, IS 4072 & IS 13352) Extension in date of enforcement Order (namely IS 7226, IS 14331) Extension in date of enforcement Order (namely IS 6529) Extension in date of enforcement Order (namely IS 1993, IS 12591) Extension in the date of enforcement of Quality Control Order on IS 3748, IS 7291 and IS 12146 Order of extension in the date of enforcement of Quality Control Order for Indian Standards IS 4454 (Part 4): 2001, IS11946: 1987 & IS 11947: 1987 Extension in date of enforcement order (namely IS 1110: 1990 & IS 4409: 1973) Extension in date of enforcement order (namely IS 14331:1995) Extension in date of enforcement order (namely IS 13387:1992) Extension in date of enforcement order ( namely IS 1110: 1990 & IS 4409: 1973) Extension in date of enforcement order (namely IS 1110: 1990 & IS 4409: 1973) , dated 01 November 2022 Extension in date of enforcement order (namely IS 4409: 1973) , dated 06 February 2023 Extension in date of enforcement order (namely IS 4409 : 1973, dated 25th July 2023) Steel and Steel Products (Quality Control) Order, 2024 S.O. 574(E) dated on 5th February, 2024 Extension in date of enforcement order (namely IS 4409: 2023, dated 01 May 2024) Extension in date of enforcement order (namely IS 4409:2023, dated 01st August 2024) Steel & Steel Products (Quality Control) Order, 2024 S.O. 3716(E), dated 29th August 2024 Steel & Steel Products (Quality Control) Amendment Order, 2025 S.O.5134(E) Dated 20 November, 2025 Steel & Steel Products (Quality Control) Amendment Order, 2026 S.O.3300(E) Dated 22 June, 2026",https://www.bis.gov.in/product-certification/products-under-compulsory-certification/scheme-i-mark-scheme/?lang=en,IS 10632
IS 10632 (Part 3):1983,"Specification for Non Magnetic stainless steel for electrical applications Part 3 Specific requirements for sheets, strips and plates.",Steel and Iron Products,Steel and Iron Products,Yes,"BIS Product Certification (ISI Mark, Scheme I)","10. Steel and Steel Products (Quality Control) Order, 2020 S.O. 756(E) , dated 14-02-2020 Superseded by Steel and Steel Products (Quality Control) Order, 2020 S.O. 1673(E), dated 27-05-2020 Superseded by Steel and Steel Products (Quality Control) Order, 2020 (S.O. 2379(E), dated 17-07-2020) Extension in date of enforcement for Steel Products Order File.No. S-20011/1/2020-TECH dated 22.07.2020 Extension Order Superseded by Steel and Steel Products (Quality Control) Order, 2020 (S.O. 4082(E), dated 12.11.2020) Superseded by Steel and Steel Products (Quality Control) Order, 2020 (S.O. No. 4637 (E) 22/12/2020) Order of extension in the enforcement date for Indian Standards covered under the Quality Control Order (namely IS 3748, IS 7291, and IS 12146) Order of extension in the enforcement date for some Indian Standards covered under the Quality Control Order (namely IS 4398 and IS 3195) Order of extension in the enforcement date for some Indian Standards covered under the Quality Control Order (namely IS 6526,IS 4454 (Part4), IS 11946, IS11947 and IS 12045) Extension in date of enforcement Order (namely IS 1110, IS 4409) Extension in date of enforcement Order (namely IS 4432, IS 5518, IS 12145 , IS 13387, IS 4072 & IS 13352) Extension in date of enforcement Order (namely IS 7226, IS 14331) Extension in date of enforcement Order (namely IS 6529) Extension in date of enforcement Order (namely IS 1993, IS 12591) Extension in the date of enforcement of Quality Control Order on IS 3748, IS 7291 and IS 12146 Order of extension in the date of enforcement of Quality Control Order for Indian Standards IS 4454 (Part 4): 2001, IS11946: 1987 & IS 11947: 1987 Extension in date of enforcement order (namely IS 1110: 1990 & IS 4409: 1973) Extension in date of enforcement order (namely IS 14331:1995) Extension in date of enforcement order (namely IS 13387:1992) Extension in date of enforcement order ( namely IS 1110: 1990 & IS 4409: 1973) Extension in date of enforcement order (namely IS 1110: 1990 & IS 4409: 1973) , dated 01 November 2022 Extension in date of enforcement order (namely IS 4409: 1973) , dated 06 February 2023 Extension in date of enforcement order (namely IS 4409 : 1973, dated 25th July 2023) Steel and Steel Products (Quality Control) Order, 2024 S.O. 574(E) dated on 5th February, 2024 Extension in date of enforcement order (namely IS 4409: 2023, dated 01 May 2024) Extension in date of enforcement order (namely IS 4409:2023, dated 01st August 2024) Steel & Steel Products (Quality Control) Order, 2024 S.O. 3716(E), dated 29th August 2024 Steel & Steel Products (Quality Control) Amendment Order, 2025 S.O.5134(E) Dated 20 November, 2025 Steel & Steel Products (Quality Control) Amendment Order, 2026 S.O.3300(E) Dated 22 June, 2026",https://www.bis.gov.in/product-certification/products-under-compulsory-certification/scheme-i-mark-scheme/?lang=en,IS 10632
IS 11169 (Part 2): 1989,Steels for cold heading/cold extrusion applications – specification Part 2 Stainless steel,Steel and Iron Products,Steel and Iron Products,Yes,"BIS Product Certification (ISI Mark, Scheme I)","10. Steel and Steel Products (Quality Control) Order, 2020 S.O. 756(E) , dated 14-02-2020 Superseded by Steel and Steel Products (Quality Control) Order, 2020 S.O. 1673(E), dated 27-05-2020 Superseded by Steel and Steel Products (Quality Control) Order, 2020 (S.O. 2379(E), dated 17-07-2020) Extension in date of enforcement for Steel Products Order File.No. S-20011/1/2020-TECH dated 22.07.2020 Extension Order Superseded by Steel and Steel Products (Quality Control) Order, 2020 (S.O. 4082(E), dated 12.11.2020) Superseded by Steel and Steel Products (Quality Control) Order, 2020 (S.O. No. 4637 (E) 22/12/2020) Order of extension in the enforcement date for Indian Standards covered under the Quality Control Order (namely IS 3748, IS 7291, and IS 12146) Order of extension in the enforcement date for some Indian Standards covered under the Quality Control Order (namely IS 4398 and IS 3195) Order of extension in the enforcement date for some Indian Standards covered under the Quality Control Order (namely IS 6526,IS 4454 (Part4), IS 11946, IS11947 and IS 12045) Extension in date of enforcement Order (namely IS 1110, IS 4409) Extension in date of enforcement Order (namely IS 4432, IS 5518, IS 12145 , IS 13387, IS 4072 & IS 13352) Extension in date of enforcement Order (namely IS 7226, IS 14331) Extension in date of enforcement Order (namely IS 6529) Extension in date of enforcement Order (namely IS 1993, IS 12591) Extension in the date of enforcement of Quality Control Order on IS 3748, IS 7291 and IS 12146 Order of extension in the date of enforcement of Quality Control Order for Indian Standards IS 4454 (Part 4): 2001, IS11946: 1987 & IS 11947: 1987 Extension in date of enforcement order (namely IS 1110: 1990 & IS 4409: 1973) Extension in date of enforcement order (namely IS 14331:1995) Extension in date of enforcement order (namely IS 13387:1992) Extension in date of enforcement order ( namely IS 1110: 1990 & IS 4409: 1973) Extension in date of enforcement order (namely IS 1110: 1990 & IS 4409: 1973) , dated 01 November 2022 Extension in date of enforcement order (namely IS 4409: 1973) , dated 06 February 2023 Extension in date of enforcement order (namely IS 4409 : 1973, dated 25th July 2023) Steel and Steel Products (Quality Control) Order, 2024 S.O. 574(E) dated on 5th February, 2024 Extension in date of enforcement order (namely IS 4409: 2023, dated 01 May 2024) Extension in date of enforcement order (namely IS 4409:2023, dated 01st August 2024) Steel & Steel Products (Quality Control) Order, 2024 S.O. 3716(E), dated 29th August 2024 Steel & Steel Products (Quality Control) Amendment Order, 2025 S.O.5134(E) Dated 20 November, 2025 Steel & Steel Products (Quality Control) Amendment Order, 2026 S.O.3300(E) Dated 22 June, 2026",https://www.bis.gov.in/product-certification/products-under-compulsory-certification/scheme-i-mark-scheme/?lang=en,IS 11169
IS 5651:1987,Steels for Pneumatic Tools,Steel and Iron Products,Steel and Iron Products,Yes,"BIS Product Certification (ISI Mark, Scheme I)","10. Steel and Steel Products (Quality Control) Order, 2020 S.O. 756(E) , dated 14-02-2020 Superseded by Steel and Steel Products (Quality Control) Order, 2020 S.O. 1673(E), dated 27-05-2020 Superseded by Steel and Steel Products (Quality Control) Order, 2020 (S.O. 2379(E), dated 17-07-2020) Extension in date of enforcement for Steel Products Order File.No. S-20011/1/2020-TECH dated 22.07.2020 Extension Order Superseded by Steel and Steel Products (Quality Control) Order, 2020 (S.O. 4082(E), dated 12.11.2020) Superseded by Steel and Steel Products (Quality Control) Order, 2020 (S.O. No. 4637 (E) 22/12/2020) Order of extension in the enforcement date for Indian Standards covered under the Quality Control Order (namely IS 3748, IS 7291, and IS 12146) Order of extension in the enforcement date for some Indian Standards covered under the Quality Control Order (namely IS 4398 and IS 3195) Order of extension in the enforcement date for some Indian Standards covered under the Quality Control Order (namely IS 6526,IS 4454 (Part4), IS 11946, IS11947 and IS 12045) Extension in date of enforcement Order (namely IS 1110, IS 4409) Extension in date of enforcement Order (namely IS 4432, IS 5518, IS 12145 , IS 13387, IS 4072 & IS 13352) Extension in date of enforcement Order (namely IS 7226, IS 14331) Extension in date of enforcement Order (namely IS 6529) Extension in date of enforcement Order (namely IS 1993, IS 12591) Extension in the date of enforcement of Quality Control Order on IS 3748, IS 7291 and IS 12146 Order of extension in the date of enforcement of Quality Control Order for Indian Standards IS 4454 (Part 4): 2001, IS11946: 1987 & IS 11947: 1987 Extension in date of enforcement order (namely IS 1110: 1990 & IS 4409: 1973) Extension in date of enforcement order (namely IS 14331:1995) Extension in date of enforcement order (namely IS 13387:1992) Extension in date of enforcement order ( namely IS 1110: 1990 & IS 4409: 1973) Extension in date of enforcement order (namely IS 1110: 1990 & IS 4409: 1973) , dated 01 November 2022 Extension in date of enforcement order (namely IS 4409: 1973) , dated 06 February 2023 Extension in date of enforcement order (namely IS 4409 : 1973, dated 25th July 2023) Steel and Steel Products (Quality Control) Order, 2024 S.O. 574(E) dated on 5th February, 2024 Extension in date of enforcement order (namely IS 4409: 2023, dated 01 May 2024) Extension in date of enforcement order (namely IS 4409:2023, dated 01st August 2024) Steel & Steel Products (Quality Control) Order, 2024 S.O. 3716(E), dated 29th August 2024 Steel & Steel Products (Quality Control) Amendment Order, 2025 S.O.5134(E) Dated 20 November, 2025 Steel & Steel Products (Quality Control) Amendment Order, 2026 S.O.3300(E) Dated 22 June, 2026",https://www.bis.gov.in/product-certification/products-under-compulsory-certification/scheme-i-mark-scheme/?lang=en,IS 5651
IS 9516:1980,Heat Resisting Steels,Steel and Iron Products,Steel and Iron Products,Yes,"BIS Product Certification (ISI Mark, Scheme I)","10. Steel and Steel Products (Quality Control) Order, 2020 S.O. 756(E) , dated 14-02-2020 Superseded by Steel and Steel Products (Quality Control) Order, 2020 S.O. 1673(E), dated 27-05-2020 Superseded by Steel and Steel Products (Quality Control) Order, 2020 (S.O. 2379(E), dated 17-07-2020) Extension in date of enforcement for Steel Products Order File.No. S-20011/1/2020-TECH dated 22.07.2020 Extension Order Superseded by Steel and Steel Products (Quality Control) Order, 2020 (S.O. 4082(E), dated 12.11.2020) Superseded by Steel and Steel Products (Quality Control) Order, 2020 (S.O. No. 4637 (E) 22/12/2020) Order of extension in the enforcement date for Indian Standards covered under the Quality Control Order (namely IS 3748, IS 7291, and IS 12146) Order of extension in the enforcement date for some Indian Standards covered under the Quality Control Order (namely IS 4398 and IS 3195) Order of extension in the enforcement date for some Indian Standards covered under the Quality Control Order (namely IS 6526,IS 4454 (Part4), IS 11946, IS11947 and IS 12045) Extension in date of enforcement Order (namely IS 1110, IS 4409) Extension in date of enforcement Order (namely IS 4432, IS 5518, IS 12145 , IS 13387, IS 4072 & IS 13352) Extension in date of enforcement Order (namely IS 7226, IS 14331) Extension in date of enforcement Order (namely IS 6529) Extension in date of enforcement Order (namely IS 1993, IS 12591) Extension in the date of enforcement of Quality Control Order on IS 3748, IS 7291 and IS 12146 Order of extension in the date of enforcement of Quality Control Order for Indian Standards IS 4454 (Part 4): 2001, IS11946: 1987 & IS 11947: 1987 Extension in date of enforcement order (namely IS 1110: 1990 & IS 4409: 1973) Extension in date of enforcement order (namely IS 14331:1995) Extension in date of enforcement order (namely IS 13387:1992) Extension in date of enforcement order ( namely IS 1110: 1990 & IS 4409: 1973) Extension in date of enforcement order (namely IS 1110: 1990 & IS 4409: 1973) , dated 01 November 2022 Extension in date of enforcement order (namely IS 4409: 1973) , dated 06 February 2023 Extension in date of enforcement order (namely IS 4409 : 1973, dated 25th July 2023) Steel and Steel Products (Quality Control) Order, 2024 S.O. 574(E) dated on 5th February, 2024 Extension in date of enforcement order (namely IS 4409: 2023, dated 01 May 2024) Extension in date of enforcement order (namely IS 4409:2023, dated 01st August 2024) Steel & Steel Products (Quality Control) Order, 2024 S.O. 3716(E), dated 29th August 2024 Steel & Steel Products (Quality Control) Amendment Order, 2025 S.O.5134(E) Dated 20 November, 2025 Steel & Steel Products (Quality Control) Amendment Order, 2026 S.O.3300(E) Dated 22 June, 2026",https://www.bis.gov.in/product-certification/products-under-compulsory-certification/scheme-i-mark-scheme/?lang=en,IS 9516
IS 11952:1986,Steels For Piston Pins (Gudgeon Pins),Steel and Iron Products,Steel and Iron Products,Yes,"BIS Product Certification (ISI Mark, Scheme I)","10. Steel and Steel Products (Quality Control) Order, 2020 S.O. 756(E) , dated 14-02-2020 Superseded by Steel and Steel Products (Quality Control) Order, 2020 S.O. 1673(E), dated 27-05-2020 Superseded by Steel and Steel Products (Quality Control) Order, 2020 (S.O. 2379(E), dated 17-07-2020) Extension in date of enforcement for Steel Products Order File.No. S-20011/1/2020-TECH dated 22.07.2020 Extension Order Superseded by Steel and Steel Products (Quality Control) Order, 2020 (S.O. 4082(E), dated 12.11.2020) Superseded by Steel and Steel Products (Quality Control) Order, 2020 (S.O. No. 4637 (E) 22/12/2020) Order of extension in the enforcement date for Indian Standards covered under the Quality Control Order (namely IS 3748, IS 7291, and IS 12146) Order of extension in the enforcement date for some Indian Standards covered under the Quality Control Order (namely IS 4398 and IS 3195) Order of extension in the enforcement date for some Indian Standards covered under the Quality Control Order (namely IS 6526,IS 4454 (Part4), IS 11946, IS11947 and IS 12045) Extension in date of enforcement Order (namely IS 1110, IS 4409) Extension in date of enforcement Order (namely IS 4432, IS 5518, IS 12145 , IS 13387, IS 4072 & IS 13352) Extension in date of enforcement Order (namely IS 7226, IS 14331) Extension in date of enforcement Order (namely IS 6529) Extension in date of enforcement Order (namely IS 1993, IS 12591) Extension in the date of enforcement of Quality Control Order on IS 3748, IS 7291 and IS 12146 Order of extension in the date of enforcement of Quality Control Order for Indian Standards IS 4454 (Part 4): 2001, IS11946: 1987 & IS 11947: 1987 Extension in date of enforcement order (namely IS 1110: 1990 & IS 4409: 1973) Extension in date of enforcement order (namely IS 14331:1995) Extension in date of enforcement order (namely IS 13387:1992) Extension in date of enforcement order ( namely IS 1110: 1990 & IS 4409: 1973) Extension in date of enforcement order (namely IS 1110: 1990 & IS 4409: 1973) , dated 01 November 2022 Extension in date of enforcement order (namely IS 4409: 1973) , dated 06 February 2023 Extension in date of enforcement order (namely IS 4409 : 1973, dated 25th July 2023) Steel and Steel Products (Quality Control) Order, 2024 S.O. 574(E) dated on 5th February, 2024 Extension in date of enforcement order (namely IS 4409: 2023, dated 01 May 2024) Extension in date of enforcement order (namely IS 4409:2023, dated 01st August 2024) Steel & Steel Products (Quality Control) Order, 2024 S.O. 3716(E), dated 29th August 2024 Steel & Steel Products (Quality Control) Amendment Order, 2025 S.O.5134(E) Dated 20 November, 2025 Steel & Steel Products (Quality Control) Amendment Order, 2026 S.O.3300(E) Dated 22 June, 2026",https://www.bis.gov.in/product-certification/products-under-compulsory-certification/scheme-i-mark-scheme/?lang=en,IS 11952
IS 12045:1987,Alloys Used in Electrical Resistance Metallic Heating Elements,Steel and Iron Products,Steel and Iron Products,Yes,"BIS Product Certification (ISI Mark, Scheme I)","10. Steel and Steel Products (Quality Control) Order, 2020 S.O. 756(E) , dated 14-02-2020 Superseded by Steel and Steel Products (Quality Control) Order, 2020 S.O. 1673(E), dated 27-05-2020 Superseded by Steel and Steel Products (Quality Control) Order, 2020 (S.O. 2379(E), dated 17-07-2020) Extension in date of enforcement for Steel Products Order File.No. S-20011/1/2020-TECH dated 22.07.2020 Extension Order Superseded by Steel and Steel Products (Quality Control) Order, 2020 (S.O. 4082(E), dated 12.11.2020) Superseded by Steel and Steel Products (Quality Control) Order, 2020 (S.O. No. 4637 (E) 22/12/2020) Order of extension in the enforcement date for Indian Standards covered under the Quality Control Order (namely IS 3748, IS 7291, and IS 12146) Order of extension in the enforcement date for some Indian Standards covered under the Quality Control Order (namely IS 4398 and IS 3195) Order of extension in the enforcement date for some Indian Standards covered under the Quality Control Order (namely IS 6526,IS 4454 (Part4), IS 11946, IS11947 and IS 12045) Extension in date of enforcement Order (namely IS 1110, IS 4409) Extension in date of enforcement Order (namely IS 4432, IS 5518, IS 12145 , IS 13387, IS 4072 & IS 13352) Extension in date of enforcement Order (namely IS 7226, IS 14331) Extension in date of enforcement Order (namely IS 6529) Extension in date of enforcement Order (namely IS 1993, IS 12591) Extension in the date of enforcement of Quality Control Order on IS 3748, IS 7291 and IS 12146 Order of extension in the date of enforcement of Quality Control Order for Indian Standards IS 4454 (Part 4): 2001, IS11946: 1987 & IS 11947: 1987 Extension in date of enforcement order (namely IS 1110: 1990 & IS 4409: 1973) Extension in date of enforcement order (namely IS 14331:1995) Extension in date of enforcement order (namely IS 13387:1992) Extension in date of enforcement order ( namely IS 1110: 1990 & IS 4409: 1973) Extension in date of enforcement order (namely IS 1110: 1990 & IS 4409: 1973) , dated 01 November 2022 Extension in date of enforcement order (namely IS 4409: 1973) , dated 06 February 2023 Extension in date of enforcement order (namely IS 4409 : 1973, dated 25th July 2023) Steel and Steel Products (Quality Control) Order, 2024 S.O. 574(E) dated on 5th February, 2024 Extension in date of enforcement order (namely IS 4409: 2023, dated 01 May 2024) Extension in date of enforcement order (namely IS 4409:2023, dated 01st August 2024) Steel & Steel Products (Quality Control) Order, 2024 S.O. 3716(E), dated 29th August 2024 Steel & Steel Products (Quality Control) Amendment Order, 2025 S.O.5134(E) Dated 20 November, 2025 Steel & Steel Products (Quality Control) Amendment Order, 2026 S.O.3300(E) Dated 22 June, 2026",https://www.bis.gov.in/product-certification/products-under-compulsory-certification/scheme-i-mark-scheme/?lang=en,IS 12045
IS 14652:1999,18 Percent Nickel Maraging Steel Bars and Rods,Steel and Iron Products,Steel and Iron Products,Yes,"BIS Product Certification (ISI Mark, Scheme I)","10. Steel and Steel Products (Quality Control) Order, 2020 S.O. 756(E) , dated 14-02-2020 Superseded by Steel and Steel Products (Quality Control) Order, 2020 S.O. 1673(E), dated 27-05-2020 Superseded by Steel and Steel Products (Quality Control) Order, 2020 (S.O. 2379(E), dated 17-07-2020) Extension in date of enforcement for Steel Products Order File.No. S-20011/1/2020-TECH dated 22.07.2020 Extension Order Superseded by Steel and Steel Products (Quality Control) Order, 2020 (S.O. 4082(E), dated 12.11.2020) Superseded by Steel and Steel Products (Quality Control) Order, 2020 (S.O. No. 4637 (E) 22/12/2020) Order of extension in the enforcement date for Indian Standards covered under the Quality Control Order (namely IS 3748, IS 7291, and IS 12146) Order of extension in the enforcement date for some Indian Standards covered under the Quality Control Order (namely IS 4398 and IS 3195) Order of extension in the enforcement date for some Indian Standards covered under the Quality Control Order (namely IS 6526,IS 4454 (Part4), IS 11946, IS11947 and IS 12045) Extension in date of enforcement Order (namely IS 1110, IS 4409) Extension in date of enforcement Order (namely IS 4432, IS 5518, IS 12145 , IS 13387, IS 4072 & IS 13352) Extension in date of enforcement Order (namely IS 7226, IS 14331) Extension in date of enforcement Order (namely IS 6529) Extension in date of enforcement Order (namely IS 1993, IS 12591) Extension in the date of enforcement of Quality Control Order on IS 3748, IS 7291 and IS 12146 Order of extension in the date of enforcement of Quality Control Order for Indian Standards IS 4454 (Part 4): 2001, IS11946: 1987 & IS 11947: 1987 Extension in date of enforcement order (namely IS 1110: 1990 & IS 4409: 1973) Extension in date of enforcement order (namely IS 14331:1995) Extension in date of enforcement order (namely IS 13387:1992) Extension in date of enforcement order ( namely IS 1110: 1990 & IS 4409: 1973) Extension in date of enforcement order (namely IS 1110: 1990 & IS 4409: 1973) , dated 01 November 2022 Extension in date of enforcement order (namely IS 4409: 1973) , dated 06 February 2023 Extension in date of enforcement order (namely IS 4409 : 1973, dated 25th July 2023) Steel and Steel Products (Quality Control) Order, 2024 S.O. 574(E) dated on 5th February, 2024 Extension in date of enforcement order (namely IS 4409: 2023, dated 01 May 2024) Extension in date of enforcement order (namely IS 4409:2023, dated 01st August 2024) Steel & Steel Products (Quality Control) Order, 2024 S.O. 3716(E), dated 29th August 2024 Steel & Steel Products (Quality Control) Amendment Order, 2025 S.O.5134(E) Dated 20 November, 2025 Steel & Steel Products (Quality Control) Amendment Order, 2026 S.O.3300(E) Dated 22 June, 2026",https://www.bis.gov.in/product-certification/products-under-compulsory-certification/scheme-i-mark-scheme/?lang=en,IS 14652
IS 1566:1982,Specification for Hard-drawn Steel Wire Fabric For Concrete Reinforcement,Steel and Iron Products,Steel and Iron Products,Yes,"BIS Product Certification (ISI Mark, Scheme I)","10. Steel and Steel Products (Quality Control) Order, 2020 S.O. 756(E) , dated 14-02-2020 Superseded by Steel and Steel Products (Quality Control) Order, 2020 S.O. 1673(E), dated 27-05-2020 Superseded by Steel and Steel Products (Quality Control) Order, 2020 (S.O. 2379(E), dated 17-07-2020) Extension in date of enforcement for Steel Products Order File.No. S-20011/1/2020-TECH dated 22.07.2020 Extension Order Superseded by Steel and Steel Products (Quality Control) Order, 2020 (S.O. 4082(E), dated 12.11.2020) Superseded by Steel and Steel Products (Quality Control) Order, 2020 (S.O. No. 4637 (E) 22/12/2020) Order of extension in the enforcement date for Indian Standards covered under the Quality Control Order (namely IS 3748, IS 7291, and IS 12146) Order of extension in the enforcement date for some Indian Standards covered under the Quality Control Order (namely IS 4398 and IS 3195) Order of extension in the enforcement date for some Indian Standards covered under the Quality Control Order (namely IS 6526,IS 4454 (Part4), IS 11946, IS11947 and IS 12045) Extension in date of enforcement Order (namely IS 1110, IS 4409) Extension in date of enforcement Order (namely IS 4432, IS 5518, IS 12145 , IS 13387, IS 4072 & IS 13352) Extension in date of enforcement Order (namely IS 7226, IS 14331) Extension in date of enforcement Order (namely IS 6529) Extension in date of enforcement Order (namely IS 1993, IS 12591) Extension in the date of enforcement of Quality Control Order on IS 3748, IS 7291 and IS 12146 Order of extension in the date of enforcement of Quality Control Order for Indian Standards IS 4454 (Part 4): 2001, IS11946: 1987 & IS 11947: 1987 Extension in date of enforcement order (namely IS 1110: 1990 & IS 4409: 1973) Extension in date of enforcement order (namely IS 14331:1995) Extension in date of enforcement order (namely IS 13387:1992) Extension in date of enforcement order ( namely IS 1110: 1990 & IS 4409: 1973) Extension in date of enforcement order (namely IS 1110: 1990 & IS 4409: 1973) , dated 01 November 2022 Extension in date of enforcement order (namely IS 4409: 1973) , dated 06 February 2023 Extension in date of enforcement order (namely IS 4409 : 1973, dated 25th July 2023) Steel and Steel Products (Quality Control) Order, 2024 S.O. 574(E) dated on 5th February, 2024 Extension in date of enforcement order (namely IS 4409: 2023, dated 01 May 2024) Extension in date of enforcement order (namely IS 4409:2023, dated 01st August 2024) Steel & Steel Products (Quality Control) Order, 2024 S.O. 3716(E), dated 29th August 2024 Steel & Steel Products (Quality Control) Amendment Order, 2025 S.O.5134(E) Dated 20 November, 2025 Steel & Steel Products (Quality Control) Amendment Order, 2026 S.O.3300(E) Dated 22 June, 2026",https://www.bis.gov.in/product-certification/products-under-compulsory-certification/scheme-i-mark-scheme/?lang=en,IS 1566
IS 1170: 1992,Ferrochromium – Specification,Steel and Iron Products,Steel and Iron Products,Yes,"BIS Product Certification (ISI Mark, Scheme I)","10. Steel and Steel Products (Quality Control) Order, 2020 S.O. 756(E) , dated 14-02-2020 Superseded by Steel and Steel Products (Quality Control) Order, 2020 S.O. 1673(E), dated 27-05-2020 Superseded by Steel and Steel Products (Quality Control) Order, 2020 (S.O. 2379(E), dated 17-07-2020) Extension in date of enforcement for Steel Products Order File.No. S-20011/1/2020-TECH dated 22.07.2020 Extension Order Superseded by Steel and Steel Products (Quality Control) Order, 2020 (S.O. 4082(E), dated 12.11.2020) Superseded by Steel and Steel Products (Quality Control) Order, 2020 (S.O. No. 4637 (E) 22/12/2020) Order of extension in the enforcement date for Indian Standards covered under the Quality Control Order (namely IS 3748, IS 7291, and IS 12146) Order of extension in the enforcement date for some Indian Standards covered under the Quality Control Order (namely IS 4398 and IS 3195) Order of extension in the enforcement date for some Indian Standards covered under the Quality Control Order (namely IS 6526,IS 4454 (Part4), IS 11946, IS11947 and IS 12045) Extension in date of enforcement Order (namely IS 1110, IS 4409) Extension in date of enforcement Order (namely IS 4432, IS 5518, IS 12145 , IS 13387, IS 4072 & IS 13352) Extension in date of enforcement Order (namely IS 7226, IS 14331) Extension in date of enforcement Order (namely IS 6529) Extension in date of enforcement Order (namely IS 1993, IS 12591) Extension in the date of enforcement of Quality Control Order on IS 3748, IS 7291 and IS 12146 Order of extension in the date of enforcement of Quality Control Order for Indian Standards IS 4454 (Part 4): 2001, IS11946: 1987 & IS 11947: 1987 Extension in date of enforcement order (namely IS 1110: 1990 & IS 4409: 1973) Extension in date of enforcement order (namely IS 14331:1995) Extension in date of enforcement order (namely IS 13387:1992) Extension in date of enforcement order ( namely IS 1110: 1990 & IS 4409: 1973) Extension in date of enforcement order (namely IS 1110: 1990 & IS 4409: 1973) , dated 01 November 2022 Extension in date of enforcement order (namely IS 4409: 1973) , dated 06 February 2023 Extension in date of enforcement order (namely IS 4409 : 1973, dated 25th July 2023) Steel and Steel Products (Quality Control) Order, 2024 S.O. 574(E) dated on 5th February, 2024 Extension in date of enforcement order (namely IS 4409: 2023, dated 01 May 2024) Extension in date of enforcement order (namely IS 4409:2023, dated 01st August 2024) Steel & Steel Products (Quality Control) Order, 2024 S.O. 3716(E), dated 29th August 2024 Steel & Steel Products (Quality Control) Amendment Order, 2025 S.O.5134(E) Dated 20 November, 2025 Steel & Steel Products (Quality Control) Amendment Order, 2026 S.O.3300(E) Dated 22 June, 2026",https://www.bis.gov.in/product-certification/products-under-compulsory-certification/scheme-i-mark-scheme/?lang=en,IS 1170
IS 11946:1987,Soft Magnetic Iron Strips,Steel and Iron Products,Steel and Iron Products,Yes,"BIS Product Certification (ISI Mark, Scheme I)","10. Steel and Steel Products (Quality Control) Order, 2020 S.O. 756(E) , dated 14-02-2020 Superseded by Steel and Steel Products (Quality Control) Order, 2020 S.O. 1673(E), dated 27-05-2020 Superseded by Steel and Steel Products (Quality Control) Order, 2020 (S.O. 2379(E), dated 17-07-2020) Extension in date of enforcement for Steel Products Order File.No. S-20011/1/2020-TECH dated 22.07.2020 Extension Order Superseded by Steel and Steel Products (Quality Control) Order, 2020 (S.O. 4082(E), dated 12.11.2020) Superseded by Steel and Steel Products (Quality Control) Order, 2020 (S.O. No. 4637 (E) 22/12/2020) Order of extension in the enforcement date for Indian Standards covered under the Quality Control Order (namely IS 3748, IS 7291, and IS 12146) Order of extension in the enforcement date for some Indian Standards covered under the Quality Control Order (namely IS 4398 and IS 3195) Order of extension in the enforcement date for some Indian Standards covered under the Quality Control Order (namely IS 6526,IS 4454 (Part4), IS 11946, IS11947 and IS 12045) Extension in date of enforcement Order (namely IS 1110, IS 4409) Extension in date of enforcement Order (namely IS 4432, IS 5518, IS 12145 , IS 13387, IS 4072 & IS 13352) Extension in date of enforcement Order (namely IS 7226, IS 14331) Extension in date of enforcement Order (namely IS 6529) Extension in date of enforcement Order (namely IS 1993, IS 12591) Extension in the date of enforcement of Quality Control Order on IS 3748, IS 7291 and IS 12146 Order of extension in the date of enforcement of Quality Control Order for Indian Standards IS 4454 (Part 4): 2001, IS11946: 1987 & IS 11947: 1987 Extension in date of enforcement order (namely IS 1110: 1990 & IS 4409: 1973) Extension in date of enforcement order (namely IS 14331:1995) Extension in date of enforcement order (namely IS 13387:1992) Extension in date of enforcement order ( namely IS 1110: 1990 & IS 4409: 1973) Extension in date of enforcement order (namely IS 1110: 1990 & IS 4409: 1973) , dated 01 November 2022 Extension in date of enforcement order (namely IS 4409: 1973) , dated 06 February 2023 Extension in date of enforcement order (namely IS 4409 : 1973, dated 25th July 2023) Steel and Steel Products (Quality Control) Order, 2024 S.O. 574(E) dated on 5th February, 2024 Extension in date of enforcement order (namely IS 4409: 2023, dated 01 May 2024) Extension in date of enforcement order (namely IS 4409:2023, dated 01st August 2024) Steel & Steel Products (Quality Control) Order, 2024 S.O. 3716(E), dated 29th August 2024 Steel & Steel Products (Quality Control) Amendment Order, 2025 S.O.5134(E) Dated 20 November, 2025 Steel & Steel Products (Quality Control) Amendment Order, 2026 S.O.3300(E) Dated 22 June, 2026",https://www.bis.gov.in/product-certification/products-under-compulsory-certification/scheme-i-mark-scheme/?lang=en,IS 11946
IS 11947:1987,"Soft Magnetic Iron Rods, Bars Flats and Sections",Steel and Iron Products,Steel and Iron Products,Yes,"BIS Product Certification (ISI Mark, Scheme I)","10. Steel and Steel Products (Quality Control) Order, 2020 S.O. 756(E) , dated 14-02-2020 Superseded by Steel and Steel Products (Quality Control) Order, 2020 S.O. 1673(E), dated 27-05-2020 Superseded by Steel and Steel Products (Quality Control) Order, 2020 (S.O. 2379(E), dated 17-07-2020) Extension in date of enforcement for Steel Products Order File.No. S-20011/1/2020-TECH dated 22.07.2020 Extension Order Superseded by Steel and Steel Products (Quality Control) Order, 2020 (S.O. 4082(E), dated 12.11.2020) Superseded by Steel and Steel Products (Quality Control) Order, 2020 (S.O. No. 4637 (E) 22/12/2020) Order of extension in the enforcement date for Indian Standards covered under the Quality Control Order (namely IS 3748, IS 7291, and IS 12146) Order of extension in the enforcement date for some Indian Standards covered under the Quality Control Order (namely IS 4398 and IS 3195) Order of extension in the enforcement date for some Indian Standards covered under the Quality Control Order (namely IS 6526,IS 4454 (Part4), IS 11946, IS11947 and IS 12045) Extension in date of enforcement Order (namely IS 1110, IS 4409) Extension in date of enforcement Order (namely IS 4432, IS 5518, IS 12145 , IS 13387, IS 4072 & IS 13352) Extension in date of enforcement Order (namely IS 7226, IS 14331) Extension in date of enforcement Order (namely IS 6529) Extension in date of enforcement Order (namely IS 1993, IS 12591) Extension in the date of enforcement of Quality Control Order on IS 3748, IS 7291 and IS 12146 Order of extension in the date of enforcement of Quality Control Order for Indian Standards IS 4454 (Part 4): 2001, IS11946: 1987 & IS 11947: 1987 Extension in date of enforcement order (namely IS 1110: 1990 & IS 4409: 1973) Extension in date of enforcement order (namely IS 14331:1995) Extension in date of enforcement order (namely IS 13387:1992) Extension in date of enforcement order ( namely IS 1110: 1990 & IS 4409: 1973) Extension in date of enforcement order (namely IS 1110: 1990 & IS 4409: 1973) , dated 01 November 2022 Extension in date of enforcement order (namely IS 4409: 1973) , dated 06 February 2023 Extension in date of enforcement order (namely IS 4409 : 1973, dated 25th July 2023) Steel and Steel Products (Quality Control) Order, 2024 S.O. 574(E) dated on 5th February, 2024 Extension in date of enforcement order (namely IS 4409: 2023, dated 01 May 2024) Extension in date of enforcement order (namely IS 4409:2023, dated 01st August 2024) Steel & Steel Products (Quality Control) Order, 2024 S.O. 3716(E), dated 29th August 2024 Steel & Steel Products (Quality Control) Amendment Order, 2025 S.O.5134(E) Dated 20 November, 2025 Steel & Steel Products (Quality Control) Amendment Order, 2026 S.O.3300(E) Dated 22 June, 2026",https://www.bis.gov.in/product-certification/products-under-compulsory-certification/scheme-i-mark-scheme/?lang=en,IS 11947
IS 963: 1958,Chrome molybdenum steel bars and rods for aircraft purposes,Steel and Iron Products,Steel and Iron Products,Yes,"BIS Product Certification (ISI Mark, Scheme I)","10. Steel and Steel Products (Quality Control) Order, 2020 S.O. 756(E) , dated 14-02-2020 Superseded by Steel and Steel Products (Quality Control) Order, 2020 S.O. 1673(E), dated 27-05-2020 Superseded by Steel and Steel Products (Quality Control) Order, 2020 (S.O. 2379(E), dated 17-07-2020) Extension in date of enforcement for Steel Products Order File.No. S-20011/1/2020-TECH dated 22.07.2020 Extension Order Superseded by Steel and Steel Products (Quality Control) Order, 2020 (S.O. 4082(E), dated 12.11.2020) Superseded by Steel and Steel Products (Quality Control) Order, 2020 (S.O. No. 4637 (E) 22/12/2020) Order of extension in the enforcement date for Indian Standards covered under the Quality Control Order (namely IS 3748, IS 7291, and IS 12146) Order of extension in the enforcement date for some Indian Standards covered under the Quality Control Order (namely IS 4398 and IS 3195) Order of extension in the enforcement date for some Indian Standards covered under the Quality Control Order (namely IS 6526,IS 4454 (Part4), IS 11946, IS11947 and IS 12045) Extension in date of enforcement Order (namely IS 1110, IS 4409) Extension in date of enforcement Order (namely IS 4432, IS 5518, IS 12145 , IS 13387, IS 4072 & IS 13352) Extension in date of enforcement Order (namely IS 7226, IS 14331) Extension in date of enforcement Order (namely IS 6529) Extension in date of enforcement Order (namely IS 1993, IS 12591) Extension in the date of enforcement of Quality Control Order on IS 3748, IS 7291 and IS 12146 Order of extension in the date of enforcement of Quality Control Order for Indian Standards IS 4454 (Part 4): 2001, IS11946: 1987 & IS 11947: 1987 Extension in date of enforcement order (namely IS 1110: 1990 & IS 4409: 1973) Extension in date of enforcement order (namely IS 14331:1995) Extension in date of enforcement order (namely IS 13387:1992) Extension in date of enforcement order ( namely IS 1110: 1990 & IS 4409: 1973) Extension in date of enforcement order (namely IS 1110: 1990 & IS 4409: 1973) , dated 01 November 2022 Extension in date of enforcement order (namely IS 4409: 1973) , dated 06 February 2023 Extension in date of enforcement order (namely IS 4409 : 1973, dated 25th July 2023) Steel and Steel Products (Quality Control) Order, 2024 S.O. 574(E) dated on 5th February, 2024 Extension in date of enforcement order (namely IS 4409: 2023, dated 01 May 2024) Extension in date of enforcement order (namely IS 4409:2023, dated 01st August 2024) Steel & Steel Products (Quality Control) Order, 2024 S.O. 3716(E), dated 29th August 2024 Steel & Steel Products (Quality Control) Amendment Order, 2025 S.O.5134(E) Dated 20 November, 2025 Steel & Steel Products (Quality Control) Amendment Order, 2026 S.O.3300(E) Dated 22 June, 2026",https://www.bis.gov.in/product-certification/products-under-compulsory-certification/scheme-i-mark-scheme/?lang=en,IS 963
IS 4454 (Part 4): 2001,Steel Wires for Mechanical Springs- Part 4: Stainless Steel Wire,Steel and Iron Products,Steel and Iron Products,Yes,"BIS Product Certification (ISI Mark, Scheme I)","10. Steel and Steel Products (Quality Control) Order, 2020 S.O. 756(E) , dated 14-02-2020 Superseded by Steel and Steel Products (Quality Control) Order, 2020 S.O. 1673(E), dated 27-05-2020 Superseded by Steel and Steel Products (Quality Control) Order, 2020 (S.O. 2379(E), dated 17-07-2020) Extension in date of enforcement for Steel Products Order File.No. S-20011/1/2020-TECH dated 22.07.2020 Extension Order Superseded by Steel and Steel Products (Quality Control) Order, 2020 (S.O. 4082(E), dated 12.11.2020) Superseded by Steel and Steel Products (Quality Control) Order, 2020 (S.O. No. 4637 (E) 22/12/2020) Order of extension in the enforcement date for Indian Standards covered under the Quality Control Order (namely IS 3748, IS 7291, and IS 12146) Order of extension in the enforcement date for some Indian Standards covered under the Quality Control Order (namely IS 4398 and IS 3195) Order of extension in the enforcement date for some Indian Standards covered under the Quality Control Order (namely IS 6526,IS 4454 (Part4), IS 11946, IS11947 and IS 12045) Extension in date of enforcement Order (namely IS 1110, IS 4409) Extension in date of enforcement Order (namely IS 4432, IS 5518, IS 12145 , IS 13387, IS 4072 & IS 13352) Extension in date of enforcement Order (namely IS 7226, IS 14331) Extension in date of enforcement Order (namely IS 6529) Extension in date of enforcement Order (namely IS 1993, IS 12591) Extension in the date of enforcement of Quality Control Order on IS 3748, IS 7291 and IS 12146 Order of extension in the date of enforcement of Quality Control Order for Indian Standards IS 4454 (Part 4): 2001, IS11946: 1987 & IS 11947: 1987 Extension in date of enforcement order (namely IS 1110: 1990 & IS 4409: 1973) Extension in date of enforcement order (namely IS 14331:1995) Extension in date of enforcement order (namely IS 13387:1992) Extension in date of enforcement order ( namely IS 1110: 1990 & IS 4409: 1973) Extension in date of enforcement order (namely IS 1110: 1990 & IS 4409: 1973) , dated 01 November 2022 Extension in date of enforcement order (namely IS 4409: 1973) , dated 06 February 2023 Extension in date of enforcement order (namely IS 4409 : 1973, dated 25th July 2023) Steel and Steel Products (Quality Control) Order, 2024 S.O. 574(E) dated on 5th February, 2024 Extension in date of enforcement order (namely IS 4409: 2023, dated 01 May 2024) Extension in date of enforcement order (namely IS 4409:2023, dated 01st August 2024) Steel & Steel Products (Quality Control) Order, 2024 S.O. 3716(E), dated 29th August 2024 Steel & Steel Products (Quality Control) Amendment Order, 2025 S.O.5134(E) Dated 20 November, 2025 Steel & Steel Products (Quality Control) Amendment Order, 2026 S.O.3300(E) Dated 22 June, 2026",https://www.bis.gov.in/product-certification/products-under-compulsory-certification/scheme-i-mark-scheme/?lang=en,IS 4454
IS 1993 : 2018,Cold-reduced Electrolytic Tin Plate,Steel and Iron Products,Steel and Iron Products,Yes,"BIS Product Certification (ISI Mark, Scheme I)","10. Steel and Steel Products (Quality Control) Order, 2020 S.O. 756(E) , dated 14-02-2020 Superseded by Steel and Steel Products (Quality Control) Order, 2020 S.O. 1673(E), dated 27-05-2020 Superseded by Steel and Steel Products (Quality Control) Order, 2020 (S.O. 2379(E), dated 17-07-2020) Extension in date of enforcement for Steel Products Order File.No. S-20011/1/2020-TECH dated 22.07.2020 Extension Order Superseded by Steel and Steel Products (Quality Control) Order, 2020 (S.O. 4082(E), dated 12.11.2020) Superseded by Steel and Steel Products (Quality Control) Order, 2020 (S.O. No. 4637 (E) 22/12/2020) Order of extension in the enforcement date for Indian Standards covered under the Quality Control Order (namely IS 3748, IS 7291, and IS 12146) Order of extension in the enforcement date for some Indian Standards covered under the Quality Control Order (namely IS 4398 and IS 3195) Order of extension in the enforcement date for some Indian Standards covered under the Quality Control Order (namely IS 6526,IS 4454 (Part4), IS 11946, IS11947 and IS 12045) Extension in date of enforcement Order (namely IS 1110, IS 4409) Extension in date of enforcement Order (namely IS 4432, IS 5518, IS 12145 , IS 13387, IS 4072 & IS 13352) Extension in date of enforcement Order (namely IS 7226, IS 14331) Extension in date of enforcement Order (namely IS 6529) Extension in date of enforcement Order (namely IS 1993, IS 12591) Extension in the date of enforcement of Quality Control Order on IS 3748, IS 7291 and IS 12146 Order of extension in the date of enforcement of Quality Control Order for Indian Standards IS 4454 (Part 4): 2001, IS11946: 1987 & IS 11947: 1987 Extension in date of enforcement order (namely IS 1110: 1990 & IS 4409: 1973) Extension in date of enforcement order (namely IS 14331:1995) Extension in date of enforcement order (namely IS 13387:1992) Extension in date of enforcement order ( namely IS 1110: 1990 & IS 4409: 1973) Extension in date of enforcement order (namely IS 1110: 1990 & IS 4409: 1973) , dated 01 November 2022 Extension in date of enforcement order (namely IS 4409: 1973) , dated 06 February 2023 Extension in date of enforcement order (namely IS 4409 : 1973, dated 25th July 2023) Steel and Steel Products (Quality Control) Order, 2024 S.O. 574(E) dated on 5th February, 2024 Extension in date of enforcement order (namely IS 4409: 2023, dated 01 May 2024) Extension in date of enforcement order (namely IS 4409:2023, dated 01st August 2024) Steel & Steel Products (Quality Control) Order, 2024 S.O. 3716(E), dated 29th August 2024 Steel & Steel Products (Quality Control) Amendment Order, 2025 S.O.5134(E) Dated 20 November, 2025 Steel & Steel Products (Quality Control) Amendment Order, 2026 S.O.3300(E) Dated 22 June, 2026",https://www.bis.gov.in/product-certification/products-under-compulsory-certification/scheme-i-mark-scheme/?lang=en,IS 1993
IS 12591:2018,Cold-reduced Electrolytic Chromium/Chromium oxide – coated steel,Steel and Iron Products,Steel and Iron Products,Yes,"BIS Product Certification (ISI Mark, Scheme I)","10. Steel and Steel Products (Quality Control) Order, 2020 S.O. 756(E) , dated 14-02-2020 Superseded by Steel and Steel Products (Quality Control) Order, 2020 S.O. 1673(E), dated 27-05-2020 Superseded by Steel and Steel Products (Quality Control) Order, 2020 (S.O. 2379(E), dated 17-07-2020) Extension in date of enforcement for Steel Products Order File.No. S-20011/1/2020-TECH dated 22.07.2020 Extension Order Superseded by Steel and Steel Products (Quality Control) Order, 2020 (S.O. 4082(E), dated 12.11.2020) Superseded by Steel and Steel Products (Quality Control) Order, 2020 (S.O. No. 4637 (E) 22/12/2020) Order of extension in the enforcement date for Indian Standards covered under the Quality Control Order (namely IS 3748, IS 7291, and IS 12146) Order of extension in the enforcement date for some Indian Standards covered under the Quality Control Order (namely IS 4398 and IS 3195) Order of extension in the enforcement date for some Indian Standards covered under the Quality Control Order (namely IS 6526,IS 4454 (Part4), IS 11946, IS11947 and IS 12045) Extension in date of enforcement Order (namely IS 1110, IS 4409) Extension in date of enforcement Order (namely IS 4432, IS 5518, IS 12145 , IS 13387, IS 4072 & IS 13352) Extension in date of enforcement Order (namely IS 7226, IS 14331) Extension in date of enforcement Order (namely IS 6529) Extension in date of enforcement Order (namely IS 1993, IS 12591) Extension in the date of enforcement of Quality Control Order on IS 3748, IS 7291 and IS 12146 Order of extension in the date of enforcement of Quality Control Order for Indian Standards IS 4454 (Part 4): 2001, IS11946: 1987 & IS 11947: 1987 Extension in date of enforcement order (namely IS 1110: 1990 & IS 4409: 1973) Extension in date of enforcement order (namely IS 14331:1995) Extension in date of enforcement order (namely IS 13387:1992) Extension in date of enforcement order ( namely IS 1110: 1990 & IS 4409: 1973) Extension in date of enforcement order (namely IS 1110: 1990 & IS 4409: 1973) , dated 01 November 2022 Extension in date of enforcement order (namely IS 4409: 1973) , dated 06 February 2023 Extension in date of enforcement order (namely IS 4409 : 1973, dated 25th July 2023) Steel and Steel Products (Quality Control) Order, 2024 S.O. 574(E) dated on 5th February, 2024 Extension in date of enforcement order (namely IS 4409: 2023, dated 01 May 2024) Extension in date of enforcement order (namely IS 4409:2023, dated 01st August 2024) Steel & Steel Products (Quality Control) Order, 2024 S.O. 3716(E), dated 29th August 2024 Steel & Steel Products (Quality Control) Amendment Order, 2025 S.O.5134(E) Dated 20 November, 2025 Steel & Steel Products (Quality Control) Amendment Order, 2026 S.O.3300(E) Dated 22 June, 2026",https://www.bis.gov.in/product-certification/products-under-compulsory-certification/scheme-i-mark-scheme/?lang=en,IS 12591
IS 412:1975,Expanded Metal Steel Sheets For General Purposes,Steel and Iron Products,Steel and Iron Products,Yes,"BIS Product Certification (ISI Mark, Scheme I)","10. Steel and Steel Products (Quality Control) Order, 2020 S.O. 756(E) , dated 14-02-2020 Superseded by Steel and Steel Products (Quality Control) Order, 2020 S.O. 1673(E), dated 27-05-2020 Superseded by Steel and Steel Products (Quality Control) Order, 2020 (S.O. 2379(E), dated 17-07-2020) Extension in date of enforcement for Steel Products Order File.No. S-20011/1/2020-TECH dated 22.07.2020 Extension Order Superseded by Steel and Steel Products (Quality Control) Order, 2020 (S.O. 4082(E), dated 12.11.2020) Superseded by Steel and Steel Products (Quality Control) Order, 2020 (S.O. No. 4637 (E) 22/12/2020) Order of extension in the enforcement date for Indian Standards covered under the Quality Control Order (namely IS 3748, IS 7291, and IS 12146) Order of extension in the enforcement date for some Indian Standards covered under the Quality Control Order (namely IS 4398 and IS 3195) Order of extension in the enforcement date for some Indian Standards covered under the Quality Control Order (namely IS 6526,IS 4454 (Part4), IS 11946, IS11947 and IS 12045) Extension in date of enforcement Order (namely IS 1110, IS 4409) Extension in date of enforcement Order (namely IS 4432, IS 5518, IS 12145 , IS 13387, IS 4072 & IS 13352) Extension in date of enforcement Order (namely IS 7226, IS 14331) Extension in date of enforcement Order (namely IS 6529) Extension in date of enforcement Order (namely IS 1993, IS 12591) Extension in the date of enforcement of Quality Control Order on IS 3748, IS 7291 and IS 12146 Order of extension in the date of enforcement of Quality Control Order for Indian Standards IS 4454 (Part 4): 2001, IS11946: 1987 & IS 11947: 1987 Extension in date of enforcement order (namely IS 1110: 1990 & IS 4409: 1973) Extension in date of enforcement order (namely IS 14331:1995) Extension in date of enforcement order (namely IS 13387:1992) Extension in date of enforcement order ( namely IS 1110: 1990 & IS 4409: 1973) Extension in date of enforcement order (namely IS 1110: 1990 & IS 4409: 1973) , dated 01 November 2022 Extension in date of enforcement order (namely IS 4409: 1973) , dated 06 February 2023 Extension in date of enforcement order (namely IS 4409 : 1973, dated 25th July 2023) Steel and Steel Products (Quality Control) Order, 2024 S.O. 574(E) dated on 5th February, 2024 Extension in date of enforcement order (namely IS 4409: 2023, dated 01 May 2024) Extension in date of enforcement order (namely IS 4409:2023, dated 01st August 2024) Steel & Steel Products (Quality Control) Order, 2024 S.O. 3716(E), dated 29th August 2024 Steel & Steel Products (Quality Control) Amendment Order, 2025 S.O.5134(E) Dated 20 November, 2025 Steel & Steel Products (Quality Control) Amendment Order, 2026 S.O.3300(E) Dated 22 June, 2026",https://www.bis.gov.in/product-certification/products-under-compulsory-certification/scheme-i-mark-scheme/?lang=en,IS 412
IS 2100: 1970,"Steel Billets,Bars And Sections For Boilers",Steel and Iron Products,Steel and Iron Products,Yes,"BIS Product Certification (ISI Mark, Scheme I)","10. Steel and Steel Products (Quality Control) Order, 2020 S.O. 756(E) , dated 14-02-2020 Superseded by Steel and Steel Products (Quality Control) Order, 2020 S.O. 1673(E), dated 27-05-2020 Superseded by Steel and Steel Products (Quality Control) Order, 2020 (S.O. 2379(E), dated 17-07-2020) Extension in date of enforcement for Steel Products Order File.No. S-20011/1/2020-TECH dated 22.07.2020 Extension Order Superseded by Steel and Steel Products (Quality Control) Order, 2020 (S.O. 4082(E), dated 12.11.2020) Superseded by Steel and Steel Products (Quality Control) Order, 2020 (S.O. No. 4637 (E) 22/12/2020) Order of extension in the enforcement date for Indian Standards covered under the Quality Control Order (namely IS 3748, IS 7291, and IS 12146) Order of extension in the enforcement date for some Indian Standards covered under the Quality Control Order (namely IS 4398 and IS 3195) Order of extension in the enforcement date for some Indian Standards covered under the Quality Control Order (namely IS 6526,IS 4454 (Part4), IS 11946, IS11947 and IS 12045) Extension in date of enforcement Order (namely IS 1110, IS 4409) Extension in date of enforcement Order (namely IS 4432, IS 5518, IS 12145 , IS 13387, IS 4072 & IS 13352) Extension in date of enforcement Order (namely IS 7226, IS 14331) Extension in date of enforcement Order (namely IS 6529) Extension in date of enforcement Order (namely IS 1993, IS 12591) Extension in the date of enforcement of Quality Control Order on IS 3748, IS 7291 and IS 12146 Order of extension in the date of enforcement of Quality Control Order for Indian Standards IS 4454 (Part 4): 2001, IS11946: 1987 & IS 11947: 1987 Extension in date of enforcement order (namely IS 1110: 1990 & IS 4409: 1973) Extension in date of enforcement order (namely IS 14331:1995) Extension in date of enforcement order (namely IS 13387:1992) Extension in date of enforcement order ( namely IS 1110: 1990 & IS 4409: 1973) Extension in date of enforcement order (namely IS 1110: 1990 & IS 4409: 1973) , dated 01 November 2022 Extension in date of enforcement order (namely IS 4409: 1973) , dated 06 February 2023 Extension in date of enforcement order (namely IS 4409 : 1973, dated 25th July 2023) Steel and Steel Products (Quality Control) Order, 2024 S.O. 574(E) dated on 5th February, 2024 Extension in date of enforcement order (namely IS 4409: 2023, dated 01 May 2024) Extension in date of enforcement order (namely IS 4409:2023, dated 01st August 2024) Steel & Steel Products (Quality Control) Order, 2024 S.O. 3716(E), dated 29th August 2024 Steel & Steel Products (Quality Control) Amendment Order, 2025 S.O.5134(E) Dated 20 November, 2025 Steel & Steel Products (Quality Control) Amendment Order, 2026 S.O.3300(E) Dated 22 June, 2026",https://www.bis.gov.in/product-certification/products-under-compulsory-certification/scheme-i-mark-scheme/?lang=en,IS 2100
IS 2589: 1975,Hard Drawn Steel Wire For Upholstery Springs,Steel and Iron Products,Steel and Iron Products,Yes,"BIS Product Certification (ISI Mark, Scheme I)","10. Steel and Steel Products (Quality Control) Order, 2020 S.O. 756(E) , dated 14-02-2020 Superseded by Steel and Steel Products (Quality Control) Order, 2020 S.O. 1673(E), dated 27-05-2020 Superseded by Steel and Steel Products (Quality Control) Order, 2020 (S.O. 2379(E), dated 17-07-2020) Extension in date of enforcement for Steel Products Order File.No. S-20011/1/2020-TECH dated 22.07.2020 Extension Order Superseded by Steel and Steel Products (Quality Control) Order, 2020 (S.O. 4082(E), dated 12.11.2020) Superseded by Steel and Steel Products (Quality Control) Order, 2020 (S.O. No. 4637 (E) 22/12/2020) Order of extension in the enforcement date for Indian Standards covered under the Quality Control Order (namely IS 3748, IS 7291, and IS 12146) Order of extension in the enforcement date for some Indian Standards covered under the Quality Control Order (namely IS 4398 and IS 3195) Order of extension in the enforcement date for some Indian Standards covered under the Quality Control Order (namely IS 6526,IS 4454 (Part4), IS 11946, IS11947 and IS 12045) Extension in date of enforcement Order (namely IS 1110, IS 4409) Extension in date of enforcement Order (namely IS 4432, IS 5518, IS 12145 , IS 13387, IS 4072 & IS 13352) Extension in date of enforcement Order (namely IS 7226, IS 14331) Extension in date of enforcement Order (namely IS 6529) Extension in date of enforcement Order (namely IS 1993, IS 12591) Extension in the date of enforcement of Quality Control Order on IS 3748, IS 7291 and IS 12146 Order of extension in the date of enforcement of Quality Control Order for Indian Standards IS 4454 (Part 4): 2001, IS11946: 1987 & IS 11947: 1987 Extension in date of enforcement order (namely IS 1110: 1990 & IS 4409: 1973) Extension in date of enforcement order (namely IS 14331:1995) Extension in date of enforcement order (namely IS 13387:1992) Extension in date of enforcement order ( namely IS 1110: 1990 & IS 4409: 1973) Extension in date of enforcement order (namely IS 1110: 1990 & IS 4409: 1973) , dated 01 November 2022 Extension in date of enforcement order (namely IS 4409: 1973) , dated 06 February 2023 Extension in date of enforcement order (namely IS 4409 : 1973, dated 25th July 2023) Steel and Steel Products (Quality Control) Order, 2024 S.O. 574(E) dated on 5th February, 2024 Extension in date of enforcement order (namely IS 4409: 2023, dated 01 May 2024) Extension in date of enforcement order (namely IS 4409:2023, dated 01st August 2024) Steel & Steel Products (Quality Control) Order, 2024 S.O. 3716(E), dated 29th August 2024 Steel & Steel Products (Quality Control) Amendment Order, 2025 S.O.5134(E) Dated 20 November, 2025 Steel & Steel Products (Quality Control) Amendment Order, 2026 S.O.3300(E) Dated 22 June, 2026",https://www.bis.gov.in/product-certification/products-under-compulsory-certification/scheme-i-mark-scheme/?lang=en,IS 2589
IS 3298: 1981,Mild Steel Rivet Bars For Ship Building,Steel and Iron Products,Steel and Iron Products,Yes,"BIS Product Certification (ISI Mark, Scheme I)","10. Steel and Steel Products (Quality Control) Order, 2020 S.O. 756(E) , dated 14-02-2020 Superseded by Steel and Steel Products (Quality Control) Order, 2020 S.O. 1673(E), dated 27-05-2020 Superseded by Steel and Steel Products (Quality Control) Order, 2020 (S.O. 2379(E), dated 17-07-2020) Extension in date of enforcement for Steel Products Order File.No. S-20011/1/2020-TECH dated 22.07.2020 Extension Order Superseded by Steel and Steel Products (Quality Control) Order, 2020 (S.O. 4082(E), dated 12.11.2020) Superseded by Steel and Steel Products (Quality Control) Order, 2020 (S.O. No. 4637 (E) 22/12/2020) Order of extension in the enforcement date for Indian Standards covered under the Quality Control Order (namely IS 3748, IS 7291, and IS 12146) Order of extension in the enforcement date for some Indian Standards covered under the Quality Control Order (namely IS 4398 and IS 3195) Order of extension in the enforcement date for some Indian Standards covered under the Quality Control Order (namely IS 6526,IS 4454 (Part4), IS 11946, IS11947 and IS 12045) Extension in date of enforcement Order (namely IS 1110, IS 4409) Extension in date of enforcement Order (namely IS 4432, IS 5518, IS 12145 , IS 13387, IS 4072 & IS 13352) Extension in date of enforcement Order (namely IS 7226, IS 14331) Extension in date of enforcement Order (namely IS 6529) Extension in date of enforcement Order (namely IS 1993, IS 12591) Extension in the date of enforcement of Quality Control Order on IS 3748, IS 7291 and IS 12146 Order of extension in the date of enforcement of Quality Control Order for Indian Standards IS 4454 (Part 4): 2001, IS11946: 1987 & IS 11947: 1987 Extension in date of enforcement order (namely IS 1110: 1990 & IS 4409: 1973) Extension in date of enforcement order (namely IS 14331:1995) Extension in date of enforcement order (namely IS 13387:1992) Extension in date of enforcement order ( namely IS 1110: 1990 & IS 4409: 1973) Extension in date of enforcement order (namely IS 1110: 1990 & IS 4409: 1973) , dated 01 November 2022 Extension in date of enforcement order (namely IS 4409: 1973) , dated 06 February 2023 Extension in date of enforcement order (namely IS 4409 : 1973, dated 25th July 2023) Steel and Steel Products (Quality Control) Order, 2024 S.O. 574(E) dated on 5th February, 2024 Extension in date of enforcement order (namely IS 4409: 2023, dated 01 May 2024) Extension in date of enforcement order (namely IS 4409:2023, dated 01st August 2024) Steel & Steel Products (Quality Control) Order, 2024 S.O. 3716(E), dated 29th August 2024 Steel & Steel Products (Quality Control) Amendment Order, 2025 S.O.5134(E) Dated 20 November, 2025 Steel & Steel Products (Quality Control) Amendment Order, 2026 S.O.3300(E) Dated 22 June, 2026",https://www.bis.gov.in/product-certification/products-under-compulsory-certification/scheme-i-mark-scheme/?lang=en,IS 3298
IS 4072: 1975,Steel For Spring Washers,Steel and Iron Products,Steel and Iron Products,Yes,"BIS Product Certification (ISI Mark, Scheme I)","10. Steel and Steel Products (Quality Control) Order, 2020 S.O. 756(E) , dated 14-02-2020 Superseded by Steel and Steel Products (Quality Control) Order, 2020 S.O. 1673(E), dated 27-05-2020 Superseded by Steel and Steel Products (Quality Control) Order, 2020 (S.O. 2379(E), dated 17-07-2020) Extension in date of enforcement for Steel Products Order File.No. S-20011/1/2020-TECH dated 22.07.2020 Extension Order Superseded by Steel and Steel Products (Quality Control) Order, 2020 (S.O. 4082(E), dated 12.11.2020) Superseded by Steel and Steel Products (Quality Control) Order, 2020 (S.O. No. 4637 (E) 22/12/2020) Order of extension in the enforcement date for Indian Standards covered under the Quality Control Order (namely IS 3748, IS 7291, and IS 12146) Order of extension in the enforcement date for some Indian Standards covered under the Quality Control Order (namely IS 4398 and IS 3195) Order of extension in the enforcement date for some Indian Standards covered under the Quality Control Order (namely IS 6526,IS 4454 (Part4), IS 11946, IS11947 and IS 12045) Extension in date of enforcement Order (namely IS 1110, IS 4409) Extension in date of enforcement Order (namely IS 4432, IS 5518, IS 12145 , IS 13387, IS 4072 & IS 13352) Extension in date of enforcement Order (namely IS 7226, IS 14331) Extension in date of enforcement Order (namely IS 6529) Extension in date of enforcement Order (namely IS 1993, IS 12591) Extension in the date of enforcement of Quality Control Order on IS 3748, IS 7291 and IS 12146 Order of extension in the date of enforcement of Quality Control Order for Indian Standards IS 4454 (Part 4): 2001, IS11946: 1987 & IS 11947: 1987 Extension in date of enforcement order (namely IS 1110: 1990 & IS 4409: 1973) Extension in date of enforcement order (namely IS 14331:1995) Extension in date of enforcement order (namely IS 13387:1992) Extension in date of enforcement order ( namely IS 1110: 1990 & IS 4409: 1973) Extension in date of enforcement order (namely IS 1110: 1990 & IS 4409: 1973) , dated 01 November 2022 Extension in date of enforcement order (namely IS 4409: 1973) , dated 06 February 2023 Extension in date of enforcement order (namely IS 4409 : 1973, dated 25th July 2023) Steel and Steel Products (Quality Control) Order, 2024 S.O. 574(E) dated on 5th February, 2024 Extension in date of enforcement order (namely IS 4409: 2023, dated 01 May 2024) Extension in date of enforcement order (namely IS 4409:2023, dated 01st August 2024) Steel & Steel Products (Quality Control) Order, 2024 S.O. 3716(E), dated 29th August 2024 Steel & Steel Products (Quality Control) Amendment Order, 2025 S.O.5134(E) Dated 20 November, 2025 Steel & Steel Products (Quality Control) Amendment Order, 2026 S.O.3300(E) Dated 22 June, 2026",https://www.bis.gov.in/product-certification/products-under-compulsory-certification/scheme-i-mark-scheme/?lang=en,IS 4072
IS 8510 (Part II): 1977,Steel Wire For Banding Of Armatures And Rotors Part II Specific Requirements for magnetic banding wires,Steel and Iron Products,Steel and Iron Products,Yes,"BIS Product Certification (ISI Mark, Scheme I)","10. Steel and Steel Products (Quality Control) Order, 2020 S.O. 756(E) , dated 14-02-2020 Superseded by Steel and Steel Products (Quality Control) Order, 2020 S.O. 1673(E), dated 27-05-2020 Superseded by Steel and Steel Products (Quality Control) Order, 2020 (S.O. 2379(E), dated 17-07-2020) Extension in date of enforcement for Steel Products Order File.No. S-20011/1/2020-TECH dated 22.07.2020 Extension Order Superseded by Steel and Steel Products (Quality Control) Order, 2020 (S.O. 4082(E), dated 12.11.2020) Superseded by Steel and Steel Products (Quality Control) Order, 2020 (S.O. No. 4637 (E) 22/12/2020) Order of extension in the enforcement date for Indian Standards covered under the Quality Control Order (namely IS 3748, IS 7291, and IS 12146) Order of extension in the enforcement date for some Indian Standards covered under the Quality Control Order (namely IS 4398 and IS 3195) Order of extension in the enforcement date for some Indian Standards covered under the Quality Control Order (namely IS 6526,IS 4454 (Part4), IS 11946, IS11947 and IS 12045) Extension in date of enforcement Order (namely IS 1110, IS 4409) Extension in date of enforcement Order (namely IS 4432, IS 5518, IS 12145 , IS 13387, IS 4072 & IS 13352) Extension in date of enforcement Order (namely IS 7226, IS 14331) Extension in date of enforcement Order (namely IS 6529) Extension in date of enforcement Order (namely IS 1993, IS 12591) Extension in the date of enforcement of Quality Control Order on IS 3748, IS 7291 and IS 12146 Order of extension in the date of enforcement of Quality Control Order for Indian Standards IS 4454 (Part 4): 2001, IS11946: 1987 & IS 11947: 1987 Extension in date of enforcement order (namely IS 1110: 1990 & IS 4409: 1973) Extension in date of enforcement order (namely IS 14331:1995) Extension in date of enforcement order (namely IS 13387:1992) Extension in date of enforcement order ( namely IS 1110: 1990 & IS 4409: 1973) Extension in date of enforcement order (namely IS 1110: 1990 & IS 4409: 1973) , dated 01 November 2022 Extension in date of enforcement order (namely IS 4409: 1973) , dated 06 February 2023 Extension in date of enforcement order (namely IS 4409 : 1973, dated 25th July 2023) Steel and Steel Products (Quality Control) Order, 2024 S.O. 574(E) dated on 5th February, 2024 Extension in date of enforcement order (namely IS 4409: 2023, dated 01 May 2024) Extension in date of enforcement order (namely IS 4409:2023, dated 01st August 2024) Steel & Steel Products (Quality Control) Order, 2024 S.O. 3716(E), dated 29th August 2024 Steel & Steel Products (Quality Control) Amendment Order, 2025 S.O.5134(E) Dated 20 November, 2025 Steel & Steel Products (Quality Control) Amendment Order, 2026 S.O.3300(E) Dated 22 June, 2026",https://www.bis.gov.in/product-certification/products-under-compulsory-certification/scheme-i-mark-scheme/?lang=en,IS 8510
IS 8510 (PartIII): 1977,Tinned Steel Wire For Banding Of Armatures And Rotors Part III Specific Requirements for non-magnetic banding wires,Steel and Iron Products,Steel and Iron Products,Yes,"BIS Product Certification (ISI Mark, Scheme I)","10. Steel and Steel Products (Quality Control) Order, 2020 S.O. 756(E) , dated 14-02-2020 Superseded by Steel and Steel Products (Quality Control) Order, 2020 S.O. 1673(E), dated 27-05-2020 Superseded by Steel and Steel Products (Quality Control) Order, 2020 (S.O. 2379(E), dated 17-07-2020) Extension in date of enforcement for Steel Products Order File.No. S-20011/1/2020-TECH dated 22.07.2020 Extension Order Superseded by Steel and Steel Products (Quality Control) Order, 2020 (S.O. 4082(E), dated 12.11.2020) Superseded by Steel and Steel Products (Quality Control) Order, 2020 (S.O. No. 4637 (E) 22/12/2020) Order of extension in the enforcement date for Indian Standards covered under the Quality Control Order (namely IS 3748, IS 7291, and IS 12146) Order of extension in the enforcement date for some Indian Standards covered under the Quality Control Order (namely IS 4398 and IS 3195) Order of extension in the enforcement date for some Indian Standards covered under the Quality Control Order (namely IS 6526,IS 4454 (Part4), IS 11946, IS11947 and IS 12045) Extension in date of enforcement Order (namely IS 1110, IS 4409) Extension in date of enforcement Order (namely IS 4432, IS 5518, IS 12145 , IS 13387, IS 4072 & IS 13352) Extension in date of enforcement Order (namely IS 7226, IS 14331) Extension in date of enforcement Order (namely IS 6529) Extension in date of enforcement Order (namely IS 1993, IS 12591) Extension in the date of enforcement of Quality Control Order on IS 3748, IS 7291 and IS 12146 Order of extension in the date of enforcement of Quality Control Order for Indian Standards IS 4454 (Part 4): 2001, IS11946: 1987 & IS 11947: 1987 Extension in date of enforcement order (namely IS 1110: 1990 & IS 4409: 1973) Extension in date of enforcement order (namely IS 14331:1995) Extension in date of enforcement order (namely IS 13387:1992) Extension in date of enforcement order ( namely IS 1110: 1990 & IS 4409: 1973) Extension in date of enforcement order (namely IS 1110: 1990 & IS 4409: 1973) , dated 01 November 2022 Extension in date of enforcement order (namely IS 4409: 1973) , dated 06 February 2023 Extension in date of enforcement order (namely IS 4409 : 1973, dated 25th July 2023) Steel and Steel Products (Quality Control) Order, 2024 S.O. 574(E) dated on 5th February, 2024 Extension in date of enforcement order (namely IS 4409: 2023, dated 01 May 2024) Extension in date of enforcement order (namely IS 4409:2023, dated 01st August 2024) Steel & Steel Products (Quality Control) Order, 2024 S.O. 3716(E), dated 29th August 2024 Steel & Steel Products (Quality Control) Amendment Order, 2025 S.O.5134(E) Dated 20 November, 2025 Steel & Steel Products (Quality Control) Amendment Order, 2026 S.O.3300(E) Dated 22 June, 2026",https://www.bis.gov.in/product-certification/products-under-compulsory-certification/scheme-i-mark-scheme/?lang=en,IS 8510
IS 8563: 1977,Half Round Mild Steel Wire For The Manufacture of Split Pins,Steel and Iron Products,Steel and Iron Products,Yes,"BIS Product Certification (ISI Mark, Scheme I)","10. Steel and Steel Products (Quality Control) Order, 2020 S.O. 756(E) , dated 14-02-2020 Superseded by Steel and Steel Products (Quality Control) Order, 2020 S.O. 1673(E), dated 27-05-2020 Superseded by Steel and Steel Products (Quality Control) Order, 2020 (S.O. 2379(E), dated 17-07-2020) Extension in date of enforcement for Steel Products Order File.No. S-20011/1/2020-TECH dated 22.07.2020 Extension Order Superseded by Steel and Steel Products (Quality Control) Order, 2020 (S.O. 4082(E), dated 12.11.2020) Superseded by Steel and Steel Products (Quality Control) Order, 2020 (S.O. No. 4637 (E) 22/12/2020) Order of extension in the enforcement date for Indian Standards covered under the Quality Control Order (namely IS 3748, IS 7291, and IS 12146) Order of extension in the enforcement date for some Indian Standards covered under the Quality Control Order (namely IS 4398 and IS 3195) Order of extension in the enforcement date for some Indian Standards covered under the Quality Control Order (namely IS 6526,IS 4454 (Part4), IS 11946, IS11947 and IS 12045) Extension in date of enforcement Order (namely IS 1110, IS 4409) Extension in date of enforcement Order (namely IS 4432, IS 5518, IS 12145 , IS 13387, IS 4072 & IS 13352) Extension in date of enforcement Order (namely IS 7226, IS 14331) Extension in date of enforcement Order (namely IS 6529) Extension in date of enforcement Order (namely IS 1993, IS 12591) Extension in the date of enforcement of Quality Control Order on IS 3748, IS 7291 and IS 12146 Order of extension in the date of enforcement of Quality Control Order for Indian Standards IS 4454 (Part 4): 2001, IS11946: 1987 & IS 11947: 1987 Extension in date of enforcement order (namely IS 1110: 1990 & IS 4409: 1973) Extension in date of enforcement order (namely IS 14331:1995) Extension in date of enforcement order (namely IS 13387:1992) Extension in date of enforcement order ( namely IS 1110: 1990 & IS 4409: 1973) Extension in date of enforcement order (namely IS 1110: 1990 & IS 4409: 1973) , dated 01 November 2022 Extension in date of enforcement order (namely IS 4409: 1973) , dated 06 February 2023 Extension in date of enforcement order (namely IS 4409 : 1973, dated 25th July 2023) Steel and Steel Products (Quality Control) Order, 2024 S.O. 574(E) dated on 5th February, 2024 Extension in date of enforcement order (namely IS 4409: 2023, dated 01 May 2024) Extension in date of enforcement order (namely IS 4409:2023, dated 01st August 2024) Steel & Steel Products (Quality Control) Order, 2024 S.O. 3716(E), dated 29th August 2024 Steel & Steel Products (Quality Control) Amendment Order, 2025 S.O.5134(E) Dated 20 November, 2025 Steel & Steel Products (Quality Control) Amendment Order, 2026 S.O.3300(E) Dated 22 June, 2026",https://www.bis.gov.in/product-certification/products-under-compulsory-certification/scheme-i-mark-scheme/?lang=en,IS 8563
IS 8564: 1977,Steel Wire For Nipples For Spokes,Steel and Iron Products,Steel and Iron Products,Yes,"BIS Product Certification (ISI Mark, Scheme I)","10. Steel and Steel Products (Quality Control) Order, 2020 S.O. 756(E) , dated 14-02-2020 Superseded by Steel and Steel Products (Quality Control) Order, 2020 S.O. 1673(E), dated 27-05-2020 Superseded by Steel and Steel Products (Quality Control) Order, 2020 (S.O. 2379(E), dated 17-07-2020) Extension in date of enforcement for Steel Products Order File.No. S-20011/1/2020-TECH dated 22.07.2020 Extension Order Superseded by Steel and Steel Products (Quality Control) Order, 2020 (S.O. 4082(E), dated 12.11.2020) Superseded by Steel and Steel Products (Quality Control) Order, 2020 (S.O. No. 4637 (E) 22/12/2020) Order of extension in the enforcement date for Indian Standards covered under the Quality Control Order (namely IS 3748, IS 7291, and IS 12146) Order of extension in the enforcement date for some Indian Standards covered under the Quality Control Order (namely IS 4398 and IS 3195) Order of extension in the enforcement date for some Indian Standards covered under the Quality Control Order (namely IS 6526,IS 4454 (Part4), IS 11946, IS11947 and IS 12045) Extension in date of enforcement Order (namely IS 1110, IS 4409) Extension in date of enforcement Order (namely IS 4432, IS 5518, IS 12145 , IS 13387, IS 4072 & IS 13352) Extension in date of enforcement Order (namely IS 7226, IS 14331) Extension in date of enforcement Order (namely IS 6529) Extension in date of enforcement Order (namely IS 1993, IS 12591) Extension in the date of enforcement of Quality Control Order on IS 3748, IS 7291 and IS 12146 Order of extension in the date of enforcement of Quality Control Order for Indian Standards IS 4454 (Part 4): 2001, IS11946: 1987 & IS 11947: 1987 Extension in date of enforcement order (namely IS 1110: 1990 & IS 4409: 1973) Extension in date of enforcement order (namely IS 14331:1995) Extension in date of enforcement order (namely IS 13387:1992) Extension in date of enforcement order ( namely IS 1110: 1990 & IS 4409: 1973) Extension in date of enforcement order (namely IS 1110: 1990 & IS 4409: 1973) , dated 01 November 2022 Extension in date of enforcement order (namely IS 4409: 1973) , dated 06 February 2023 Extension in date of enforcement order (namely IS 4409 : 1973, dated 25th July 2023) Steel and Steel Products (Quality Control) Order, 2024 S.O. 574(E) dated on 5th February, 2024 Extension in date of enforcement order (namely IS 4409: 2023, dated 01 May 2024) Extension in date of enforcement order (namely IS 4409:2023, dated 01st August 2024) Steel & Steel Products (Quality Control) Order, 2024 S.O. 3716(E), dated 29th August 2024 Steel & Steel Products (Quality Control) Amendment Order, 2025 S.O.5134(E) Dated 20 November, 2025 Steel & Steel Products (Quality Control) Amendment Order, 2026 S.O.3300(E) Dated 22 June, 2026",https://www.bis.gov.in/product-certification/products-under-compulsory-certification/scheme-i-mark-scheme/?lang=en,IS 8564
IS 8565: 1977,Heald Wire,Steel and Iron Products,Steel and Iron Products,Yes,"BIS Product Certification (ISI Mark, Scheme I)","10. Steel and Steel Products (Quality Control) Order, 2020 S.O. 756(E) , dated 14-02-2020 Superseded by Steel and Steel Products (Quality Control) Order, 2020 S.O. 1673(E), dated 27-05-2020 Superseded by Steel and Steel Products (Quality Control) Order, 2020 (S.O. 2379(E), dated 17-07-2020) Extension in date of enforcement for Steel Products Order File.No. S-20011/1/2020-TECH dated 22.07.2020 Extension Order Superseded by Steel and Steel Products (Quality Control) Order, 2020 (S.O. 4082(E), dated 12.11.2020) Superseded by Steel and Steel Products (Quality Control) Order, 2020 (S.O. No. 4637 (E) 22/12/2020) Order of extension in the enforcement date for Indian Standards covered under the Quality Control Order (namely IS 3748, IS 7291, and IS 12146) Order of extension in the enforcement date for some Indian Standards covered under the Quality Control Order (namely IS 4398 and IS 3195) Order of extension in the enforcement date for some Indian Standards covered under the Quality Control Order (namely IS 6526,IS 4454 (Part4), IS 11946, IS11947 and IS 12045) Extension in date of enforcement Order (namely IS 1110, IS 4409) Extension in date of enforcement Order (namely IS 4432, IS 5518, IS 12145 , IS 13387, IS 4072 & IS 13352) Extension in date of enforcement Order (namely IS 7226, IS 14331) Extension in date of enforcement Order (namely IS 6529) Extension in date of enforcement Order (namely IS 1993, IS 12591) Extension in the date of enforcement of Quality Control Order on IS 3748, IS 7291 and IS 12146 Order of extension in the date of enforcement of Quality Control Order for Indian Standards IS 4454 (Part 4): 2001, IS11946: 1987 & IS 11947: 1987 Extension in date of enforcement order (namely IS 1110: 1990 & IS 4409: 1973) Extension in date of enforcement order (namely IS 14331:1995) Extension in date of enforcement order (namely IS 13387:1992) Extension in date of enforcement order ( namely IS 1110: 1990 & IS 4409: 1973) Extension in date of enforcement order (namely IS 1110: 1990 & IS 4409: 1973) , dated 01 November 2022 Extension in date of enforcement order (namely IS 4409: 1973) , dated 06 February 2023 Extension in date of enforcement order (namely IS 4409 : 1973, dated 25th July 2023) Steel and Steel Products (Quality Control) Order, 2024 S.O. 574(E) dated on 5th February, 2024 Extension in date of enforcement order (namely IS 4409: 2023, dated 01 May 2024) Extension in date of enforcement order (namely IS 4409:2023, dated 01st August 2024) Steel & Steel Products (Quality Control) Order, 2024 S.O. 3716(E), dated 29th August 2024 Steel & Steel Products (Quality Control) Amendment Order, 2025 S.O.5134(E) Dated 20 November, 2025 Steel & Steel Products (Quality Control) Amendment Order, 2026 S.O.3300(E) Dated 22 June, 2026",https://www.bis.gov.in/product-certification/products-under-compulsory-certification/scheme-i-mark-scheme/?lang=en,IS 8565
IS 8566: 1977,Steel Wire For Reeds,Steel and Iron Products,Steel and Iron Products,Yes,"BIS Product Certification (ISI Mark, Scheme I)","10. Steel and Steel Products (Quality Control) Order, 2020 S.O. 756(E) , dated 14-02-2020 Superseded by Steel and Steel Products (Quality Control) Order, 2020 S.O. 1673(E), dated 27-05-2020 Superseded by Steel and Steel Products (Quality Control) Order, 2020 (S.O. 2379(E), dated 17-07-2020) Extension in date of enforcement for Steel Products Order File.No. S-20011/1/2020-TECH dated 22.07.2020 Extension Order Superseded by Steel and Steel Products (Quality Control) Order, 2020 (S.O. 4082(E), dated 12.11.2020) Superseded by Steel and Steel Products (Quality Control) Order, 2020 (S.O. No. 4637 (E) 22/12/2020) Order of extension in the enforcement date for Indian Standards covered under the Quality Control Order (namely IS 3748, IS 7291, and IS 12146) Order of extension in the enforcement date for some Indian Standards covered under the Quality Control Order (namely IS 4398 and IS 3195) Order of extension in the enforcement date for some Indian Standards covered under the Quality Control Order (namely IS 6526,IS 4454 (Part4), IS 11946, IS11947 and IS 12045) Extension in date of enforcement Order (namely IS 1110, IS 4409) Extension in date of enforcement Order (namely IS 4432, IS 5518, IS 12145 , IS 13387, IS 4072 & IS 13352) Extension in date of enforcement Order (namely IS 7226, IS 14331) Extension in date of enforcement Order (namely IS 6529) Extension in date of enforcement Order (namely IS 1993, IS 12591) Extension in the date of enforcement of Quality Control Order on IS 3748, IS 7291 and IS 12146 Order of extension in the date of enforcement of Quality Control Order for Indian Standards IS 4454 (Part 4): 2001, IS11946: 1987 & IS 11947: 1987 Extension in date of enforcement order (namely IS 1110: 1990 & IS 4409: 1973) Extension in date of enforcement order (namely IS 14331:1995) Extension in date of enforcement order (namely IS 13387:1992) Extension in date of enforcement order ( namely IS 1110: 1990 & IS 4409: 1973) Extension in date of enforcement order (namely IS 1110: 1990 & IS 4409: 1973) , dated 01 November 2022 Extension in date of enforcement order (namely IS 4409: 1973) , dated 06 February 2023 Extension in date of enforcement order (namely IS 4409 : 1973, dated 25th July 2023) Steel and Steel Products (Quality Control) Order, 2024 S.O. 574(E) dated on 5th February, 2024 Extension in date of enforcement order (namely IS 4409: 2023, dated 01 May 2024) Extension in date of enforcement order (namely IS 4409:2023, dated 01st August 2024) Steel & Steel Products (Quality Control) Order, 2024 S.O. 3716(E), dated 29th August 2024 Steel & Steel Products (Quality Control) Amendment Order, 2025 S.O.5134(E) Dated 20 November, 2025 Steel & Steel Products (Quality Control) Amendment Order, 2026 S.O.3300(E) Dated 22 June, 2026",https://www.bis.gov.in/product-certification/products-under-compulsory-certification/scheme-i-mark-scheme/?lang=en,IS 8566
IS 8917: 1978,Plates For Galvanizing Pots,Steel and Iron Products,Steel and Iron Products,Yes,"BIS Product Certification (ISI Mark, Scheme I)","10. Steel and Steel Products (Quality Control) Order, 2020 S.O. 756(E) , dated 14-02-2020 Superseded by Steel and Steel Products (Quality Control) Order, 2020 S.O. 1673(E), dated 27-05-2020 Superseded by Steel and Steel Products (Quality Control) Order, 2020 (S.O. 2379(E), dated 17-07-2020) Extension in date of enforcement for Steel Products Order File.No. S-20011/1/2020-TECH dated 22.07.2020 Extension Order Superseded by Steel and Steel Products (Quality Control) Order, 2020 (S.O. 4082(E), dated 12.11.2020) Superseded by Steel and Steel Products (Quality Control) Order, 2020 (S.O. No. 4637 (E) 22/12/2020) Order of extension in the enforcement date for Indian Standards covered under the Quality Control Order (namely IS 3748, IS 7291, and IS 12146) Order of extension in the enforcement date for some Indian Standards covered under the Quality Control Order (namely IS 4398 and IS 3195) Order of extension in the enforcement date for some Indian Standards covered under the Quality Control Order (namely IS 6526,IS 4454 (Part4), IS 11946, IS11947 and IS 12045) Extension in date of enforcement Order (namely IS 1110, IS 4409) Extension in date of enforcement Order (namely IS 4432, IS 5518, IS 12145 , IS 13387, IS 4072 & IS 13352) Extension in date of enforcement Order (namely IS 7226, IS 14331) Extension in date of enforcement Order (namely IS 6529) Extension in date of enforcement Order (namely IS 1993, IS 12591) Extension in the date of enforcement of Quality Control Order on IS 3748, IS 7291 and IS 12146 Order of extension in the date of enforcement of Quality Control Order for Indian Standards IS 4454 (Part 4): 2001, IS11946: 1987 & IS 11947: 1987 Extension in date of enforcement order (namely IS 1110: 1990 & IS 4409: 1973) Extension in date of enforcement order (namely IS 14331:1995) Extension in date of enforcement order (namely IS 13387:1992) Extension in date of enforcement order ( namely IS 1110: 1990 & IS 4409: 1973) Extension in date of enforcement order (namely IS 1110: 1990 & IS 4409: 1973) , dated 01 November 2022 Extension in date of enforcement order (namely IS 4409: 1973) , dated 06 February 2023 Extension in date of enforcement order (namely IS 4409 : 1973, dated 25th July 2023) Steel and Steel Products (Quality Control) Order, 2024 S.O. 574(E) dated on 5th February, 2024 Extension in date of enforcement order (namely IS 4409: 2023, dated 01 May 2024) Extension in date of enforcement order (namely IS 4409:2023, dated 01st August 2024) Steel & Steel Products (Quality Control) Order, 2024 S.O. 3716(E), dated 29th August 2024 Steel & Steel Products (Quality Control) Amendment Order, 2025 S.O.5134(E) Dated 20 November, 2025 Steel & Steel Products (Quality Control) Amendment Order, 2026 S.O.3300(E) Dated 22 June, 2026",https://www.bis.gov.in/product-certification/products-under-compulsory-certification/scheme-i-mark-scheme/?lang=en,IS 8917
IS 9442: 1980,Hot Rolled Steel Plates Sheets And Strips For Manufacture of Agricultural Discs,Steel and Iron Products,Steel and Iron Products,Yes,"BIS Product Certification (ISI Mark, Scheme I)","10. Steel and Steel Products (Quality Control) Order, 2020 S.O. 756(E) , dated 14-02-2020 Superseded by Steel and Steel Products (Quality Control) Order, 2020 S.O. 1673(E), dated 27-05-2020 Superseded by Steel and Steel Products (Quality Control) Order, 2020 (S.O. 2379(E), dated 17-07-2020) Extension in date of enforcement for Steel Products Order File.No. S-20011/1/2020-TECH dated 22.07.2020 Extension Order Superseded by Steel and Steel Products (Quality Control) Order, 2020 (S.O. 4082(E), dated 12.11.2020) Superseded by Steel and Steel Products (Quality Control) Order, 2020 (S.O. No. 4637 (E) 22/12/2020) Order of extension in the enforcement date for Indian Standards covered under the Quality Control Order (namely IS 3748, IS 7291, and IS 12146) Order of extension in the enforcement date for some Indian Standards covered under the Quality Control Order (namely IS 4398 and IS 3195) Order of extension in the enforcement date for some Indian Standards covered under the Quality Control Order (namely IS 6526,IS 4454 (Part4), IS 11946, IS11947 and IS 12045) Extension in date of enforcement Order (namely IS 1110, IS 4409) Extension in date of enforcement Order (namely IS 4432, IS 5518, IS 12145 , IS 13387, IS 4072 & IS 13352) Extension in date of enforcement Order (namely IS 7226, IS 14331) Extension in date of enforcement Order (namely IS 6529) Extension in date of enforcement Order (namely IS 1993, IS 12591) Extension in the date of enforcement of Quality Control Order on IS 3748, IS 7291 and IS 12146 Order of extension in the date of enforcement of Quality Control Order for Indian Standards IS 4454 (Part 4): 2001, IS11946: 1987 & IS 11947: 1987 Extension in date of enforcement order (namely IS 1110: 1990 & IS 4409: 1973) Extension in date of enforcement order (namely IS 14331:1995) Extension in date of enforcement order (namely IS 13387:1992) Extension in date of enforcement order ( namely IS 1110: 1990 & IS 4409: 1973) Extension in date of enforcement order (namely IS 1110: 1990 & IS 4409: 1973) , dated 01 November 2022 Extension in date of enforcement order (namely IS 4409: 1973) , dated 06 February 2023 Extension in date of enforcement order (namely IS 4409 : 1973, dated 25th July 2023) Steel and Steel Products (Quality Control) Order, 2024 S.O. 574(E) dated on 5th February, 2024 Extension in date of enforcement order (namely IS 4409: 2023, dated 01 May 2024) Extension in date of enforcement order (namely IS 4409:2023, dated 01st August 2024) Steel & Steel Products (Quality Control) Order, 2024 S.O. 3716(E), dated 29th August 2024 Steel & Steel Products (Quality Control) Amendment Order, 2025 S.O.5134(E) Dated 20 November, 2025 Steel & Steel Products (Quality Control) Amendment Order, 2026 S.O.3300(E) Dated 22 June, 2026",https://www.bis.gov.in/product-certification/products-under-compulsory-certification/scheme-i-mark-scheme/?lang=en,IS 9442
IS 9485: 1980,Cold-Reduced And Hot-Rolled Carbon Steel Sheet For Porcelain Enamelling,Steel and Iron Products,Steel and Iron Products,Yes,"BIS Product Certification (ISI Mark, Scheme I)","10. Steel and Steel Products (Quality Control) Order, 2020 S.O. 756(E) , dated 14-02-2020 Superseded by Steel and Steel Products (Quality Control) Order, 2020 S.O. 1673(E), dated 27-05-2020 Superseded by Steel and Steel Products (Quality Control) Order, 2020 (S.O. 2379(E), dated 17-07-2020) Extension in date of enforcement for Steel Products Order File.No. S-20011/1/2020-TECH dated 22.07.2020 Extension Order Superseded by Steel and Steel Products (Quality Control) Order, 2020 (S.O. 4082(E), dated 12.11.2020) Superseded by Steel and Steel Products (Quality Control) Order, 2020 (S.O. No. 4637 (E) 22/12/2020) Order of extension in the enforcement date for Indian Standards covered under the Quality Control Order (namely IS 3748, IS 7291, and IS 12146) Order of extension in the enforcement date for some Indian Standards covered under the Quality Control Order (namely IS 4398 and IS 3195) Order of extension in the enforcement date for some Indian Standards covered under the Quality Control Order (namely IS 6526,IS 4454 (Part4), IS 11946, IS11947 and IS 12045) Extension in date of enforcement Order (namely IS 1110, IS 4409) Extension in date of enforcement Order (namely IS 4432, IS 5518, IS 12145 , IS 13387, IS 4072 & IS 13352) Extension in date of enforcement Order (namely IS 7226, IS 14331) Extension in date of enforcement Order (namely IS 6529) Extension in date of enforcement Order (namely IS 1993, IS 12591) Extension in the date of enforcement of Quality Control Order on IS 3748, IS 7291 and IS 12146 Order of extension in the date of enforcement of Quality Control Order for Indian Standards IS 4454 (Part 4): 2001, IS11946: 1987 & IS 11947: 1987 Extension in date of enforcement order (namely IS 1110: 1990 & IS 4409: 1973) Extension in date of enforcement order (namely IS 14331:1995) Extension in date of enforcement order (namely IS 13387:1992) Extension in date of enforcement order ( namely IS 1110: 1990 & IS 4409: 1973) Extension in date of enforcement order (namely IS 1110: 1990 & IS 4409: 1973) , dated 01 November 2022 Extension in date of enforcement order (namely IS 4409: 1973) , dated 06 February 2023 Extension in date of enforcement order (namely IS 4409 : 1973, dated 25th July 2023) Steel and Steel Products (Quality Control) Order, 2024 S.O. 574(E) dated on 5th February, 2024 Extension in date of enforcement order (namely IS 4409: 2023, dated 01 May 2024) Extension in date of enforcement order (namely IS 4409:2023, dated 01st August 2024) Steel & Steel Products (Quality Control) Order, 2024 S.O. 3716(E), dated 29th August 2024 Steel & Steel Products (Quality Control) Amendment Order, 2025 S.O.5134(E) Dated 20 November, 2025 Steel & Steel Products (Quality Control) Amendment Order, 2026 S.O.3300(E) Dated 22 June, 2026",https://www.bis.gov.in/product-certification/products-under-compulsory-certification/scheme-i-mark-scheme/?lang=en,IS 9485
IS 10794: 1984,Mild steel wire for cotter pins,Steel and Iron Products,Steel and Iron Products,Yes,"BIS Product Certification (ISI Mark, Scheme I)","10. Steel and Steel Products (Quality Control) Order, 2020 S.O. 756(E) , dated 14-02-2020 Superseded by Steel and Steel Products (Quality Control) Order, 2020 S.O. 1673(E), dated 27-05-2020 Superseded by Steel and Steel Products (Quality Control) Order, 2020 (S.O. 2379(E), dated 17-07-2020) Extension in date of enforcement for Steel Products Order File.No. S-20011/1/2020-TECH dated 22.07.2020 Extension Order Superseded by Steel and Steel Products (Quality Control) Order, 2020 (S.O. 4082(E), dated 12.11.2020) Superseded by Steel and Steel Products (Quality Control) Order, 2020 (S.O. No. 4637 (E) 22/12/2020) Order of extension in the enforcement date for Indian Standards covered under the Quality Control Order (namely IS 3748, IS 7291, and IS 12146) Order of extension in the enforcement date for some Indian Standards covered under the Quality Control Order (namely IS 4398 and IS 3195) Order of extension in the enforcement date for some Indian Standards covered under the Quality Control Order (namely IS 6526,IS 4454 (Part4), IS 11946, IS11947 and IS 12045) Extension in date of enforcement Order (namely IS 1110, IS 4409) Extension in date of enforcement Order (namely IS 4432, IS 5518, IS 12145 , IS 13387, IS 4072 & IS 13352) Extension in date of enforcement Order (namely IS 7226, IS 14331) Extension in date of enforcement Order (namely IS 6529) Extension in date of enforcement Order (namely IS 1993, IS 12591) Extension in the date of enforcement of Quality Control Order on IS 3748, IS 7291 and IS 12146 Order of extension in the date of enforcement of Quality Control Order for Indian Standards IS 4454 (Part 4): 2001, IS11946: 1987 & IS 11947: 1987 Extension in date of enforcement order (namely IS 1110: 1990 & IS 4409: 1973) Extension in date of enforcement order (namely IS 14331:1995) Extension in date of enforcement order (namely IS 13387:1992) Extension in date of enforcement order ( namely IS 1110: 1990 & IS 4409: 1973) Extension in date of enforcement order (namely IS 1110: 1990 & IS 4409: 1973) , dated 01 November 2022 Extension in date of enforcement order (namely IS 4409: 1973) , dated 06 February 2023 Extension in date of enforcement order (namely IS 4409 : 1973, dated 25th July 2023) Steel and Steel Products (Quality Control) Order, 2024 S.O. 574(E) dated on 5th February, 2024 Extension in date of enforcement order (namely IS 4409: 2023, dated 01 May 2024) Extension in date of enforcement order (namely IS 4409:2023, dated 01st August 2024) Steel & Steel Products (Quality Control) Order, 2024 S.O. 3716(E), dated 29th August 2024 Steel & Steel Products (Quality Control) Amendment Order, 2025 S.O.5134(E) Dated 20 November, 2025 Steel & Steel Products (Quality Control) Amendment Order, 2026 S.O.3300(E) Dated 22 June, 2026",https://www.bis.gov.in/product-certification/products-under-compulsory-certification/scheme-i-mark-scheme/?lang=en,IS 10794
IS 12262:1988,Trapezoidal Steel Wire For Springs Washers,Steel and Iron Products,Steel and Iron Products,Yes,"BIS Product Certification (ISI Mark, Scheme I)","10. Steel and Steel Products (Quality Control) Order, 2020 S.O. 756(E) , dated 14-02-2020 Superseded by Steel and Steel Products (Quality Control) Order, 2020 S.O. 1673(E), dated 27-05-2020 Superseded by Steel and Steel Products (Quality Control) Order, 2020 (S.O. 2379(E), dated 17-07-2020) Extension in date of enforcement for Steel Products Order File.No. S-20011/1/2020-TECH dated 22.07.2020 Extension Order Superseded by Steel and Steel Products (Quality Control) Order, 2020 (S.O. 4082(E), dated 12.11.2020) Superseded by Steel and Steel Products (Quality Control) Order, 2020 (S.O. No. 4637 (E) 22/12/2020) Order of extension in the enforcement date for Indian Standards covered under the Quality Control Order (namely IS 3748, IS 7291, and IS 12146) Order of extension in the enforcement date for some Indian Standards covered under the Quality Control Order (namely IS 4398 and IS 3195) Order of extension in the enforcement date for some Indian Standards covered under the Quality Control Order (namely IS 6526,IS 4454 (Part4), IS 11946, IS11947 and IS 12045) Extension in date of enforcement Order (namely IS 1110, IS 4409) Extension in date of enforcement Order (namely IS 4432, IS 5518, IS 12145 , IS 13387, IS 4072 & IS 13352) Extension in date of enforcement Order (namely IS 7226, IS 14331) Extension in date of enforcement Order (namely IS 6529) Extension in date of enforcement Order (namely IS 1993, IS 12591) Extension in the date of enforcement of Quality Control Order on IS 3748, IS 7291 and IS 12146 Order of extension in the date of enforcement of Quality Control Order for Indian Standards IS 4454 (Part 4): 2001, IS11946: 1987 & IS 11947: 1987 Extension in date of enforcement order (namely IS 1110: 1990 & IS 4409: 1973) Extension in date of enforcement order (namely IS 14331:1995) Extension in date of enforcement order (namely IS 13387:1992) Extension in date of enforcement order ( namely IS 1110: 1990 & IS 4409: 1973) Extension in date of enforcement order (namely IS 1110: 1990 & IS 4409: 1973) , dated 01 November 2022 Extension in date of enforcement order (namely IS 4409: 1973) , dated 06 February 2023 Extension in date of enforcement order (namely IS 4409 : 1973, dated 25th July 2023) Steel and Steel Products (Quality Control) Order, 2024 S.O. 574(E) dated on 5th February, 2024 Extension in date of enforcement order (namely IS 4409: 2023, dated 01 May 2024) Extension in date of enforcement order (namely IS 4409:2023, dated 01st August 2024) Steel & Steel Products (Quality Control) Order, 2024 S.O. 3716(E), dated 29th August 2024 Steel & Steel Products (Quality Control) Amendment Order, 2025 S.O.5134(E) Dated 20 November, 2025 Steel & Steel Products (Quality Control) Amendment Order, 2026 S.O.3300(E) Dated 22 June, 2026",https://www.bis.gov.in/product-certification/products-under-compulsory-certification/scheme-i-mark-scheme/?lang=en,IS 12262
IS 1470: 2013,Silicomanganese – Specification,Steel and Iron Products,Steel and Iron Products,Yes,"BIS Product Certification (ISI Mark, Scheme I)","10. Steel and Steel Products (Quality Control) Order, 2020 S.O. 756(E) , dated 14-02-2020 Superseded by Steel and Steel Products (Quality Control) Order, 2020 S.O. 1673(E), dated 27-05-2020 Superseded by Steel and Steel Products (Quality Control) Order, 2020 (S.O. 2379(E), dated 17-07-2020) Extension in date of enforcement for Steel Products Order File.No. S-20011/1/2020-TECH dated 22.07.2020 Extension Order Superseded by Steel and Steel Products (Quality Control) Order, 2020 (S.O. 4082(E), dated 12.11.2020) Superseded by Steel and Steel Products (Quality Control) Order, 2020 (S.O. No. 4637 (E) 22/12/2020) Order of extension in the enforcement date for Indian Standards covered under the Quality Control Order (namely IS 3748, IS 7291, and IS 12146) Order of extension in the enforcement date for some Indian Standards covered under the Quality Control Order (namely IS 4398 and IS 3195) Order of extension in the enforcement date for some Indian Standards covered under the Quality Control Order (namely IS 6526,IS 4454 (Part4), IS 11946, IS11947 and IS 12045) Extension in date of enforcement Order (namely IS 1110, IS 4409) Extension in date of enforcement Order (namely IS 4432, IS 5518, IS 12145 , IS 13387, IS 4072 & IS 13352) Extension in date of enforcement Order (namely IS 7226, IS 14331) Extension in date of enforcement Order (namely IS 6529) Extension in date of enforcement Order (namely IS 1993, IS 12591) Extension in the date of enforcement of Quality Control Order on IS 3748, IS 7291 and IS 12146 Order of extension in the date of enforcement of Quality Control Order for Indian Standards IS 4454 (Part 4): 2001, IS11946: 1987 & IS 11947: 1987 Extension in date of enforcement order (namely IS 1110: 1990 & IS 4409: 1973) Extension in date of enforcement order (namely IS 14331:1995) Extension in date of enforcement order (namely IS 13387:1992) Extension in date of enforcement order ( namely IS 1110: 1990 & IS 4409: 1973) Extension in date of enforcement order (namely IS 1110: 1990 & IS 4409: 1973) , dated 01 November 2022 Extension in date of enforcement order (namely IS 4409: 1973) , dated 06 February 2023 Extension in date of enforcement order (namely IS 4409 : 1973, dated 25th July 2023) Steel and Steel Products (Quality Control) Order, 2024 S.O. 574(E) dated on 5th February, 2024 Extension in date of enforcement order (namely IS 4409: 2023, dated 01 May 2024) Extension in date of enforcement order (namely IS 4409:2023, dated 01st August 2024) Steel & Steel Products (Quality Control) Order, 2024 S.O. 3716(E), dated 29th August 2024 Steel & Steel Products (Quality Control) Amendment Order, 2025 S.O.5134(E) Dated 20 November, 2025 Steel & Steel Products (Quality Control) Amendment Order, 2026 S.O.3300(E) Dated 22 June, 2026",https://www.bis.gov.in/product-certification/products-under-compulsory-certification/scheme-i-mark-scheme/?lang=en,IS 1470
IS 15911:2010,Structural Steel (Ordinary Quality),Steel and Iron Products,Steel and Iron Products,Yes,"BIS Product Certification (ISI Mark, Scheme I)","10. Steel and Steel Products (Quality Control) Order, 2020 S.O. 756(E) , dated 14-02-2020 Superseded by Steel and Steel Products (Quality Control) Order, 2020 S.O. 1673(E), dated 27-05-2020 Superseded by Steel and Steel Products (Quality Control) Order, 2020 (S.O. 2379(E), dated 17-07-2020) Extension in date of enforcement for Steel Products Order File.No. S-20011/1/2020-TECH dated 22.07.2020 Extension Order Superseded by Steel and Steel Products (Quality Control) Order, 2020 (S.O. 4082(E), dated 12.11.2020) Superseded by Steel and Steel Products (Quality Control) Order, 2020 (S.O. No. 4637 (E) 22/12/2020) Order of extension in the enforcement date for Indian Standards covered under the Quality Control Order (namely IS 3748, IS 7291, and IS 12146) Order of extension in the enforcement date for some Indian Standards covered under the Quality Control Order (namely IS 4398 and IS 3195) Order of extension in the enforcement date for some Indian Standards covered under the Quality Control Order (namely IS 6526,IS 4454 (Part4), IS 11946, IS11947 and IS 12045) Extension in date of enforcement Order (namely IS 1110, IS 4409) Extension in date of enforcement Order (namely IS 4432, IS 5518, IS 12145 , IS 13387, IS 4072 & IS 13352) Extension in date of enforcement Order (namely IS 7226, IS 14331) Extension in date of enforcement Order (namely IS 6529) Extension in date of enforcement Order (namely IS 1993, IS 12591) Extension in the date of enforcement of Quality Control Order on IS 3748, IS 7291 and IS 12146 Order of extension in the date of enforcement of Quality Control Order for Indian Standards IS 4454 (Part 4): 2001, IS11946: 1987 & IS 11947: 1987 Extension in date of enforcement order (namely IS 1110: 1990 & IS 4409: 1973) Extension in date of enforcement order (namely IS 14331:1995) Extension in date of enforcement order (namely IS 13387:1992) Extension in date of enforcement order ( namely IS 1110: 1990 & IS 4409: 1973) Extension in date of enforcement order (namely IS 1110: 1990 & IS 4409: 1973) , dated 01 November 2022 Extension in date of enforcement order (namely IS 4409: 1973) , dated 06 February 2023 Extension in date of enforcement order (namely IS 4409 : 1973, dated 25th July 2023) Steel and Steel Products (Quality Control) Order, 2024 S.O. 574(E) dated on 5th February, 2024 Extension in date of enforcement order (namely IS 4409: 2023, dated 01 May 2024) Extension in date of enforcement order (namely IS 4409:2023, dated 01st August 2024) Steel & Steel Products (Quality Control) Order, 2024 S.O. 3716(E), dated 29th August 2024 Steel & Steel Products (Quality Control) Amendment Order, 2025 S.O.5134(E) Dated 20 November, 2025 Steel & Steel Products (Quality Control) Amendment Order, 2026 S.O.3300(E) Dated 22 June, 2026",https://www.bis.gov.in/product-certification/products-under-compulsory-certification/scheme-i-mark-scheme/?lang=en,IS 15911
IS 1171: 2011,Ferromanganese – Specification,Steel and Iron Products,Steel and Iron Products,Yes,"BIS Product Certification (ISI Mark, Scheme I)","10. Steel and Steel Products (Quality Control) Order, 2020 S.O. 756(E) , dated 14-02-2020 Superseded by Steel and Steel Products (Quality Control) Order, 2020 S.O. 1673(E), dated 27-05-2020 Superseded by Steel and Steel Products (Quality Control) Order, 2020 (S.O. 2379(E), dated 17-07-2020) Extension in date of enforcement for Steel Products Order File.No. S-20011/1/2020-TECH dated 22.07.2020 Extension Order Superseded by Steel and Steel Products (Quality Control) Order, 2020 (S.O. 4082(E), dated 12.11.2020) Superseded by Steel and Steel Products (Quality Control) Order, 2020 (S.O. No. 4637 (E) 22/12/2020) Order of extension in the enforcement date for Indian Standards covered under the Quality Control Order (namely IS 3748, IS 7291, and IS 12146) Order of extension in the enforcement date for some Indian Standards covered under the Quality Control Order (namely IS 4398 and IS 3195) Order of extension in the enforcement date for some Indian Standards covered under the Quality Control Order (namely IS 6526,IS 4454 (Part4), IS 11946, IS11947 and IS 12045) Extension in date of enforcement Order (namely IS 1110, IS 4409) Extension in date of enforcement Order (namely IS 4432, IS 5518, IS 12145 , IS 13387, IS 4072 & IS 13352) Extension in date of enforcement Order (namely IS 7226, IS 14331) Extension in date of enforcement Order (namely IS 6529) Extension in date of enforcement Order (namely IS 1993, IS 12591) Extension in the date of enforcement of Quality Control Order on IS 3748, IS 7291 and IS 12146 Order of extension in the date of enforcement of Quality Control Order for Indian Standards IS 4454 (Part 4): 2001, IS11946: 1987 & IS 11947: 1987 Extension in date of enforcement order (namely IS 1110: 1990 & IS 4409: 1973) Extension in date of enforcement order (namely IS 14331:1995) Extension in date of enforcement order (namely IS 13387:1992) Extension in date of enforcement order ( namely IS 1110: 1990 & IS 4409: 1973) Extension in date of enforcement order (namely IS 1110: 1990 & IS 4409: 1973) , dated 01 November 2022 Extension in date of enforcement order (namely IS 4409: 1973) , dated 06 February 2023 Extension in date of enforcement order (namely IS 4409 : 1973, dated 25th July 2023) Steel and Steel Products (Quality Control) Order, 2024 S.O. 574(E) dated on 5th February, 2024 Extension in date of enforcement order (namely IS 4409: 2023, dated 01 May 2024) Extension in date of enforcement order (namely IS 4409:2023, dated 01st August 2024) Steel & Steel Products (Quality Control) Order, 2024 S.O. 3716(E), dated 29th August 2024 Steel & Steel Products (Quality Control) Amendment Order, 2025 S.O.5134(E) Dated 20 November, 2025 Steel & Steel Products (Quality Control) Amendment Order, 2026 S.O.3300(E) Dated 22 June, 2026",https://www.bis.gov.in/product-certification/products-under-compulsory-certification/scheme-i-mark-scheme/?lang=en,IS 1171
IS 4431: 1978,Carbon And Carbon- Manganese Free- Cutting Steels,Steel and Iron Products,Steel and Iron Products,Yes,"BIS Product Certification (ISI Mark, Scheme I)","10. Steel and Steel Products (Quality Control) Order, 2020 S.O. 756(E) , dated 14-02-2020 Superseded by Steel and Steel Products (Quality Control) Order, 2020 S.O. 1673(E), dated 27-05-2020 Superseded by Steel and Steel Products (Quality Control) Order, 2020 (S.O. 2379(E), dated 17-07-2020) Extension in date of enforcement for Steel Products Order File.No. S-20011/1/2020-TECH dated 22.07.2020 Extension Order Superseded by Steel and Steel Products (Quality Control) Order, 2020 (S.O. 4082(E), dated 12.11.2020) Superseded by Steel and Steel Products (Quality Control) Order, 2020 (S.O. No. 4637 (E) 22/12/2020) Order of extension in the enforcement date for Indian Standards covered under the Quality Control Order (namely IS 3748, IS 7291, and IS 12146) Order of extension in the enforcement date for some Indian Standards covered under the Quality Control Order (namely IS 4398 and IS 3195) Order of extension in the enforcement date for some Indian Standards covered under the Quality Control Order (namely IS 6526,IS 4454 (Part4), IS 11946, IS11947 and IS 12045) Extension in date of enforcement Order (namely IS 1110, IS 4409) Extension in date of enforcement Order (namely IS 4432, IS 5518, IS 12145 , IS 13387, IS 4072 & IS 13352) Extension in date of enforcement Order (namely IS 7226, IS 14331) Extension in date of enforcement Order (namely IS 6529) Extension in date of enforcement Order (namely IS 1993, IS 12591) Extension in the date of enforcement of Quality Control Order on IS 3748, IS 7291 and IS 12146 Order of extension in the date of enforcement of Quality Control Order for Indian Standards IS 4454 (Part 4): 2001, IS11946: 1987 & IS 11947: 1987 Extension in date of enforcement order (namely IS 1110: 1990 & IS 4409: 1973) Extension in date of enforcement order (namely IS 14331:1995) Extension in date of enforcement order (namely IS 13387:1992) Extension in date of enforcement order ( namely IS 1110: 1990 & IS 4409: 1973) Extension in date of enforcement order (namely IS 1110: 1990 & IS 4409: 1973) , dated 01 November 2022 Extension in date of enforcement order (namely IS 4409: 1973) , dated 06 February 2023 Extension in date of enforcement order (namely IS 4409 : 1973, dated 25th July 2023) Steel and Steel Products (Quality Control) Order, 2024 S.O. 574(E) dated on 5th February, 2024 Extension in date of enforcement order (namely IS 4409: 2023, dated 01 May 2024) Extension in date of enforcement order (namely IS 4409:2023, dated 01st August 2024) Steel & Steel Products (Quality Control) Order, 2024 S.O. 3716(E), dated 29th August 2024 Steel & Steel Products (Quality Control) Amendment Order, 2025 S.O.5134(E) Dated 20 November, 2025 Steel & Steel Products (Quality Control) Amendment Order, 2026 S.O.3300(E) Dated 22 June, 2026",https://www.bis.gov.in/product-certification/products-under-compulsory-certification/scheme-i-mark-scheme/?lang=en,IS 4431
IS 4432: 1988,Case Hardening Steels,Steel and Iron Products,Steel and Iron Products,Yes,"BIS Product Certification (ISI Mark, Scheme I)","10. Steel and Steel Products (Quality Control) Order, 2020 S.O. 756(E) , dated 14-02-2020 Superseded by Steel and Steel Products (Quality Control) Order, 2020 S.O. 1673(E), dated 27-05-2020 Superseded by Steel and Steel Products (Quality Control) Order, 2020 (S.O. 2379(E), dated 17-07-2020) Extension in date of enforcement for Steel Products Order File.No. S-20011/1/2020-TECH dated 22.07.2020 Extension Order Superseded by Steel and Steel Products (Quality Control) Order, 2020 (S.O. 4082(E), dated 12.11.2020) Superseded by Steel and Steel Products (Quality Control) Order, 2020 (S.O. No. 4637 (E) 22/12/2020) Order of extension in the enforcement date for Indian Standards covered under the Quality Control Order (namely IS 3748, IS 7291, and IS 12146) Order of extension in the enforcement date for some Indian Standards covered under the Quality Control Order (namely IS 4398 and IS 3195) Order of extension in the enforcement date for some Indian Standards covered under the Quality Control Order (namely IS 6526,IS 4454 (Part4), IS 11946, IS11947 and IS 12045) Extension in date of enforcement Order (namely IS 1110, IS 4409) Extension in date of enforcement Order (namely IS 4432, IS 5518, IS 12145 , IS 13387, IS 4072 & IS 13352) Extension in date of enforcement Order (namely IS 7226, IS 14331) Extension in date of enforcement Order (namely IS 6529) Extension in date of enforcement Order (namely IS 1993, IS 12591) Extension in the date of enforcement of Quality Control Order on IS 3748, IS 7291 and IS 12146 Order of extension in the date of enforcement of Quality Control Order for Indian Standards IS 4454 (Part 4): 2001, IS11946: 1987 & IS 11947: 1987 Extension in date of enforcement order (namely IS 1110: 1990 & IS 4409: 1973) Extension in date of enforcement order (namely IS 14331:1995) Extension in date of enforcement order (namely IS 13387:1992) Extension in date of enforcement order ( namely IS 1110: 1990 & IS 4409: 1973) Extension in date of enforcement order (namely IS 1110: 1990 & IS 4409: 1973) , dated 01 November 2022 Extension in date of enforcement order (namely IS 4409: 1973) , dated 06 February 2023 Extension in date of enforcement order (namely IS 4409 : 1973, dated 25th July 2023) Steel and Steel Products (Quality Control) Order, 2024 S.O. 574(E) dated on 5th February, 2024 Extension in date of enforcement order (namely IS 4409: 2023, dated 01 May 2024) Extension in date of enforcement order (namely IS 4409:2023, dated 01st August 2024) Steel & Steel Products (Quality Control) Order, 2024 S.O. 3716(E), dated 29th August 2024 Steel & Steel Products (Quality Control) Amendment Order, 2025 S.O.5134(E) Dated 20 November, 2025 Steel & Steel Products (Quality Control) Amendment Order, 2026 S.O.3300(E) Dated 22 June, 2026",https://www.bis.gov.in/product-certification/products-under-compulsory-certification/scheme-i-mark-scheme/?lang=en,IS 4432
IS 5518: 1996,Steels For Die Blocks For Drop Forging,Steel and Iron Products,Steel and Iron Products,Yes,"BIS Product Certification (ISI Mark, Scheme I)","10. Steel and Steel Products (Quality Control) Order, 2020 S.O. 756(E) , dated 14-02-2020 Superseded by Steel and Steel Products (Quality Control) Order, 2020 S.O. 1673(E), dated 27-05-2020 Superseded by Steel and Steel Products (Quality Control) Order, 2020 (S.O. 2379(E), dated 17-07-2020) Extension in date of enforcement for Steel Products Order File.No. S-20011/1/2020-TECH dated 22.07.2020 Extension Order Superseded by Steel and Steel Products (Quality Control) Order, 2020 (S.O. 4082(E), dated 12.11.2020) Superseded by Steel and Steel Products (Quality Control) Order, 2020 (S.O. No. 4637 (E) 22/12/2020) Order of extension in the enforcement date for Indian Standards covered under the Quality Control Order (namely IS 3748, IS 7291, and IS 12146) Order of extension in the enforcement date for some Indian Standards covered under the Quality Control Order (namely IS 4398 and IS 3195) Order of extension in the enforcement date for some Indian Standards covered under the Quality Control Order (namely IS 6526,IS 4454 (Part4), IS 11946, IS11947 and IS 12045) Extension in date of enforcement Order (namely IS 1110, IS 4409) Extension in date of enforcement Order (namely IS 4432, IS 5518, IS 12145 , IS 13387, IS 4072 & IS 13352) Extension in date of enforcement Order (namely IS 7226, IS 14331) Extension in date of enforcement Order (namely IS 6529) Extension in date of enforcement Order (namely IS 1993, IS 12591) Extension in the date of enforcement of Quality Control Order on IS 3748, IS 7291 and IS 12146 Order of extension in the date of enforcement of Quality Control Order for Indian Standards IS 4454 (Part 4): 2001, IS11946: 1987 & IS 11947: 1987 Extension in date of enforcement order (namely IS 1110: 1990 & IS 4409: 1973) Extension in date of enforcement order (namely IS 14331:1995) Extension in date of enforcement order (namely IS 13387:1992) Extension in date of enforcement order ( namely IS 1110: 1990 & IS 4409: 1973) Extension in date of enforcement order (namely IS 1110: 1990 & IS 4409: 1973) , dated 01 November 2022 Extension in date of enforcement order (namely IS 4409: 1973) , dated 06 February 2023 Extension in date of enforcement order (namely IS 4409 : 1973, dated 25th July 2023) Steel and Steel Products (Quality Control) Order, 2024 S.O. 574(E) dated on 5th February, 2024 Extension in date of enforcement order (namely IS 4409: 2023, dated 01 May 2024) Extension in date of enforcement order (namely IS 4409:2023, dated 01st August 2024) Steel & Steel Products (Quality Control) Order, 2024 S.O. 3716(E), dated 29th August 2024 Steel & Steel Products (Quality Control) Amendment Order, 2025 S.O.5134(E) Dated 20 November, 2025 Steel & Steel Products (Quality Control) Amendment Order, 2026 S.O.3300(E) Dated 22 June, 2026",https://www.bis.gov.in/product-certification/products-under-compulsory-certification/scheme-i-mark-scheme/?lang=en,IS 5518
IS 8748: 1978,Forged/Rolled CTC Segments,Steel and Iron Products,Steel and Iron Products,Yes,"BIS Product Certification (ISI Mark, Scheme I)","10. Steel and Steel Products (Quality Control) Order, 2020 S.O. 756(E) , dated 14-02-2020 Superseded by Steel and Steel Products (Quality Control) Order, 2020 S.O. 1673(E), dated 27-05-2020 Superseded by Steel and Steel Products (Quality Control) Order, 2020 (S.O. 2379(E), dated 17-07-2020) Extension in date of enforcement for Steel Products Order File.No. S-20011/1/2020-TECH dated 22.07.2020 Extension Order Superseded by Steel and Steel Products (Quality Control) Order, 2020 (S.O. 4082(E), dated 12.11.2020) Superseded by Steel and Steel Products (Quality Control) Order, 2020 (S.O. No. 4637 (E) 22/12/2020) Order of extension in the enforcement date for Indian Standards covered under the Quality Control Order (namely IS 3748, IS 7291, and IS 12146) Order of extension in the enforcement date for some Indian Standards covered under the Quality Control Order (namely IS 4398 and IS 3195) Order of extension in the enforcement date for some Indian Standards covered under the Quality Control Order (namely IS 6526,IS 4454 (Part4), IS 11946, IS11947 and IS 12045) Extension in date of enforcement Order (namely IS 1110, IS 4409) Extension in date of enforcement Order (namely IS 4432, IS 5518, IS 12145 , IS 13387, IS 4072 & IS 13352) Extension in date of enforcement Order (namely IS 7226, IS 14331) Extension in date of enforcement Order (namely IS 6529) Extension in date of enforcement Order (namely IS 1993, IS 12591) Extension in the date of enforcement of Quality Control Order on IS 3748, IS 7291 and IS 12146 Order of extension in the date of enforcement of Quality Control Order for Indian Standards IS 4454 (Part 4): 2001, IS11946: 1987 & IS 11947: 1987 Extension in date of enforcement order (namely IS 1110: 1990 & IS 4409: 1973) Extension in date of enforcement order (namely IS 14331:1995) Extension in date of enforcement order (namely IS 13387:1992) Extension in date of enforcement order ( namely IS 1110: 1990 & IS 4409: 1973) Extension in date of enforcement order (namely IS 1110: 1990 & IS 4409: 1973) , dated 01 November 2022 Extension in date of enforcement order (namely IS 4409: 1973) , dated 06 February 2023 Extension in date of enforcement order (namely IS 4409 : 1973, dated 25th July 2023) Steel and Steel Products (Quality Control) Order, 2024 S.O. 574(E) dated on 5th February, 2024 Extension in date of enforcement order (namely IS 4409: 2023, dated 01 May 2024) Extension in date of enforcement order (namely IS 4409:2023, dated 01st August 2024) Steel & Steel Products (Quality Control) Order, 2024 S.O. 3716(E), dated 29th August 2024 Steel & Steel Products (Quality Control) Amendment Order, 2025 S.O.5134(E) Dated 20 November, 2025 Steel & Steel Products (Quality Control) Amendment Order, 2026 S.O.3300(E) Dated 22 June, 2026",https://www.bis.gov.in/product-certification/products-under-compulsory-certification/scheme-i-mark-scheme/?lang=en,IS 8748
IS 12145: 1987,Quenched And Tempered Alloy Steel Forgings For Pressure Vessels,Steel and Iron Products,Steel and Iron Products,Yes,"BIS Product Certification (ISI Mark, Scheme I)","10. Steel and Steel Products (Quality Control) Order, 2020 S.O. 756(E) , dated 14-02-2020 Superseded by Steel and Steel Products (Quality Control) Order, 2020 S.O. 1673(E), dated 27-05-2020 Superseded by Steel and Steel Products (Quality Control) Order, 2020 (S.O. 2379(E), dated 17-07-2020) Extension in date of enforcement for Steel Products Order File.No. S-20011/1/2020-TECH dated 22.07.2020 Extension Order Superseded by Steel and Steel Products (Quality Control) Order, 2020 (S.O. 4082(E), dated 12.11.2020) Superseded by Steel and Steel Products (Quality Control) Order, 2020 (S.O. No. 4637 (E) 22/12/2020) Order of extension in the enforcement date for Indian Standards covered under the Quality Control Order (namely IS 3748, IS 7291, and IS 12146) Order of extension in the enforcement date for some Indian Standards covered under the Quality Control Order (namely IS 4398 and IS 3195) Order of extension in the enforcement date for some Indian Standards covered under the Quality Control Order (namely IS 6526,IS 4454 (Part4), IS 11946, IS11947 and IS 12045) Extension in date of enforcement Order (namely IS 1110, IS 4409) Extension in date of enforcement Order (namely IS 4432, IS 5518, IS 12145 , IS 13387, IS 4072 & IS 13352) Extension in date of enforcement Order (namely IS 7226, IS 14331) Extension in date of enforcement Order (namely IS 6529) Extension in date of enforcement Order (namely IS 1993, IS 12591) Extension in the date of enforcement of Quality Control Order on IS 3748, IS 7291 and IS 12146 Order of extension in the date of enforcement of Quality Control Order for Indian Standards IS 4454 (Part 4): 2001, IS11946: 1987 & IS 11947: 1987 Extension in date of enforcement order (namely IS 1110: 1990 & IS 4409: 1973) Extension in date of enforcement order (namely IS 14331:1995) Extension in date of enforcement order (namely IS 13387:1992) Extension in date of enforcement order ( namely IS 1110: 1990 & IS 4409: 1973) Extension in date of enforcement order (namely IS 1110: 1990 & IS 4409: 1973) , dated 01 November 2022 Extension in date of enforcement order (namely IS 4409: 1973) , dated 06 February 2023 Extension in date of enforcement order (namely IS 4409 : 1973, dated 25th July 2023) Steel and Steel Products (Quality Control) Order, 2024 S.O. 574(E) dated on 5th February, 2024 Extension in date of enforcement order (namely IS 4409: 2023, dated 01 May 2024) Extension in date of enforcement order (namely IS 4409:2023, dated 01st August 2024) Steel & Steel Products (Quality Control) Order, 2024 S.O. 3716(E), dated 29th August 2024 Steel & Steel Products (Quality Control) Amendment Order, 2025 S.O.5134(E) Dated 20 November, 2025 Steel & Steel Products (Quality Control) Amendment Order, 2026 S.O.3300(E) Dated 22 June, 2026",https://www.bis.gov.in/product-certification/products-under-compulsory-certification/scheme-i-mark-scheme/?lang=en,IS 12145
IS 13387: 1992,Tool Steel Forgings For Metal Forming,Steel and Iron Products,Steel and Iron Products,Yes,"BIS Product Certification (ISI Mark, Scheme I)","10. Steel and Steel Products (Quality Control) Order, 2020 S.O. 756(E) , dated 14-02-2020 Superseded by Steel and Steel Products (Quality Control) Order, 2020 S.O. 1673(E), dated 27-05-2020 Superseded by Steel and Steel Products (Quality Control) Order, 2020 (S.O. 2379(E), dated 17-07-2020) Extension in date of enforcement for Steel Products Order File.No. S-20011/1/2020-TECH dated 22.07.2020 Extension Order Superseded by Steel and Steel Products (Quality Control) Order, 2020 (S.O. 4082(E), dated 12.11.2020) Superseded by Steel and Steel Products (Quality Control) Order, 2020 (S.O. No. 4637 (E) 22/12/2020) Order of extension in the enforcement date for Indian Standards covered under the Quality Control Order (namely IS 3748, IS 7291, and IS 12146) Order of extension in the enforcement date for some Indian Standards covered under the Quality Control Order (namely IS 4398 and IS 3195) Order of extension in the enforcement date for some Indian Standards covered under the Quality Control Order (namely IS 6526,IS 4454 (Part4), IS 11946, IS11947 and IS 12045) Extension in date of enforcement Order (namely IS 1110, IS 4409) Extension in date of enforcement Order (namely IS 4432, IS 5518, IS 12145 , IS 13387, IS 4072 & IS 13352) Extension in date of enforcement Order (namely IS 7226, IS 14331) Extension in date of enforcement Order (namely IS 6529) Extension in date of enforcement Order (namely IS 1993, IS 12591) Extension in the date of enforcement of Quality Control Order on IS 3748, IS 7291 and IS 12146 Order of extension in the date of enforcement of Quality Control Order for Indian Standards IS 4454 (Part 4): 2001, IS11946: 1987 & IS 11947: 1987 Extension in date of enforcement order (namely IS 1110: 1990 & IS 4409: 1973) Extension in date of enforcement order (namely IS 14331:1995) Extension in date of enforcement order (namely IS 13387:1992) Extension in date of enforcement order ( namely IS 1110: 1990 & IS 4409: 1973) Extension in date of enforcement order (namely IS 1110: 1990 & IS 4409: 1973) , dated 01 November 2022 Extension in date of enforcement order (namely IS 4409: 1973) , dated 06 February 2023 Extension in date of enforcement order (namely IS 4409 : 1973, dated 25th July 2023) Steel and Steel Products (Quality Control) Order, 2024 S.O. 574(E) dated on 5th February, 2024 Extension in date of enforcement order (namely IS 4409: 2023, dated 01 May 2024) Extension in date of enforcement order (namely IS 4409:2023, dated 01st August 2024) Steel & Steel Products (Quality Control) Order, 2024 S.O. 3716(E), dated 29th August 2024 Steel & Steel Products (Quality Control) Amendment Order, 2025 S.O.5134(E) Dated 20 November, 2025 Steel & Steel Products (Quality Control) Amendment Order, 2026 S.O.3300(E) Dated 22 June, 2026",https://www.bis.gov.in/product-certification/products-under-compulsory-certification/scheme-i-mark-scheme/?lang=en,IS 13387
IS 14698:1999,"Carbon And Low Alloy Billets, Blooms, Slabs And Bars For Manufacture Of Shell BodiesAnd Proof Shots Used In Defence Services",Steel and Iron Products,Steel and Iron Products,Yes,"BIS Product Certification (ISI Mark, Scheme I)","10. Steel and Steel Products (Quality Control) Order, 2020 S.O. 756(E) , dated 14-02-2020 Superseded by Steel and Steel Products (Quality Control) Order, 2020 S.O. 1673(E), dated 27-05-2020 Superseded by Steel and Steel Products (Quality Control) Order, 2020 (S.O. 2379(E), dated 17-07-2020) Extension in date of enforcement for Steel Products Order File.No. S-20011/1/2020-TECH dated 22.07.2020 Extension Order Superseded by Steel and Steel Products (Quality Control) Order, 2020 (S.O. 4082(E), dated 12.11.2020) Superseded by Steel and Steel Products (Quality Control) Order, 2020 (S.O. No. 4637 (E) 22/12/2020) Order of extension in the enforcement date for Indian Standards covered under the Quality Control Order (namely IS 3748, IS 7291, and IS 12146) Order of extension in the enforcement date for some Indian Standards covered under the Quality Control Order (namely IS 4398 and IS 3195) Order of extension in the enforcement date for some Indian Standards covered under the Quality Control Order (namely IS 6526,IS 4454 (Part4), IS 11946, IS11947 and IS 12045) Extension in date of enforcement Order (namely IS 1110, IS 4409) Extension in date of enforcement Order (namely IS 4432, IS 5518, IS 12145 , IS 13387, IS 4072 & IS 13352) Extension in date of enforcement Order (namely IS 7226, IS 14331) Extension in date of enforcement Order (namely IS 6529) Extension in date of enforcement Order (namely IS 1993, IS 12591) Extension in the date of enforcement of Quality Control Order on IS 3748, IS 7291 and IS 12146 Order of extension in the date of enforcement of Quality Control Order for Indian Standards IS 4454 (Part 4): 2001, IS11946: 1987 & IS 11947: 1987 Extension in date of enforcement order (namely IS 1110: 1990 & IS 4409: 1973) Extension in date of enforcement order (namely IS 14331:1995) Extension in date of enforcement order (namely IS 13387:1992) Extension in date of enforcement order ( namely IS 1110: 1990 & IS 4409: 1973) Extension in date of enforcement order (namely IS 1110: 1990 & IS 4409: 1973) , dated 01 November 2022 Extension in date of enforcement order (namely IS 4409: 1973) , dated 06 February 2023 Extension in date of enforcement order (namely IS 4409 : 1973, dated 25th July 2023) Steel and Steel Products (Quality Control) Order, 2024 S.O. 574(E) dated on 5th February, 2024 Extension in date of enforcement order (namely IS 4409: 2023, dated 01 May 2024) Extension in date of enforcement order (namely IS 4409:2023, dated 01st August 2024) Steel & Steel Products (Quality Control) Order, 2024 S.O. 3716(E), dated 29th August 2024 Steel & Steel Products (Quality Control) Amendment Order, 2025 S.O.5134(E) Dated 20 November, 2025 Steel & Steel Products (Quality Control) Amendment Order, 2026 S.O.3300(E) Dated 22 June, 2026",https://www.bis.gov.in/product-certification/products-under-compulsory-certification/scheme-i-mark-scheme/?lang=en,IS 14698
IS 3930: 1994,Flame And Induction Hardening Steels,Steel and Iron Products,Steel and Iron Products,Yes,"BIS Product Certification (ISI Mark, Scheme I)","10. Steel and Steel Products (Quality Control) Order, 2020 S.O. 756(E) , dated 14-02-2020 Superseded by Steel and Steel Products (Quality Control) Order, 2020 S.O. 1673(E), dated 27-05-2020 Superseded by Steel and Steel Products (Quality Control) Order, 2020 (S.O. 2379(E), dated 17-07-2020) Extension in date of enforcement for Steel Products Order File.No. S-20011/1/2020-TECH dated 22.07.2020 Extension Order Superseded by Steel and Steel Products (Quality Control) Order, 2020 (S.O. 4082(E), dated 12.11.2020) Superseded by Steel and Steel Products (Quality Control) Order, 2020 (S.O. No. 4637 (E) 22/12/2020) Order of extension in the enforcement date for Indian Standards covered under the Quality Control Order (namely IS 3748, IS 7291, and IS 12146) Order of extension in the enforcement date for some Indian Standards covered under the Quality Control Order (namely IS 4398 and IS 3195) Order of extension in the enforcement date for some Indian Standards covered under the Quality Control Order (namely IS 6526,IS 4454 (Part4), IS 11946, IS11947 and IS 12045) Extension in date of enforcement Order (namely IS 1110, IS 4409) Extension in date of enforcement Order (namely IS 4432, IS 5518, IS 12145 , IS 13387, IS 4072 & IS 13352) Extension in date of enforcement Order (namely IS 7226, IS 14331) Extension in date of enforcement Order (namely IS 6529) Extension in date of enforcement Order (namely IS 1993, IS 12591) Extension in the date of enforcement of Quality Control Order on IS 3748, IS 7291 and IS 12146 Order of extension in the date of enforcement of Quality Control Order for Indian Standards IS 4454 (Part 4): 2001, IS11946: 1987 & IS 11947: 1987 Extension in date of enforcement order (namely IS 1110: 1990 & IS 4409: 1973) Extension in date of enforcement order (namely IS 14331:1995) Extension in date of enforcement order (namely IS 13387:1992) Extension in date of enforcement order ( namely IS 1110: 1990 & IS 4409: 1973) Extension in date of enforcement order (namely IS 1110: 1990 & IS 4409: 1973) , dated 01 November 2022 Extension in date of enforcement order (namely IS 4409: 1973) , dated 06 February 2023 Extension in date of enforcement order (namely IS 4409 : 1973, dated 25th July 2023) Steel and Steel Products (Quality Control) Order, 2024 S.O. 574(E) dated on 5th February, 2024 Extension in date of enforcement order (namely IS 4409: 2023, dated 01 May 2024) Extension in date of enforcement order (namely IS 4409:2023, dated 01st August 2024) Steel & Steel Products (Quality Control) Order, 2024 S.O. 3716(E), dated 29th August 2024 Steel & Steel Products (Quality Control) Amendment Order, 2025 S.O.5134(E) Dated 20 November, 2025 Steel & Steel Products (Quality Control) Amendment Order, 2026 S.O.3300(E) Dated 22 June, 2026",https://www.bis.gov.in/product-certification/products-under-compulsory-certification/scheme-i-mark-scheme/?lang=en,IS 3930
IS 5478: 1969,Thermostat Metal Sheet and Strip,Steel and Iron Products,Steel and Iron Products,Yes,"BIS Product Certification (ISI Mark, Scheme I)","10. Steel and Steel Products (Quality Control) Order, 2020 S.O. 756(E) , dated 14-02-2020 Superseded by Steel and Steel Products (Quality Control) Order, 2020 S.O. 1673(E), dated 27-05-2020 Superseded by Steel and Steel Products (Quality Control) Order, 2020 (S.O. 2379(E), dated 17-07-2020) Extension in date of enforcement for Steel Products Order File.No. S-20011/1/2020-TECH dated 22.07.2020 Extension Order Superseded by Steel and Steel Products (Quality Control) Order, 2020 (S.O. 4082(E), dated 12.11.2020) Superseded by Steel and Steel Products (Quality Control) Order, 2020 (S.O. No. 4637 (E) 22/12/2020) Order of extension in the enforcement date for Indian Standards covered under the Quality Control Order (namely IS 3748, IS 7291, and IS 12146) Order of extension in the enforcement date for some Indian Standards covered under the Quality Control Order (namely IS 4398 and IS 3195) Order of extension in the enforcement date for some Indian Standards covered under the Quality Control Order (namely IS 6526,IS 4454 (Part4), IS 11946, IS11947 and IS 12045) Extension in date of enforcement Order (namely IS 1110, IS 4409) Extension in date of enforcement Order (namely IS 4432, IS 5518, IS 12145 , IS 13387, IS 4072 & IS 13352) Extension in date of enforcement Order (namely IS 7226, IS 14331) Extension in date of enforcement Order (namely IS 6529) Extension in date of enforcement Order (namely IS 1993, IS 12591) Extension in the date of enforcement of Quality Control Order on IS 3748, IS 7291 and IS 12146 Order of extension in the date of enforcement of Quality Control Order for Indian Standards IS 4454 (Part 4): 2001, IS11946: 1987 & IS 11947: 1987 Extension in date of enforcement order (namely IS 1110: 1990 & IS 4409: 1973) Extension in date of enforcement order (namely IS 14331:1995) Extension in date of enforcement order (namely IS 13387:1992) Extension in date of enforcement order ( namely IS 1110: 1990 & IS 4409: 1973) Extension in date of enforcement order (namely IS 1110: 1990 & IS 4409: 1973) , dated 01 November 2022 Extension in date of enforcement order (namely IS 4409: 1973) , dated 06 February 2023 Extension in date of enforcement order (namely IS 4409 : 1973, dated 25th July 2023) Steel and Steel Products (Quality Control) Order, 2024 S.O. 574(E) dated on 5th February, 2024 Extension in date of enforcement order (namely IS 4409: 2023, dated 01 May 2024) Extension in date of enforcement order (namely IS 4409:2023, dated 01st August 2024) Steel & Steel Products (Quality Control) Order, 2024 S.O. 3716(E), dated 29th August 2024 Steel & Steel Products (Quality Control) Amendment Order, 2025 S.O.5134(E) Dated 20 November, 2025 Steel & Steel Products (Quality Control) Amendment Order, 2026 S.O.3300(E) Dated 22 June, 2026",https://www.bis.gov.in/product-certification/products-under-compulsory-certification/scheme-i-mark-scheme/?lang=en,IS 5478
IS 13352: 1992,"Stock for Forgings produced from Continuously Cast Blooms, Billets and Slabs",Steel and Iron Products,Steel and Iron Products,Yes,"BIS Product Certification (ISI Mark, Scheme I)","10. Steel and Steel Products (Quality Control) Order, 2020 S.O. 756(E) , dated 14-02-2020 Superseded by Steel and Steel Products (Quality Control) Order, 2020 S.O. 1673(E), dated 27-05-2020 Superseded by Steel and Steel Products (Quality Control) Order, 2020 (S.O. 2379(E), dated 17-07-2020) Extension in date of enforcement for Steel Products Order File.No. S-20011/1/2020-TECH dated 22.07.2020 Extension Order Superseded by Steel and Steel Products (Quality Control) Order, 2020 (S.O. 4082(E), dated 12.11.2020) Superseded by Steel and Steel Products (Quality Control) Order, 2020 (S.O. No. 4637 (E) 22/12/2020) Order of extension in the enforcement date for Indian Standards covered under the Quality Control Order (namely IS 3748, IS 7291, and IS 12146) Order of extension in the enforcement date for some Indian Standards covered under the Quality Control Order (namely IS 4398 and IS 3195) Order of extension in the enforcement date for some Indian Standards covered under the Quality Control Order (namely IS 6526,IS 4454 (Part4), IS 11946, IS11947 and IS 12045) Extension in date of enforcement Order (namely IS 1110, IS 4409) Extension in date of enforcement Order (namely IS 4432, IS 5518, IS 12145 , IS 13387, IS 4072 & IS 13352) Extension in date of enforcement Order (namely IS 7226, IS 14331) Extension in date of enforcement Order (namely IS 6529) Extension in date of enforcement Order (namely IS 1993, IS 12591) Extension in the date of enforcement of Quality Control Order on IS 3748, IS 7291 and IS 12146 Order of extension in the date of enforcement of Quality Control Order for Indian Standards IS 4454 (Part 4): 2001, IS11946: 1987 & IS 11947: 1987 Extension in date of enforcement order (namely IS 1110: 1990 & IS 4409: 1973) Extension in date of enforcement order (namely IS 14331:1995) Extension in date of enforcement order (namely IS 13387:1992) Extension in date of enforcement order ( namely IS 1110: 1990 & IS 4409: 1973) Extension in date of enforcement order (namely IS 1110: 1990 & IS 4409: 1973) , dated 01 November 2022 Extension in date of enforcement order (namely IS 4409: 1973) , dated 06 February 2023 Extension in date of enforcement order (namely IS 4409 : 1973, dated 25th July 2023) Steel and Steel Products (Quality Control) Order, 2024 S.O. 574(E) dated on 5th February, 2024 Extension in date of enforcement order (namely IS 4409: 2023, dated 01 May 2024) Extension in date of enforcement order (namely IS 4409:2023, dated 01st August 2024) Steel & Steel Products (Quality Control) Order, 2024 S.O. 3716(E), dated 29th August 2024 Steel & Steel Products (Quality Control) Amendment Order, 2025 S.O.5134(E) Dated 20 November, 2025 Steel & Steel Products (Quality Control) Amendment Order, 2026 S.O.3300(E) Dated 22 June, 2026",https://www.bis.gov.in/product-certification/products-under-compulsory-certification/scheme-i-mark-scheme/?lang=en,IS 13352
IS 16644: 2018,"Stress-Relieved, Low Relaxation Steel Wire for Pre-stressed Concrete",Steel and Iron Products,Steel and Iron Products,Yes,"BIS Product Certification (ISI Mark, Scheme I)","10. Steel and Steel Products (Quality Control) Order, 2020 S.O. 756(E) , dated 14-02-2020 Superseded by Steel and Steel Products (Quality Control) Order, 2020 S.O. 1673(E), dated 27-05-2020 Superseded by Steel and Steel Products (Quality Control) Order, 2020 (S.O. 2379(E), dated 17-07-2020) Extension in date of enforcement for Steel Products Order File.No. S-20011/1/2020-TECH dated 22.07.2020 Extension Order Superseded by Steel and Steel Products (Quality Control) Order, 2020 (S.O. 4082(E), dated 12.11.2020) Superseded by Steel and Steel Products (Quality Control) Order, 2020 (S.O. No. 4637 (E) 22/12/2020) Order of extension in the enforcement date for Indian Standards covered under the Quality Control Order (namely IS 3748, IS 7291, and IS 12146) Order of extension in the enforcement date for some Indian Standards covered under the Quality Control Order (namely IS 4398 and IS 3195) Order of extension in the enforcement date for some Indian Standards covered under the Quality Control Order (namely IS 6526,IS 4454 (Part4), IS 11946, IS11947 and IS 12045) Extension in date of enforcement Order (namely IS 1110, IS 4409) Extension in date of enforcement Order (namely IS 4432, IS 5518, IS 12145 , IS 13387, IS 4072 & IS 13352) Extension in date of enforcement Order (namely IS 7226, IS 14331) Extension in date of enforcement Order (namely IS 6529) Extension in date of enforcement Order (namely IS 1993, IS 12591) Extension in the date of enforcement of Quality Control Order on IS 3748, IS 7291 and IS 12146 Order of extension in the date of enforcement of Quality Control Order for Indian Standards IS 4454 (Part 4): 2001, IS11946: 1987 & IS 11947: 1987 Extension in date of enforcement order (namely IS 1110: 1990 & IS 4409: 1973) Extension in date of enforcement order (namely IS 14331:1995) Extension in date of enforcement order (namely IS 13387:1992) Extension in date of enforcement order ( namely IS 1110: 1990 & IS 4409: 1973) Extension in date of enforcement order (namely IS 1110: 1990 & IS 4409: 1973) , dated 01 November 2022 Extension in date of enforcement order (namely IS 4409: 1973) , dated 06 February 2023 Extension in date of enforcement order (namely IS 4409 : 1973, dated 25th July 2023) Steel and Steel Products (Quality Control) Order, 2024 S.O. 574(E) dated on 5th February, 2024 Extension in date of enforcement order (namely IS 4409: 2023, dated 01 May 2024) Extension in date of enforcement order (namely IS 4409:2023, dated 01st August 2024) Steel & Steel Products (Quality Control) Order, 2024 S.O. 3716(E), dated 29th August 2024 Steel & Steel Products (Quality Control) Amendment Order, 2025 S.O.5134(E) Dated 20 November, 2025 Steel & Steel Products (Quality Control) Amendment Order, 2026 S.O.3300(E) Dated 22 June, 2026",https://www.bis.gov.in/product-certification/products-under-compulsory-certification/scheme-i-mark-scheme/?lang=en,IS 16644
IS 17404 : 2020,Electrogalvanized Hot Rolled and Cold Reduced Carbon Steel Sheetsand Strips,Steel and Iron Products,Steel and Iron Products,Yes,"BIS Product Certification (ISI Mark, Scheme I)","10. Steel and Steel Products (Quality Control) Order, 2020 S.O. 756(E) , dated 14-02-2020 Superseded by Steel and Steel Products (Quality Control) Order, 2020 S.O. 1673(E), dated 27-05-2020 Superseded by Steel and Steel Products (Quality Control) Order, 2020 (S.O. 2379(E), dated 17-07-2020) Extension in date of enforcement for Steel Products Order File.No. S-20011/1/2020-TECH dated 22.07.2020 Extension Order Superseded by Steel and Steel Products (Quality Control) Order, 2020 (S.O. 4082(E), dated 12.11.2020) Superseded by Steel and Steel Products (Quality Control) Order, 2020 (S.O. No. 4637 (E) 22/12/2020) Order of extension in the enforcement date for Indian Standards covered under the Quality Control Order (namely IS 3748, IS 7291, and IS 12146) Order of extension in the enforcement date for some Indian Standards covered under the Quality Control Order (namely IS 4398 and IS 3195) Order of extension in the enforcement date for some Indian Standards covered under the Quality Control Order (namely IS 6526,IS 4454 (Part4), IS 11946, IS11947 and IS 12045) Extension in date of enforcement Order (namely IS 1110, IS 4409) Extension in date of enforcement Order (namely IS 4432, IS 5518, IS 12145 , IS 13387, IS 4072 & IS 13352) Extension in date of enforcement Order (namely IS 7226, IS 14331) Extension in date of enforcement Order (namely IS 6529) Extension in date of enforcement Order (namely IS 1993, IS 12591) Extension in the date of enforcement of Quality Control Order on IS 3748, IS 7291 and IS 12146 Order of extension in the date of enforcement of Quality Control Order for Indian Standards IS 4454 (Part 4): 2001, IS11946: 1987 & IS 11947: 1987 Extension in date of enforcement order (namely IS 1110: 1990 & IS 4409: 1973) Extension in date of enforcement order (namely IS 14331:1995) Extension in date of enforcement order (namely IS 13387:1992) Extension in date of enforcement order ( namely IS 1110: 1990 & IS 4409: 1973) Extension in date of enforcement order (namely IS 1110: 1990 & IS 4409: 1973) , dated 01 November 2022 Extension in date of enforcement order (namely IS 4409: 1973) , dated 06 February 2023 Extension in date of enforcement order (namely IS 4409 : 1973, dated 25th July 2023) Steel and Steel Products (Quality Control) Order, 2024 S.O. 574(E) dated on 5th February, 2024 Extension in date of enforcement order (namely IS 4409: 2023, dated 01 May 2024) Extension in date of enforcement order (namely IS 4409:2023, dated 01st August 2024) Steel & Steel Products (Quality Control) Order, 2024 S.O. 3716(E), dated 29th August 2024 Steel & Steel Products (Quality Control) Amendment Order, 2025 S.O.5134(E) Dated 20 November, 2025 Steel & Steel Products (Quality Control) Amendment Order, 2026 S.O.3300(E) Dated 22 June, 2026",https://www.bis.gov.in/product-certification/products-under-compulsory-certification/scheme-i-mark-scheme/?lang=en,IS 17404
IS 18316: 2023,Hot Rolled and Cold Rolled Steel Strips Intended For Processing Of Semi/Fully Processed NonGrain Oriented Electrical Steel Or Fully Processed Grain Oriented Electrical Steel,Steel and Iron Products,Steel and Iron Products,Yes,"BIS Product Certification (ISI Mark, Scheme I)","10. Steel and Steel Products (Quality Control) Order, 2020 S.O. 756(E) , dated 14-02-2020 Superseded by Steel and Steel Products (Quality Control) Order, 2020 S.O. 1673(E), dated 27-05-2020 Superseded by Steel and Steel Products (Quality Control) Order, 2020 (S.O. 2379(E), dated 17-07-2020) Extension in date of enforcement for Steel Products Order File.No. S-20011/1/2020-TECH dated 22.07.2020 Extension Order Superseded by Steel and Steel Products (Quality Control) Order, 2020 (S.O. 4082(E), dated 12.11.2020) Superseded by Steel and Steel Products (Quality Control) Order, 2020 (S.O. No. 4637 (E) 22/12/2020) Order of extension in the enforcement date for Indian Standards covered under the Quality Control Order (namely IS 3748, IS 7291, and IS 12146) Order of extension in the enforcement date for some Indian Standards covered under the Quality Control Order (namely IS 4398 and IS 3195) Order of extension in the enforcement date for some Indian Standards covered under the Quality Control Order (namely IS 6526,IS 4454 (Part4), IS 11946, IS11947 and IS 12045) Extension in date of enforcement Order (namely IS 1110, IS 4409) Extension in date of enforcement Order (namely IS 4432, IS 5518, IS 12145 , IS 13387, IS 4072 & IS 13352) Extension in date of enforcement Order (namely IS 7226, IS 14331) Extension in date of enforcement Order (namely IS 6529) Extension in date of enforcement Order (namely IS 1993, IS 12591) Extension in the date of enforcement of Quality Control Order on IS 3748, IS 7291 and IS 12146 Order of extension in the date of enforcement of Quality Control Order for Indian Standards IS 4454 (Part 4): 2001, IS11946: 1987 & IS 11947: 1987 Extension in date of enforcement order (namely IS 1110: 1990 & IS 4409: 1973) Extension in date of enforcement order (namely IS 14331:1995) Extension in date of enforcement order (namely IS 13387:1992) Extension in date of enforcement order ( namely IS 1110: 1990 & IS 4409: 1973) Extension in date of enforcement order (namely IS 1110: 1990 & IS 4409: 1973) , dated 01 November 2022 Extension in date of enforcement order (namely IS 4409: 1973) , dated 06 February 2023 Extension in date of enforcement order (namely IS 4409 : 1973, dated 25th July 2023) Steel and Steel Products (Quality Control) Order, 2024 S.O. 574(E) dated on 5th February, 2024 Extension in date of enforcement order (namely IS 4409: 2023, dated 01 May 2024) Extension in date of enforcement order (namely IS 4409:2023, dated 01st August 2024) Steel & Steel Products (Quality Control) Order, 2024 S.O. 3716(E), dated 29th August 2024 Steel & Steel Products (Quality Control) Amendment Order, 2025 S.O.5134(E) Dated 20 November, 2025 Steel & Steel Products (Quality Control) Amendment Order, 2026 S.O.3300(E) Dated 22 June, 2026",https://www.bis.gov.in/product-certification/products-under-compulsory-certification/scheme-i-mark-scheme/?lang=en,IS 18316
IS 18384: 2023,"Hot-Rolled Steel Strip, Sheet and Plates for Welded Steel Pipe for Pipeline Transportation Systems",Steel and Iron Products,Steel and Iron Products,Yes,"BIS Product Certification (ISI Mark, Scheme I)","10. Steel and Steel Products (Quality Control) Order, 2020 S.O. 756(E) , dated 14-02-2020 Superseded by Steel and Steel Products (Quality Control) Order, 2020 S.O. 1673(E), dated 27-05-2020 Superseded by Steel and Steel Products (Quality Control) Order, 2020 (S.O. 2379(E), dated 17-07-2020) Extension in date of enforcement for Steel Products Order File.No. S-20011/1/2020-TECH dated 22.07.2020 Extension Order Superseded by Steel and Steel Products (Quality Control) Order, 2020 (S.O. 4082(E), dated 12.11.2020) Superseded by Steel and Steel Products (Quality Control) Order, 2020 (S.O. No. 4637 (E) 22/12/2020) Order of extension in the enforcement date for Indian Standards covered under the Quality Control Order (namely IS 3748, IS 7291, and IS 12146) Order of extension in the enforcement date for some Indian Standards covered under the Quality Control Order (namely IS 4398 and IS 3195) Order of extension in the enforcement date for some Indian Standards covered under the Quality Control Order (namely IS 6526,IS 4454 (Part4), IS 11946, IS11947 and IS 12045) Extension in date of enforcement Order (namely IS 1110, IS 4409) Extension in date of enforcement Order (namely IS 4432, IS 5518, IS 12145 , IS 13387, IS 4072 & IS 13352) Extension in date of enforcement Order (namely IS 7226, IS 14331) Extension in date of enforcement Order (namely IS 6529) Extension in date of enforcement Order (namely IS 1993, IS 12591) Extension in the date of enforcement of Quality Control Order on IS 3748, IS 7291 and IS 12146 Order of extension in the date of enforcement of Quality Control Order for Indian Standards IS 4454 (Part 4): 2001, IS11946: 1987 & IS 11947: 1987 Extension in date of enforcement order (namely IS 1110: 1990 & IS 4409: 1973) Extension in date of enforcement order (namely IS 14331:1995) Extension in date of enforcement order (namely IS 13387:1992) Extension in date of enforcement order ( namely IS 1110: 1990 & IS 4409: 1973) Extension in date of enforcement order (namely IS 1110: 1990 & IS 4409: 1973) , dated 01 November 2022 Extension in date of enforcement order (namely IS 4409: 1973) , dated 06 February 2023 Extension in date of enforcement order (namely IS 4409 : 1973, dated 25th July 2023) Steel and Steel Products (Quality Control) Order, 2024 S.O. 574(E) dated on 5th February, 2024 Extension in date of enforcement order (namely IS 4409: 2023, dated 01 May 2024) Extension in date of enforcement order (namely IS 4409:2023, dated 01st August 2024) Steel & Steel Products (Quality Control) Order, 2024 S.O. 3716(E), dated 29th August 2024 Steel & Steel Products (Quality Control) Amendment Order, 2025 S.O.5134(E) Dated 20 November, 2025 Steel & Steel Products (Quality Control) Amendment Order, 2026 S.O.3300(E) Dated 22 June, 2026",https://www.bis.gov.in/product-certification/products-under-compulsory-certification/scheme-i-mark-scheme/?lang=en,IS 18384
IS 18385: 2023,Hot- Dip galvanized/ galvannealed Steel Sheet and strips for Automotive Applications,Steel and Iron Products,Steel and Iron Products,Yes,"BIS Product Certification (ISI Mark, Scheme I)","10. Steel and Steel Products (Quality Control) Order, 2020 S.O. 756(E) , dated 14-02-2020 Superseded by Steel and Steel Products (Quality Control) Order, 2020 S.O. 1673(E), dated 27-05-2020 Superseded by Steel and Steel Products (Quality Control) Order, 2020 (S.O. 2379(E), dated 17-07-2020) Extension in date of enforcement for Steel Products Order File.No. S-20011/1/2020-TECH dated 22.07.2020 Extension Order Superseded by Steel and Steel Products (Quality Control) Order, 2020 (S.O. 4082(E), dated 12.11.2020) Superseded by Steel and Steel Products (Quality Control) Order, 2020 (S.O. No. 4637 (E) 22/12/2020) Order of extension in the enforcement date for Indian Standards covered under the Quality Control Order (namely IS 3748, IS 7291, and IS 12146) Order of extension in the enforcement date for some Indian Standards covered under the Quality Control Order (namely IS 4398 and IS 3195) Order of extension in the enforcement date for some Indian Standards covered under the Quality Control Order (namely IS 6526,IS 4454 (Part4), IS 11946, IS11947 and IS 12045) Extension in date of enforcement Order (namely IS 1110, IS 4409) Extension in date of enforcement Order (namely IS 4432, IS 5518, IS 12145 , IS 13387, IS 4072 & IS 13352) Extension in date of enforcement Order (namely IS 7226, IS 14331) Extension in date of enforcement Order (namely IS 6529) Extension in date of enforcement Order (namely IS 1993, IS 12591) Extension in the date of enforcement of Quality Control Order on IS 3748, IS 7291 and IS 12146 Order of extension in the date of enforcement of Quality Control Order for Indian Standards IS 4454 (Part 4): 2001, IS11946: 1987 & IS 11947: 1987 Extension in date of enforcement order (namely IS 1110: 1990 & IS 4409: 1973) Extension in date of enforcement order (namely IS 14331:1995) Extension in date of enforcement order (namely IS 13387:1992) Extension in date of enforcement order ( namely IS 1110: 1990 & IS 4409: 1973) Extension in date of enforcement order (namely IS 1110: 1990 & IS 4409: 1973) , dated 01 November 2022 Extension in date of enforcement order (namely IS 4409: 1973) , dated 06 February 2023 Extension in date of enforcement order (namely IS 4409 : 1973, dated 25th July 2023) Steel and Steel Products (Quality Control) Order, 2024 S.O. 574(E) dated on 5th February, 2024 Extension in date of enforcement order (namely IS 4409: 2023, dated 01 May 2024) Extension in date of enforcement order (namely IS 4409:2023, dated 01st August 2024) Steel & Steel Products (Quality Control) Order, 2024 S.O. 3716(E), dated 29th August 2024 Steel & Steel Products (Quality Control) Amendment Order, 2025 S.O.5134(E) Dated 20 November, 2025 Steel & Steel Products (Quality Control) Amendment Order, 2026 S.O.3300(E) Dated 22 June, 2026",https://www.bis.gov.in/product-certification/products-under-compulsory-certification/scheme-i-mark-scheme/?lang=en,IS 18385
IS 18513: 2023,"Hot-Dip Zinc – Aluminium – Magnesium Alloy Coated Steel Sheets, Plates and Strips",Steel and Iron Products,Steel and Iron Products,Yes,"BIS Product Certification (ISI Mark, Scheme I)","10. Steel and Steel Products (Quality Control) Order, 2020 S.O. 756(E) , dated 14-02-2020 Superseded by Steel and Steel Products (Quality Control) Order, 2020 S.O. 1673(E), dated 27-05-2020 Superseded by Steel and Steel Products (Quality Control) Order, 2020 (S.O. 2379(E), dated 17-07-2020) Extension in date of enforcement for Steel Products Order File.No. S-20011/1/2020-TECH dated 22.07.2020 Extension Order Superseded by Steel and Steel Products (Quality Control) Order, 2020 (S.O. 4082(E), dated 12.11.2020) Superseded by Steel and Steel Products (Quality Control) Order, 2020 (S.O. No. 4637 (E) 22/12/2020) Order of extension in the enforcement date for Indian Standards covered under the Quality Control Order (namely IS 3748, IS 7291, and IS 12146) Order of extension in the enforcement date for some Indian Standards covered under the Quality Control Order (namely IS 4398 and IS 3195) Order of extension in the enforcement date for some Indian Standards covered under the Quality Control Order (namely IS 6526,IS 4454 (Part4), IS 11946, IS11947 and IS 12045) Extension in date of enforcement Order (namely IS 1110, IS 4409) Extension in date of enforcement Order (namely IS 4432, IS 5518, IS 12145 , IS 13387, IS 4072 & IS 13352) Extension in date of enforcement Order (namely IS 7226, IS 14331) Extension in date of enforcement Order (namely IS 6529) Extension in date of enforcement Order (namely IS 1993, IS 12591) Extension in the date of enforcement of Quality Control Order on IS 3748, IS 7291 and IS 12146 Order of extension in the date of enforcement of Quality Control Order for Indian Standards IS 4454 (Part 4): 2001, IS11946: 1987 & IS 11947: 1987 Extension in date of enforcement order (namely IS 1110: 1990 & IS 4409: 1973) Extension in date of enforcement order (namely IS 14331:1995) Extension in date of enforcement order (namely IS 13387:1992) Extension in date of enforcement order ( namely IS 1110: 1990 & IS 4409: 1973) Extension in date of enforcement order (namely IS 1110: 1990 & IS 4409: 1973) , dated 01 November 2022 Extension in date of enforcement order (namely IS 4409: 1973) , dated 06 February 2023 Extension in date of enforcement order (namely IS 4409 : 1973, dated 25th July 2023) Steel and Steel Products (Quality Control) Order, 2024 S.O. 574(E) dated on 5th February, 2024 Extension in date of enforcement order (namely IS 4409: 2023, dated 01 May 2024) Extension in date of enforcement order (namely IS 4409:2023, dated 01st August 2024) Steel & Steel Products (Quality Control) Order, 2024 S.O. 3716(E), dated 29th August 2024 Steel & Steel Products (Quality Control) Amendment Order, 2025 S.O.5134(E) Dated 20 November, 2025 Steel & Steel Products (Quality Control) Amendment Order, 2026 S.O.3300(E) Dated 22 June, 2026",https://www.bis.gov.in/product-certification/products-under-compulsory-certification/scheme-i-mark-scheme/?lang=en,IS 18513
IS 1469: 1993,Ferromolybdenum – Specification,Steel and Iron Products,Steel and Iron Products,Yes,"BIS Product Certification (ISI Mark, Scheme I)","10. Steel and Steel Products (Quality Control) Order, 2020 S.O. 756(E) , dated 14-02-2020 Superseded by Steel and Steel Products (Quality Control) Order, 2020 S.O. 1673(E), dated 27-05-2020 Superseded by Steel and Steel Products (Quality Control) Order, 2020 (S.O. 2379(E), dated 17-07-2020) Extension in date of enforcement for Steel Products Order File.No. S-20011/1/2020-TECH dated 22.07.2020 Extension Order Superseded by Steel and Steel Products (Quality Control) Order, 2020 (S.O. 4082(E), dated 12.11.2020) Superseded by Steel and Steel Products (Quality Control) Order, 2020 (S.O. No. 4637 (E) 22/12/2020) Order of extension in the enforcement date for Indian Standards covered under the Quality Control Order (namely IS 3748, IS 7291, and IS 12146) Order of extension in the enforcement date for some Indian Standards covered under the Quality Control Order (namely IS 4398 and IS 3195) Order of extension in the enforcement date for some Indian Standards covered under the Quality Control Order (namely IS 6526,IS 4454 (Part4), IS 11946, IS11947 and IS 12045) Extension in date of enforcement Order (namely IS 1110, IS 4409) Extension in date of enforcement Order (namely IS 4432, IS 5518, IS 12145 , IS 13387, IS 4072 & IS 13352) Extension in date of enforcement Order (namely IS 7226, IS 14331) Extension in date of enforcement Order (namely IS 6529) Extension in date of enforcement Order (namely IS 1993, IS 12591) Extension in the date of enforcement of Quality Control Order on IS 3748, IS 7291 and IS 12146 Order of extension in the date of enforcement of Quality Control Order for Indian Standards IS 4454 (Part 4): 2001, IS11946: 1987 & IS 11947: 1987 Extension in date of enforcement order (namely IS 1110: 1990 & IS 4409: 1973) Extension in date of enforcement order (namely IS 14331:1995) Extension in date of enforcement order (namely IS 13387:1992) Extension in date of enforcement order ( namely IS 1110: 1990 & IS 4409: 1973) Extension in date of enforcement order (namely IS 1110: 1990 & IS 4409: 1973) , dated 01 November 2022 Extension in date of enforcement order (namely IS 4409: 1973) , dated 06 February 2023 Extension in date of enforcement order (namely IS 4409 : 1973, dated 25th July 2023) Steel and Steel Products (Quality Control) Order, 2024 S.O. 574(E) dated on 5th February, 2024 Extension in date of enforcement order (namely IS 4409: 2023, dated 01 May 2024) Extension in date of enforcement order (namely IS 4409:2023, dated 01st August 2024) Steel & Steel Products (Quality Control) Order, 2024 S.O. 3716(E), dated 29th August 2024 Steel & Steel Products (Quality Control) Amendment Order, 2025 S.O.5134(E) Dated 20 November, 2025 Steel & Steel Products (Quality Control) Amendment Order, 2026 S.O.3300(E) Dated 22 June, 2026",https://www.bis.gov.in/product-certification/products-under-compulsory-certification/scheme-i-mark-scheme/?lang=en,IS 1469
IS 1466: 1985,Specification for Ferro Vanadium,Steel and Iron Products,Steel and Iron Products,Yes,"BIS Product Certification (ISI Mark, Scheme I)","10. Steel and Steel Products (Quality Control) Order, 2020 S.O. 756(E) , dated 14-02-2020 Superseded by Steel and Steel Products (Quality Control) Order, 2020 S.O. 1673(E), dated 27-05-2020 Superseded by Steel and Steel Products (Quality Control) Order, 2020 (S.O. 2379(E), dated 17-07-2020) Extension in date of enforcement for Steel Products Order File.No. S-20011/1/2020-TECH dated 22.07.2020 Extension Order Superseded by Steel and Steel Products (Quality Control) Order, 2020 (S.O. 4082(E), dated 12.11.2020) Superseded by Steel and Steel Products (Quality Control) Order, 2020 (S.O. No. 4637 (E) 22/12/2020) Order of extension in the enforcement date for Indian Standards covered under the Quality Control Order (namely IS 3748, IS 7291, and IS 12146) Order of extension in the enforcement date for some Indian Standards covered under the Quality Control Order (namely IS 4398 and IS 3195) Order of extension in the enforcement date for some Indian Standards covered under the Quality Control Order (namely IS 6526,IS 4454 (Part4), IS 11946, IS11947 and IS 12045) Extension in date of enforcement Order (namely IS 1110, IS 4409) Extension in date of enforcement Order (namely IS 4432, IS 5518, IS 12145 , IS 13387, IS 4072 & IS 13352) Extension in date of enforcement Order (namely IS 7226, IS 14331) Extension in date of enforcement Order (namely IS 6529) Extension in date of enforcement Order (namely IS 1993, IS 12591) Extension in the date of enforcement of Quality Control Order on IS 3748, IS 7291 and IS 12146 Order of extension in the date of enforcement of Quality Control Order for Indian Standards IS 4454 (Part 4): 2001, IS11946: 1987 & IS 11947: 1987 Extension in date of enforcement order (namely IS 1110: 1990 & IS 4409: 1973) Extension in date of enforcement order (namely IS 14331:1995) Extension in date of enforcement order (namely IS 13387:1992) Extension in date of enforcement order ( namely IS 1110: 1990 & IS 4409: 1973) Extension in date of enforcement order (namely IS 1110: 1990 & IS 4409: 1973) , dated 01 November 2022 Extension in date of enforcement order (namely IS 4409: 1973) , dated 06 February 2023 Extension in date of enforcement order (namely IS 4409 : 1973, dated 25th July 2023) Steel and Steel Products (Quality Control) Order, 2024 S.O. 574(E) dated on 5th February, 2024 Extension in date of enforcement order (namely IS 4409: 2023, dated 01 May 2024) Extension in date of enforcement order (namely IS 4409:2023, dated 01st August 2024) Steel & Steel Products (Quality Control) Order, 2024 S.O. 3716(E), dated 29th August 2024 Steel & Steel Products (Quality Control) Amendment Order, 2025 S.O.5134(E) Dated 20 November, 2025 Steel & Steel Products (Quality Control) Amendment Order, 2026 S.O.3300(E) Dated 22 June, 2026",https://www.bis.gov.in/product-certification/products-under-compulsory-certification/scheme-i-mark-scheme/?lang=en,IS 1466
IS 8329 : 2000,"Centrifugally cast (spun) ductile iron pressure pipes for water, gas and sewage",Steel and Iron Products,Steel and Iron Products,Yes,"BIS Product Certification (ISI Mark, Scheme I)","11. Ductile Iron Pressure Pipes and Fittings (Quality Control) Order, 2009 S.O. No. 1544(E) dated 25-06-2009 The above order was rescinded by DIPP vide Gazette Notification No. 2681(E) dated 23 October 2009 and a fresh Notification No. 2749(E) dated 30-10-2009 was issued.",https://www.bis.gov.in/product-certification/products-under-compulsory-certification/scheme-i-mark-scheme/?lang=en,IS 8329
IS 9523:2000,"Ductile iron fittings for pressure pipes for water, gas and sewage",Steel and Iron Products,Steel and Iron Products,Yes,"BIS Product Certification (ISI Mark, Scheme I)","11. Ductile Iron Pressure Pipes and Fittings (Quality Control) Order, 2009 S.O. No. 1544(E) dated 25-06-2009 The above order was rescinded by DIPP vide Gazette Notification No. 2681(E) dated 23 October 2009 and a fresh Notification No. 2749(E) dated 30-10-2009 was issued.",https://www.bis.gov.in/product-certification/products-under-compulsory-certification/scheme-i-mark-scheme/?lang=en,IS 9523
IS 1161:2014,Steel tubes for structural purposes,Steel and Iron Products,Steel and Iron Products,Yes,"BIS Product Certification (ISI Mark, Scheme I)","Mild Steel Tubes (excluding seamless tube & tubes according to API Specification) (Quality Control) order,1978 and Amendment Order, 1983 G.S.R. No. 374(E) dated 18-07-1978 superseded by 12. Steel Tubes (Quality Control) Order 2020 S.O. 281 Dated 21/01/2020.",https://www.bis.gov.in/product-certification/products-under-compulsory-certification/scheme-i-mark-scheme/?lang=en,IS 1161
IS 1239 (Part 1):2014,"Steel Tubes, Tubulars and Other Wrought Steel Fittings – Part 1 : Steel Tubes",Steel and Iron Products,Steel and Iron Products,Yes,"BIS Product Certification (ISI Mark, Scheme I)","Mild Steel Tubes (excluding seamless tube & tubes according to API Specification) (Quality Control) order,1978 and Amendment Order, 1983 G.S.R. No. 374(E) dated 18-07-1978 superseded by 12. Steel Tubes (Quality Control) Order 2020 S.O. 281 Dated 21/01/2020.",https://www.bis.gov.in/product-certification/products-under-compulsory-certification/scheme-i-mark-scheme/?lang=en,IS 1239
IS 4270:2001,Steel tubes used for water-wells (upto 200 mm dia),Steel and Iron Products,Steel and Iron Products,Yes,"BIS Product Certification (ISI Mark, Scheme I)","Mild Steel Tubes (excluding seamless tube & tubes according to API Specification) (Quality Control) order,1978 and Amendment Order, 1983 G.S.R. No. 374(E) dated 18-07-1978 superseded by 12. Steel Tubes (Quality Control) Order 2020 S.O. 281 Dated 21/01/2020.",https://www.bis.gov.in/product-certification/products-under-compulsory-certification/scheme-i-mark-scheme/?lang=en,IS 4270
IS 9139:1979,Specification for Malleable iron shots and grits for use in foundries,Steel and Iron Products,Steel and Iron Products,Yes,"BIS Product Certification (ISI Mark, Scheme I)","13. Malleable Iron Shots and Grits (Quality Control) Order, 2020",https://www.bis.gov.in/product-certification/products-under-compulsory-certification/scheme-i-mark-scheme/?lang=en,IS 9139
IS 1180 (Part 1),"Out door type Oil immersed Distribution Transformers upto and including 2500 kVA, 33 KV-specification Part 1 Mineral oil immersed",Electrical Transformers,Electrical Transformers,Yes,"BIS Product Certification (ISI Mark, Scheme I)","14. Electrical transformers (Quality Control ) order, 2015 S.O. 1221 (E) dated 07-05-2015",https://www.bis.gov.in/product-certification/products-under-compulsory-certification/scheme-i-mark-scheme/?lang=en,IS 1180
IS 12615,Energy Efficient Induction Motors-Three Phase Squirrel Cage,Electrical Motors,Electrical Motors,Yes,"BIS Product Certification (ISI Mark, Scheme I)","15. SO 178(E), dated 18th January 2017 SO 3207(E), dated 29th September 2017",https://www.bis.gov.in/product-certification/products-under-compulsory-certification/scheme-i-mark-scheme/?lang=en,IS 12615
IS 252:2013,Caustic Soda -Specification,"Chemicals, Fertilizers, Polymers & Textiles","Chemicals, Fertilizers, Polymers & Textiles",Yes,"BIS Product Certification (ISI Mark, Scheme I)","17. Bureau of Indian Standard (Caustic Soda) Order, 2018 (S.O No. 1468 E) dated 3rd April 2018",https://www.bis.gov.in/product-certification/products-under-compulsory-certification/scheme-i-mark-scheme/?lang=en,IS 252
IS 10116 : 2015,Boric Acid – Specification,"Chemicals, Fertilizers, Polymers & Textiles","Chemicals, Fertilizers, Polymers & Textiles",Yes,"BIS Product Certification (ISI Mark, Scheme I)","18. Bureau of Indian Standards (Standards for Boric Acid) Order, 2019 (S.O. 1766(E) dated 16th May 2019)",https://www.bis.gov.in/product-certification/products-under-compulsory-certification/scheme-i-mark-scheme/?lang=en,IS 10116
IS 15573,Poly Aluminium Chloride,"Chemicals, Fertilizers, Polymers & Textiles","Chemicals, Fertilizers, Polymers & Textiles",Yes,"BIS Product Certification (ISI Mark, Scheme I)","19. Poly Aluminium Chloride (Quality Control) Order, 2019 (S.O. 2790 (E) dated 05/08/2019)",https://www.bis.gov.in/product-certification/products-under-compulsory-certification/scheme-i-mark-scheme/?lang=en,IS 15573
IS 695:2020,Acetic Acid,"Chemicals, Fertilizers, Polymers & Textiles","Chemicals, Fertilizers, Polymers & Textiles",Yes,"BIS Product Certification (ISI Mark, Scheme I)","Acetic Acid (Quality Control) Order, 2019 (S.O. 2791 (E) dated 05/08/2019) Amendent in Acetic Acid (Quality Control) Order, 2019 (S.O.344 (E) dated 24th January 2020) Amendment in Acetic Acid (Quality Control) Order, 2019 (S.O. 2179(E) dated 01/07/2020) Acetic Acid QCO extension Order Acetic Acid Amendment Order Acetic Acid (Quality Control) Order, 2019 Amendment order for various chemicals, dated 31/01/2022 Acetic Acid (Quality Control) Order, 2019 Amendment order for various chemicals, dated 27 July 2022 Acetic Acid (Quality Control) Order, 2019 (S.O. 530(E), dated 02/02/2023) Acetic Acid (Quality Control) Order, 2019 (S.O. 3292(E), dated 21st July, 2023) (Amendment Order for various Chemicals, dated 21st July 2023) Acetic Acid (Quality Control) Order, 2019 (S.O. 3292(E), dated 21st July, 2023) (S.O. 374(E), dated 30th January, 2024) Acetic Acid (Quality Control) Order, 2019 S.O. 3136(E), dated 05th August 2024 Withdrawl order of Acetic Acid (Quality Control) Order, 2019 S.O. 3378 (E) Dated 23 July, 2025",https://www.bis.gov.in/product-certification/products-under-compulsory-certification/scheme-i-mark-scheme/?lang=en,IS 695
IS 2833:2019,Aniline,"Chemicals, Fertilizers, Polymers & Textiles","Chemicals, Fertilizers, Polymers & Textiles",Yes,"BIS Product Certification (ISI Mark, Scheme I)","Aniline (Quality Control) Order, 2019 (S.O. 2792 (E) dated 05/08/2019) Aniline (Quality Control) Order, 2019 (S.O.203 E) dated 15th January 2020) Amendment in the Aniline (Quality Control) Order, 2020 (S.O. 2180(E) dated 01/07/2020) Aniline QCO extension Order Amendment in the Aniline (Quality Control) Order, 2019 Aniline (Quality Control) Order, 2019 Amendment order for various chemicals, dated 31/01/2022 Aniline (Quality Control) Order, 2019 Amendment order for various chemicals, dated 27 July 2022 Aniline (Quality Control) Order, 2019 (S.O. 532(E), dated 02/02/2023) Aniline (Quality Control) Order, 2019 (S.O. 3294(E), dated 21st July, 2023) (Amendment Order for various Chemicals, dated 21st July 2023) Aniline (Quality Control) Order, 2019 (S.O. 3294(E), dated 21st July, 2023) (S.O. 376(E), dated 30th January, 2024) Aniline (Quality Control) Order, 2019 S.O. 3138(E), dated 05th August 2024 Withdrawl order of Aniline (Quality Control) Order, 2019 S.O. 3380 (E) Dated 23 July, 2025",https://www.bis.gov.in/product-certification/products-under-compulsory-certification/scheme-i-mark-scheme/?lang=en,IS 2833
IS 517:2020,Methanol,"Chemicals, Fertilizers, Polymers & Textiles","Chemicals, Fertilizers, Polymers & Textiles",Yes,"BIS Product Certification (ISI Mark, Scheme I)","Methanol (Quality Control) Order, 2019 (S.O. 2793 (E) dated 05/08/2019) Amendent in Methanol (Quality Control) Order, 2019 (S.O. 345(E)dated 24th January 2020) Amendment in the Methanol (Quality Control) Order, 2019 (S.O. 2181(E) dated 01/07/2020) Methanol QCO extension Order Amendment in the Methanol (Quality Control) Order, 2019 Amendment in the Methanol (Quality Control) Order, 2019 Methanol (Quality Control) Order, 2019 Amendment order for various chemicals, dated 31/01/2022 Methanol (Quality Control) Order, 2019 Amendment order for various chemicals, dated 27 July 2022 Methanol (Quality Control) Order, 2019 (S.O. 531(E), dated 02/02/2023) Methanol (Quality Control) Order, 2019 (S.O. 3293(E), dated 21st July, 2023) (Amendment Order for various Chemicals, dated 21st July 2023) Methanol (Quality Control) Order, 2019 (S.O. 3293(E), dated 21st July, 2023) (S.O. 375(E), dated 30th January, 2024) Methanol (Quality Control) Order, 2019 S.O. 3137(E), dated 05th August 2024 Withdrawl order of Methanol (Quality Control) Order, 2019 S.O. 3379 (E) Dated 23 July, 2025",https://www.bis.gov.in/product-certification/products-under-compulsory-certification/scheme-i-mark-scheme/?lang=en,IS 517
IS 5158: 1987,"Specification for Phthalic Anhydride, Technical","Chemicals, Fertilizers, Polymers & Textiles","Chemicals, Fertilizers, Polymers & Textiles",Yes,"BIS Product Certification (ISI Mark, Scheme I)","20. Phthalic Anhydride (Quality Control) Order, 2020. (S.O. 1402(E), dated 23/04/2020) Phthalic Anhydride (Quality Control) Amendment Order 2020 Phthalic Anhydride (Quality Control) Amendment Order,2021 Phthalic Anhydride (Quality Control) Order, 2021 Amendment order for various chemicals, dated 24/12/2021 Phthalic Anhydride (Quality Control) Amendment Order, 2022 Amendment order for various chemicals, dated 13 June 2022 Phthalic Anhydride (Quality Control) Second Amendment Order, 2022 (S.O. 5989(E), dated 21/12/2022)",https://www.bis.gov.in/product-certification/products-under-compulsory-certification/scheme-i-mark-scheme/?lang=en,IS 5158
IS 8058:2018,Pyridine,"Chemicals, Fertilizers, Polymers & Textiles","Chemicals, Fertilizers, Polymers & Textiles",Yes,"BIS Product Certification (ISI Mark, Scheme I)","Pyridine (Quality Control) Order, 2020. (S.O.1890(E) dated 16 /06/2020) Amendment in the Pyridine (Quality Control) Order 2020 (S.O. 4416 (E) dated 04/12/2020) Amendment in the Pyridine (Quality Control) Order, 2020 Pyridine (Quality Control) Order, 2020 (Amendment order for various chemicals, dated 11/03/2022) Pyridine (Quality Control) Order, 2020 (Amendment order for various chemicals, dated 11 August 2022) Pyridine (Quality Control) Order, 2020 (S.O. 533(E), dated 02/02/2023) Pyridine (Quality Control) Order, 2020 (S.O. 3295(E), dated 21st July, 2023) (Amendment Order for various Chemicals, dated 21st July 2023) Amendment in Pyridine (Quality Control) Order, 2020 S.O. 1070(E), dated 05th March 2024 Amendment in the Pyridine (Quality Control) Order, 2020 S.O.1125(E) Dated 11 March, 2025 Rescind Pyridine (Quality Control) Order, 2020 S.O. 5307(E) Dated 20 November, 2025",https://www.bis.gov.in/product-certification/products-under-compulsory-certification/scheme-i-mark-scheme/?lang=en,IS 8058
IS 16113:2013,Gamma Picoline,"Chemicals, Fertilizers, Polymers & Textiles","Chemicals, Fertilizers, Polymers & Textiles",Yes,"BIS Product Certification (ISI Mark, Scheme I)","21. Gamma Picoline (Quality Control) Order, 2020 (S.O.1891(E) dated 16 /06/2020) Amendment in the Gamma Picoline (Quality Control) Order 2020 (S.O. 4410 (E) dated 04/12/2020) Amendment in the Gamma Picoline (Quality Control) Order, 2020 Gamma Picoline (Quality Control) Order, 2020 (Amendment order for various chemicals, dated 11/03/2022) Gamma Picoline (Quality Control) Order, 2020 (Amendment order for various chemicals, dated 11 August 2022) Gamma Picoline (Quality Control) Order, 2020 (S.O. 534(E), dated 02/02/2023) Gamma Picoline (Quality Control) Order, 2020 (S.O. 3296(E), dated 21st July, 2023) (Amendment Order for various Chemicals, dated 21st July 2023)",https://www.bis.gov.in/product-certification/products-under-compulsory-certification/scheme-i-mark-scheme/?lang=en,IS 16113
IS 16112:2013,Beta Picoline,"Chemicals, Fertilizers, Polymers & Textiles","Chemicals, Fertilizers, Polymers & Textiles",Yes,"BIS Product Certification (ISI Mark, Scheme I)","Beta Picoline (Quality Control) Order, 2020 (S.O.1892(E) dated 16 /06/2020) Amendment in the Beta Picoline (Quality Control) Order 2020 (S.O. 4409 (E) dated 04/12/2020) Amendment in the Beta Picoline (Quality Control) Order, 2020 Beta Picoline (Quality Control) Order, 2021 (Amendment order for various chemicals, dated 11/03/2022) Beta Picoline(Quality Control) Order, 2020 (Amendment order for various chemicals, dated 11 August 2022) Beta Picoline(Quality Control) Order, 2020 (S.O. 535(E), dated 02/02/2023) Beta Picoline(Quality Control) Order, 2020 (S.O. 3297(E), dated 21st July, 2023) (Amendment Order for various Chemicals, dated 21st July 2023) Amendment in Beta Picoline (Quality Control) Order, 2020 S.O. 1068(E), dated 05th March 2024 Amendments in the Beta Picoline (Quality Control) Order, 2020 S.O.1123(E) Dated 11 March, 2025 Rescind Beta Picoline (Quality Control) Order, 2020 S.O. 5308 (E) Dated 20 November, 2025",https://www.bis.gov.in/product-certification/products-under-compulsory-certification/scheme-i-mark-scheme/?lang=en,IS 16112
IS 12084: 2018,Morpholine,"Chemicals, Fertilizers, Polymers & Textiles","Chemicals, Fertilizers, Polymers & Textiles",Yes,"BIS Product Certification (ISI Mark, Scheme I)","Morpholine (Quality Control) Order, 2020 (S.O.1893(E) dated 16 /06/2020) 22. Amendment in the Morpholine (Quality Control) Order, 2020 Morpholine (Quality Control) Order, 2020 Amendment order for various chemicals, dated 31/01/2022 Morpholine (Quality Control) Order, 2020 Amendment order for various chemicals, dated 27 July 2022 Morpholine (Quality Control) Order, 2020 (S.O. 529(E), dated 02/02/2023) Morpholine (Quality Control) Order, 2020 (S.O. 3291(E), dated 21st July, 2023) (Amendment Order for various Chemicals, dated 21st July 2023) Morpholine (Quality Control) Order, 2020 (S.O. 3291(E), dated 21st July, 2023) (S.O. 373(E), dated 30th January, 2024) (S.O. 3076(E), dated 01st August 2024) S.O. 4772(E), dated 30th October 2024 (S.O. 3291(E), dated 21st July, 2023) S.O.1722 (E) Dated 02 April, 2026",https://www.bis.gov.in/product-certification/products-under-compulsory-certification/scheme-i-mark-scheme/?lang=en,IS 12084
IS 297:2001,"Sodium Sulphide, Technical","Chemicals, Fertilizers, Polymers & Textiles","Chemicals, Fertilizers, Polymers & Textiles",Yes,"BIS Product Certification (ISI Mark, Scheme I)","23. Sodium Sulphide (Quality Control) Order, 2020 (S.O.1894(E) dated 16 /06/2020)",https://www.bis.gov.in/product-certification/products-under-compulsory-certification/scheme-i-mark-scheme/?lang=en,IS 297
IS 7129:1992,"Potassium Carbonate, Anhydrous","Chemicals, Fertilizers, Polymers & Textiles","Chemicals, Fertilizers, Polymers & Textiles",Yes,"BIS Product Certification (ISI Mark, Scheme I)","24. Potassium Carbonate (Quality Control) Order, 2020 (S.O.1895(E) dated 16 /06/2020) Amendment in the Potassium Carbonate (Quality Control) Order 2020 (S.O. 4415 (E) dated 04/12/2020) Amendment in the Potassium Carbonate (Quality Control) Order, 2020 Potassium Carbonate (Quality Control) Order, 2020 (Amendment order for various chemicals, dated 11/03/2022) Potassium Carbonate (Quality Control) Order, 2020 (Amendment order for various chemicals, dated 11 August 2022) Potassium Carbonate (Quality Control) Order, 2020 (S.O. 536(E), dated 02/02/2023) Potassium Carbonate (Quality Control) Order, 2020 (S.O. 3298(E), dated 21st July, 2023) (Amendment Order for various Chemicals, dated 21st July 2023)",https://www.bis.gov.in/product-certification/products-under-compulsory-certification/scheme-i-mark-scheme/?lang=en,IS 7129
IS 170:2004,Acetone,"Chemicals, Fertilizers, Polymers & Textiles","Chemicals, Fertilizers, Polymers & Textiles",Yes,"BIS Product Certification (ISI Mark, Scheme I)","25. Acetone (Quality Control) Order, 2020 (S.O.1896(E) dated 16 /06/2020) Amendment in the Acetone (Quality Control) Order Amendment in the Acetone (Quality Control) Order Amendment in Acetone (Quality Control) Order 2020 Amendment in the Acetone (Quality Control) Order, 2020 Acetone (Quality Control) Order, 2020 (Amendment order for various chemicals, dated 11/03/2022) Acetone (Quality Control) Order, 2020 (Amendment order for various chemicals, dated 11 August 2022) Acetone (Quality Control) Order, 2020 (S.O. 537(E), dated 02/02/2023) Acetone (Quality Control) Order, 2020 (S.O. 3299(E), dated 21st July, 2023) (Amendment Order for various Chemicals, dated 21st July 2023)",https://www.bis.gov.in/product-certification/products-under-compulsory-certification/scheme-i-mark-scheme/?lang=en,IS 170
IS 4581:1978,"Phosphorous Trichloride, pure and Analytical Reagent","Chemicals, Fertilizers, Polymers & Textiles","Chemicals, Fertilizers, Polymers & Textiles",Yes,"BIS Product Certification (ISI Mark, Scheme I)","26. Phosphorous Trichloride (Quality Control) Order, 2020 (S.O.1897(E) dated 16 /06/2020)",https://www.bis.gov.in/product-certification/products-under-compulsory-certification/scheme-i-mark-scheme/?lang=en,IS 4581
IS 11744:1986,"Phosphorous Pentachloride, Technical","Chemicals, Fertilizers, Polymers & Textiles","Chemicals, Fertilizers, Polymers & Textiles",Yes,"BIS Product Certification (ISI Mark, Scheme I)","27. Phosphorous Pentachloride, (Quality Control) Order, 2020 (S.O.1898(E) dated 16 /06/2020)",https://www.bis.gov.in/product-certification/products-under-compulsory-certification/scheme-i-mark-scheme/?lang=en,IS 11744
IS 11657:1986,"Phosphorous Oxychloride, Technical","Chemicals, Fertilizers, Polymers & Textiles","Chemicals, Fertilizers, Polymers & Textiles",Yes,"BIS Product Certification (ISI Mark, Scheme I)","28. Phosphorous Oxychloride, (Quality Control) Order, 2020 (S.O.1899(E) dated 16 /06/2020)",https://www.bis.gov.in/product-certification/products-under-compulsory-certification/scheme-i-mark-scheme/?lang=en,IS 11657
IS 2080:2021,Stabilized Hydrogen Peroxide,"Chemicals, Fertilizers, Polymers & Textiles","Chemicals, Fertilizers, Polymers & Textiles",Yes,"BIS Product Certification (ISI Mark, Scheme I)","29. Hydrogen Peroxide, (Quality Control) Order, 2020 (S.O.1900(E) dated 16 /06/2020) Amendment in the Hydrogen Peroxide (Quality Control) Order 2020 (S.O. 4414 (E) dated 04/12/2020) Amendment in the Hydrogen Peroxide (Quality Control) Order, 2020 Hydrogen Peroxide (Quality Control) Order, 2022 S.O. 4000(E), dated 24 August, 2022",https://www.bis.gov.in/product-certification/products-under-compulsory-certification/scheme-i-mark-scheme/?lang=en,IS 2080
IS 3205:1984,"Precipitated Barium Carbonate, Technical","Chemicals, Fertilizers, Polymers & Textiles","Chemicals, Fertilizers, Polymers & Textiles",Yes,"BIS Product Certification (ISI Mark, Scheme I)","30. Precipitated Barium Carbonate, (Quality Control) Order, 2020 (S.O.1901(E) dated 16 /06/2020)",https://www.bis.gov.in/product-certification/products-under-compulsory-certification/scheme-i-mark-scheme/?lang=en,IS 3205
IS 12928:1990,Precipitated Barium for Ceramic and Glass Industry,"Chemicals, Fertilizers, Polymers & Textiles","Chemicals, Fertilizers, Polymers & Textiles",Yes,"BIS Product Certification (ISI Mark, Scheme I)","Precipitated Barium Carbonate, (Quality Control) Order, 2020 (S.O.1901(E) dated 16 /06/2020)",https://www.bis.gov.in/product-certification/products-under-compulsory-certification/scheme-i-mark-scheme/?lang=en,IS 12928
IS 4505:2015,Sodium Formaldehyde Sulphoxylate,"Chemicals, Fertilizers, Polymers & Textiles","Chemicals, Fertilizers, Polymers & Textiles",Yes,"BIS Product Certification (ISI Mark, Scheme I)","31. Sodium Formaldehyde Sulphoxylate, (Quality Control) Order, 2020 (S.O.1902(E) dated 16 /06/2020)",https://www.bis.gov.in/product-certification/products-under-compulsory-certification/scheme-i-mark-scheme/?lang=en,IS 4505
IS 6100:1984,"Sodium Tripolyphosphate, Anhydrous, Technical","Chemicals, Fertilizers, Polymers & Textiles","Chemicals, Fertilizers, Polymers & Textiles",Yes,"BIS Product Certification (ISI Mark, Scheme I)","Sodium Tripolyphosphate, (Quality Control) Order, 2020 (S.O.1903(E) dated 16 /06/2020) Amendment in the Sodium Tripolyphosphate (Quality Control) Order 2020 (S.O. 4417 (E) dated 04/12/2020) Amendment in the Sodium Tripolyphosphate (Quality Control) Order, 2020 Sodium Tripolyphosphate (Quality Control) Order, 2020 (Amendment order for various chemicals, dated 11/03/2022) Sodium Tripolyphosphate (Quality Control) Order, 2020 (Amendment order for various chemicals, dated 11 August 2022) Sodium Tripolyphosphate (Quality Control) Order, 2020 (S.O. 534(E), dated 02/02/2023) Sodium Tripolyphosphate (Quality Control) Order, 2020 (S.O. 3300(E), dated 21st July, 2023) (Amendment Order for various Chemicals, dated 21st July 2023) Amendment in Sodium Tripolyphosphate (Quality Control) Order, 2020 S.O. 1069(E), dated 05th March 2024 Amendment in Sodium Tripolyphosphate (Quality Control) Order, 2020 S.O.1124(E) Dated 11 March, 2025 Rescind Sodium Tripolyphosphate (Quality Control) Order, 2020 S.O. 5309 (E) Dated 20 November, 2025",https://www.bis.gov.in/product-certification/products-under-compulsory-certification/scheme-i-mark-scheme/?lang=en,IS 6100
IS 14709:1999,n- Butyl Acrylate,"Chemicals, Fertilizers, Polymers & Textiles","Chemicals, Fertilizers, Polymers & Textiles",Yes,"BIS Product Certification (ISI Mark, Scheme I)","32. n- Butyl Acrylate (Quality Control) Order, 2020 (S.O. 2182(E), dated 29/06/2020) Amendment Orders for various chemical Products n-Butyl Acrylate (Quality Control) Amendment Order, 2021 n- Butyl Acrylate (Quality Control) Order, 2021 Amendment order for various chemicals, dated 24/12/2021 n-Butyl acrylate (Quality Control) Amendment Order, 2022 Amendment order for various chemicals, dated 13 June 2022 n- Butyl Acrylate (Quality Control) Second Amendment Order, 2022 (S.O. 5992(E), dated 21/12/2022) n-Butyl Acrylate (Quality Control) Amendment Order, 2023 (S.O. 2729(E), dated 20/06/2023) Amendment orders for two Petrochemicals, dated 20 June 2023 n- Butyl Acrylate (Quality Control) Order, 2021 S.O.1854 (E) Dated 10 April, 2026 n- Butyl Acrylate (Quality Control) Order, 2021 S.O.3729 (E) Dated 09 July, 2026",https://www.bis.gov.in/product-certification/products-under-compulsory-certification/scheme-i-mark-scheme/?lang=en,IS 14709
IS 336:1973,Ether,"Chemicals, Fertilizers, Polymers & Textiles","Chemicals, Fertilizers, Polymers & Textiles",Yes,"BIS Product Certification (ISI Mark, Scheme I)","33. Ether (Quality Control) Order, 2020 (S.O. 2183(E) dated 29/06/2020) Ether (Quality Control) Amendment Order, 2021",https://www.bis.gov.in/product-certification/products-under-compulsory-certification/scheme-i-mark-scheme/?lang=en,IS 336
IS 5295:1985,Ethylene Glycol,"Chemicals, Fertilizers, Polymers & Textiles","Chemicals, Fertilizers, Polymers & Textiles",Yes,"BIS Product Certification (ISI Mark, Scheme I)","Ethylene Glycol (Quality Control) Order, 2020 (S.O. 2184(E) dated 29/06/2020) Corrigendum dated 21.07.2020 Ethylene Glycol (Quality Control) Amendment Order 2020 Ethylene Glycol (Quality Control) Amendment Order, 2021 Ethylene Glycol (Quality Control) Order, 2021 Amendment order for various chemicals, dated 24/12/2021 Ethylene Glycol (Quality Control) Amendment Order, 2022 Amendment order for various chemicals, dated 13 June 2022 Ethylene Glycol (Quality Control) Order, 2022 (S.O. 6109(E), dated 28/12/2022) Ethylene Glycol (Quality Control) Amendment Order, 2023 (S.O. 1407(E), dated 23 March 2023) Rescind order of Ethylene Glycol (Quality Control) Order, 2021 S.O. 5130 (E) Dated 12 November, 2025",https://www.bis.gov.in/product-certification/products-under-compulsory-certification/scheme-i-mark-scheme/?lang=en,IS 5295
IS 537:2011,Toluene,"Chemicals, Fertilizers, Polymers & Textiles","Chemicals, Fertilizers, Polymers & Textiles",Yes,"BIS Product Certification (ISI Mark, Scheme I)","Toluene (Quality Control) Order, 2020 (S.O. 2186(E), dated 29/06/2020) Toluene (Quality Control) Amendment Order, 2021 Toluene (Quality Control) Order, 2021 Amendment order for various chemicals, dated 24/12/2021 Toluene (Quality Control) Amendment Order, 2022 Amendment order for various chemicals, dated 13 June 2022 Toluene (Quality Control) Second Amendment Order, 2022 (S.O. 5990(E), dated 21/12/2022) Toluene (Quality Control) Amendment Order, 2023 (S.O. 2730(E), dated 20/06/2023) Amendment orders for two Petrochemicals, dated 20 June 2023 Toluene (Quality Control) Second Amendment Order, 2023 (S.O. 5373(E), dated 19th December, 2023) Toluene (Quality Control) First Amendment Order, 2024 S.O. 5537(E), dated 24th December 2024 Rescind order of Toluene (Quality Control) Order, 2021 S.O. 5528(E) Dated 01 December, 2025",https://www.bis.gov.in/product-certification/products-under-compulsory-certification/scheme-i-mark-scheme/?lang=en,IS 537
IS 15030:2001,Terephthalic Acid,"Chemicals, Fertilizers, Polymers & Textiles","Chemicals, Fertilizers, Polymers & Textiles",Yes,"BIS Product Certification (ISI Mark, Scheme I)","Terephthalic Acid (Quality Control) Order, 2020 (S.O. 2185(E), dated 29/06/2020) Terephthalic Acid (Quality Control) Amendment Order, 2021 Terephthalic Acid (Quality Control) Order, 2021 Amendment order for various chemicals, dated 24/12/2021 Terephthalic Acid (Quality Control) Amendment Order, 2022 Amendment order for various chemicals, dated 13 June 2022 Terephthalic Acid (Quality Control) Second Amendment Order, 2022 (S.O. 5991(E), dated 21/12/2022) Rescind order of Terephthalic Acid (Quality Control) Order, 2021 S.O. 5129 (E) Dated 12 November, 2025",https://www.bis.gov.in/product-certification/products-under-compulsory-certification/scheme-i-mark-scheme/?lang=en,IS 15030
IS 14707: 1999,Methyl Acrylate,"Chemicals, Fertilizers, Polymers & Textiles","Chemicals, Fertilizers, Polymers & Textiles",Yes,"BIS Product Certification (ISI Mark, Scheme I)","Methyl Acrylate, Ethyl Acrylate, n-Butyl Acrylate (Quality Control) Order, 2020 (S.O. No. 4001 (E) 04/11/2020) Amendment Orders for various chemical Products Methyl Acrylate, Ethyl Acrylate (Quality Control) Order,2021 Amendment order for various chemicals, dated 22/12/2021 Methyl Acrylate, Ethyl Acrylate (Quality Control) Amendment Order, 2022 (Amendment order for various chemicals, dated 30 May 2022) Methyl Acrylate, Ethyl Acrylate (Quality Control) Second Amendment Order, 2022 (Amendment order for various Chemicals, dated 25 November 2022) Methyl Acrylate, Ethyl Acrylate (Quality Control) Amendment Order, 2023 (S.O, 2335(E), dated 23rd May, 2023) Methyl Acrylate, Ethyl Acrylate (Quality Control) Amendment Order, 2024 S.O. 928(E), dated 27th February 2024 Methyl Acrylate, Ethyl Acrylate (Quality Control) Amendment Order, 2025 S.O.1556(E) Dated 01 April, 2025 Rescind order of Methyl Acrylate, Ethyl Acrylate (Quality Control) Order, 2021 S.O. 5529(E) Dated 01 December, 2025",https://www.bis.gov.in/product-certification/products-under-compulsory-certification/scheme-i-mark-scheme/?lang=en,IS 14707
IS 14708:1999,Ethyl Acrylate,"Chemicals, Fertilizers, Polymers & Textiles","Chemicals, Fertilizers, Polymers & Textiles",Yes,"BIS Product Certification (ISI Mark, Scheme I)","Methyl Acrylate, Ethyl Acrylate, n-Butyl Acrylate (Quality Control) Order, 2020 (S.O. No. 4001 (E) 04/11/2020) Amendment Orders for various chemical Products Methyl Acrylate, Ethyl Acrylate (Quality Control) Order,2021 Amendment order for various chemicals, dated 22/12/2021 Methyl Acrylate, Ethyl Acrylate (Quality Control) Amendment Order, 2022 (Amendment order for various chemicals, dated 30 May 2022) Methyl Acrylate, Ethyl Acrylate (Quality Control) Second Amendment Order, 2022 (Amendment order for various Chemicals, dated 25 November 2022) Methyl Acrylate, Ethyl Acrylate (Quality Control) Amendment Order, 2023 (S.O, 2335(E), dated 23rd May, 2023) Methyl Acrylate, Ethyl Acrylate (Quality Control) Amendment Order, 2024 S.O. 928(E), dated 27th February 2024 Methyl Acrylate, Ethyl Acrylate (Quality Control) Amendment Order, 2025 S.O.1556(E) Dated 01 April, 2025 Rescind order of Methyl Acrylate, Ethyl Acrylate (Quality Control) Order, 2021 S.O. 5529(E) Dated 01 December, 2025",https://www.bis.gov.in/product-certification/products-under-compulsory-certification/scheme-i-mark-scheme/?lang=en,IS 14708
IS 12345:1988,Vinyl Acetate Monomer,"Chemicals, Fertilizers, Polymers & Textiles","Chemicals, Fertilizers, Polymers & Textiles",Yes,"BIS Product Certification (ISI Mark, Scheme I)","Vinyl Acetate Monomer (Quality Control) Order, 2020 (S.O. No. 4003 (E) 04/11/2020) Amendment Orders for various chemical Products Vinyl Acetate Monomer(Quality Control) Order, 2021 Amendment order for various chemicals, dated 22/12/2021 Vinyl Acetate Monomer (Quality Control) Amendment Order, 2022 ( Amendment order for various chemicals, dated 30 May 2022) Vinyl Acetate Monomer (Quality Control) Second Amendment Order, 2022 ( Amendment order for various Chemicals, dated 25 November 2022) Vinyl Acetate Monomer (Quality Control) Amendment Order, 2023 (S.O. 2334(E), dated 23rd May, 2023) Methyl Acrylate, Ethyl Acrylate (Quality Control) Amendment Order, 2023 (S.O, 2335(E), dated 23rd May, 2023) Vinyl Acetate Monomer (Quality Control) Amendment Order, 2024 S.O. 927(E), dated 27th February 2024 Vinyl Acetate Monomer (Quality Control) Amendment Order, 2025 S.O.1555(E) Dated 01 April, 2025 Rescind order of Vinyl Acetate Monomer (Quality Control) Order, 2021 S.O. 5530(E) Dated 01 December, 2025",https://www.bis.gov.in/product-certification/products-under-compulsory-certification/scheme-i-mark-scheme/?lang=en,IS 12345
IS 4105:2020,Styrene (Vinyl Benzene),"Chemicals, Fertilizers, Polymers & Textiles","Chemicals, Fertilizers, Polymers & Textiles",Yes,"BIS Product Certification (ISI Mark, Scheme I)","Styrene (Vinyl Benzene) (Quality Control) Order, 2020 (S.O. No. 4002 (E) 04/11/2020) Amendment Orders for various chemical Products Styrene (Vinyl Benzene)(Quality Control) Order, 2020 Amendment order for various Petrochemicals, dated 08/10/2021 Styrene (Vinyl Benzene)(Quality Control) Order, 2022 Amendment order for various chemicals, dated 05/04/2022 Styrene (Vinyl Benzene) (Quality Control) Amendment Order, 2022 Amendment order for various Petrochemicals, dated 29 September 2022 Styrene(Vinyl Benzene) (Quality Control) Amendment Order, 2023 (S.O. 1786(E), dated 18/04/2023) Styrene (Vinyl Benzene) (Quality Control) Amendment Order, 2024 (S.O. 1465(E), dated 18th March 2024) Styrene (Vinyl Benzene) (Quality Control) Second Amendment Order, 2024 S.O. 4653(E), dated 24th October 2024 Rescind order of Styrene (Vinyl Benzene) (Quality Control) Order, 2022 S.O. 4864 (E) Dated 24 October, 2025",https://www.bis.gov.in/product-certification/products-under-compulsory-certification/scheme-i-mark-scheme/?lang=en,IS 4105
IS 5149:2020,"Maleic Anhydride, Technical","Chemicals, Fertilizers, Polymers & Textiles","Chemicals, Fertilizers, Polymers & Textiles",Yes,"BIS Product Certification (ISI Mark, Scheme I)","Maleic Anhydride (Quality Control) Order, 2020 (S.O. No. 4000 (E) 04/11/2020) Amendment Orders for various chemical Products Maleic Anhydride (Quality Control) Order, 2021 Amendment order for various Petrochemicals, dated 08/10/2021 Maleic Anhydride (Quality Control) Order, 2022 Amendment order for various chemicals, dated 05/04/2022 Maleic Anhydride (Quality Control) Amendment Order, 2022 Amendment order for various Petrochemicals, dated 29 September 2022 Maleic Anhydride (Quality Control) Amendment Order, 2023 (S.O. 1788(E), dated 18/04/2023) Amendment in Maleic Anhydride (Quality Control) Amendment Order, 2023 (S.O. 1986(E), dated 01/05/2023) Maleic Anhydride (Quality Control) Amendment Order, 2023 (S.O. 4233(E), dated 26th September, 2023) Maleic Anhydride (Quality Control) Amendment Order, 2024 (S.O. 1466(E), dated 18th March 2024) Maleic Anhydride (Quality Control) Second Amendment Order, 2024 S.O. 4652(E), dated 24th October 2024 Rescind order of Maleic Anhydride (Quality Control) Order, 2022 S.O. 4863 (E) Dated 24 October, 2025",https://www.bis.gov.in/product-certification/products-under-compulsory-certification/scheme-i-mark-scheme/?lang=en,IS 5149
IS 12540:1988,Acrylonitrile,"Chemicals, Fertilizers, Polymers & Textiles","Chemicals, Fertilizers, Polymers & Textiles",Yes,"BIS Product Certification (ISI Mark, Scheme I)","Acrylonitrile (Quality Control) Order, 2020 (S.O. No. 3999 (E) 04/11/2020) Acrylonitrile (Quality Control) Amendment Order, 2020 Amendment Orders for various chemical Products Acrylonitrile (Quality Control) Order, 2021 Amendment order for various Petrochemicals, dated 08/10/2021 Acrylonitrile (Quality Control) Order, 2022 Amendment order for various chemicals, dated 05/04/2022 Acrylonitrile (Quality Control) Amendment Order, 2022 Amendment order for various Petrochemicals, dated 29 September 2022 Acrylonitrile (Quality Control) Amendment Order, 2023 (S.O. 1787(E), dated 18/04/2023) Acrylonitrile (Quality Control) Amendment Order, 2024 (S.O. 1464(E), dated 18th March 2024) Acrylonitrile (Quality Control) Second Amendment Order, 2024 S.O. 4651(E), dated 24th October 2024 Rescind order of Acrylonitrile (Quality Control) Order, 2022 S.O. 4862 (E) Dated 24 October, 2025",https://www.bis.gov.in/product-certification/products-under-compulsory-certification/scheme-i-mark-scheme/?lang=en,IS 12540
IS 17265:2019,100 Percent. Polyester Spun Grey and White Yarn (PSY),"Chemicals, Fertilizers, Polymers & Textiles","Chemicals, Fertilizers, Polymers & Textiles",Yes,"BIS Product Certification (ISI Mark, Scheme I)","100 Percent Polyester Spun Grey and White Yarn (Quality Control) Order, 2021 (S.O. 1618 (E) dated 15.04.2021) 100 percent Polyester Spun Grey and White Yarn (PSY) (Quality Control) Amendment Order, 2021 (S.O. 4180(E) dated 08.10.2021) 100 percent Polyester Spun Gray and White Yarn (Quality Control) Order, 2022 Amendment order for various chemicals, dated 05/04/2022 100 Percent Polyester Spun Grey and White Yarn (Quality Control)Amendment Order, 2022 Amendment order for various Petrochemicals, dated 29 September 2022 100 Percent Polyester Spun Grey and White Yarn (Quality Control) Amendment Order, 2023 (S.O. 1561(E), dated 31/03/2023) 100 Percent Polyester Spun Grey and White Yarn (Quality Control) Order, 2023 (S.O. 3195(E), dated 17th July, 2023) Rescind order of 100 Percent. Polyester Spun Grey and White Yarn (Quality Control) Order, 2023 S.O. 5131 (E) Dated 12 November, 2025",https://www.bis.gov.in/product-certification/products-under-compulsory-certification/scheme-i-mark-scheme/?lang=en,IS 17265
IS 17261:2019,Polyester Continuous Filament Fully Drawn Yarn (FDY),"Chemicals, Fertilizers, Polymers & Textiles","Chemicals, Fertilizers, Polymers & Textiles",Yes,"BIS Product Certification (ISI Mark, Scheme I)","Polyester Continuous Filament Fully Drawn Yarn (Quality Control) Order, 2021 (S.O. 1621 (E) dated 15.04.2021) Polyester Continuous Filament Fully Drawn Yarn (Quality Control) Amendment Order, 2021 (S.O. 4183(E) dated 08.10.2021) Polyester Continuous Filament Fully Drawn Yarn (Quality Control) Order, 2022 Amendment order for various chemicals, dated 05/04/2022 Polyester Continuous Filament Fully Drawn Yarn (Quality Control) Amendment Order, 2022 Amendment order for various Petrochemicals, dated 29 September 2022 Polyester Continuous Filament Fully Drawn Yarn (Quality Control) Amendment Order, 2023 (S.O. 1558(E), dated 31/03/2023) Polyester Continuous Filament Fully Drawn Yarn (Quality Control) Order, 2023 (S.O. 3193(E), dated 17th July, 2023) Polyester Continuous Filament Fully Drawn Yarn (Quality Control) Amendment Order, 2024 S.O. 2878(E), dated 18th July 2024 Rescind order of Polyester Continuous Filament Fully Drawn Yarn (Quality Control) Order, 2023 S.O. 5134 (E) Dated 12 November, 2025",https://www.bis.gov.in/product-certification/products-under-compulsory-certification/scheme-i-mark-scheme/?lang=en,IS 17261
IS 17264:2019,Polyester Industrial Yarn (IDY),"Chemicals, Fertilizers, Polymers & Textiles","Chemicals, Fertilizers, Polymers & Textiles",Yes,"BIS Product Certification (ISI Mark, Scheme I)","Polyester Industrial Yarn (Quality Control) Order, 2021 (S.O. 1622 (E) dated 15.04.2021) Polyester Industrial Yarn (Quality Control) Amendment Order, 2021 (S.O. 4184(E) dated 08.10.2021) Polyester Industrial Yarn (Quality Control) Order, 2022 Amendment order for various chemicals, dated 05/04/2022 Polyester Industrial Yarn (Quality Control) Amendment Order, 2022 Amendment order for various Petrochemicals, dated 29 September 2022 Polyester Industrial Yarn (Quality Control) Amendment Order, 2023 (S.O. 1560(E), dated 31/03/2023) Polyester Industrial Yarn (Quality Control) Second Amendment Order, 2023 (S.O. 3196(E), dated 17th July, 2023) Rescind order of Polyester Industrial Yarn (IDY) (Quality Control) Order, 2022 S.O. 5132 (E) Dated 12 November, 2025",https://www.bis.gov.in/product-certification/products-under-compulsory-certification/scheme-i-mark-scheme/?lang=en,IS 17264
IS 17262:2019,Polyester Partially Oriented Yarn (POY),"Chemicals, Fertilizers, Polymers & Textiles","Chemicals, Fertilizers, Polymers & Textiles",Yes,"BIS Product Certification (ISI Mark, Scheme I)","Polyester Partially Oriented Yarn (Quality Control) Order, 2021 (S.O. 1623 (E) dated 15.04.2021) Polyester Partially Oriented Yarn (Quality Control) Amendment Order, 2021 (S.O. 4185(E) dated 08.10.2021) Polyester Partially Oriented Yarn(Quality Control) Order, 2022 Amendment order for various chemicals, dated 05/04/2022 Polyester Partially Oriented Yarns (Quality Control) Amendment Order, 2022 Amendment order for various Petrochemicals, dated 29 September 2022 Polyester Partially Oriented Yarn (Quality Control) Amendment Order, 2023 (S.O. 1559(E), dated 31/03/2023) Polyester Partially Oriented Yarn (Quality Control) Order, 2023 (S.O. 3194(E), dated 17th July, 2023) Rescind order of Polyester Partially Oriented Yarn (Quality Control) Order, 2023 S.O. 5135 (E) Dated 12 November, 2025",https://www.bis.gov.in/product-certification/products-under-compulsory-certification/scheme-i-mark-scheme/?lang=en,IS 17262
IS 17263:2019,Polyester Staple Fibres (PSF),"Chemicals, Fertilizers, Polymers & Textiles","Chemicals, Fertilizers, Polymers & Textiles",Yes,"BIS Product Certification (ISI Mark, Scheme I)","Polyester Staple Fibres (Quality Control) Order, 2021 (S.O. 1624 (E) dated 15.04.2021) Polyester Staple Fibers (Quality Control) Amendment Order, 2021 (S.O. 4186(E) dated 08.10.2021) Polyester Staple Fibres (Quality Control) Order, 2022 Amendment order for various chemicals, dated 05/04/2022 Polyester Staple Fibres (PSF) (Quality Control) Amendment Order, 2022 Amendment order for various Petrochemicals, dated 29 September 2022 Polyester Staple Fibres (Quality Control) Amendment Order, 2023 S.O. 2333(E), dated 26th May 2023 Rescind order of Polyester Staple Fibres (PSF) (Quality Control) Order, 2022 S.O. 5133 (E) Dated 12 November, 2025",https://www.bis.gov.in/product-certification/products-under-compulsory-certification/scheme-i-mark-scheme/?lang=en,IS 17263
IS 7328:2020,Polyethylene Material for moulding and extrusion (i) Low Density Polyethylene (LDPE) (ii) Linear Low-Density Polyethylene (LLDPE) (iii) High Density Polyethylene (HDPE),"Chemicals, Fertilizers, Polymers & Textiles","Chemicals, Fertilizers, Polymers & Textiles",Yes,"BIS Product Certification (ISI Mark, Scheme I)","Polyethylene Material for Moulding and Extrusion (Quality Control) Order, 2021 (S.O. 1625 (E) dated 15.04.2021) Polyethylene Material for moulding and extrusion (Quality Control) Amendment Order, 2021 (S.O. 4187(E) dated 08.10.2021) Polyethylene Material for Moulding and Extrusion (Quality Control) Order, 2022 Amendment order for various chemicals, dated 05/04/2022 Polyethylene Material for Moulding and Extrusion (Quality Control) Amendment Order, 2022 Amendment order for various Petrochemicals, dated 29 September 2022 Polyethylene Material for Moulding and Extrusion (Quality Control) Amendment Order, 2023 (S.O. 1557(E), dated 31/03/2023) Polyethylene Material for Moulding and Extrusion(Quality Control) Amendment Order, 2023 (S.O. 4235(E), 26th September, 2023) Polyethylene Material for Moulding and Extrusion (Quality Control) Amendment Order, 2024 (S.O. 68(E), dated 04th January, 2024) Polyethylene Material for Moulding and Extrusion (Quality Control) Amendment Order, 2025 S.O.2560 (E) Dated 12 June, 2025 Rescind order of Polyethylene Material for moulding and extrusion (Quality Control) Order, 2022 S.O. 5136 (E) Dated 12 November, 2025",https://www.bis.gov.in/product-certification/products-under-compulsory-certification/scheme-i-mark-scheme/?lang=en,IS 7328
IS 11356:2020,Styrene-Butadiene Rubber Latex,"Chemicals, Fertilizers, Polymers & Textiles","Chemicals, Fertilizers, Polymers & Textiles",Yes,"BIS Product Certification (ISI Mark, Scheme I)","34. Styrene-Butadiene Rubber Latex (Quality Control) Order, 2021 (S.O. 1626 (E) dated 15.04.2021) Styrene-Butadiene Rubber Latex (Quality Control) Amendment Order, 2024 S.O. 3957(E), dated 18th September 2024",https://www.bis.gov.in/product-certification/products-under-compulsory-certification/scheme-i-mark-scheme/?lang=en,IS 11356
IS 16481:2016,Synthetic Micro-Fibres for use in Cement Based Matrix,"Chemicals, Fertilizers, Polymers & Textiles","Chemicals, Fertilizers, Polymers & Textiles",Yes,"BIS Product Certification (ISI Mark, Scheme I)","35. Synthetic Micro-Fibres for use in Cement Based Matrix (Quality Control) Order, 2021 (S.O. 1627 (E) dated 15.04.2021) Synthetic Micro-Fibres for use in Cement Based Matrix (Quality Control) Amendment Order, 2021 (S.O. 4188(E) dated 08.10.2021) Synthetic Micro-Fibres for use in Cement Based Matrix (Quality Control) Order, 2022 Amendment order for various chemicals, dated 05/04/2022 Synthetic Micro- Fibres for use in Cement Based Matrix (Quality Control) Amendment Order, 2022 Amendment order for various Petrochemicals, dated 29 September 2022",https://www.bis.gov.in/product-certification/products-under-compulsory-certification/scheme-i-mark-scheme/?lang=en,IS 16481
IS 12795:2020,Linear Alkyl Benzene,"Chemicals, Fertilizers, Polymers & Textiles","Chemicals, Fertilizers, Polymers & Textiles",Yes,"BIS Product Certification (ISI Mark, Scheme I)","36. Linear Alkyl Benzene (Quality Control) Order, 2021 (S.O. 1664 (E) dated 15.04.2021) Linear Alkyl Benzene (Quality Control) Amendment Order, 2021 (S.O. 4182(E) dated 08.10.2021) Linear Alkyl Benzene (Quality Control) Order, 2022 Amendment order for various chemicals, dated 05/04/2022 Linear Alkyl Benzene (Quality Control) Amendment Order, 2022 Amendment order for various Petrochemicals, dated 29 September 2022 Linear Alkyl Benzene (Quality Control) Amendment Order, 2022 S.O.1655 (E) Dated 30 March, 2026 Temporary Suspension of Linear Alkyl Benzene (Quality Control) Order, 2022 S.O.3456 (E) Dated 25 June, 2026",https://www.bis.gov.in/product-certification/products-under-compulsory-certification/scheme-i-mark-scheme/?lang=en,IS 12795
IS 13601:1993,Ethylene Vinyl Acetate (EVA) Copolymers,"Chemicals, Fertilizers, Polymers & Textiles","Chemicals, Fertilizers, Polymers & Textiles",Yes,"BIS Product Certification (ISI Mark, Scheme I)","Ethylene Vinyl Acetate Copolymers (Quality Control) Order, 2021 (S.O. 1620 (E) dated 15.04.2021) Ethylene Vinyl Acetate Copolymers (Quality Control) Amendment Order, 2021 (S.O. 4181(E) dated 08.10.2021) Ethylene Vinyl Acetate Copolymers (Quality Control) Order, 2022 Amendment order for various chemicals, dated 05/04/2022 Ethylene Vinyl Acetate Copolymers (Quality Control) Amendment Order, 2022 Amendment order for various Petrochemicals, dated 29 September 2022 Ethylene Vinyl Acetate Copolymers (Quality Control) Amendment Order, 2023 (S.O. 1556(E), dated 31/03/2023) Ethylene Vinyl Acetate Copolymers(Quality Control) Amendment Order, 2023 (S.O. 4234(E), 26th September, 2023) Ethylene Vinyl Acetate Copolymers (Quality Control) Amendment Order, 2024 (S.O. 1463(E), dated 18th March 2024) Ethylene Vinyl Acetate Copolymers (Quality Control) Second Amendment Order, 2024 S.O. 4286(E), dated 01st October 2024 Ethylene Vinyl Acetate Copolymers (Quality Control) Amendment Order, 2025 S.O. 4495 (E) Dated 01 October, 2025 Rescind order of Ethylene Vinyl Acetate (EVA) Copolymers (Quality Control) Order, 2022 S.O. 5140 (E) Dated 12 November, 2025",https://www.bis.gov.in/product-certification/products-under-compulsory-certification/scheme-i-mark-scheme/?lang=en,IS 13601
IS 7686:2020,"3(N, N-DiEthyl) Aminophenol","Chemicals, Fertilizers, Polymers & Textiles","Chemicals, Fertilizers, Polymers & Textiles",Yes,"BIS Product Certification (ISI Mark, Scheme I)","37. 3 (N, N Di-Ethyl) Aminophenol (Quality Control) Order, 2021 (S.O. No. 2031 (E) 25/05/2021 )",https://www.bis.gov.in/product-certification/products-under-compulsory-certification/scheme-i-mark-scheme/?lang=en,IS 7686
IS 4566:2020,Methylene Chloride (Dichloromethane),"Chemicals, Fertilizers, Polymers & Textiles","Chemicals, Fertilizers, Polymers & Textiles",Yes,"BIS Product Certification (ISI Mark, Scheme I)","38. Methylene Chloride (Dichloromethane) (Quality Control) Order, 2021 (S.O. No. 2032 (E) 25/05/2021 ) Methylene Chloride (Dichloromethane) (Quality Control) Amendment Order, 2021 (S.O. 4913(E) dated 29.11.2021) Methylene Chloride (Dichloromethane)(Quality Control) Order, 2021 (Amendment order for various chemicals, dated 13/05/2022) Amendment in Methylene Chloride (Dichloromethane) (Quality Control) Order, 2021 S.O. 5396(E), dated 18 November 2022 Methylene Chloride (Dichloromethane) (Quality Control) Amendment Order, 2023 (S.O. 1870(E), dated 24/04/2023)",https://www.bis.gov.in/product-certification/products-under-compulsory-certification/scheme-i-mark-scheme/?lang=en,IS 4566
IS 2012:2006,Red Phosphorus,"Chemicals, Fertilizers, Polymers & Textiles","Chemicals, Fertilizers, Polymers & Textiles",Yes,"BIS Product Certification (ISI Mark, Scheme I)","39. Red Phosphorus (Quality Control) Order, 2021 (S.O. No. 2033 (E) 25/05/2021 )",https://www.bis.gov.in/product-certification/products-under-compulsory-certification/scheme-i-mark-scheme/?lang=en,IS 2012
IS 17077 :2019/ISO 19062-1 : 2015,Acrylonitrile Butadiene Styrene (ABS),"Chemicals, Fertilizers, Polymers & Textiles","Chemicals, Fertilizers, Polymers & Textiles",Yes,"BIS Product Certification (ISI Mark, Scheme I)","Acrylonitrile-Butadiene Styrene (ABS) (Quality Control) Order, 2021 (S.O. 3927 (E) dated 13.09.2021) Acrylonitrile- Butadiene Styrene (ABS) (Quality Control) Amendment Order, 2022 Amendment order for various Petrochemicals, dated 07/01/2022 Acrylonitrile Butadiene Styrene (ABS) (Quality Control) Order, 2022 ( Amendment order for various chemicals, dated 10/03/2022) Acrylonitrile- Butadiene Styrene (ABS)(Quality Control) Third Amendment Order, 2022 ( Amendment order for various Petrochemicals, dated 02 September 2022) Acrylonitrile- Butadiene Styrene (ABS) (Quality Control) Amendment Order, 2023 (S.O. 1121(E), dated 09/03/2023) Acrylonitrile-Butadiene Styrene (ABS) (Quality Control) Amendment Order, 2024 S.O. 4988(E), dated 20th November 2024 Rescind order of Acrylonitrile Butadiene Styrene (ABS)(Quality Control) Order, 2021 S.O. 5137 (E) Dated 12 November, 2025",https://www.bis.gov.in/product-certification/products-under-compulsory-certification/scheme-i-mark-scheme/?lang=en,IS 17077
IS 869:2020,Ethylene Dichloride,"Chemicals, Fertilizers, Polymers & Textiles","Chemicals, Fertilizers, Polymers & Textiles",Yes,"BIS Product Certification (ISI Mark, Scheme I)","Ethylene Dichloride (Quality Control) Order, 2021 (S.O. 3928 (E) dated 13.09.2021) Ethylene Dichloride (Quality Control) Order, 2022 ( Amendment order for various chemicals, dated 10/03/2022) Ethylene Dichloride(Quality Control) Second Amendment Order, 2022 ( Amendment order for various Petrochemicals, dated 02 September 2022) Ethylene Dichloride (Quality Control) Amendment Order, 2023 (S.O. 1124(E), dated 09/03/2023) Ethylene Dichloride (Quality Control) Amendment Order, 2024 S.O. 1108(E), dated 06th March 2024 Ethylene Dichloride (Quality Control) Second Amendment Order, 2024 S.O. 3936(E), dated 13th September 2024 Ethylene Dichloride (Quality Control) Amendment Order,2025 S.O.1126(E) Dated 11 March, 2025 Ethylene Dichloride (Quality Control) Amendment Order, 2025 S.O. 4177(E) Dated 16 September, 2025 Rescind order of Ethylene Dichloride (Quality Control) Order, 2021 S.O. 5531(E) Dated 01 December, 2025",https://www.bis.gov.in/product-certification/products-under-compulsory-certification/scheme-i-mark-scheme/?lang=en,IS 869
IS 17370:2020,p-Xylene,"Chemicals, Fertilizers, Polymers & Textiles","Chemicals, Fertilizers, Polymers & Textiles",Yes,"BIS Product Certification (ISI Mark, Scheme I)","p-Xylene (Quality Control) Order, 2021 (S.O. 3929 (E) dated 13.09.2021) p-Xylene(Quality Control) Order, 2022 (Amendment order for various Petrochemicals, dated 23/03/2022) p-Xylene(Quality Control) Second Amendment Order, 2022 ( Amendment order for various Petrochemicals, dated 02 September 2022) p-Xylene (Quality Control) Amendment Order, 2023 (S.O. 1239(E) dated 15/03/2023) p-Xylene (Quality Control) Amendment Order, 2024 S.O. 1111(E), dated 06th March 2024 p-Xylene (Quality Control) Second Amendment Order, 2024 S.O. 4173(E), dated 23rd September 2024 p-Xylene (Quality Control) Amendment Order, 2025 S.O.1252(E) Dated 19 March, 2025 Rescind order of p-Xylene (Quality Control) Order, 2021 S.O. 5527(E) Dated 01 December, 2025",https://www.bis.gov.in/product-certification/products-under-compulsory-certification/scheme-i-mark-scheme/?lang=en,IS 17370
IS 14434:1998,Polycarbonate,"Chemicals, Fertilizers, Polymers & Textiles","Chemicals, Fertilizers, Polymers & Textiles",Yes,"BIS Product Certification (ISI Mark, Scheme I)","Polycarbonate (Quality Control) Order, 2021 (S.O. 3930 (E) dated 13.09.2021) Polycarbonate (Quality Control) Order, 2022 ( Amendment order for various chemicals, dated 10/03/2022) Polycarbonate (Quality Control) Second Amendment Order, 2022 ( Amendment order for various Petrochemicals, dated 02 September 2022) Polycarbonate (Quality Control) Amendment Order, 2023 (S.O. 1122(E), dated 09/03/2023) Polycarbonate (Quality Control) Amendment Order, 2024 S.O. 1109(E), dated 06th March 2024 Polycarbonate (Quality Control) Second Amendment Order, 2024 S.O. 3953(E), dated 17th September 2024 Polycarbonate (Quality Control) Amendment Order, 2025 S.O.1128(E) Dated 11 March, 2025 Polycarbonate (Quality Control) Amendment Order, 2025 S.O. 4176(E) Dated 16 September, 2025 Rescind order of Polycarbonate (Quality Control) Order, 2021 S.O. 5142 (E) Dated 12 November, 2025",https://www.bis.gov.in/product-certification/products-under-compulsory-certification/scheme-i-mark-scheme/?lang=en,IS 14434
IS 17397 (Part 1) : 2020/ISO 16365-1 : 2014,Polyurethanes,"Chemicals, Fertilizers, Polymers & Textiles","Chemicals, Fertilizers, Polymers & Textiles",Yes,"BIS Product Certification (ISI Mark, Scheme I)","Polyurethanes (Quality Control) Order, 2021 (S.O. 3931 (E) dated 13.09.2021) Polyurethanes (Quality Control) Amendment Order, 2022. Amendment order for various Petrochemicals, dated 07/01/2022 Polyurethanes(Quality Control) Order, 2022 Amendment order for various Petrochemicals, dated 23/03/2022 Polyurethanes (Quality Control) Third Amendment Order, 2022 ( Amendment order for various Petrochemicals, dated 02 September 2022) Polyurethanes (Quality Control) Amendment Order, 2023 (S.O. 1238(E) dated 15/03/2023) Polyurethanes (Quality Control) Amendment Order, 2024 S.O. 1112(E), dated 06th March 2024 Polyurethanes (Quality Control) Second Amendment Order, 2024 S.O. 4172(E), dated 23rd September 2024 Polyurethanes (Quality Control) Amendment Order, 2025 S.O.1253(E) Dated 19 March, 2025 Rescind order of Polyurethanes (Quality Control) Order, 2021 S.O. 5141 (E) Dated 12 November, 2025",https://www.bis.gov.in/product-certification/products-under-compulsory-certification/scheme-i-mark-scheme/?lang=en,IS 17397
IS 17442:2020,Vinyl Chloride Monomer,"Chemicals, Fertilizers, Polymers & Textiles","Chemicals, Fertilizers, Polymers & Textiles",Yes,"BIS Product Certification (ISI Mark, Scheme I)","Vinyl Chloride Monomer (Quality Control) Order, 2020 (S.O. 3932 (E) dated 13.09.2021) Vinyl Chloride Monomer Quality Control Order, 2021 ( Amendment order, dated 25/02/2022) Vinyl Chloride Monomer (Quality Control) Order, 2022 ( Amendment order for various chemicals, dated 10/03/2022) Vinyl Chloride Monomer(Quality Control) Third Amendment Order, 2022 ( Amendment order for various Petrochemicals, dated 02 September 2022) Vinyl Chloride Monomer (Quality Control) Amendment Order, 2023 (S.O. 1123(E), dated 09/03/2023) Vinyl Chloride Monomer (Quality Control) Amendment Order, 2024 S.O. 1110(E), dated 06th March 2024 Vinyl Chloride Monomer (Quality Control) Second Amendment Order, 2024 S.O. 3937(E), dated 13th September 2024 Vinyl Chloride Monomer (Quality Control) Amendment Order, 2025 S.O. 1127(E) Dated 11 March, 2025 Vinyl Chloride Monomer (Quality Control) Amendment Order, 2025 S.O. 4175(E) Dated 16 September, 2025 Rescind order of Vinyl Chloride Monomer (Quality Control) Order, 2020 S.O. 5532(E) Dated 01 December, 2025",https://www.bis.gov.in/product-certification/products-under-compulsory-certification/scheme-i-mark-scheme/?lang=en,IS 17442
IS 17450 : 2020,"1,3 Phenylenediamine","Chemicals, Fertilizers, Polymers & Textiles","Chemicals, Fertilizers, Polymers & Textiles",Yes,"BIS Product Certification (ISI Mark, Scheme I)","40. 1,3 Phenylenediamine (Quality Control) Order, 2022 (S.O. 1960(E), dated 27/04/2022)",https://www.bis.gov.in/product-certification/products-under-compulsory-certification/scheme-i-mark-scheme/?lang=en,IS 17450
IS 10931 : 1984,Lauric Acid,"Chemicals, Fertilizers, Polymers & Textiles","Chemicals, Fertilizers, Polymers & Textiles",Yes,"BIS Product Certification (ISI Mark, Scheme I)","Lauric Acid (Quality Control) Order, 2022 (S.O. 1961(E), dated 27/04/2022) Lauric Acid(Quality Control) Amendment Order, 2022 (Amendment order for various Chemicals, dated 21 October 2022) Lauric Acid (Quality Control) Amendment Order, 2023 (S.O. 1864(E), dated 24/04/2023) Lauric Acid (Quality Control) Amendment Order, 2023 (S.O. 4608(E), dated 19th October, 2023) Lauric Acid (Quality Control) Amendment Order, 2024 S.O. 1136(E), dated 07th March 2024 Lauric Acid (Quality Control) Second Amendment Order, 2024 S.O. 4611(E), dated 22nd October 2024 Lauric Acid (Quality Control Amendment Order, 2025 S.O. 1870 (E) Dated 25 April, 2025 Rescinds order of Lauric Acid (Quality Control) Order, 2022 S.O. 4780 (E) Dated 22 October, 2025",https://www.bis.gov.in/product-certification/products-under-compulsory-certification/scheme-i-mark-scheme/?lang=en,IS 10931
IS 12029 : 1986,Acid Oil,"Chemicals, Fertilizers, Polymers & Textiles","Chemicals, Fertilizers, Polymers & Textiles",Yes,"BIS Product Certification (ISI Mark, Scheme I)","Acid Oil (Quality Control) Order, 2022 (S.O. 1961(E), dated 27/04/2022) Acid Oil (Quality Control) Amendment Order, 2022 (Amendment order for various Chemicals, dated 21 October 2022) Acid Oil (Quality Control) Amendment Order, 2023 (S.O. 1865(E), dated 24/04/2023) Acid Oil(Quality Control) Amendment Order, 2023 (S.O. 4609(E), 19th October, 2023) Acid Oil (Quality Control) Amendment Order, 2024 S.O. 1137(E), dated 07th March 2024 Acid Oil (Quality Control) Second Amendment Order, 2024 S.O. 4612(E), dated 22nd October 2024 Acid Oil (Quality Control) Amendment Order, 2025 S.O. 1871 (E) Dated 25 April, 2025 Rescinds order of Acid Oil (Quality Control) Order, 2022 S.O. 4781 (E) Dated 22 October, 2025",https://www.bis.gov.in/product-certification/products-under-compulsory-certification/scheme-i-mark-scheme/?lang=en,IS 12029
IS 12067: 1987,Palm Fatty Acids,"Chemicals, Fertilizers, Polymers & Textiles","Chemicals, Fertilizers, Polymers & Textiles",Yes,"BIS Product Certification (ISI Mark, Scheme I)","Palm Fatty Acids (Quality Control) Order, 2022 (S.O. 1961(E), dated 27/04/2022) Palm Fatty Acids (Quality Control) Amendment Order, 2022 (Amendment order for various Chemicals, dated 21 October 2022) Palm Fatty Acids (Quality Control) Amendment Order, 2023 (S.O. 1866(E), dated 24/04/2023) Palm Fatty Acids (Quality Control) Amendment Order, 2023 (S.O. 4610(E), 19th October, 2023) Palm Fatty Acids (Quality Control) Amendment Order, 2024 S.O. 1138(E), dated 07th March 2024 Palm Fatty Acids (Quality Control) Second Amendment Order, 2024 S.O. 4613(E), dated 22nd October 2024 Palm Fatty Acids (Quality Control) Amendment Order, 2025 S.O. 1872 (E) Dated 25 April, 2025 Rescinds order of Palm Fatty Acids (Quality Control) Order, 2022 S.O. 4782 (E) Dated 22 October, 2025",https://www.bis.gov.in/product-certification/products-under-compulsory-certification/scheme-i-mark-scheme/?lang=en,IS 12067
IS 12068 :1987,Rice Bran Fatty Acids,"Chemicals, Fertilizers, Polymers & Textiles","Chemicals, Fertilizers, Polymers & Textiles",Yes,"BIS Product Certification (ISI Mark, Scheme I)","Rice Bran Fatty Acids (Quality Control) Order, 2022 (S.O. 1961(E), dated 27/04/2022) Rice Bran Fatty Acids (Quality Control) Amendment Order, 2022 (Amendment order for various Chemicals, dated 21 October 2022) Rice Bran Fatty Acids (Quality Control) Amendment Order, 2023 (S.O. 1867(E), dated 24/04/2023) Rice Bran Fatty Acids (Quality Control) Amendment Order, 2023 (S.O. 4611(E), 19th October, 2023) Rice Bran Fatty Acids (Quality Control) Amendment Order, 2024 S.O. 1139(E), dated 07th March 2024 Rice Bran Fatty Acids (Quality Control) Second Amendment Order, 2024 S.O. 4614(E), dated 22nd October 2024 Rice Bran Fatty Acids (Quality Control) Amendment Order, 2025 S.O. 1873 (E) Dated 25 April, 2025 Rescinds order of Rice Bran Fatty Acids (Quality Control) Order, 2022 S.O. 4783 (E) Dated 22 October, 2025",https://www.bis.gov.in/product-certification/products-under-compulsory-certification/scheme-i-mark-scheme/?lang=en,IS 12068
IS 12069 : 1987,Coconut Fatty Acids,"Chemicals, Fertilizers, Polymers & Textiles","Chemicals, Fertilizers, Polymers & Textiles",Yes,"BIS Product Certification (ISI Mark, Scheme I)","Coconut Fatty Acids (Quality Control) Order, 2022 (S.O. 1961(E), dated 27/04/2022) Coconut Fatty Acids (Quality Control) Amendment Order, 2022 (Amendment order for various Chemicals, dated 21 October 2022) Coconut Fatty Acids (Quality Control) Amendment Order, 2023 (S.O. 1868(E), dated 24/04/2023) Coconut Fatty Acids (Quality Control) Amendment Order, 2023 (S.O. 4612(E), 19th October, 2023) Coconut Fatty Acids (Quality Control) Amendment Order, 2024 S.O. 1140(E), dated 07th March 2024 Coconut Fatty Acids (Quality Control) Second Amendment Order, 2024 S.O. 4615(E), dated 22nd October 2024 Coconut Fatty Acids (Quality Control) Amendment Order, 2025 S.O. 1874 (E) Dated 25 April, 2025 Rescinds order of Coconut Fatty Acids (Quality Control) Order, 2022 S.O. 4784 (E) Dated 22 October, 2025",https://www.bis.gov.in/product-certification/products-under-compulsory-certification/scheme-i-mark-scheme/?lang=en,IS 12069
IS 12124 : 1987,Rubberseed Fatty Acids,"Chemicals, Fertilizers, Polymers & Textiles","Chemicals, Fertilizers, Polymers & Textiles",Yes,"BIS Product Certification (ISI Mark, Scheme I)","41. Rubberseed Fatty Acids (Quality Control) Order, 2022 (S.O. 1961(E), dated 27/04/2022)",https://www.bis.gov.in/product-certification/products-under-compulsory-certification/scheme-i-mark-scheme/?lang=en,IS 12124
IS 12361 :1988,Hydrogenated Rice Bran Fatty Acids,"Chemicals, Fertilizers, Polymers & Textiles","Chemicals, Fertilizers, Polymers & Textiles",Yes,"BIS Product Certification (ISI Mark, Scheme I)","Hydrogenated Rice Bran Fatty Acids (Quality Control) Order, 2022 (S.O. 1961(E), dated 27/04/2022) Hydrogenated Rice Bran Fatty Acids (Quality Control) Amendment Order, 2022 (Amendment order for various Chemicals, dated 21 October 2022 ) Hydrogenated Rice Bran Fatty Acids (Quality Control) Amendment Order, 2023 (S.O. 1869(E), dated 24/04/2023) Hydrogenated Rice Bran Fatty Acids (Quality Control) Amendment Order, 2023 (S.O. 4613(E), 19th October, 2023) Hydrogenated Rice Bran Fatty Acids (Quality Control) Amendment Order, 2024 S.O. 1141(E), dated 07th March 2024 Hydrogenated Rice Bran Fatty Acids (Quality Control) Second Amendment Order, 2024 S.O. 4616(E), dated 22nd October 2024 Hydrogenated Rice Bran Fatty Acids (Quality Control) Amendment Order, 2025 S.O. 1875 (E) Dated 25 April, 2025 Rescinds order of Hydrogeneted Rice Bran Fatty Acids (Quality Control) Order, 2022 S.O. 4785 (E) Dated 22 October, 2025",https://www.bis.gov.in/product-certification/products-under-compulsory-certification/scheme-i-mark-scheme/?lang=en,IS 12361
IS 302 (Part 2/ Section 14),Hand-held Blender,Kitchen Appliances,Kitchen Appliances,Yes,"BIS Product Certification (ISI Mark, Scheme I)","42. Bureau of Indian Standards Kitchen Appliances (Quality Control) Order, 2018 S.O. 5243(E) dated 10th October, 2018",https://www.bis.gov.in/product-certification/products-under-compulsory-certification/scheme-i-mark-scheme/?lang=en,IS 302
IS 4250,Domestic Electric Food Mixer (Liquidizers and Grinders) and Centrifugal Juicer,Kitchen Appliances,Kitchen Appliances,Yes,"BIS Product Certification (ISI Mark, Scheme I)","42. Bureau of Indian Standards Kitchen Appliances (Quality Control) Order, 2018 S.O. 5243(E) dated 10th October, 2018",https://www.bis.gov.in/product-certification/products-under-compulsory-certification/scheme-i-mark-scheme/?lang=en,IS 4250
IS 15558,Instantaneous Domestic Water Heater for use with Liquefied Petroleum Gas,Domestic Water Heaters for use with LPG,Domestic Water Heaters for use with LPG,Yes,"BIS Product Certification (ISI Mark, Scheme I)","43. Bureau of Indian Standards Domestic Water Heater for Use with Liquefied Petroleum Gas (Quality Control) Order, 2018 S.O. 5244(E) dated 10th October, 2018",https://www.bis.gov.in/product-certification/products-under-compulsory-certification/scheme-i-mark-scheme/?lang=en,IS 15558
IS 1391 (Part-1): 2017,Room Air Conditioners- Specification Part 1 Unitary Air Conditioners,"Air Conditioner and its related Parts, Hermetic Compressor and Temperature Sensing Controls","Air Conditioner and its related Parts, Hermetic Compressor and Temperature Sensing Controls",Yes,"BIS Product Certification (ISI Mark, Scheme I)","44. Air Conditioner and its related Parts, Hermetic Compressor and Temperature Sensing Controls (Quality Control) Order, 2019 S.O. 4354(E) dated 05th December, 2019 The Air Conditioner and its related Parts, Hermetic Compressor and Temperature Sensing Controls (Quality Control) Amendment Order, 2020. (S.O. 1518(E) dated 18th May, 2020) The Air Conditioner and its related Parts, Hermetic Compressor and Temperature Sensing Controls (Quality Control) Second Amendment Order, 2020. Air Conditioner and its related parts, Hermetic Compressor and Temperature Sensing Controls (Quality Control) Amendment Order, 2021 S.O. 5095(E), dated 08 December, 2021 Air Conditioner and its related Parts, Hermetic Compressors and Temperature Sensing Controls (Quality Control) Amendment Order, 2022 (S.O. 5972(E), dated 21/12/2022) Air Conditioner and its related Parts, Hermetic Compressor and Temperature Sensing Controls (Quality Control) Amendment Order, 2023 (S.O. 32(E), dated 29th December, 2023) Air Conditioner and its related Parts, Hermetic Compressor and Temperature Sensing Controls (Quality Control) Amendment Order, 2025 S.O. 695(E) Dated 11 February, 2025 Air Conditioner and its related Parts, Hermetic Compressor and Temperature Sensing Controls (Quality Control) Amendment Order, 2025 Air Conditioner and its related Parts, Hermetic Compressor and Temperature Sensing Controls (Quality Control) Amendment Order, 2025 S.O.1815 (E) Dated 22 April, 2025 Air Conditioner and its related Parts, Hermetic Compressor and Temperature Sensing Controls (Quality Control) Amendment Order, 2026 S.O.2324 (E) Dated 08 May, 2026 Transition Facilitation (Quality Control) Order, 2026 S.O. 3417 (E) Dated 25 June, 2026",https://www.bis.gov.in/product-certification/products-under-compulsory-certification/scheme-i-mark-scheme/?lang=en,IS 1391
IS 1391 (Part-2): 2018,Room Air Conditioners- Specification Part 2 Split Air Conditioners,"Air Conditioner and its related Parts, Hermetic Compressor and Temperature Sensing Controls","Air Conditioner and its related Parts, Hermetic Compressor and Temperature Sensing Controls",Yes,"BIS Product Certification (ISI Mark, Scheme I)","44. Air Conditioner and its related Parts, Hermetic Compressor and Temperature Sensing Controls (Quality Control) Order, 2019 S.O. 4354(E) dated 05th December, 2019 The Air Conditioner and its related Parts, Hermetic Compressor and Temperature Sensing Controls (Quality Control) Amendment Order, 2020. (S.O. 1518(E) dated 18th May, 2020) The Air Conditioner and its related Parts, Hermetic Compressor and Temperature Sensing Controls (Quality Control) Second Amendment Order, 2020. Air Conditioner and its related parts, Hermetic Compressor and Temperature Sensing Controls (Quality Control) Amendment Order, 2021 S.O. 5095(E), dated 08 December, 2021 Air Conditioner and its related Parts, Hermetic Compressors and Temperature Sensing Controls (Quality Control) Amendment Order, 2022 (S.O. 5972(E), dated 21/12/2022) Air Conditioner and its related Parts, Hermetic Compressor and Temperature Sensing Controls (Quality Control) Amendment Order, 2023 (S.O. 32(E), dated 29th December, 2023) Air Conditioner and its related Parts, Hermetic Compressor and Temperature Sensing Controls (Quality Control) Amendment Order, 2025 S.O. 695(E) Dated 11 February, 2025 Air Conditioner and its related Parts, Hermetic Compressor and Temperature Sensing Controls (Quality Control) Amendment Order, 2025 Air Conditioner and its related Parts, Hermetic Compressor and Temperature Sensing Controls (Quality Control) Amendment Order, 2025 S.O.1815 (E) Dated 22 April, 2025 Air Conditioner and its related Parts, Hermetic Compressor and Temperature Sensing Controls (Quality Control) Amendment Order, 2026 S.O.2324 (E) Dated 08 May, 2026 Transition Facilitation (Quality Control) Order, 2026 S.O. 3417 (E) Dated 25 June, 2026",https://www.bis.gov.in/product-certification/products-under-compulsory-certification/scheme-i-mark-scheme/?lang=en,IS 1391
IS 8148:2018,Ducted and Package Air Conditioners,"Air Conditioner and its related Parts, Hermetic Compressor and Temperature Sensing Controls","Air Conditioner and its related Parts, Hermetic Compressor and Temperature Sensing Controls",Yes,"BIS Product Certification (ISI Mark, Scheme I)","44. Air Conditioner and its related Parts, Hermetic Compressor and Temperature Sensing Controls (Quality Control) Order, 2019 S.O. 4354(E) dated 05th December, 2019 The Air Conditioner and its related Parts, Hermetic Compressor and Temperature Sensing Controls (Quality Control) Amendment Order, 2020. (S.O. 1518(E) dated 18th May, 2020) The Air Conditioner and its related Parts, Hermetic Compressor and Temperature Sensing Controls (Quality Control) Second Amendment Order, 2020. Air Conditioner and its related parts, Hermetic Compressor and Temperature Sensing Controls (Quality Control) Amendment Order, 2021 S.O. 5095(E), dated 08 December, 2021 Air Conditioner and its related Parts, Hermetic Compressors and Temperature Sensing Controls (Quality Control) Amendment Order, 2022 (S.O. 5972(E), dated 21/12/2022) Air Conditioner and its related Parts, Hermetic Compressor and Temperature Sensing Controls (Quality Control) Amendment Order, 2023 (S.O. 32(E), dated 29th December, 2023) Air Conditioner and its related Parts, Hermetic Compressor and Temperature Sensing Controls (Quality Control) Amendment Order, 2025 S.O. 695(E) Dated 11 February, 2025 Air Conditioner and its related Parts, Hermetic Compressor and Temperature Sensing Controls (Quality Control) Amendment Order, 2025 Air Conditioner and its related Parts, Hermetic Compressor and Temperature Sensing Controls (Quality Control) Amendment Order, 2025 S.O.1815 (E) Dated 22 April, 2025 Air Conditioner and its related Parts, Hermetic Compressor and Temperature Sensing Controls (Quality Control) Amendment Order, 2026 S.O.2324 (E) Dated 08 May, 2026 Transition Facilitation (Quality Control) Order, 2026 S.O. 3417 (E) Dated 25 June, 2026",https://www.bis.gov.in/product-certification/products-under-compulsory-certification/scheme-i-mark-scheme/?lang=en,IS 8148
IS 11329:2018,Finned type Heat Exchanger for Room Air Conditioner,"Air Conditioner and its related Parts, Hermetic Compressor and Temperature Sensing Controls","Air Conditioner and its related Parts, Hermetic Compressor and Temperature Sensing Controls",Yes,"BIS Product Certification (ISI Mark, Scheme I)","44. Air Conditioner and its related Parts, Hermetic Compressor and Temperature Sensing Controls (Quality Control) Order, 2019 S.O. 4354(E) dated 05th December, 2019 The Air Conditioner and its related Parts, Hermetic Compressor and Temperature Sensing Controls (Quality Control) Amendment Order, 2020. (S.O. 1518(E) dated 18th May, 2020) The Air Conditioner and its related Parts, Hermetic Compressor and Temperature Sensing Controls (Quality Control) Second Amendment Order, 2020. Air Conditioner and its related parts, Hermetic Compressor and Temperature Sensing Controls (Quality Control) Amendment Order, 2021 S.O. 5095(E), dated 08 December, 2021 Air Conditioner and its related Parts, Hermetic Compressors and Temperature Sensing Controls (Quality Control) Amendment Order, 2022 (S.O. 5972(E), dated 21/12/2022) Air Conditioner and its related Parts, Hermetic Compressor and Temperature Sensing Controls (Quality Control) Amendment Order, 2023 (S.O. 32(E), dated 29th December, 2023) Air Conditioner and its related Parts, Hermetic Compressor and Temperature Sensing Controls (Quality Control) Amendment Order, 2025 S.O. 695(E) Dated 11 February, 2025 Air Conditioner and its related Parts, Hermetic Compressor and Temperature Sensing Controls (Quality Control) Amendment Order, 2025 Air Conditioner and its related Parts, Hermetic Compressor and Temperature Sensing Controls (Quality Control) Amendment Order, 2025 S.O.1815 (E) Dated 22 April, 2025 Air Conditioner and its related Parts, Hermetic Compressor and Temperature Sensing Controls (Quality Control) Amendment Order, 2026 S.O.2324 (E) Dated 08 May, 2026 Transition Facilitation (Quality Control) Order, 2026 S.O. 3417 (E) Dated 25 June, 2026",https://www.bis.gov.in/product-certification/products-under-compulsory-certification/scheme-i-mark-scheme/?lang=en,IS 11329
IS 10617:2018,Hermetic compressor Hermetic Compressors-Specification,"Air Conditioner and its related Parts, Hermetic Compressor and Temperature Sensing Controls","Air Conditioner and its related Parts, Hermetic Compressor and Temperature Sensing Controls",Yes,"BIS Product Certification (ISI Mark, Scheme I)","44. Air Conditioner and its related Parts, Hermetic Compressor and Temperature Sensing Controls (Quality Control) Order, 2019 S.O. 4354(E) dated 05th December, 2019 The Air Conditioner and its related Parts, Hermetic Compressor and Temperature Sensing Controls (Quality Control) Amendment Order, 2020. (S.O. 1518(E) dated 18th May, 2020) The Air Conditioner and its related Parts, Hermetic Compressor and Temperature Sensing Controls (Quality Control) Second Amendment Order, 2020. Air Conditioner and its related parts, Hermetic Compressor and Temperature Sensing Controls (Quality Control) Amendment Order, 2021 S.O. 5095(E), dated 08 December, 2021 Air Conditioner and its related Parts, Hermetic Compressors and Temperature Sensing Controls (Quality Control) Amendment Order, 2022 (S.O. 5972(E), dated 21/12/2022) Air Conditioner and its related Parts, Hermetic Compressor and Temperature Sensing Controls (Quality Control) Amendment Order, 2023 (S.O. 32(E), dated 29th December, 2023) Air Conditioner and its related Parts, Hermetic Compressor and Temperature Sensing Controls (Quality Control) Amendment Order, 2025 S.O. 695(E) Dated 11 February, 2025 Air Conditioner and its related Parts, Hermetic Compressor and Temperature Sensing Controls (Quality Control) Amendment Order, 2025 Air Conditioner and its related Parts, Hermetic Compressor and Temperature Sensing Controls (Quality Control) Amendment Order, 2025 S.O.1815 (E) Dated 22 April, 2025 Air Conditioner and its related Parts, Hermetic Compressor and Temperature Sensing Controls (Quality Control) Amendment Order, 2026 S.O.2324 (E) Dated 08 May, 2026 Transition Facilitation (Quality Control) Order, 2026 S.O. 3417 (E) Dated 25 June, 2026",https://www.bis.gov.in/product-certification/products-under-compulsory-certification/scheme-i-mark-scheme/?lang=en,IS 10617
IS 1293 : 2005,Plugs and socket-outlets of Rated Voltage up to and including 250 Volts and Rated current up to and including 16 amperes,Plugs and Socket-Outlets and Alternating Current Direct Connected Static Prepayment Meters for Active Energy,Plugs and Socket-Outlets and Alternating Current Direct Connected Static Prepayment Meters for Active Energy,Yes,"BIS Product Certification (ISI Mark, Scheme I)","Plugs and Socket-Outlets and Alternating Current Direct Connected Static Prepayment Meters for Active Energy (Quality Control) Order, 2019 S.O. 4353(E) dated 04th December, 2019 The Plugs and Socket-Outlets and Alternating Current Direct Connected Static Prepayment Meters for Active Energy (Quality Control) Amendment Order, 2020 (S.O. 1517(E) dated 18th May, 2020 ) 45. Superseded by Plugs and Socket-Outlets and AC Direct Connected Static Prepayment Meters for Active Energy (Quality Control) Order, 2021",https://www.bis.gov.in/product-certification/products-under-compulsory-certification/scheme-i-mark-scheme/?lang=en,IS 1293
IS 15884:2010,Alternating Current Direct Connected Static Prepayment Meters for Active Energy (Class1 and 2),Plugs and Socket-Outlets and Alternating Current Direct Connected Static Prepayment Meters for Active Energy,Plugs and Socket-Outlets and Alternating Current Direct Connected Static Prepayment Meters for Active Energy,Yes,"BIS Product Certification (ISI Mark, Scheme I)","Plugs and Socket-Outlets and Alternating Current Direct Connected Static Prepayment Meters for Active Energy (Quality Control) Order, 2019 S.O. 4353(E) dated 04th December, 2019 The Plugs and Socket-Outlets and Alternating Current Direct Connected Static Prepayment Meters for Active Energy (Quality Control) Amendment Order, 2020 (S.O. 1517(E) dated 18th May, 2020 ) 45. Superseded by Plugs and Socket-Outlets and AC Direct Connected Static Prepayment Meters for Active Energy (Quality Control) Order, 2021",https://www.bis.gov.in/product-certification/products-under-compulsory-certification/scheme-i-mark-scheme/?lang=en,IS 15884
IS 4246: 2002,Domestic Gas Stoves for use with Liquefied Petroleum Gases,Domestic Gas Stoves for use with Liquefied Petroleum Gases,Domestic Gas Stoves for use with Liquefied Petroleum Gases,Yes,"BIS Product Certification (ISI Mark, Scheme I)","46. Domestic Gas Stoves for use with Liquefied Petroleum Gases (Quality Control) Order, 2019 S.O. 4345(E) dated 03th December, 2019",https://www.bis.gov.in/product-certification/products-under-compulsory-certification/scheme-i-mark-scheme/?lang=en,IS 4246
IS 14900: 2018,Transparent Float Glass,Transparent Float Glass,Transparent Float Glass,Yes,"BIS Product Certification (ISI Mark, Scheme I)","Transparent Float Glass (Quality Control) Order, 2019 (S.O. 03 (E) dated 31/12/2019 Transparent Float Glass (Quality Control) (Amendment) Order, 2020 (S.O.2016(E) dated 23/06/2020) 47. Superseded by Transparent Float Glass (Quality Control) Order, 2021 (S.O. 1928 (E) dated 17.05.2021)",https://www.bis.gov.in/product-certification/products-under-compulsory-certification/scheme-i-mark-scheme/?lang=en,IS 14900
IS 2347:2017,Domestic Pressure Cooker,Domestic Pressure Cooker,Domestic Pressure Cooker,Yes,"BIS Product Certification (ISI Mark, Scheme I)","48. (Quality Control) Order, 2020 (S.O. 294 (E) dated 21/01/2020) Domestic Pressure Cooker (Quality Control) (Amendment) Order, 2020 (S.O.2019(E) dated 23/06/2020)",https://www.bis.gov.in/product-certification/products-under-compulsory-certification/scheme-i-mark-scheme/?lang=en,IS 2347
IS 9573(Part 1):2017,Rubber Hose for Liquefied Petroleum Gas (LPG)- Specification Part 1 Industrial Application,Rubber Hose for Liquefied Petroleum Gas (LPG),Rubber Hose for Liquefied Petroleum Gas (LPG),Yes,"BIS Product Certification (ISI Mark, Scheme I)","50. Rubber Hose for Liquefied Petroleum Gas (LPG) (Quality Control ) Order, 2020 (S.O. 478(E) dated 28th January 2020)",https://www.bis.gov.in/product-certification/products-under-compulsory-certification/scheme-i-mark-scheme/?lang=en,IS 9573
IS 9573(Part 2):2017,Rubber Hose for Liquefied Petroleum Gas (LPG)- Specification Part 2- Domestic and Commercial Application.,Rubber Hose for Liquefied Petroleum Gas (LPG),Rubber Hose for Liquefied Petroleum Gas (LPG),Yes,"BIS Product Certification (ISI Mark, Scheme I)","50. Rubber Hose for Liquefied Petroleum Gas (LPG) (Quality Control ) Order, 2020 (S.O. 478(E) dated 28th January 2020)",https://www.bis.gov.in/product-certification/products-under-compulsory-certification/scheme-i-mark-scheme/?lang=en,IS 9573
IS 15392,Aluminium and Aluminium Alloy Bare Foil for Food Packaging,Aluminium Foil,Aluminium Foil,Yes,"BIS Product Certification (ISI Mark, Scheme I)","51. Aluminium Foil (Quality Control) Order, 2020 (S.O. 687 (E) dated 13/02/2020 )",https://www.bis.gov.in/product-certification/products-under-compulsory-certification/scheme-i-mark-scheme/?lang=en,IS 15392
IS 9873 (Part 1) : 2018,Safety of Toys Part l Safety Aspects Related to Mechanical and Physical Properties.,Non Electric Toys,Non Electric Toys,Yes,"BIS Product Certification (ISI Mark, Scheme I)","52. Toys (Quality Control ) Order, 2020 (S.O. 853(E) dated 25th February 2020) Toys (Quality Control) Amendment Order, 2020 Toys (Quality Control) Amendment Order, 2020 Toys (Quality Control) Second Amendment Order 2020 Toys (Quality Control) Second Amendment Order 2020 Toys (Quality Control) Amendment Order, 2024 S.O. 4277(E), dated 01th October 2024 Transition Facilitation (Quality Control) Order, 2026 S.O. 3417 (E) Dated 25 June, 2026",https://www.bis.gov.in/product-certification/products-under-compulsory-certification/scheme-i-mark-scheme/?lang=en,IS 9873
IS 9873 (Part 2) : 2017,Safety of Toys Part 2 Flammability.,Non Electric Toys,Non Electric Toys,Yes,"BIS Product Certification (ISI Mark, Scheme I)","52. Toys (Quality Control ) Order, 2020 (S.O. 853(E) dated 25th February 2020) Toys (Quality Control) Amendment Order, 2020 Toys (Quality Control) Amendment Order, 2020 Toys (Quality Control) Second Amendment Order 2020 Toys (Quality Control) Second Amendment Order 2020 Toys (Quality Control) Amendment Order, 2024 S.O. 4277(E), dated 01th October 2024 Transition Facilitation (Quality Control) Order, 2026 S.O. 3417 (E) Dated 25 June, 2026",https://www.bis.gov.in/product-certification/products-under-compulsory-certification/scheme-i-mark-scheme/?lang=en,IS 9873
IS 9873 (Part 3) : 2017,Safety Requirements for Toys Part 3 Migration of Certain Elements.,Non Electric Toys,Non Electric Toys,Yes,"BIS Product Certification (ISI Mark, Scheme I)","52. Toys (Quality Control ) Order, 2020 (S.O. 853(E) dated 25th February 2020) Toys (Quality Control) Amendment Order, 2020 Toys (Quality Control) Amendment Order, 2020 Toys (Quality Control) Second Amendment Order 2020 Toys (Quality Control) Second Amendment Order 2020 Toys (Quality Control) Amendment Order, 2024 S.O. 4277(E), dated 01th October 2024 Transition Facilitation (Quality Control) Order, 2026 S.O. 3417 (E) Dated 25 June, 2026",https://www.bis.gov.in/product-certification/products-under-compulsory-certification/scheme-i-mark-scheme/?lang=en,IS 9873
IS 9873 (Part 4) : 2017,"Safety of Toys Part 4 Swings, Slides and Similar Activity Toys for Indoor and Outdoor Family Domestic Use.",Non Electric Toys,Non Electric Toys,Yes,"BIS Product Certification (ISI Mark, Scheme I)","52. Toys (Quality Control ) Order, 2020 (S.O. 853(E) dated 25th February 2020) Toys (Quality Control) Amendment Order, 2020 Toys (Quality Control) Amendment Order, 2020 Toys (Quality Control) Second Amendment Order 2020 Toys (Quality Control) Second Amendment Order 2020 Toys (Quality Control) Amendment Order, 2024 S.O. 4277(E), dated 01th October 2024 Transition Facilitation (Quality Control) Order, 2026 S.O. 3417 (E) Dated 25 June, 2026",https://www.bis.gov.in/product-certification/products-under-compulsory-certification/scheme-i-mark-scheme/?lang=en,IS 9873
IS 9873 (Part 7) : 2017,Safety of Toys Part 7 Requirements and Test Methods for Finger Paints.,Non Electric Toys,Non Electric Toys,Yes,"BIS Product Certification (ISI Mark, Scheme I)","52. Toys (Quality Control ) Order, 2020 (S.O. 853(E) dated 25th February 2020) Toys (Quality Control) Amendment Order, 2020 Toys (Quality Control) Amendment Order, 2020 Toys (Quality Control) Second Amendment Order 2020 Toys (Quality Control) Second Amendment Order 2020 Toys (Quality Control) Amendment Order, 2024 S.O. 4277(E), dated 01th October 2024 Transition Facilitation (Quality Control) Order, 2026 S.O. 3417 (E) Dated 25 June, 2026",https://www.bis.gov.in/product-certification/products-under-compulsory-certification/scheme-i-mark-scheme/?lang=en,IS 9873
IS 9873 (Part 9) : 2017,Safety of Toys Part 9 Certain Phthalates Esters in Toys and Children’s Products.,Non Electric Toys,Non Electric Toys,Yes,"BIS Product Certification (ISI Mark, Scheme I)","52. Toys (Quality Control ) Order, 2020 (S.O. 853(E) dated 25th February 2020) Toys (Quality Control) Amendment Order, 2020 Toys (Quality Control) Amendment Order, 2020 Toys (Quality Control) Second Amendment Order 2020 Toys (Quality Control) Second Amendment Order 2020 Toys (Quality Control) Amendment Order, 2024 S.O. 4277(E), dated 01th October 2024 Transition Facilitation (Quality Control) Order, 2026 S.O. 3417 (E) Dated 25 June, 2026",https://www.bis.gov.in/product-certification/products-under-compulsory-certification/scheme-i-mark-scheme/?lang=en,IS 9873
IS 15644: 2006,Safety of Electric Toys.,Electric Toys,Electric Toys,Yes,"BIS Product Certification (ISI Mark, Scheme I)","Toys (Quality Control ) Order, 2020 (S.O. 853(E) dated 25th February 2020) Toys (Quality Control) Amendment Order, 2020 Toys (Quality Control) Amendment Order, 2020 Toys (Quality Control) Second Amendment Order 2020 Toys (Quality Control) Second Amendment Order 2020 Toys (Quality Control) Amendment Order, 2024 S.O. 4277(E), dated 01th October 2024 Transition Facilitation (Quality Control) Order, 2026 S.O. 3417 (E) Dated 25 June, 2026",https://www.bis.gov.in/product-certification/products-under-compulsory-certification/scheme-i-mark-scheme/?lang=en,IS 15644
IS 2835 : 1987,Flat Transparent Sheet Glass.,Flat Transparent Sheet Glass,Flat Transparent Sheet Glass,Yes,"BIS Product Certification (ISI Mark, Scheme I)","Flat Transparent Sheet Glass (Quality Control ) Order, 2020 (S.O. 738(E) dated 14th February 2020) Flat transparent Sheet Glass (Quality Control) (Amendment) Order, 2020 (S.O.2017(E) dated 23/06/2020) 53. Superseded by Flat Transparent Sheet Glass (Quality Control) Order, 2021 (S.O. 4144(E) dated 7th October, 2021)",https://www.bis.gov.in/product-certification/products-under-compulsory-certification/scheme-i-mark-scheme/?lang=en,IS 2835
IS 2553 (Part 1):2018,"Safety Glass -Specification Part 1 Architectural, Building and General uses.",Safety Glass,Safety Glass,Yes,"BIS Product Certification (ISI Mark, Scheme I)","54. Safety Glass (Quality Control ) Order, 2020 (S.O. 1045(E) dated 12th March 2020) Safety Glass (Quality Control) Amendment Order, 2020 (S.O.2018(E) dated 23/06/2020) Safety Glass (Quality Control) Second Amendment Order, 2020 (S.O. No. 3190 (E) dated 18/09/2020) Safety Glass (Quality Control) Amendment Order, 2021 Safety Glass (Quality Control ) Amendment Order, 2022 (S.O. No. 620 (E) dated 10/02/2022) Safety Glass(Quality Control) Amendment Order, 2023 (S.O. 1431(E), dated 24 March 2023)",https://www.bis.gov.in/product-certification/products-under-compulsory-certification/scheme-i-mark-scheme/?lang=en,IS 2553
IS 2553 (Part 2):2019,Safety Glass -Specification Part 2 For Road Transport .,Safety Glass,Safety Glass,Yes,"BIS Product Certification (ISI Mark, Scheme I)","54. Safety Glass (Quality Control ) Order, 2020 (S.O. 1045(E) dated 12th March 2020) Safety Glass (Quality Control) Amendment Order, 2020 (S.O.2018(E) dated 23/06/2020) Safety Glass (Quality Control) Second Amendment Order, 2020 (S.O. No. 3190 (E) dated 18/09/2020) Safety Glass (Quality Control) Amendment Order, 2021 Safety Glass (Quality Control ) Amendment Order, 2022 (S.O. No. 620 (E) dated 10/02/2022) Safety Glass(Quality Control) Amendment Order, 2023 (S.O. 1431(E), dated 24 March 2023)",https://www.bis.gov.in/product-certification/products-under-compulsory-certification/scheme-i-mark-scheme/?lang=en,IS 2553
IS 14887:2014,Textiles –High Density Polyethylene (HDPE)/ Polypropylene (PP) Woven Sacks for packaging of 50 kilogram Foodgrains,Woven Sacks,Woven Sacks,Yes,"BIS Product Certification (ISI Mark, Scheme I)","55. The Textiles-High Density Polyethylene and Polypropylene woven sacks for packaging or filling (quality control) Order, 2020 S.O. 1403(E) dated 23rd April, 2020",https://www.bis.gov.in/product-certification/products-under-compulsory-certification/scheme-i-mark-scheme/?lang=en,IS 14887
IS 16208:2015,"Textiles –High Density Polyethylene (HDPE)/ Polypropylene (PP) Woven Sacks for packaging 10 kilogram, 15 kilogram, 20 kilogram, 25 kilogram, and 30 kilogram Foodgrains",Woven Sacks,Woven Sacks,Yes,"BIS Product Certification (ISI Mark, Scheme I)","55. The Textiles-High Density Polyethylene and Polypropylene woven sacks for packaging or filling (quality control) Order, 2020 S.O. 1403(E) dated 23rd April, 2020",https://www.bis.gov.in/product-certification/products-under-compulsory-certification/scheme-i-mark-scheme/?lang=en,IS 16208
IS 14968:2015,Textiles –High Density Polyethylene (HDPE)/ Polypropylene (PP) Woven Sacks for packaging 50 kilogram /25 kilogram Sugar,Woven Sacks,Woven Sacks,Yes,"BIS Product Certification (ISI Mark, Scheme I)","55. The Textiles-High Density Polyethylene and Polypropylene woven sacks for packaging or filling (quality control) Order, 2020 S.O. 1403(E) dated 23rd April, 2020",https://www.bis.gov.in/product-certification/products-under-compulsory-certification/scheme-i-mark-scheme/?lang=en,IS 14968
IS 14252:2015,Textiles –High Density Polyethylene (HDPE)/ Polypropylene (PP) Woven Sacks for filling Sand,Woven Sacks,Woven Sacks,Yes,"BIS Product Certification (ISI Mark, Scheme I)","55. The Textiles-High Density Polyethylene and Polypropylene woven sacks for packaging or filling (quality control) Order, 2020 S.O. 1403(E) dated 23rd April, 2020",https://www.bis.gov.in/product-certification/products-under-compulsory-certification/scheme-i-mark-scheme/?lang=en,IS 14252
IS 13095:1991,Butterfly valves for general purpose,Butterfly Valves,Butterfly Valves,Yes,"BIS Product Certification (ISI Mark, Scheme I)","56. Butterfly valves (Quality Control) Order, 2020. (S.O. 1920 (E) dated 17 June, 2020)",https://www.bis.gov.in/product-certification/products-under-compulsory-certification/scheme-i-mark-scheme/?lang=en,IS 13095
IS 14490:2018,Plain Copier Paper,Paper,Paper,Yes,"BIS Product Certification (ISI Mark, Scheme I)","58. Plain Copier Paper (Quality Control) Order, 2020. (S.O. 2149(E) dated 05/06/2020)",https://www.bis.gov.in/product-certification/products-under-compulsory-certification/scheme-i-mark-scheme/?lang=en,IS 14490
IS 2052 : 2009,Compounded Feeds for Cattle,Cattle Feeds,Cattle Feeds,Yes,"BIS Product Certification (ISI Mark, Scheme I)","58. Plain Copier Paper (Quality Control) Order, 2020. (S.O. 2149(E) dated 05/06/2020)",https://www.bis.gov.in/product-certification/products-under-compulsory-certification/scheme-i-mark-scheme/?lang=en,IS 2052
IS: 16192 (Part 1),Automotive Vehicles Wheel Rims for Two and Three Wheeled Vehicles Part 1 Light Alloy Wheel Rims Method of Tests and Requirements,Automobile Wheel Rim Component,Automobile Wheel Rim Component,Yes,"BIS Product Certification (ISI Mark, Scheme I)","Automobile Wheel Rim Component (Quality Control) Order, 2020 (S.O. 3227(E) dated 21/09/2020) 60. Superseded by Automobile Wheel Rim Component (Quality Control) Amendment Order,2021 Automobile Wheel Rim Component (Quality Control) Second Amendment Order, 2021 (S.O. 4493(E), dated 22 October 2021) Automobile Wheel Rim Component (Quality Control) Amendment Order, 2022. (Amendment order S.O.2634(E), dated 8th June 2022) Automobile Wheel Rim Component (Quality Control) Amendment Order, 2023 (S.O. 2657 (E), dated 15th June 2023) Automobile Wheel Rim Component (Quality Control) Amendment Order- II, 2023 (S.O. 5379(E), dated 19th December, 2023)",https://www.bis.gov.in/product-certification/products-under-compulsory-certification/scheme-i-mark-scheme/?lang=en,IS
IS: 16192 (Part 2),Automotive Vehicles Wheel Rims for Two and Three Wheeled Vehicles Part 2 Sheet Metal Wheel Rims Method of Tests and Requirements,Automobile Wheel Rim Component,Automobile Wheel Rim Component,Yes,"BIS Product Certification (ISI Mark, Scheme I)","Automobile Wheel Rim Component (Quality Control) Order, 2020 (S.O. 3227(E) dated 21/09/2020) 60. Superseded by Automobile Wheel Rim Component (Quality Control) Amendment Order,2021 Automobile Wheel Rim Component (Quality Control) Second Amendment Order, 2021 (S.O. 4493(E), dated 22 October 2021) Automobile Wheel Rim Component (Quality Control) Amendment Order, 2022. (Amendment order S.O.2634(E), dated 8th June 2022) Automobile Wheel Rim Component (Quality Control) Amendment Order, 2023 (S.O. 2657 (E), dated 15th June 2023) Automobile Wheel Rim Component (Quality Control) Amendment Order- II, 2023 (S.O. 5379(E), dated 19th December, 2023)",https://www.bis.gov.in/product-certification/products-under-compulsory-certification/scheme-i-mark-scheme/?lang=en,IS
IS: 16192 (Part 3),Automotive Vehicles Wheel Rims for Two and Three Wheeled Vehicles Part 3 Spoke Wheel Rims Method of Tests and Requirements,Automobile Wheel Rim Component,Automobile Wheel Rim Component,Yes,"BIS Product Certification (ISI Mark, Scheme I)","Automobile Wheel Rim Component (Quality Control) Order, 2020 (S.O. 3227(E) dated 21/09/2020) 60. Superseded by Automobile Wheel Rim Component (Quality Control) Amendment Order,2021 Automobile Wheel Rim Component (Quality Control) Second Amendment Order, 2021 (S.O. 4493(E), dated 22 October 2021) Automobile Wheel Rim Component (Quality Control) Amendment Order, 2022. (Amendment order S.O.2634(E), dated 8th June 2022) Automobile Wheel Rim Component (Quality Control) Amendment Order, 2023 (S.O. 2657 (E), dated 15th June 2023) Automobile Wheel Rim Component (Quality Control) Amendment Order- II, 2023 (S.O. 5379(E), dated 19th December, 2023)",https://www.bis.gov.in/product-certification/products-under-compulsory-certification/scheme-i-mark-scheme/?lang=en,IS
IS: 9436,Performance Requirements and Methods of Tests for Wheels for Passenger Cars,Automobile Wheel Rim Component,Automobile Wheel Rim Component,Yes,"BIS Product Certification (ISI Mark, Scheme I)","Automobile Wheel Rim Component (Quality Control) Order, 2020 (S.O. 3227(E) dated 21/09/2020) 60. Superseded by Automobile Wheel Rim Component (Quality Control) Amendment Order,2021 Automobile Wheel Rim Component (Quality Control) Second Amendment Order, 2021 (S.O. 4493(E), dated 22 October 2021) Automobile Wheel Rim Component (Quality Control) Amendment Order, 2022. (Amendment order S.O.2634(E), dated 8th June 2022) Automobile Wheel Rim Component (Quality Control) Amendment Order, 2023 (S.O. 2657 (E), dated 15th June 2023) Automobile Wheel Rim Component (Quality Control) Amendment Order- II, 2023 (S.O. 5379(E), dated 19th December, 2023)",https://www.bis.gov.in/product-certification/products-under-compulsory-certification/scheme-i-mark-scheme/?lang=en,IS
IS: 9438,Performance Requirements and Methods of Tests for Wheels or Rims for Trucks and Buses,Automobile Wheel Rim Component,Automobile Wheel Rim Component,Yes,"BIS Product Certification (ISI Mark, Scheme I)","Automobile Wheel Rim Component (Quality Control) Order, 2020 (S.O. 3227(E) dated 21/09/2020) 60. Superseded by Automobile Wheel Rim Component (Quality Control) Amendment Order,2021 Automobile Wheel Rim Component (Quality Control) Second Amendment Order, 2021 (S.O. 4493(E), dated 22 October 2021) Automobile Wheel Rim Component (Quality Control) Amendment Order, 2022. (Amendment order S.O.2634(E), dated 8th June 2022) Automobile Wheel Rim Component (Quality Control) Amendment Order, 2023 (S.O. 2657 (E), dated 15th June 2023) Automobile Wheel Rim Component (Quality Control) Amendment Order- II, 2023 (S.O. 5379(E), dated 19th December, 2023)",https://www.bis.gov.in/product-certification/products-under-compulsory-certification/scheme-i-mark-scheme/?lang=en,IS
IS 4296 (Part 1):2016,Tools for Pressing Part 1 Round Punches with 60 Degrees Conical Head and Straight Shank,Press Tool-Punches,Press Tool-Punches,Yes,"BIS Product Certification (ISI Mark, Scheme I)","64. Press Tool- Punches (Quality Control) Order, 2020 (S.O. No. 3994 (E) 04/11/2020)",https://www.bis.gov.in/product-certification/products-under-compulsory-certification/scheme-i-mark-scheme/?lang=en,IS 4296
IS 4296 (Part 2):2016,Tools for Pressing Part 2 Punches with Cylindrical Head and Straight or Reduced Shank,Press Tool-Punches,Press Tool-Punches,Yes,"BIS Product Certification (ISI Mark, Scheme I)","64. Press Tool- Punches (Quality Control) Order, 2020 (S.O. No. 3994 (E) 04/11/2020)",https://www.bis.gov.in/product-certification/products-under-compulsory-certification/scheme-i-mark-scheme/?lang=en,IS 4296
IS 4296 (Part 3):2016,Tools for Pressing Part 3 Round Punches with 60 Degrees Conical Head and Reduced Shank,Press Tool-Punches,Press Tool-Punches,Yes,"BIS Product Certification (ISI Mark, Scheme I)","64. Press Tool- Punches (Quality Control) Order, 2020 (S.O. No. 3994 (E) 04/11/2020)",https://www.bis.gov.in/product-certification/products-under-compulsory-certification/scheme-i-mark-scheme/?lang=en,IS 4296
IS 4151: 2015,Helmet for riders of Two Wheeler Motor Vehicles,Helmet for riders of Two Wheeler Motor Vehicles,Helmet for riders of Two Wheeler Motor Vehicles,Yes,"BIS Product Certification (ISI Mark, Scheme I)","65. Helmet for riders of Two Wheeler Motor Vehicles (Quality Control) Order, 2020 (S.O. No. 4252 (E) 26/11/2020)",https://www.bis.gov.in/product-certification/products-under-compulsory-certification/scheme-i-mark-scheme/?lang=en,IS 4151
IS 17550 (Part 1): 2021,Household Refrigerating Appliances- Characteristics and Test Methods part-1 General Requirements,Refrigerating Appliances,Refrigerating Appliances,Yes,"BIS Product Certification (ISI Mark, Scheme I)","Refrigerating Appliances (Quality Control) Order, 2020 (S.O. No. 4489 (E) 10/12/2020) 66. Refrigerating Appliances (Quality Control) Amendment Order, 2021 (S.O. 5339(E), dated 22 December 2021) Refrigerating Appliances (Quality Control) Amendment Order, 2021 Refrigerating Appliances (Quality Control) Amendment Order, 2022 S.O. 5850(E), dated 14 December, 2022 Refrigerating Appliances (Quality Control) Amendment Order, 2025 S.O. 358(E), dated 21st January 2025",https://www.bis.gov.in/product-certification/products-under-compulsory-certification/scheme-i-mark-scheme/?lang=en,IS 17550
IS 7872: 2018,Freezers,Refrigerating Appliances,Refrigerating Appliances,Yes,"BIS Product Certification (ISI Mark, Scheme I)","Refrigerating Appliances (Quality Control) Order, 2020 (S.O. No. 4489 (E) 10/12/2020) 66. Refrigerating Appliances (Quality Control) Amendment Order, 2021 (S.O. 5339(E), dated 22 December 2021) Refrigerating Appliances (Quality Control) Amendment Order, 2021 Refrigerating Appliances (Quality Control) Amendment Order, 2022 S.O. 5850(E), dated 14 December, 2022 Refrigerating Appliances (Quality Control) Amendment Order, 2025 S.O. 358(E), dated 21st January 2025",https://www.bis.gov.in/product-certification/products-under-compulsory-certification/scheme-i-mark-scheme/?lang=en,IS 7872
IS 15769:2008,Flux Cored (Tubular) Electrodes for Gas Shielded and Self-Shielded Metal Welding of Carbon or Carbon- Manganese Steel,Flux Cored (Tubular) Electrodes,Flux Cored (Tubular) Electrodes,Yes,"BIS Product Certification (ISI Mark, Scheme I)","68. Flux Cored (Tubular) Electrodes (Quality Control) Order, 2021 (S.O. No. 1203 (E) 12/03/2021)",https://www.bis.gov.in/product-certification/products-under-compulsory-certification/scheme-i-mark-scheme/?lang=en,IS 15769
IS 15449 : Part 1 : 2004,Household Zig-Zag Sewing Machine Head,Sewing Machine,Sewing Machine,Yes,"BIS Product Certification (ISI Mark, Scheme I)","69. Sewing Machines (Quality Control) Order, 2021 (S.O. No. 1239 (E) 15.03.2021)",https://www.bis.gov.in/product-certification/products-under-compulsory-certification/scheme-i-mark-scheme/?lang=en,IS 15449
IS 16240 : 2023,Reverse Osmosis Based Point of Use Water Treatment System for Drinking Purposes,Water Treatment System,Water Treatment System,Yes,"BIS Product Certification (ISI Mark, Scheme I)","69. Sewing Machines (Quality Control) Order, 2021 (S.O. No. 1239 (E) 15.03.2021)",https://www.bis.gov.in/product-certification/products-under-compulsory-certification/scheme-i-mark-scheme/?lang=en,IS 16240
IS 1943:1995,A- twill Jute Bag,Jute Bag,Jute Bag,Yes,"BIS Product Certification (ISI Mark, Scheme I)","71. Jute Bags (Quality Control)Order, 2022 (S.O. 2601(E), dated 6th June 2022)",https://www.bis.gov.in/product-certification/products-under-compulsory-certification/scheme-i-mark-scheme/?lang=en,IS 1943
IS 2566:1993,B-twill Jute bags for packing foodgrains,Jute Bag,Jute Bag,Yes,"BIS Product Certification (ISI Mark, Scheme I)","71. Jute Bags (Quality Control)Order, 2022 (S.O. 2601(E), dated 6th June 2022)",https://www.bis.gov.in/product-certification/products-under-compulsory-certification/scheme-i-mark-scheme/?lang=en,IS 2566
IS 12650:2018,Jute bags for packing 50 Kg foodgrains,Jute Bag,Jute Bag,Yes,"BIS Product Certification (ISI Mark, Scheme I)","71. Jute Bags (Quality Control)Order, 2022 (S.O. 2601(E), dated 6th June 2022)",https://www.bis.gov.in/product-certification/products-under-compulsory-certification/scheme-i-mark-scheme/?lang=en,IS 12650
IS 15138:2010,Jute bags for packing 50 Kg sugar,Jute Bag,Jute Bag,Yes,"BIS Product Certification (ISI Mark, Scheme I)","71. Jute Bags (Quality Control)Order, 2022 (S.O. 2601(E), dated 6th June 2022)",https://www.bis.gov.in/product-certification/products-under-compulsory-certification/scheme-i-mark-scheme/?lang=en,IS 15138
IS 16186:2014,Light weight jute sacking bags for packing 50 Kg foodgrains,Jute Bag,Jute Bag,Yes,"BIS Product Certification (ISI Mark, Scheme I)","71. Jute Bags (Quality Control)Order, 2022 (S.O. 2601(E), dated 6th June 2022)",https://www.bis.gov.in/product-certification/products-under-compulsory-certification/scheme-i-mark-scheme/?lang=en,IS 16186
IS 16372:2015,Jute bags for packing up to 30 Kg foodgrains,Jute Bag,Jute Bag,Yes,"BIS Product Certification (ISI Mark, Scheme I)","71. Jute Bags (Quality Control)Order, 2022 (S.O. 2601(E), dated 6th June 2022)",https://www.bis.gov.in/product-certification/products-under-compulsory-certification/scheme-i-mark-scheme/?lang=en,IS 16372
IS 17266:2019,Viscose Staple Fibres,Viscose Staple Fibres,Viscose Staple Fibres,Yes,"BIS Product Certification (ISI Mark, Scheme I)","Viscose Staple Fibres (Quality Control) Order, 2022 (S.O.6143(E), dated 29/12/2022) Viscose Staple Fibre (Quality Control) Amendment Order, 2023 (S.O. 443(E), dated 27/01/2023) Rescind Viscose Staple Fibres (Quality Control) Order, 2022 S.O. 5267(E) Dated 18 November, 2025",https://www.bis.gov.in/product-certification/products-under-compulsory-certification/scheme-i-mark-scheme/?lang=en,IS 17266
IS 15351 : 2015,Laminated High Density Polyethylene (HDPE) Woven Geomembrane for Water Proof Lining,Geo Textiles,Geo Textiles,Yes,"BIS Product Certification (ISI Mark, Scheme I)","72. Geo Textiles (Quality Control) Order, 2022 (S.O. 1706 (E), dated 10th April, 2023) Geo Textiles (Quality Control) Amendment Order, 2022 (S.O. 2331(E), dated 24th May, 2023) Ministry of Textiles Order, 2023 No. 6/1/2021 – R&D (Pt.) , dated 06 October, 2023",https://www.bis.gov.in/product-certification/products-under-compulsory-certification/scheme-i-mark-scheme/?lang=en,IS 15351
IS 15909 : 2020,Poly Vinyl Chloride (PVC) Geomembranes,Geo Textiles,Geo Textiles,Yes,"BIS Product Certification (ISI Mark, Scheme I)","72. Geo Textiles (Quality Control) Order, 2022 (S.O. 1706 (E), dated 10th April, 2023) Geo Textiles (Quality Control) Amendment Order, 2022 (S.O. 2331(E), dated 24th May, 2023) Ministry of Textiles Order, 2023 No. 6/1/2021 – R&D (Pt.) , dated 06 October, 2023",https://www.bis.gov.in/product-certification/products-under-compulsory-certification/scheme-i-mark-scheme/?lang=en,IS 15909
IS 16653 : 2017,Needle punched non-woven geobags,Geo Textiles,Geo Textiles,Yes,"BIS Product Certification (ISI Mark, Scheme I)","72. Geo Textiles (Quality Control) Order, 2022 (S.O. 1706 (E), dated 10th April, 2023) Geo Textiles (Quality Control) Amendment Order, 2022 (S.O. 2331(E), dated 24th May, 2023) Ministry of Textiles Order, 2023 No. 6/1/2021 – R&D (Pt.) , dated 06 October, 2023",https://www.bis.gov.in/product-certification/products-under-compulsory-certification/scheme-i-mark-scheme/?lang=en,IS 16653
IS 16654: 2017,Polypropylene Multifilament woven geobags,Geo Textiles,Geo Textiles,Yes,"BIS Product Certification (ISI Mark, Scheme I)","72. Geo Textiles (Quality Control) Order, 2022 (S.O. 1706 (E), dated 10th April, 2023) Geo Textiles (Quality Control) Amendment Order, 2022 (S.O. 2331(E), dated 24th May, 2023) Ministry of Textiles Order, 2023 No. 6/1/2021 – R&D (Pt.) , dated 06 October, 2023",https://www.bis.gov.in/product-certification/products-under-compulsory-certification/scheme-i-mark-scheme/?lang=en,IS 16654
IS 14715 (Part 1): 2016,Jute Geotextiles,Geo Textiles,Geo Textiles,Yes,"BIS Product Certification (ISI Mark, Scheme I)","72. Geo Textiles (Quality Control) Order, 2022 (S.O. 1706 (E), dated 10th April, 2023) Geo Textiles (Quality Control) Amendment Order, 2022 (S.O. 2331(E), dated 24th May, 2023) Ministry of Textiles Order, 2023 No. 6/1/2021 – R&D (Pt.) , dated 06 October, 2023",https://www.bis.gov.in/product-certification/products-under-compulsory-certification/scheme-i-mark-scheme/?lang=en,IS 14715
IS 14715 (Part 2): 2016,Jute Geotextiles,Geo Textiles,Geo Textiles,Yes,"BIS Product Certification (ISI Mark, Scheme I)","72. Geo Textiles (Quality Control) Order, 2022 (S.O. 1706 (E), dated 10th April, 2023) Geo Textiles (Quality Control) Amendment Order, 2022 (S.O. 2331(E), dated 24th May, 2023) Ministry of Textiles Order, 2023 No. 6/1/2021 – R&D (Pt.) , dated 06 October, 2023",https://www.bis.gov.in/product-certification/products-under-compulsory-certification/scheme-i-mark-scheme/?lang=en,IS 14715
IS 15869 : 2020,Open Weave Coir Bhoovastra,Geo Textiles,Geo Textiles,Yes,"BIS Product Certification (ISI Mark, Scheme I)","72. Geo Textiles (Quality Control) Order, 2022 (S.O. 1706 (E), dated 10th April, 2023) Geo Textiles (Quality Control) Amendment Order, 2022 (S.O. 2331(E), dated 24th May, 2023) Ministry of Textiles Order, 2023 No. 6/1/2021 – R&D (Pt.) , dated 06 October, 2023",https://www.bis.gov.in/product-certification/products-under-compulsory-certification/scheme-i-mark-scheme/?lang=en,IS 15869
IS 16391 : 2015,Geotextiles used in sub-grade separation in pavement structures,Geo Textiles,Geo Textiles,Yes,"BIS Product Certification (ISI Mark, Scheme I)","72. Geo Textiles (Quality Control) Order, 2022 (S.O. 1706 (E), dated 10th April, 2023) Geo Textiles (Quality Control) Amendment Order, 2022 (S.O. 2331(E), dated 24th May, 2023) Ministry of Textiles Order, 2023 No. 6/1/2021 – R&D (Pt.) , dated 06 October, 2023",https://www.bis.gov.in/product-certification/products-under-compulsory-certification/scheme-i-mark-scheme/?lang=en,IS 16391
IS 16393 : 2015,Geotextiles used in Subsurface Drainage Application,Geo Textiles,Geo Textiles,Yes,"BIS Product Certification (ISI Mark, Scheme I)","72. Geo Textiles (Quality Control) Order, 2022 (S.O. 1706 (E), dated 10th April, 2023) Geo Textiles (Quality Control) Amendment Order, 2022 (S.O. 2331(E), dated 24th May, 2023) Ministry of Textiles Order, 2023 No. 6/1/2021 – R&D (Pt.) , dated 06 October, 2023",https://www.bis.gov.in/product-certification/products-under-compulsory-certification/scheme-i-mark-scheme/?lang=en,IS 16393
IS 16362 : 2020,Geotextiles used in Sub-grade Stabilisation in pavement structures,Geo Textiles,Geo Textiles,Yes,"BIS Product Certification (ISI Mark, Scheme I)","72. Geo Textiles (Quality Control) Order, 2022 (S.O. 1706 (E), dated 10th April, 2023) Geo Textiles (Quality Control) Amendment Order, 2022 (S.O. 2331(E), dated 24th May, 2023) Ministry of Textiles Order, 2023 No. 6/1/2021 – R&D (Pt.) , dated 06 October, 2023",https://www.bis.gov.in/product-certification/products-under-compulsory-certification/scheme-i-mark-scheme/?lang=en,IS 16362
IS 16352 : 2020,High Density Polyethylene (HDPE) Geomembranes for lining,Geo Textiles,Geo Textiles,Yes,"BIS Product Certification (ISI Mark, Scheme I)","72. Geo Textiles (Quality Control) Order, 2022 (S.O. 1706 (E), dated 10th April, 2023) Geo Textiles (Quality Control) Amendment Order, 2022 (S.O. 2331(E), dated 24th May, 2023) Ministry of Textiles Order, 2023 No. 6/1/2021 – R&D (Pt.) , dated 06 October, 2023",https://www.bis.gov.in/product-certification/products-under-compulsory-certification/scheme-i-mark-scheme/?lang=en,IS 16352
IS 16090:2013,Geotextiles used as protection (or cushioning) materials,Geo Textiles,Geo Textiles,Yes,"BIS Product Certification (ISI Mark, Scheme I)","72. Geo Textiles (Quality Control) Order, 2022 (S.O. 1706 (E), dated 10th April, 2023) Geo Textiles (Quality Control) Amendment Order, 2022 (S.O. 2331(E), dated 24th May, 2023) Ministry of Textiles Order, 2023 No. 6/1/2021 – R&D (Pt.) , dated 06 October, 2023",https://www.bis.gov.in/product-certification/products-under-compulsory-certification/scheme-i-mark-scheme/?lang=en,IS 16090
IS 16392:2015,Geotextiles for permanent erosion control in hard armor systems,Geo Textiles,Geo Textiles,Yes,"BIS Product Certification (ISI Mark, Scheme I)","72. Geo Textiles (Quality Control) Order, 2022 (S.O. 1706 (E), dated 10th April, 2023) Geo Textiles (Quality Control) Amendment Order, 2022 (S.O. 2331(E), dated 24th May, 2023) Ministry of Textiles Order, 2023 No. 6/1/2021 – R&D (Pt.) , dated 06 October, 2023",https://www.bis.gov.in/product-certification/products-under-compulsory-certification/scheme-i-mark-scheme/?lang=en,IS 16392
IS 17371:2020,Geogrids for flexible pavements,Geo Textiles,Geo Textiles,Yes,"BIS Product Certification (ISI Mark, Scheme I)","72. Geo Textiles (Quality Control) Order, 2022 (S.O. 1706 (E), dated 10th April, 2023) Geo Textiles (Quality Control) Amendment Order, 2022 (S.O. 2331(E), dated 24th May, 2023) Ministry of Textiles Order, 2023 No. 6/1/2021 – R&D (Pt.) , dated 06 October, 2023",https://www.bis.gov.in/product-certification/products-under-compulsory-certification/scheme-i-mark-scheme/?lang=en,IS 17371
IS 17372:2020,Polymeric strip or geostrip used as soil reinforcement in retaining structures,Geo Textiles,Geo Textiles,Yes,"BIS Product Certification (ISI Mark, Scheme I)","72. Geo Textiles (Quality Control) Order, 2022 (S.O. 1706 (E), dated 10th April, 2023) Geo Textiles (Quality Control) Amendment Order, 2022 (S.O. 2331(E), dated 24th May, 2023) Ministry of Textiles Order, 2023 No. 6/1/2021 – R&D (Pt.) , dated 06 October, 2023",https://www.bis.gov.in/product-certification/products-under-compulsory-certification/scheme-i-mark-scheme/?lang=en,IS 17372
IS 17373:2020,Geogrids used in reinforced soil retaining structures,Geo Textiles,Geo Textiles,Yes,"BIS Product Certification (ISI Mark, Scheme I)","72. Geo Textiles (Quality Control) Order, 2022 (S.O. 1706 (E), dated 10th April, 2023) Geo Textiles (Quality Control) Amendment Order, 2022 (S.O. 2331(E), dated 24th May, 2023) Ministry of Textiles Order, 2023 No. 6/1/2021 – R&D (Pt.) , dated 06 October, 2023",https://www.bis.gov.in/product-certification/products-under-compulsory-certification/scheme-i-mark-scheme/?lang=en,IS 17373
IS 17374:2020,Reinforced HDPE membrane for effluents and chemical resistance lining,Geo Textiles,Geo Textiles,Yes,"BIS Product Certification (ISI Mark, Scheme I)","72. Geo Textiles (Quality Control) Order, 2022 (S.O. 1706 (E), dated 10th April, 2023) Geo Textiles (Quality Control) Amendment Order, 2022 (S.O. 2331(E), dated 24th May, 2023) Ministry of Textiles Order, 2023 No. 6/1/2021 – R&D (Pt.) , dated 06 October, 2023",https://www.bis.gov.in/product-certification/products-under-compulsory-certification/scheme-i-mark-scheme/?lang=en,IS 17374
IS 17483 (Part 1): 2020,Geocells,Geo Textiles,Geo Textiles,Yes,"BIS Product Certification (ISI Mark, Scheme I)","72. Geo Textiles (Quality Control) Order, 2022 (S.O. 1706 (E), dated 10th April, 2023) Geo Textiles (Quality Control) Amendment Order, 2022 (S.O. 2331(E), dated 24th May, 2023) Ministry of Textiles Order, 2023 No. 6/1/2021 – R&D (Pt.) , dated 06 October, 2023",https://www.bis.gov.in/product-certification/products-under-compulsory-certification/scheme-i-mark-scheme/?lang=en,IS 17483
IS 17483 (Part 2): 2020,Geocells,Geo Textiles,Geo Textiles,Yes,"BIS Product Certification (ISI Mark, Scheme I)","72. Geo Textiles (Quality Control) Order, 2022 (S.O. 1706 (E), dated 10th April, 2023) Geo Textiles (Quality Control) Amendment Order, 2022 (S.O. 2331(E), dated 24th May, 2023) Ministry of Textiles Order, 2023 No. 6/1/2021 – R&D (Pt.) , dated 06 October, 2023",https://www.bis.gov.in/product-certification/products-under-compulsory-certification/scheme-i-mark-scheme/?lang=en,IS 17483
IS 17880 :2022,Geosynthetics — Synthetic Polymer RopeGabions for Coastal and Waterways Protection — Specification,Geo Textiles,Geo Textiles,Yes,"BIS Product Certification (ISI Mark, Scheme I)","73. Geotextiles (Quality Control) Order, 2024 S.O. 4332(E), dated 03rd October 2024",https://www.bis.gov.in/product-certification/products-under-compulsory-certification/scheme-i-mark-scheme/?lang=en,IS 17880
IS 15768 : 2008,Upholstered composites used for non-domestic furniture,Upholstered Composites used for Non-Domestic Furniture,Upholstered Composites used for Non-Domestic Furniture,Yes,"BIS Product Certification (ISI Mark, Scheme I)","75. Protective Textiles Quality Control (Upholstered Composites used for Non-Domestic Furniture) Order, 2024 S.O. 3916(E), dated 12th September 2024",https://www.bis.gov.in/product-certification/products-under-compulsory-certification/scheme-i-mark-scheme/?lang=en,IS 15768
IS 17803: 2022,"Potable Water Bottles (Copper, Stainless Steel, Aluminum)",Potable Water Bottles,Potable Water Bottles,Yes,"BIS Product Certification (ISI Mark, Scheme I)","77. Potable Water Bottles (Quality Control) Order, 2023 S.O. 2988(E), dated 5th July 2023 Potable Water Bottles (Quality Control) Order, 2024 S.O. 1071(E), dated 05th March 2024 Potable Water Bottles (Quality Control) Amendment Order, 2024 S.O. 3702(E), dated 29th August 2024 Amendment in the Quality Control Order S.O. 777(E) Dated 13th February, 2026",https://www.bis.gov.in/product-certification/products-under-compulsory-certification/scheme-i-mark-scheme/?lang=en,IS 17803
IS 814 : 2004,Covered electrodes for manual metal arc welding of carbon and carbon manganese steel,Welding Rods and Electrodes,Welding Rods and Electrodes,Yes,"BIS Product Certification (ISI Mark, Scheme I)","78. Welding Rods and Electrodes (Quality Control) Order, 2023 S.O. 3153(E), dated 14th July 2023 Amendment in the Quality Control Order S.O. 777(E) Dated 13th February, 2026",https://www.bis.gov.in/product-certification/products-under-compulsory-certification/scheme-i-mark-scheme/?lang=en,IS 814
IS 6419 : 1996,Welding rode and bare electrodes for gas shielded arc welding of structural steel,Welding Rods and Electrodes,Welding Rods and Electrodes,Yes,"BIS Product Certification (ISI Mark, Scheme I)","78. Welding Rods and Electrodes (Quality Control) Order, 2023 S.O. 3153(E), dated 14th July 2023 Amendment in the Quality Control Order S.O. 777(E) Dated 13th February, 2026",https://www.bis.gov.in/product-certification/products-under-compulsory-certification/scheme-i-mark-scheme/?lang=en,IS 6419
IS 16444 Part 1,A.C. Static Direct Connected Watt Hour Smart Meter Class 1 and 2,Smart Meters,Smart Meters,Yes,"BIS Product Certification (ISI Mark, Scheme I)","79 . Smart Meters (Quality Control) Order, 2023 S.O. 3154(E), dated 14th July 2023",https://www.bis.gov.in/product-certification/products-under-compulsory-certification/scheme-i-mark-scheme/?lang=en,IS 16444 Part 1
IS 16444 Part 2,"A.C. Static Transformer Operated Watt Hour and Var-Hour Smart Meters, Class 0.2S, 0.5S and 1.0S",Smart Meters,Smart Meters,Yes,"BIS Product Certification (ISI Mark, Scheme I)","79 . Smart Meters (Quality Control) Order, 2023 S.O. 3154(E), dated 14th July 2023",https://www.bis.gov.in/product-certification/products-under-compulsory-certification/scheme-i-mark-scheme/?lang=en,IS 16444 Part 2
IS 17790 : 2022,Insulated Flask for Domestic Use,"Insulated Flask, Bottles and Containers for Domestic Use","Insulated Flask, Bottles and Containers for Domestic Use",Yes,"BIS Product Certification (ISI Mark, Scheme I)","80. Insulated Flask, Bottles and Containers for Domestic Use (Quality Control) Order, 2023 S.O. 3140(E), dated 14th July 2023 Insulated Flask, Bottles and Containers for Domestic Use (Quality Control) Order, 2024 S.O. 1072(E), dated 05th March 2024 Insulated Flask, Bottles and Containers for Domestic Use (Quality Control) Amendment Order, 2024 S.O. 3705(E), dated 29th August 2024 Amendment in the Quality Control Order S.O. 777(E) Dated 13th February, 2026",https://www.bis.gov.in/product-certification/products-under-compulsory-certification/scheme-i-mark-scheme/?lang=en,IS 17790
IS 17526 : 2021,Domestic Stainless steel vacuum flask/bottle,"Insulated Flask, Bottles and Containers for Domestic Use","Insulated Flask, Bottles and Containers for Domestic Use",Yes,"BIS Product Certification (ISI Mark, Scheme I)","80. Insulated Flask, Bottles and Containers for Domestic Use (Quality Control) Order, 2023 S.O. 3140(E), dated 14th July 2023 Insulated Flask, Bottles and Containers for Domestic Use (Quality Control) Order, 2024 S.O. 1072(E), dated 05th March 2024 Insulated Flask, Bottles and Containers for Domestic Use (Quality Control) Amendment Order, 2024 S.O. 3705(E), dated 29th August 2024 Amendment in the Quality Control Order S.O. 777(E) Dated 13th February, 2026",https://www.bis.gov.in/product-certification/products-under-compulsory-certification/scheme-i-mark-scheme/?lang=en,IS 17526
IS 17569: 2021,Insulated Container for Food Storage,"Insulated Flask, Bottles and Containers for Domestic Use","Insulated Flask, Bottles and Containers for Domestic Use",Yes,"BIS Product Certification (ISI Mark, Scheme I)","80. Insulated Flask, Bottles and Containers for Domestic Use (Quality Control) Order, 2023 S.O. 3140(E), dated 14th July 2023 Insulated Flask, Bottles and Containers for Domestic Use (Quality Control) Order, 2024 S.O. 1072(E), dated 05th March 2024 Insulated Flask, Bottles and Containers for Domestic Use (Quality Control) Amendment Order, 2024 S.O. 3705(E), dated 29th August 2024 Amendment in the Quality Control Order S.O. 777(E) Dated 13th February, 2026",https://www.bis.gov.in/product-certification/products-under-compulsory-certification/scheme-i-mark-scheme/?lang=en,IS 17569
IS 3513 (Part 1) : 1989,Resin treated compressed wood laminates (compregs) – For electrical purposes,Resin Treated Compressed Wood Laminates,Resin Treated Compressed Wood Laminates,Yes,"BIS Product Certification (ISI Mark, Scheme I)","81. Resin treated compressed wood laminates (Quality Control) Order, 2023 S.O. 3139(E), dated 14th July 2023 Resin Treated Compressed Wood Laminates (Quality Control) Order, 2024 S.O. 1018(E), dated 29th February 2024 Order for Goods & Articles Exemption against Import S.O. 775(E) Dated 13th February, 2026 Order for Goods & Articles Exemption against Purchase S.O. 776(E) Dated 13th February, 2026",https://www.bis.gov.in/product-certification/products-under-compulsory-certification/scheme-i-mark-scheme/?lang=en,IS 3513
IS 3513 (Part 2) : 1989,Resin treated compressed wood laminates (compregs) – For chemical purposes,Resin Treated Compressed Wood Laminates,Resin Treated Compressed Wood Laminates,Yes,"BIS Product Certification (ISI Mark, Scheme I)","81. Resin treated compressed wood laminates (Quality Control) Order, 2023 S.O. 3139(E), dated 14th July 2023 Resin Treated Compressed Wood Laminates (Quality Control) Order, 2024 S.O. 1018(E), dated 29th February 2024 Order for Goods & Articles Exemption against Import S.O. 775(E) Dated 13th February, 2026 Order for Goods & Articles Exemption against Purchase S.O. 776(E) Dated 13th February, 2026",https://www.bis.gov.in/product-certification/products-under-compulsory-certification/scheme-i-mark-scheme/?lang=en,IS 3513
IS 3513 (Part 3) : 1989,Resin treated compressed wood laminates (compregs) – For general purposes,Resin Treated Compressed Wood Laminates,Resin Treated Compressed Wood Laminates,Yes,"BIS Product Certification (ISI Mark, Scheme I)","81. Resin treated compressed wood laminates (Quality Control) Order, 2023 S.O. 3139(E), dated 14th July 2023 Resin Treated Compressed Wood Laminates (Quality Control) Order, 2024 S.O. 1018(E), dated 29th February 2024 Order for Goods & Articles Exemption against Import S.O. 775(E) Dated 13th February, 2026 Order for Goods & Articles Exemption against Purchase S.O. 776(E) Dated 13th February, 2026",https://www.bis.gov.in/product-certification/products-under-compulsory-certification/scheme-i-mark-scheme/?lang=en,IS 3513
IS 1363 (Part 1) :2019,"Hexagon Head Bolts, Screws and Nuts of product Grade C Hexagon Head Bolts (Size Range M 5 to M 64)","Bolts, Nuts and Fasteners","Bolts, Nuts and Fasteners",Yes,"BIS Product Certification (ISI Mark, Scheme I)","82. Bolts, Nuts and Fasteners (Quality Control) Order, 2023 S.O. 3267(E), dated 21st July 2023 Bolts, Nuts and Fasteners (Quality Control) Order, 2024 S.O. 2771(E), dated 12th July 2024",https://www.bis.gov.in/product-certification/products-under-compulsory-certification/scheme-i-mark-scheme/?lang=en,IS 1363
IS 1363 (Part 2) :2018,Hexagon Head Screw (Size ranges from M 5 to 64),"Bolts, Nuts and Fasteners","Bolts, Nuts and Fasteners",Yes,"BIS Product Certification (ISI Mark, Scheme I)","82. Bolts, Nuts and Fasteners (Quality Control) Order, 2023 S.O. 3267(E), dated 21st July 2023 Bolts, Nuts and Fasteners (Quality Control) Order, 2024 S.O. 2771(E), dated 12th July 2024",https://www.bis.gov.in/product-certification/products-under-compulsory-certification/scheme-i-mark-scheme/?lang=en,IS 1363
IS 1363 (Part 3) :2018,"Hexagon Head Bolts, Screws and Nuts of product Grade C – Hexagon Nuts (Size Range M5 to M64)","Bolts, Nuts and Fasteners","Bolts, Nuts and Fasteners",Yes,"BIS Product Certification (ISI Mark, Scheme I)","82. Bolts, Nuts and Fasteners (Quality Control) Order, 2023 S.O. 3267(E), dated 21st July 2023 Bolts, Nuts and Fasteners (Quality Control) Order, 2024 S.O. 2771(E), dated 12th July 2024",https://www.bis.gov.in/product-certification/products-under-compulsory-certification/scheme-i-mark-scheme/?lang=en,IS 1363
IS 1364 (Part 1) :2018,"Hexagon Head Bolts, Screws and Nuts of product Grades A and B – Hexagon Head Bolts (Size Range M 1.6 To M 64)","Bolts, Nuts and Fasteners","Bolts, Nuts and Fasteners",Yes,"BIS Product Certification (ISI Mark, Scheme I)","82. Bolts, Nuts and Fasteners (Quality Control) Order, 2023 S.O. 3267(E), dated 21st July 2023 Bolts, Nuts and Fasteners (Quality Control) Order, 2024 S.O. 2771(E), dated 12th July 2024",https://www.bis.gov.in/product-certification/products-under-compulsory-certification/scheme-i-mark-scheme/?lang=en,IS 1364
IS 1364 (Part 2) :2018,"Hexagon Head Bolts, Screws and Nuts of Product Grades A and B – Hexagon Head Screws (Size Range M 1.6 to M 64)","Bolts, Nuts and Fasteners","Bolts, Nuts and Fasteners",Yes,"BIS Product Certification (ISI Mark, Scheme I)","82. Bolts, Nuts and Fasteners (Quality Control) Order, 2023 S.O. 3267(E), dated 21st July 2023 Bolts, Nuts and Fasteners (Quality Control) Order, 2024 S.O. 2771(E), dated 12th July 2024",https://www.bis.gov.in/product-certification/products-under-compulsory-certification/scheme-i-mark-scheme/?lang=en,IS 1364
IS 4621:1975,Indicating Bolts for use in public baths and lavatories,"Bolts, Nuts and Fasteners","Bolts, Nuts and Fasteners",Yes,"BIS Product Certification (ISI Mark, Scheme I)","82. Bolts, Nuts and Fasteners (Quality Control) Order, 2023 S.O. 3267(E), dated 21st July 2023 Bolts, Nuts and Fasteners (Quality Control) Order, 2024 S.O. 2771(E), dated 12th July 2024",https://www.bis.gov.in/product-certification/products-under-compulsory-certification/scheme-i-mark-scheme/?lang=en,IS 4621
IS 5187: 1972,Flush Bolts,"Bolts, Nuts and Fasteners","Bolts, Nuts and Fasteners",Yes,"BIS Product Certification (ISI Mark, Scheme I)","82. Bolts, Nuts and Fasteners (Quality Control) Order, 2023 S.O. 3267(E), dated 21st July 2023 Bolts, Nuts and Fasteners (Quality Control) Order, 2024 S.O. 2771(E), dated 12th July 2024",https://www.bis.gov.in/product-certification/products-under-compulsory-certification/scheme-i-mark-scheme/?lang=en,IS 5187
IS 10238:2001,Fasteners – Threaded Steel Fastener – Step Bolts for Steel Structures,"Bolts, Nuts and Fasteners","Bolts, Nuts and Fasteners",Yes,"BIS Product Certification (ISI Mark, Scheme I)","82. Bolts, Nuts and Fasteners (Quality Control) Order, 2023 S.O. 3267(E), dated 21st July 2023 Bolts, Nuts and Fasteners (Quality Control) Order, 2024 S.O. 2771(E), dated 12th July 2024",https://www.bis.gov.in/product-certification/products-under-compulsory-certification/scheme-i-mark-scheme/?lang=en,IS 10238
IS 12427 : 2001,Fasteners – Threaded Steel Fasteners – Hexagon Head Transmission Tower Bolts,"Bolts, Nuts and Fasteners","Bolts, Nuts and Fasteners",Yes,"BIS Product Certification (ISI Mark, Scheme I)","82. Bolts, Nuts and Fasteners (Quality Control) Order, 2023 S.O. 3267(E), dated 21st July 2023 Bolts, Nuts and Fasteners (Quality Control) Order, 2024 S.O. 2771(E), dated 12th July 2024",https://www.bis.gov.in/product-certification/products-under-compulsory-certification/scheme-i-mark-scheme/?lang=en,IS 12427
IS 3757 : 1985,High Strength Structural Bolts,"Bolts, Nuts and Fasteners","Bolts, Nuts and Fasteners",Yes,"BIS Product Certification (ISI Mark, Scheme I)","82. Bolts, Nuts and Fasteners (Quality Control) Order, 2023 S.O. 3267(E), dated 21st July 2023 Bolts, Nuts and Fasteners (Quality Control) Order, 2024 S.O. 2771(E), dated 12th July 2024",https://www.bis.gov.in/product-certification/products-under-compulsory-certification/scheme-i-mark-scheme/?lang=en,IS 3757
IS 204 (Part 2): 1992,Tower Bolts- Non-ferrous metal,"Bolts, Nuts and Fasteners","Bolts, Nuts and Fasteners",Yes,"BIS Product Certification (ISI Mark, Scheme I)","82. Bolts, Nuts and Fasteners (Quality Control) Order, 2023 S.O. 3267(E), dated 21st July 2023 Bolts, Nuts and Fasteners (Quality Control) Order, 2024 S.O. 2771(E), dated 12th July 2024",https://www.bis.gov.in/product-certification/products-under-compulsory-certification/scheme-i-mark-scheme/?lang=en,IS 204
IS 204 (Part 1): 1991,Tower Bolts- Ferrous metals,"Bolts, Nuts and Fasteners","Bolts, Nuts and Fasteners",Yes,"BIS Product Certification (ISI Mark, Scheme I)","82. Bolts, Nuts and Fasteners (Quality Control) Order, 2023 S.O. 3267(E), dated 21st July 2023 Bolts, Nuts and Fasteners (Quality Control) Order, 2024 S.O. 2771(E), dated 12th July 2024",https://www.bis.gov.in/product-certification/products-under-compulsory-certification/scheme-i-mark-scheme/?lang=en,IS 204
IS 15834 : 2022,Stainless Steel Sliding Door Bolts (Aldrops) for use With Padlocks,"Bolts, Nuts and Fasteners","Bolts, Nuts and Fasteners",Yes,"BIS Product Certification (ISI Mark, Scheme I)","82. Bolts, Nuts and Fasteners (Quality Control) Order, 2023 S.O. 3267(E), dated 21st July 2023 Bolts, Nuts and Fasteners (Quality Control) Order, 2024 S.O. 2771(E), dated 12th July 2024",https://www.bis.gov.in/product-certification/products-under-compulsory-certification/scheme-i-mark-scheme/?lang=en,IS 15834
IS 2681 : 1993,Non-ferrous metal sliding door bolts (aldrops) for use with padlocks,"Bolts, Nuts and Fasteners","Bolts, Nuts and Fasteners",Yes,"BIS Product Certification (ISI Mark, Scheme I)","82. Bolts, Nuts and Fasteners (Quality Control) Order, 2023 S.O. 3267(E), dated 21st July 2023 Bolts, Nuts and Fasteners (Quality Control) Order, 2024 S.O. 2771(E), dated 12th July 2024",https://www.bis.gov.in/product-certification/products-under-compulsory-certification/scheme-i-mark-scheme/?lang=en,IS 2681
IS 281 : 2009,Mild steel sliding door bolts for use with padlocks,"Bolts, Nuts and Fasteners","Bolts, Nuts and Fasteners",Yes,"BIS Product Certification (ISI Mark, Scheme I)","82. Bolts, Nuts and Fasteners (Quality Control) Order, 2023 S.O. 3267(E), dated 21st July 2023 Bolts, Nuts and Fasteners (Quality Control) Order, 2024 S.O. 2771(E), dated 12th July 2024",https://www.bis.gov.in/product-certification/products-under-compulsory-certification/scheme-i-mark-scheme/?lang=en,IS 281
IS 7534: 1985,Sliding locking bolts for use with padlocks,"Bolts, Nuts and Fasteners","Bolts, Nuts and Fasteners",Yes,"BIS Product Certification (ISI Mark, Scheme I)","82. Bolts, Nuts and Fasteners (Quality Control) Order, 2023 S.O. 3267(E), dated 21st July 2023 Bolts, Nuts and Fasteners (Quality Control) Order, 2024 S.O. 2771(E), dated 12th July 2024",https://www.bis.gov.in/product-certification/products-under-compulsory-certification/scheme-i-mark-scheme/?lang=en,IS 7534
IS 1284 : 1975,Wrought Aluminium Alloy Bolt and Screw Stock for General Engineering purposes,"Bolts, Nuts and Fasteners","Bolts, Nuts and Fasteners",Yes,"BIS Product Certification (ISI Mark, Scheme I)","82. Bolts, Nuts and Fasteners (Quality Control) Order, 2023 S.O. 3267(E), dated 21st July 2023 Bolts, Nuts and Fasteners (Quality Control) Order, 2024 S.O. 2771(E), dated 12th July 2024",https://www.bis.gov.in/product-certification/products-under-compulsory-certification/scheme-i-mark-scheme/?lang=en,IS 1284
IS 15833 : 2009,Stainless steel Tower Bolts,"Bolts, Nuts and Fasteners","Bolts, Nuts and Fasteners",Yes,"BIS Product Certification (ISI Mark, Scheme I)","82. Bolts, Nuts and Fasteners (Quality Control) Order, 2023 S.O. 3267(E), dated 21st July 2023 Bolts, Nuts and Fasteners (Quality Control) Order, 2024 S.O. 2771(E), dated 12th July 2024",https://www.bis.gov.in/product-certification/products-under-compulsory-certification/scheme-i-mark-scheme/?lang=en,IS 15833
IS 6623 : 2004,High Strength Structural Nuts,"Bolts, Nuts and Fasteners","Bolts, Nuts and Fasteners",Yes,"BIS Product Certification (ISI Mark, Scheme I)","82. Bolts, Nuts and Fasteners (Quality Control) Order, 2023 S.O. 3267(E), dated 21st July 2023 Bolts, Nuts and Fasteners (Quality Control) Order, 2024 S.O. 2771(E), dated 12th July 2024",https://www.bis.gov.in/product-certification/products-under-compulsory-certification/scheme-i-mark-scheme/?lang=en,IS 6623
IS 14756 : 2022,Stainless Steel Cookware,"Cookware, Utensils and Cans for food and beverages","Cookware, Utensils and Cans for food and beverages",Yes,"BIS Product Certification (ISI Mark, Scheme I)","83. Cookware and Utensils (Quality Control) Order, 2023 S.O. 3583(E), dated 9th August 2023 Cookware, Utensils and Cans for foods and beverages (Quality Control) Order , 2024 S.O. 1365(E), dated 14th March 2024 Cookware, Utensils and Cans for Foods and Beverages (Quality Control) Order, 2024 S.O. 4494(E), dated 14th October 2024 Cookware, Utensils and Cans for Foods and Beverages (Quality Control) Order, 2024 S.O. 4494(E), dated 14th October 2024 Cookware, Utensils and Cans for Foods and Beverages (Quality Control) Order, 2025 S.O. 3850 (E) Dated 22 August, 2025 Cookware, Utensils and Cans for Foods and Beverages (Quality Control) Order, 2026 S.O.219(E) Dated 15 January, 2026 Cookware, Utensils and Cans for Foods and Beverages (Quality Control) Order, 2026 S.O.1661 (E) Dated 30 March, 2026",https://www.bis.gov.in/product-certification/products-under-compulsory-certification/scheme-i-mark-scheme/?lang=en,IS 14756
IS 1660:2024,Wrought Aluminium Utensils,"Cookware, Utensils and Cans for food and beverages","Cookware, Utensils and Cans for food and beverages",Yes,"BIS Product Certification (ISI Mark, Scheme I)","83. Cookware and Utensils (Quality Control) Order, 2023 S.O. 3583(E), dated 9th August 2023 Cookware, Utensils and Cans for foods and beverages (Quality Control) Order , 2024 S.O. 1365(E), dated 14th March 2024 Cookware, Utensils and Cans for Foods and Beverages (Quality Control) Order, 2024 S.O. 4494(E), dated 14th October 2024 Cookware, Utensils and Cans for Foods and Beverages (Quality Control) Order, 2024 S.O. 4494(E), dated 14th October 2024 Cookware, Utensils and Cans for Foods and Beverages (Quality Control) Order, 2025 S.O. 3850 (E) Dated 22 August, 2025 Cookware, Utensils and Cans for Foods and Beverages (Quality Control) Order, 2026 S.O.219(E) Dated 15 January, 2026 Cookware, Utensils and Cans for Foods and Beverages (Quality Control) Order, 2026 S.O.1661 (E) Dated 30 March, 2026",https://www.bis.gov.in/product-certification/products-under-compulsory-certification/scheme-i-mark-scheme/?lang=en,IS 1660
IS 13983:1994,Stainless Steel Sinks for Domestic Purposes,"Cookware, Utensils and Cans for food and beverages","Cookware, Utensils and Cans for food and beverages",Yes,"BIS Product Certification (ISI Mark, Scheme I)","83. Cookware and Utensils (Quality Control) Order, 2023 S.O. 3583(E), dated 9th August 2023 Cookware, Utensils and Cans for foods and beverages (Quality Control) Order , 2024 S.O. 1365(E), dated 14th March 2024 Cookware, Utensils and Cans for Foods and Beverages (Quality Control) Order, 2024 S.O. 4494(E), dated 14th October 2024 Cookware, Utensils and Cans for Foods and Beverages (Quality Control) Order, 2024 S.O. 4494(E), dated 14th October 2024 Cookware, Utensils and Cans for Foods and Beverages (Quality Control) Order, 2025 S.O. 3850 (E) Dated 22 August, 2025 Cookware, Utensils and Cans for Foods and Beverages (Quality Control) Order, 2026 S.O.219(E) Dated 15 January, 2026 Cookware, Utensils and Cans for Foods and Beverages (Quality Control) Order, 2026 S.O.1661 (E) Dated 30 March, 2026",https://www.bis.gov.in/product-certification/products-under-compulsory-certification/scheme-i-mark-scheme/?lang=en,IS 13983
IS 18427:2024,Three piece round open top metal cans for foods and beverages,"Cookware, Utensils and Cans for food and beverages","Cookware, Utensils and Cans for food and beverages",Yes,"BIS Product Certification (ISI Mark, Scheme I)","83. Cookware and Utensils (Quality Control) Order, 2023 S.O. 3583(E), dated 9th August 2023 Cookware, Utensils and Cans for foods and beverages (Quality Control) Order , 2024 S.O. 1365(E), dated 14th March 2024 Cookware, Utensils and Cans for Foods and Beverages (Quality Control) Order, 2024 S.O. 4494(E), dated 14th October 2024 Cookware, Utensils and Cans for Foods and Beverages (Quality Control) Order, 2024 S.O. 4494(E), dated 14th October 2024 Cookware, Utensils and Cans for Foods and Beverages (Quality Control) Order, 2025 S.O. 3850 (E) Dated 22 August, 2025 Cookware, Utensils and Cans for Foods and Beverages (Quality Control) Order, 2026 S.O.219(E) Dated 15 January, 2026 Cookware, Utensils and Cans for Foods and Beverages (Quality Control) Order, 2026 S.O.1661 (E) Dated 30 March, 2026",https://www.bis.gov.in/product-certification/products-under-compulsory-certification/scheme-i-mark-scheme/?lang=en,IS 18427
IS 14407:2023,Aluminium cans for beverages,"Cookware, Utensils and Cans for food and beverages","Cookware, Utensils and Cans for food and beverages",Yes,"BIS Product Certification (ISI Mark, Scheme I)","83. Cookware and Utensils (Quality Control) Order, 2023 S.O. 3583(E), dated 9th August 2023 Cookware, Utensils and Cans for foods and beverages (Quality Control) Order , 2024 S.O. 1365(E), dated 14th March 2024 Cookware, Utensils and Cans for Foods and Beverages (Quality Control) Order, 2024 S.O. 4494(E), dated 14th October 2024 Cookware, Utensils and Cans for Foods and Beverages (Quality Control) Order, 2024 S.O. 4494(E), dated 14th October 2024 Cookware, Utensils and Cans for Foods and Beverages (Quality Control) Order, 2025 S.O. 3850 (E) Dated 22 August, 2025 Cookware, Utensils and Cans for Foods and Beverages (Quality Control) Order, 2026 S.O.219(E) Dated 15 January, 2026 Cookware, Utensils and Cans for Foods and Beverages (Quality Control) Order, 2026 S.O.1661 (E) Dated 30 March, 2026",https://www.bis.gov.in/product-certification/products-under-compulsory-certification/scheme-i-mark-scheme/?lang=en,IS 14407
IS 17153:2019,Domestic Gas Stoves for use with Piped Natural Gas (PNG),Domestic Gas Stoves for use with PNG,Domestic Gas Stoves for use with PNG,Yes,"BIS Product Certification (ISI Mark, Scheme I)","84. Domestic Gas Stoves for use with Piped Natural Gas (Quality Control) Order, 2023 S.O. 3584(E), dated 9th August 2023",https://www.bis.gov.in/product-certification/products-under-compulsory-certification/scheme-i-mark-scheme/?lang=en,IS 17153
IS 15683 : 2018,Portable Fire Extinguishers,Fire Extinguishers,Fire Extinguishers,Yes,"BIS Product Certification (ISI Mark, Scheme I)","85. Fire Extinguishers (Quality Control) Order, 2023 S.O. 3585(E), dated 9th August 2023",https://www.bis.gov.in/product-certification/products-under-compulsory-certification/scheme-i-mark-scheme/?lang=en,IS 15683
IS 16018:2012,Wheeled Fire Extinguishers,Fire Extinguishers,Fire Extinguishers,Yes,"BIS Product Certification (ISI Mark, Scheme I)","85. Fire Extinguishers (Quality Control) Order, 2023 S.O. 3585(E), dated 9th August 2023",https://www.bis.gov.in/product-certification/products-under-compulsory-certification/scheme-i-mark-scheme/?lang=en,IS 16018
IS 374:2019,Electric Ceiling Type Fans,Electric Ceiling Type Fans,Electric Ceiling Type Fans,Yes,"BIS Product Certification (ISI Mark, Scheme I)","86. Electric Ceiling Type Fans (Quality Control) Order, 2023 S.O. 3641(E), dated 9th August 2023 Amendment in the Quality Control Order S.O. 777(E) Dated 13th February, 2026",https://www.bis.gov.in/product-certification/products-under-compulsory-certification/scheme-i-mark-scheme/?lang=en,IS 374
IS 1659:2004,Block Boards,Wood Based Boards,Wood Based Boards,Yes,"BIS Product Certification (ISI Mark, Scheme I)","87. Wood Based Boards (Quality Control) Order, 2023 S.O. 3604(E), dated 10th August 2023 Wood Based Products (Quality Control) Order, 2024 S.O. No. 1307(E), dated 12th March 2024 Order for Goods & Articles Exemption against Import S.O. 775(E) Dated 13th February, 2026 Order for Goods & Articles Exemption against Purchase S.O. 776(E) Dated 13th February, 2026",https://www.bis.gov.in/product-certification/products-under-compulsory-certification/scheme-i-mark-scheme/?lang=en,IS 1659
IS 12823:2015,Prelaminated particle boards from wood and other Lignocellulosic material,Wood Based Boards,Wood Based Boards,Yes,"BIS Product Certification (ISI Mark, Scheme I)","87. Wood Based Boards (Quality Control) Order, 2023 S.O. 3604(E), dated 10th August 2023 Wood Based Products (Quality Control) Order, 2024 S.O. No. 1307(E), dated 12th March 2024 Order for Goods & Articles Exemption against Import S.O. 775(E) Dated 13th February, 2026 Order for Goods & Articles Exemption against Purchase S.O. 776(E) Dated 13th February, 2026",https://www.bis.gov.in/product-certification/products-under-compulsory-certification/scheme-i-mark-scheme/?lang=en,IS 12823
IS 3087:2005,Particle boards of wood and other lignocellulosic materials (medium density) for general purpose,Wood Based Boards,Wood Based Boards,Yes,"BIS Product Certification (ISI Mark, Scheme I)","87. Wood Based Boards (Quality Control) Order, 2023 S.O. 3604(E), dated 10th August 2023 Wood Based Products (Quality Control) Order, 2024 S.O. No. 1307(E), dated 12th March 2024 Order for Goods & Articles Exemption against Import S.O. 775(E) Dated 13th February, 2026 Order for Goods & Articles Exemption against Purchase S.O. 776(E) Dated 13th February, 2026",https://www.bis.gov.in/product-certification/products-under-compulsory-certification/scheme-i-mark-scheme/?lang=en,IS 3087
IS 12406:2021,Medium density fibre boards for general purpose,Wood Based Boards,Wood Based Boards,Yes,"BIS Product Certification (ISI Mark, Scheme I)","87. Wood Based Boards (Quality Control) Order, 2023 S.O. 3604(E), dated 10th August 2023 Wood Based Products (Quality Control) Order, 2024 S.O. No. 1307(E), dated 12th March 2024 Order for Goods & Articles Exemption against Import S.O. 775(E) Dated 13th February, 2026 Order for Goods & Articles Exemption against Purchase S.O. 776(E) Dated 13th February, 2026",https://www.bis.gov.in/product-certification/products-under-compulsory-certification/scheme-i-mark-scheme/?lang=en,IS 12406
IS 3097:2006,Veneered particle boards,Wood Based Boards,Wood Based Boards,Yes,"BIS Product Certification (ISI Mark, Scheme I)","87. Wood Based Boards (Quality Control) Order, 2023 S.O. 3604(E), dated 10th August 2023 Wood Based Products (Quality Control) Order, 2024 S.O. No. 1307(E), dated 12th March 2024 Order for Goods & Articles Exemption against Import S.O. 775(E) Dated 13th February, 2026 Order for Goods & Articles Exemption against Purchase S.O. 776(E) Dated 13th February, 2026",https://www.bis.gov.in/product-certification/products-under-compulsory-certification/scheme-i-mark-scheme/?lang=en,IS 3097
IS 1726:1991,Cast iron man hole covers and frames,Cast Iron Products,Cast Iron Products,Yes,"BIS Product Certification (ISI Mark, Scheme I)","88. Cast Iron Products (Quality Control) Order, 2023 S.O. 3806(E), dated 24th August 2023 Cast Iron Products (Quality Control) Order, 2024 S.O. 2287(E), dated 13th June 2024",https://www.bis.gov.in/product-certification/products-under-compulsory-certification/scheme-i-mark-scheme/?lang=en,IS 1726
IS 1729:2002,Cast iron/ductile iron drainage pipes and pipe fittings for over ground non-pressure pipelines socket and spigot series,Cast Iron Products,Cast Iron Products,Yes,"BIS Product Certification (ISI Mark, Scheme I)","88. Cast Iron Products (Quality Control) Order, 2023 S.O. 3806(E), dated 24th August 2023 Cast Iron Products (Quality Control) Order, 2024 S.O. 2287(E), dated 13th June 2024",https://www.bis.gov.in/product-certification/products-under-compulsory-certification/scheme-i-mark-scheme/?lang=en,IS 1729
IS 1879:2010,Malleable cast iron pipe fittings,Cast Iron Products,Cast Iron Products,Yes,"BIS Product Certification (ISI Mark, Scheme I)","88. Cast Iron Products (Quality Control) Order, 2023 S.O. 3806(E), dated 24th August 2023 Cast Iron Products (Quality Control) Order, 2024 S.O. 2287(E), dated 13th June 2024",https://www.bis.gov.in/product-certification/products-under-compulsory-certification/scheme-i-mark-scheme/?lang=en,IS 1879
IS 13349:1992,Cast iron single faced thimble mounted sluice gates,Cast Iron Products,Cast Iron Products,Yes,"BIS Product Certification (ISI Mark, Scheme I)","88. Cast Iron Products (Quality Control) Order, 2023 S.O. 3806(E), dated 24th August 2023 Cast Iron Products (Quality Control) Order, 2024 S.O. 2287(E), dated 13th June 2024",https://www.bis.gov.in/product-certification/products-under-compulsory-certification/scheme-i-mark-scheme/?lang=en,IS 13349
IS 210:2009,Grey iron castings,Cast Iron Products,Cast Iron Products,Yes,"BIS Product Certification (ISI Mark, Scheme I)","88. Cast Iron Products (Quality Control) Order, 2023 S.O. 3806(E), dated 24th August 2023 Cast Iron Products (Quality Control) Order, 2024 S.O. 2287(E), dated 13th June 2024",https://www.bis.gov.in/product-certification/products-under-compulsory-certification/scheme-i-mark-scheme/?lang=en,IS 210
IS 1537:1976,"Vertically cast – iron pressure pipes for water, gas and sewage",Cast Iron Products,Cast Iron Products,Yes,"BIS Product Certification (ISI Mark, Scheme I)","88. Cast Iron Products (Quality Control) Order, 2023 S.O. 3806(E), dated 24th August 2023 Cast Iron Products (Quality Control) Order, 2024 S.O. 2287(E), dated 13th June 2024",https://www.bis.gov.in/product-certification/products-under-compulsory-certification/scheme-i-mark-scheme/?lang=en,IS 1537
IS 17293:2020,Electric Cable for Photovoltic Systems for rated voltage 1500V DC,Solar DC Cable and Fire Survival Cable,Solar DC Cable and Fire Survival Cable,Yes,"BIS Product Certification (ISI Mark, Scheme I)","89. Solar DC Cable and Fire Survival Cable (Quality Control) Order, 2023 S.O. 3807(E), dated 24th August 2023",https://www.bis.gov.in/product-certification/products-under-compulsory-certification/scheme-i-mark-scheme/?lang=en,IS 17293
IS 17505(Part 1): 2021,"Thermosetting Insulated, Fire Survival Cables for working voltage upto and including 1100V AC and 1500V DC",Solar DC Cable and Fire Survival Cable,Solar DC Cable and Fire Survival Cable,Yes,"BIS Product Certification (ISI Mark, Scheme I)","89. Solar DC Cable and Fire Survival Cable (Quality Control) Order, 2023 S.O. 3807(E), dated 24th August 2023",https://www.bis.gov.in/product-certification/products-under-compulsory-certification/scheme-i-mark-scheme/?lang=en,IS 17505
IS 617:1994,Cast aluminium and its alloys – Ingots and castings for general engineering purposes,Metals and Alloys,Metals and Alloys,Yes,"BIS Product Certification (ISI Mark, Scheme I)","Aluminium and Aluminium Alloys (Quality Control) Order, 2023 S.O. 3846(E), dated 31st August 2023 Aluminium and Aluminium Alloys (Quality Control) Amendment Order, 2023 (S.O. 5090(E), dated 30th November, 2023) Aluminium and Aluminium Alloys (Quality Control) Amendment Order, 2024 S.O. 1902(E), dated 03rd May 2024 Withdrawal of Aluminium and Aluminium Alloys (Quality Control) Order, 2023 S.O. 5173(E) Dated 13 November, 2025",https://www.bis.gov.in/product-certification/products-under-compulsory-certification/scheme-i-mark-scheme/?lang=en,IS 617
IS 11890 : 1987,High purity primary aluminum ingot for remelting for special applications,Metals and Alloys,Metals and Alloys,Yes,"BIS Product Certification (ISI Mark, Scheme I)","Aluminium and Aluminium Alloys (Quality Control) Order, 2023 S.O. 3846(E), dated 31st August 2023 Aluminium and Aluminium Alloys (Quality Control) Amendment Order, 2023 (S.O. 5090(E), dated 30th November, 2023) Aluminium and Aluminium Alloys (Quality Control) Amendment Order, 2024 S.O. 1902(E), dated 03rd May 2024 Withdrawal of Aluminium and Aluminium Alloys (Quality Control) Order, 2023 S.O. 5173(E) Dated 13 November, 2025",https://www.bis.gov.in/product-certification/products-under-compulsory-certification/scheme-i-mark-scheme/?lang=en,IS 11890
IS 6754:1972,Aluminum alloy ingots for remelting for general engineering purpose,Metals and Alloys,Metals and Alloys,Yes,"BIS Product Certification (ISI Mark, Scheme I)","Aluminium and Aluminium Alloys (Quality Control) Order, 2023 S.O. 3846(E), dated 31st August 2023 Aluminium and Aluminium Alloys (Quality Control) Amendment Order, 2023 (S.O. 5090(E), dated 30th November, 2023) Aluminium and Aluminium Alloys (Quality Control) Amendment Order, 2024 S.O. 1902(E), dated 03rd May 2024 Withdrawal of Aluminium and Aluminium Alloys (Quality Control) Order, 2023 S.O. 5173(E) Dated 13 November, 2025",https://www.bis.gov.in/product-certification/products-under-compulsory-certification/scheme-i-mark-scheme/?lang=en,IS 6754
IS 2590 : 1987,Primary aluminium ingots for remelting for general engineering purpose,Metals and Alloys,Metals and Alloys,Yes,"BIS Product Certification (ISI Mark, Scheme I)","Aluminium and Aluminium Alloys (Quality Control) Order, 2023 S.O. 3846(E), dated 31st August 2023 Aluminium and Aluminium Alloys (Quality Control) Amendment Order, 2023 (S.O. 5090(E), dated 30th November, 2023) Aluminium and Aluminium Alloys (Quality Control) Amendment Order, 2024 S.O. 1902(E), dated 03rd May 2024 Withdrawal of Aluminium and Aluminium Alloys (Quality Control) Order, 2023 S.O. 5173(E) Dated 13 November, 2025",https://www.bis.gov.in/product-certification/products-under-compulsory-certification/scheme-i-mark-scheme/?lang=en,IS 2590
IS 4026 : 2023,Aluminum ingots billets and wire bars (EC GRADE),Metals and Alloys,Metals and Alloys,Yes,"BIS Product Certification (ISI Mark, Scheme I)","Aluminium and Aluminium Alloys (Quality Control) Order, 2023 S.O. 3846(E), dated 31st August 2023 Aluminium and Aluminium Alloys (Quality Control) Amendment Order, 2023 (S.O. 5090(E), dated 30th November, 2023) Aluminium and Aluminium Alloys (Quality Control) Amendment Order, 2024 S.O. 1902(E), dated 03rd May 2024 Withdrawal of Aluminium and Aluminium Alloys (Quality Control) Order, 2023 S.O. 5173(E) Dated 13 November, 2025",https://www.bis.gov.in/product-certification/products-under-compulsory-certification/scheme-i-mark-scheme/?lang=en,IS 4026
IS 191:2007,Copper,Metals and Alloys,Metals and Alloys,Yes,"BIS Product Certification (ISI Mark, Scheme I)","Copper (Quality Control) Order, 2023 S.O. 3847(E), dated 31st August 2023 Copper (Quality Control) Amendment Order, 2023 (S.O. 4796(E), dated 3rd November, 2023) Copper (Quality Control) Amendment Order, 2024 S.O. 1901(E), dated 03rd May 2024 Withdrawal of Copper (Quality Control) Order, 2023 S.O. 5174(E) Dated 13 November, 2025",https://www.bis.gov.in/product-certification/products-under-compulsory-certification/scheme-i-mark-scheme/?lang=en,IS 191
IS 7506:1987,Nickel Powder,Metals and Alloys,Metals and Alloys,Yes,"BIS Product Certification (ISI Mark, Scheme I)","Nickel (Quality Control) Order, 2023 S.O. 3848(E), dated 31st August 2023 Nickel (Quality Control) Amendment Order, 2023 (S.O. 5091(E), dated 30th November, 2023) Nickel (Quality Control) Amendment Order, 2024 S.O. 1900(E), dated 03rd May 2024 Withdrawal of Nickel (Quality Control) Order, 2023 S.O. 5166(E) Dated 13 November, 2025",https://www.bis.gov.in/product-certification/products-under-compulsory-certification/scheme-i-mark-scheme/?lang=en,IS 7506
IS 303 : 1989,Plywood for general purposes,Plywood and Wooden flush door shutters,Plywood and Wooden flush door shutters,Yes,"BIS Product Certification (ISI Mark, Scheme I)","90. Plywood and Wooden flush door shutters (Quality Control) Order, 2023 S.O. 3841(E), dated 29th August 2023 Plywood and Wooden flush door shutters (Quality Control) Order, 2024 S.O. 1377(E), dated 15th March 2024 Order for Goods & Articles Exemption against Import S.O. 775(E) Dated 13th February, 2026 Order for Goods & Articles Exemption against Purchase S.O. 776(E) Dated 13th February, 2026",https://www.bis.gov.in/product-certification/products-under-compulsory-certification/scheme-i-mark-scheme/?lang=en,IS 303
IS 2202 (Part 1) : 1999,Wooden flush door shutters (solid core type) – Plywood face panels,Plywood and Wooden flush door shutters,Plywood and Wooden flush door shutters,Yes,"BIS Product Certification (ISI Mark, Scheme I)","90. Plywood and Wooden flush door shutters (Quality Control) Order, 2023 S.O. 3841(E), dated 29th August 2023 Plywood and Wooden flush door shutters (Quality Control) Order, 2024 S.O. 1377(E), dated 15th March 2024 Order for Goods & Articles Exemption against Import S.O. 775(E) Dated 13th February, 2026 Order for Goods & Articles Exemption against Purchase S.O. 776(E) Dated 13th February, 2026",https://www.bis.gov.in/product-certification/products-under-compulsory-certification/scheme-i-mark-scheme/?lang=en,IS 2202
IS 710 : 2010,Marine plywood,Plywood and Wooden flush door shutters,Plywood and Wooden flush door shutters,Yes,"BIS Product Certification (ISI Mark, Scheme I)","90. Plywood and Wooden flush door shutters (Quality Control) Order, 2023 S.O. 3841(E), dated 29th August 2023 Plywood and Wooden flush door shutters (Quality Control) Order, 2024 S.O. 1377(E), dated 15th March 2024 Order for Goods & Articles Exemption against Import S.O. 775(E) Dated 13th February, 2026 Order for Goods & Articles Exemption against Purchase S.O. 776(E) Dated 13th February, 2026",https://www.bis.gov.in/product-certification/products-under-compulsory-certification/scheme-i-mark-scheme/?lang=en,IS 710
IS 5509 : 2021,Fire retardant plywood,Plywood and Wooden flush door shutters,Plywood and Wooden flush door shutters,Yes,"BIS Product Certification (ISI Mark, Scheme I)","90. Plywood and Wooden flush door shutters (Quality Control) Order, 2023 S.O. 3841(E), dated 29th August 2023 Plywood and Wooden flush door shutters (Quality Control) Order, 2024 S.O. 1377(E), dated 15th March 2024 Order for Goods & Articles Exemption against Import S.O. 775(E) Dated 13th February, 2026 Order for Goods & Articles Exemption against Purchase S.O. 776(E) Dated 13th February, 2026",https://www.bis.gov.in/product-certification/products-under-compulsory-certification/scheme-i-mark-scheme/?lang=en,IS 5509
IS 1328 : 1996,Veneered decorative plywood,Plywood and Wooden flush door shutters,Plywood and Wooden flush door shutters,Yes,"BIS Product Certification (ISI Mark, Scheme I)","90. Plywood and Wooden flush door shutters (Quality Control) Order, 2023 S.O. 3841(E), dated 29th August 2023 Plywood and Wooden flush door shutters (Quality Control) Order, 2024 S.O. 1377(E), dated 15th March 2024 Order for Goods & Articles Exemption against Import S.O. 775(E) Dated 13th February, 2026 Order for Goods & Articles Exemption against Purchase S.O. 776(E) Dated 13th February, 2026",https://www.bis.gov.in/product-certification/products-under-compulsory-certification/scheme-i-mark-scheme/?lang=en,IS 1328
IS 2191 (Part 2): 2022,Wooden flush door shutters (cellular and hollow core type) – Particle board and hardboard face panels,Plywood and Wooden flush door shutters,Plywood and Wooden flush door shutters,Yes,"BIS Product Certification (ISI Mark, Scheme I)","90. Plywood and Wooden flush door shutters (Quality Control) Order, 2023 S.O. 3841(E), dated 29th August 2023 Plywood and Wooden flush door shutters (Quality Control) Order, 2024 S.O. 1377(E), dated 15th March 2024 Order for Goods & Articles Exemption against Import S.O. 775(E) Dated 13th February, 2026 Order for Goods & Articles Exemption against Purchase S.O. 776(E) Dated 13th February, 2026",https://www.bis.gov.in/product-certification/products-under-compulsory-certification/scheme-i-mark-scheme/?lang=en,IS 2191
IS 2191 (Part 1): 2022,Wooden flush door shutters (cellular and hollow core type) – Plywood face panels,Plywood and Wooden flush door shutters,Plywood and Wooden flush door shutters,Yes,"BIS Product Certification (ISI Mark, Scheme I)","90. Plywood and Wooden flush door shutters (Quality Control) Order, 2023 S.O. 3841(E), dated 29th August 2023 Plywood and Wooden flush door shutters (Quality Control) Order, 2024 S.O. 1377(E), dated 15th March 2024 Order for Goods & Articles Exemption against Import S.O. 775(E) Dated 13th February, 2026 Order for Goods & Articles Exemption against Purchase S.O. 776(E) Dated 13th February, 2026",https://www.bis.gov.in/product-certification/products-under-compulsory-certification/scheme-i-mark-scheme/?lang=en,IS 2191
IS 2202 (Part 2): 2022,"Wooden Flush Door Shutters (Solid core type) – Particle board, High Density Fibre Board, Medium Density Fibre Board and Fibre Hardboard Face Panels",Plywood and Wooden flush door shutters,Plywood and Wooden flush door shutters,Yes,"BIS Product Certification (ISI Mark, Scheme I)","90. Plywood and Wooden flush door shutters (Quality Control) Order, 2023 S.O. 3841(E), dated 29th August 2023 Plywood and Wooden flush door shutters (Quality Control) Order, 2024 S.O. 1377(E), dated 15th March 2024 Order for Goods & Articles Exemption against Import S.O. 775(E) Dated 13th February, 2026 Order for Goods & Articles Exemption against Purchase S.O. 776(E) Dated 13th February, 2026",https://www.bis.gov.in/product-certification/products-under-compulsory-certification/scheme-i-mark-scheme/?lang=en,IS 2202
IS 4990 : 2011,Plywood for concrete shuttering works – Specification,Plywood and Wooden flush door shutters,Plywood and Wooden flush door shutters,Yes,"BIS Product Certification (ISI Mark, Scheme I)","90. Plywood and Wooden flush door shutters (Quality Control) Order, 2023 S.O. 3841(E), dated 29th August 2023 Plywood and Wooden flush door shutters (Quality Control) Order, 2024 S.O. 1377(E), dated 15th March 2024 Order for Goods & Articles Exemption against Import S.O. 775(E) Dated 13th February, 2026 Order for Goods & Articles Exemption against Purchase S.O. 776(E) Dated 13th February, 2026",https://www.bis.gov.in/product-certification/products-under-compulsory-certification/scheme-i-mark-scheme/?lang=en,IS 4990
IS 10701 : 2012,Structural plywood – Specification,Plywood and Wooden flush door shutters,Plywood and Wooden flush door shutters,Yes,"BIS Product Certification (ISI Mark, Scheme I)","90. Plywood and Wooden flush door shutters (Quality Control) Order, 2023 S.O. 3841(E), dated 29th August 2023 Plywood and Wooden flush door shutters (Quality Control) Order, 2024 S.O. 1377(E), dated 15th March 2024 Order for Goods & Articles Exemption against Import S.O. 775(E) Dated 13th February, 2026 Order for Goods & Articles Exemption against Purchase S.O. 776(E) Dated 13th February, 2026",https://www.bis.gov.in/product-certification/products-under-compulsory-certification/scheme-i-mark-scheme/?lang=en,IS 10701
IS 1921: 2005,Flux Cored Solder Wire,Flux Cored Solder Wire,Flux Cored Solder Wire,Yes,"BIS Product Certification (ISI Mark, Scheme I)","Flux Cored Solder Wire (Quality Control) Order, 2023 S.O. 4092(E), dated 18th September 2023 Rescind Flux Cored Solder Wire (Quality Control) Order, 2023 S.O. 165(E) Dated 12 January, 2026",https://www.bis.gov.in/product-certification/products-under-compulsory-certification/scheme-i-mark-scheme/?lang=en,IS 1921
IS 15155 : 2020,Bar or wire Wrapped Steel Cylinder Pipes with Mortar Lining and Coating Including Specials,Miscellaneous Steel Products,Miscellaneous Steel Products,Yes,"BIS Product Certification (ISI Mark, Scheme I)","91. Miscellaneous Steel Products (Quality Control) Order, 2023 S.O. 4240(E), dated 25th September 2023",https://www.bis.gov.in/product-certification/products-under-compulsory-certification/scheme-i-mark-scheme/?lang=en,IS 15155
IS 16651 : 2017,High Strength deformed stainless steel bars and wires for concrete reinforcement,Miscellaneous Steel Products,Miscellaneous Steel Products,Yes,"BIS Product Certification (ISI Mark, Scheme I)","91. Miscellaneous Steel Products (Quality Control) Order, 2023 S.O. 4240(E), dated 25th September 2023",https://www.bis.gov.in/product-certification/products-under-compulsory-certification/scheme-i-mark-scheme/?lang=en,IS 16651
IS 6392 : 2020,Steel Pipe Flanges,Miscellaneous Steel Products,Miscellaneous Steel Products,Yes,"BIS Product Certification (ISI Mark, Scheme I)","91. Miscellaneous Steel Products (Quality Control) Order, 2023 S.O. 4240(E), dated 25th September 2023",https://www.bis.gov.in/product-certification/products-under-compulsory-certification/scheme-i-mark-scheme/?lang=en,IS 6392
IS 6913 : 1973,Stainless steel tubes for the food and beverage industry,Miscellaneous Steel Products,Miscellaneous Steel Products,Yes,"BIS Product Certification (ISI Mark, Scheme I)","91. Miscellaneous Steel Products (Quality Control) Order, 2023 S.O. 4240(E), dated 25th September 2023",https://www.bis.gov.in/product-certification/products-under-compulsory-certification/scheme-i-mark-scheme/?lang=en,IS 6913
IS 7092 (Part 1):1992,Aluminium alloy tubes for irrigation purposes -welded tubes,Aluminium and Aluminium Alloy Products,Aluminium and Aluminium Alloy Products,Yes,"BIS Product Certification (ISI Mark, Scheme I)","92. Aluminium and Aluminium Alloy Products (Quality Control) Order, 2023 S.O. 4241(E), dated 25th September 2023 Aluminum and Aluminum Alloy Products (Quality Control) Amendment Order, 2024 S.O. 1512(E), dated 22nd March 2024 Aluminium and Aluminium Alloy Products (Quality Control) Order, 2024 S.O. 4696(E), dated 28th October 2024 Aluminium and Aluminium Alloy Products (Quality Control) Order, 2025 S.O. 2021 (E) Dated 06 May, 2025 Corrigendum S.O. 2682 (E) Dated 16 June, 2025 शुद्धिपत्र S.O. 2683 (E) Dated 16 June, 2025 Order for Goods & Articles Exemption against Import S.O. 775(E) Dated 13th February, 2026 Order for Goods & Articles Exemption against Purchase S.O. 776(E) Dated 13th February, 2026 Aluminium and Aluminium Alloy Products (Quality Control) Order, 2026 S.O. 1319 (E) Dated 13 March, 2026",https://www.bis.gov.in/product-certification/products-under-compulsory-certification/scheme-i-mark-scheme/?lang=en,IS 7092
IS 7092 (Part 2):1987,Aluminium alloy tube for irrigation purposes – extruded tube,Aluminium and Aluminium Alloy Products,Aluminium and Aluminium Alloy Products,Yes,"BIS Product Certification (ISI Mark, Scheme I)","92. Aluminium and Aluminium Alloy Products (Quality Control) Order, 2023 S.O. 4241(E), dated 25th September 2023 Aluminum and Aluminum Alloy Products (Quality Control) Amendment Order, 2024 S.O. 1512(E), dated 22nd March 2024 Aluminium and Aluminium Alloy Products (Quality Control) Order, 2024 S.O. 4696(E), dated 28th October 2024 Aluminium and Aluminium Alloy Products (Quality Control) Order, 2025 S.O. 2021 (E) Dated 06 May, 2025 Corrigendum S.O. 2682 (E) Dated 16 June, 2025 शुद्धिपत्र S.O. 2683 (E) Dated 16 June, 2025 Order for Goods & Articles Exemption against Import S.O. 775(E) Dated 13th February, 2026 Order for Goods & Articles Exemption against Purchase S.O. 776(E) Dated 13th February, 2026 Aluminium and Aluminium Alloy Products (Quality Control) Order, 2026 S.O. 1319 (E) Dated 13 March, 2026",https://www.bis.gov.in/product-certification/products-under-compulsory-certification/scheme-i-mark-scheme/?lang=en,IS 7092
IS 5484:1997,EC Grade Aluminium Rod produced by Continuous Casting and Rolling,Aluminium and Aluminium Alloy Products,Aluminium and Aluminium Alloy Products,Yes,"BIS Product Certification (ISI Mark, Scheme I)","92. Aluminium and Aluminium Alloy Products (Quality Control) Order, 2023 S.O. 4241(E), dated 25th September 2023 Aluminum and Aluminum Alloy Products (Quality Control) Amendment Order, 2024 S.O. 1512(E), dated 22nd March 2024 Aluminium and Aluminium Alloy Products (Quality Control) Order, 2024 S.O. 4696(E), dated 28th October 2024 Aluminium and Aluminium Alloy Products (Quality Control) Order, 2025 S.O. 2021 (E) Dated 06 May, 2025 Corrigendum S.O. 2682 (E) Dated 16 June, 2025 शुद्धिपत्र S.O. 2683 (E) Dated 16 June, 2025 Order for Goods & Articles Exemption against Import S.O. 775(E) Dated 13th February, 2026 Order for Goods & Articles Exemption against Purchase S.O. 776(E) Dated 13th February, 2026 Aluminium and Aluminium Alloy Products (Quality Control) Order, 2026 S.O. 1319 (E) Dated 13 March, 2026",https://www.bis.gov.in/product-certification/products-under-compulsory-certification/scheme-i-mark-scheme/?lang=en,IS 5484
IS 733:1983,"Wrought aluminium and aluminium alloy bars, rods and sections (For General Engineering Purposes)",Aluminium and Aluminium Alloy Products,Aluminium and Aluminium Alloy Products,Yes,"BIS Product Certification (ISI Mark, Scheme I)","92. Aluminium and Aluminium Alloy Products (Quality Control) Order, 2023 S.O. 4241(E), dated 25th September 2023 Aluminum and Aluminum Alloy Products (Quality Control) Amendment Order, 2024 S.O. 1512(E), dated 22nd March 2024 Aluminium and Aluminium Alloy Products (Quality Control) Order, 2024 S.O. 4696(E), dated 28th October 2024 Aluminium and Aluminium Alloy Products (Quality Control) Order, 2025 S.O. 2021 (E) Dated 06 May, 2025 Corrigendum S.O. 2682 (E) Dated 16 June, 2025 शुद्धिपत्र S.O. 2683 (E) Dated 16 June, 2025 Order for Goods & Articles Exemption against Import S.O. 775(E) Dated 13th February, 2026 Order for Goods & Articles Exemption against Purchase S.O. 776(E) Dated 13th February, 2026 Aluminium and Aluminium Alloy Products (Quality Control) Order, 2026 S.O. 1319 (E) Dated 13 March, 2026",https://www.bis.gov.in/product-certification/products-under-compulsory-certification/scheme-i-mark-scheme/?lang=en,IS 733
IS 734:1975,"Wrought aluminium and aluminium alloys, forging stock and forgings for general engineering purposes",Aluminium and Aluminium Alloy Products,Aluminium and Aluminium Alloy Products,Yes,"BIS Product Certification (ISI Mark, Scheme I)","92. Aluminium and Aluminium Alloy Products (Quality Control) Order, 2023 S.O. 4241(E), dated 25th September 2023 Aluminum and Aluminum Alloy Products (Quality Control) Amendment Order, 2024 S.O. 1512(E), dated 22nd March 2024 Aluminium and Aluminium Alloy Products (Quality Control) Order, 2024 S.O. 4696(E), dated 28th October 2024 Aluminium and Aluminium Alloy Products (Quality Control) Order, 2025 S.O. 2021 (E) Dated 06 May, 2025 Corrigendum S.O. 2682 (E) Dated 16 June, 2025 शुद्धिपत्र S.O. 2683 (E) Dated 16 June, 2025 Order for Goods & Articles Exemption against Import S.O. 775(E) Dated 13th February, 2026 Order for Goods & Articles Exemption against Purchase S.O. 776(E) Dated 13th February, 2026 Aluminium and Aluminium Alloy Products (Quality Control) Order, 2026 S.O. 1319 (E) Dated 13 March, 2026",https://www.bis.gov.in/product-certification/products-under-compulsory-certification/scheme-i-mark-scheme/?lang=en,IS 734
IS 736:1986,Wrought aluminium and aluminium alloy plate for general engineering purposes,Aluminium and Aluminium Alloy Products,Aluminium and Aluminium Alloy Products,Yes,"BIS Product Certification (ISI Mark, Scheme I)","92. Aluminium and Aluminium Alloy Products (Quality Control) Order, 2023 S.O. 4241(E), dated 25th September 2023 Aluminum and Aluminum Alloy Products (Quality Control) Amendment Order, 2024 S.O. 1512(E), dated 22nd March 2024 Aluminium and Aluminium Alloy Products (Quality Control) Order, 2024 S.O. 4696(E), dated 28th October 2024 Aluminium and Aluminium Alloy Products (Quality Control) Order, 2025 S.O. 2021 (E) Dated 06 May, 2025 Corrigendum S.O. 2682 (E) Dated 16 June, 2025 शुद्धिपत्र S.O. 2683 (E) Dated 16 June, 2025 Order for Goods & Articles Exemption against Import S.O. 775(E) Dated 13th February, 2026 Order for Goods & Articles Exemption against Purchase S.O. 776(E) Dated 13th February, 2026 Aluminium and Aluminium Alloy Products (Quality Control) Order, 2026 S.O. 1319 (E) Dated 13 March, 2026",https://www.bis.gov.in/product-certification/products-under-compulsory-certification/scheme-i-mark-scheme/?lang=en,IS 736
IS 737:2008,Wrought aluminium and aluminium alloy sheet and strip for general engineering purposes,Aluminium and Aluminium Alloy Products,Aluminium and Aluminium Alloy Products,Yes,"BIS Product Certification (ISI Mark, Scheme I)","92. Aluminium and Aluminium Alloy Products (Quality Control) Order, 2023 S.O. 4241(E), dated 25th September 2023 Aluminum and Aluminum Alloy Products (Quality Control) Amendment Order, 2024 S.O. 1512(E), dated 22nd March 2024 Aluminium and Aluminium Alloy Products (Quality Control) Order, 2024 S.O. 4696(E), dated 28th October 2024 Aluminium and Aluminium Alloy Products (Quality Control) Order, 2025 S.O. 2021 (E) Dated 06 May, 2025 Corrigendum S.O. 2682 (E) Dated 16 June, 2025 शुद्धिपत्र S.O. 2683 (E) Dated 16 June, 2025 Order for Goods & Articles Exemption against Import S.O. 775(E) Dated 13th February, 2026 Order for Goods & Articles Exemption against Purchase S.O. 776(E) Dated 13th February, 2026 Aluminium and Aluminium Alloy Products (Quality Control) Order, 2026 S.O. 1319 (E) Dated 13 March, 2026",https://www.bis.gov.in/product-certification/products-under-compulsory-certification/scheme-i-mark-scheme/?lang=en,IS 737
IS 739:1992,Wrought aluminium and aluminium alloy wire for general engineering purposes,Aluminium and Aluminium Alloy Products,Aluminium and Aluminium Alloy Products,Yes,"BIS Product Certification (ISI Mark, Scheme I)","92. Aluminium and Aluminium Alloy Products (Quality Control) Order, 2023 S.O. 4241(E), dated 25th September 2023 Aluminum and Aluminum Alloy Products (Quality Control) Amendment Order, 2024 S.O. 1512(E), dated 22nd March 2024 Aluminium and Aluminium Alloy Products (Quality Control) Order, 2024 S.O. 4696(E), dated 28th October 2024 Aluminium and Aluminium Alloy Products (Quality Control) Order, 2025 S.O. 2021 (E) Dated 06 May, 2025 Corrigendum S.O. 2682 (E) Dated 16 June, 2025 शुद्धिपत्र S.O. 2683 (E) Dated 16 June, 2025 Order for Goods & Articles Exemption against Import S.O. 775(E) Dated 13th February, 2026 Order for Goods & Articles Exemption against Purchase S.O. 776(E) Dated 13th February, 2026 Aluminium and Aluminium Alloy Products (Quality Control) Order, 2026 S.O. 1319 (E) Dated 13 March, 2026",https://www.bis.gov.in/product-certification/products-under-compulsory-certification/scheme-i-mark-scheme/?lang=en,IS 739
IS 740:1977,Wrought aluminium and aluminium alloy rivet stock for general engineering purposes,Aluminium and Aluminium Alloy Products,Aluminium and Aluminium Alloy Products,Yes,"BIS Product Certification (ISI Mark, Scheme I)","92. Aluminium and Aluminium Alloy Products (Quality Control) Order, 2023 S.O. 4241(E), dated 25th September 2023 Aluminum and Aluminum Alloy Products (Quality Control) Amendment Order, 2024 S.O. 1512(E), dated 22nd March 2024 Aluminium and Aluminium Alloy Products (Quality Control) Order, 2024 S.O. 4696(E), dated 28th October 2024 Aluminium and Aluminium Alloy Products (Quality Control) Order, 2025 S.O. 2021 (E) Dated 06 May, 2025 Corrigendum S.O. 2682 (E) Dated 16 June, 2025 शुद्धिपत्र S.O. 2683 (E) Dated 16 June, 2025 Order for Goods & Articles Exemption against Import S.O. 775(E) Dated 13th February, 2026 Order for Goods & Articles Exemption against Purchase S.O. 776(E) Dated 13th February, 2026 Aluminium and Aluminium Alloy Products (Quality Control) Order, 2026 S.O. 1319 (E) Dated 13 March, 2026",https://www.bis.gov.in/product-certification/products-under-compulsory-certification/scheme-i-mark-scheme/?lang=en,IS 740
IS 5082:1998,"Wrought aluminium and aluminium alloy bars, rods, tubes, sections, plates and sheets for electrical applications",Aluminium and Aluminium Alloy Products,Aluminium and Aluminium Alloy Products,Yes,"BIS Product Certification (ISI Mark, Scheme I)","92. Aluminium and Aluminium Alloy Products (Quality Control) Order, 2023 S.O. 4241(E), dated 25th September 2023 Aluminum and Aluminum Alloy Products (Quality Control) Amendment Order, 2024 S.O. 1512(E), dated 22nd March 2024 Aluminium and Aluminium Alloy Products (Quality Control) Order, 2024 S.O. 4696(E), dated 28th October 2024 Aluminium and Aluminium Alloy Products (Quality Control) Order, 2025 S.O. 2021 (E) Dated 06 May, 2025 Corrigendum S.O. 2682 (E) Dated 16 June, 2025 शुद्धिपत्र S.O. 2683 (E) Dated 16 June, 2025 Order for Goods & Articles Exemption against Import S.O. 775(E) Dated 13th February, 2026 Order for Goods & Articles Exemption against Purchase S.O. 776(E) Dated 13th February, 2026 Aluminium and Aluminium Alloy Products (Quality Control) Order, 2026 S.O. 1319 (E) Dated 13 March, 2026",https://www.bis.gov.in/product-certification/products-under-compulsory-certification/scheme-i-mark-scheme/?lang=en,IS 5082
IS 16011:2012,Aluminium and aluminium alloy foil for pharmaceutical packaging,Aluminium and Aluminium Alloy Products,Aluminium and Aluminium Alloy Products,Yes,"BIS Product Certification (ISI Mark, Scheme I)","92. Aluminium and Aluminium Alloy Products (Quality Control) Order, 2023 S.O. 4241(E), dated 25th September 2023 Aluminum and Aluminum Alloy Products (Quality Control) Amendment Order, 2024 S.O. 1512(E), dated 22nd March 2024 Aluminium and Aluminium Alloy Products (Quality Control) Order, 2024 S.O. 4696(E), dated 28th October 2024 Aluminium and Aluminium Alloy Products (Quality Control) Order, 2025 S.O. 2021 (E) Dated 06 May, 2025 Corrigendum S.O. 2682 (E) Dated 16 June, 2025 शुद्धिपत्र S.O. 2683 (E) Dated 16 June, 2025 Order for Goods & Articles Exemption against Import S.O. 775(E) Dated 13th February, 2026 Order for Goods & Articles Exemption against Purchase S.O. 776(E) Dated 13th February, 2026 Aluminium and Aluminium Alloy Products (Quality Control) Order, 2026 S.O. 1319 (E) Dated 13 March, 2026",https://www.bis.gov.in/product-certification/products-under-compulsory-certification/scheme-i-mark-scheme/?lang=en,IS 16011
IS 17682:2021,Aluminium composite panel,Aluminium and Aluminium Alloy Products,Aluminium and Aluminium Alloy Products,Yes,"BIS Product Certification (ISI Mark, Scheme I)","92. Aluminium and Aluminium Alloy Products (Quality Control) Order, 2023 S.O. 4241(E), dated 25th September 2023 Aluminum and Aluminum Alloy Products (Quality Control) Amendment Order, 2024 S.O. 1512(E), dated 22nd March 2024 Aluminium and Aluminium Alloy Products (Quality Control) Order, 2024 S.O. 4696(E), dated 28th October 2024 Aluminium and Aluminium Alloy Products (Quality Control) Order, 2025 S.O. 2021 (E) Dated 06 May, 2025 Corrigendum S.O. 2682 (E) Dated 16 June, 2025 शुद्धिपत्र S.O. 2683 (E) Dated 16 June, 2025 Order for Goods & Articles Exemption against Import S.O. 775(E) Dated 13th February, 2026 Order for Goods & Articles Exemption against Purchase S.O. 776(E) Dated 13th February, 2026 Aluminium and Aluminium Alloy Products (Quality Control) Order, 2026 S.O. 1319 (E) Dated 13 March, 2026",https://www.bis.gov.in/product-certification/products-under-compulsory-certification/scheme-i-mark-scheme/?lang=en,IS 17682
IS 1285:2002,Wrought aluminium and aluminium alloys- Extruded round tube and hollow sections for general engineering purposes,Aluminium and Aluminium Alloy Products,Aluminium and Aluminium Alloy Products,Yes,"BIS Product Certification (ISI Mark, Scheme I)","92. Aluminium and Aluminium Alloy Products (Quality Control) Order, 2023 S.O. 4241(E), dated 25th September 2023 Aluminum and Aluminum Alloy Products (Quality Control) Amendment Order, 2024 S.O. 1512(E), dated 22nd March 2024 Aluminium and Aluminium Alloy Products (Quality Control) Order, 2024 S.O. 4696(E), dated 28th October 2024 Aluminium and Aluminium Alloy Products (Quality Control) Order, 2025 S.O. 2021 (E) Dated 06 May, 2025 Corrigendum S.O. 2682 (E) Dated 16 June, 2025 शुद्धिपत्र S.O. 2683 (E) Dated 16 June, 2025 Order for Goods & Articles Exemption against Import S.O. 775(E) Dated 13th February, 2026 Order for Goods & Articles Exemption against Purchase S.O. 776(E) Dated 13th February, 2026 Aluminium and Aluminium Alloy Products (Quality Control) Order, 2026 S.O. 1319 (E) Dated 13 March, 2026",https://www.bis.gov.in/product-certification/products-under-compulsory-certification/scheme-i-mark-scheme/?lang=en,IS 1285
IS 2067:1975,Wrought Aluminium Wire for Electrical Purposes,Aluminium and Aluminium Alloy Products,Aluminium and Aluminium Alloy Products,Yes,"BIS Product Certification (ISI Mark, Scheme I)","92. Aluminium and Aluminium Alloy Products (Quality Control) Order, 2023 S.O. 4241(E), dated 25th September 2023 Aluminum and Aluminum Alloy Products (Quality Control) Amendment Order, 2024 S.O. 1512(E), dated 22nd March 2024 Aluminium and Aluminium Alloy Products (Quality Control) Order, 2024 S.O. 4696(E), dated 28th October 2024 Aluminium and Aluminium Alloy Products (Quality Control) Order, 2025 S.O. 2021 (E) Dated 06 May, 2025 Corrigendum S.O. 2682 (E) Dated 16 June, 2025 शुद्धिपत्र S.O. 2683 (E) Dated 16 June, 2025 Order for Goods & Articles Exemption against Import S.O. 775(E) Dated 13th February, 2026 Order for Goods & Articles Exemption against Purchase S.O. 776(E) Dated 13th February, 2026 Aluminium and Aluminium Alloy Products (Quality Control) Order, 2026 S.O. 1319 (E) Dated 13 March, 2026",https://www.bis.gov.in/product-certification/products-under-compulsory-certification/scheme-i-mark-scheme/?lang=en,IS 2067
IS 21:1992,Wrought aluminium and aluminium alloys for manufacture of utensils,Aluminium and Aluminium Alloy Products,Aluminium and Aluminium Alloy Products,Yes,"BIS Product Certification (ISI Mark, Scheme I)","92. Aluminium and Aluminium Alloy Products (Quality Control) Order, 2023 S.O. 4241(E), dated 25th September 2023 Aluminum and Aluminum Alloy Products (Quality Control) Amendment Order, 2024 S.O. 1512(E), dated 22nd March 2024 Aluminium and Aluminium Alloy Products (Quality Control) Order, 2024 S.O. 4696(E), dated 28th October 2024 Aluminium and Aluminium Alloy Products (Quality Control) Order, 2025 S.O. 2021 (E) Dated 06 May, 2025 Corrigendum S.O. 2682 (E) Dated 16 June, 2025 शुद्धिपत्र S.O. 2683 (E) Dated 16 June, 2025 Order for Goods & Articles Exemption against Import S.O. 775(E) Dated 13th February, 2026 Order for Goods & Articles Exemption against Purchase S.O. 776(E) Dated 13th February, 2026 Aluminium and Aluminium Alloy Products (Quality Control) Order, 2026 S.O. 1319 (E) Dated 13 March, 2026",https://www.bis.gov.in/product-certification/products-under-compulsory-certification/scheme-i-mark-scheme/?lang=en,IS 21
IS 1254:2007,Corrugated Aluminium Sheet,Aluminium and Aluminium Alloy Products,Aluminium and Aluminium Alloy Products,Yes,"BIS Product Certification (ISI Mark, Scheme I)","92. Aluminium and Aluminium Alloy Products (Quality Control) Order, 2023 S.O. 4241(E), dated 25th September 2023 Aluminum and Aluminum Alloy Products (Quality Control) Amendment Order, 2024 S.O. 1512(E), dated 22nd March 2024 Aluminium and Aluminium Alloy Products (Quality Control) Order, 2024 S.O. 4696(E), dated 28th October 2024 Aluminium and Aluminium Alloy Products (Quality Control) Order, 2025 S.O. 2021 (E) Dated 06 May, 2025 Corrigendum S.O. 2682 (E) Dated 16 June, 2025 शुद्धिपत्र S.O. 2683 (E) Dated 16 June, 2025 Order for Goods & Articles Exemption against Import S.O. 775(E) Dated 13th February, 2026 Order for Goods & Articles Exemption against Purchase S.O. 776(E) Dated 13th February, 2026 Aluminium and Aluminium Alloy Products (Quality Control) Order, 2026 S.O. 1319 (E) Dated 13 March, 2026",https://www.bis.gov.in/product-certification/products-under-compulsory-certification/scheme-i-mark-scheme/?lang=en,IS 1254
IS 7902:2001,Aluminium alloy forging stock and forgings (Alloy 24345) for aerospace applications,Aluminium and Aluminium Alloy Products,Aluminium and Aluminium Alloy Products,Yes,"BIS Product Certification (ISI Mark, Scheme I)","92. Aluminium and Aluminium Alloy Products (Quality Control) Order, 2023 S.O. 4241(E), dated 25th September 2023 Aluminum and Aluminum Alloy Products (Quality Control) Amendment Order, 2024 S.O. 1512(E), dated 22nd March 2024 Aluminium and Aluminium Alloy Products (Quality Control) Order, 2024 S.O. 4696(E), dated 28th October 2024 Aluminium and Aluminium Alloy Products (Quality Control) Order, 2025 S.O. 2021 (E) Dated 06 May, 2025 Corrigendum S.O. 2682 (E) Dated 16 June, 2025 शुद्धिपत्र S.O. 2683 (E) Dated 16 June, 2025 Order for Goods & Articles Exemption against Import S.O. 775(E) Dated 13th February, 2026 Order for Goods & Articles Exemption against Purchase S.O. 776(E) Dated 13th February, 2026 Aluminium and Aluminium Alloy Products (Quality Control) Order, 2026 S.O. 1319 (E) Dated 13 March, 2026",https://www.bis.gov.in/product-certification/products-under-compulsory-certification/scheme-i-mark-scheme/?lang=en,IS 7902
IS 2403 :2014 / ISO 606 : 2004,"Short – Pitch Transmission Precision Roller and Bush Chains, Attachments and Associated Chain Sprockets","Precision Roller and Bush Chains, attachments and associated chain sprockets","Precision Roller and Bush Chains, attachments and associated chain sprockets",Yes,"BIS Product Certification (ISI Mark, Scheme I)","93. Precision Roller and Bush Chains, attachments and associated chain sprockets (Quality Control) Order, 2023 S.O. 4242(E), dated 25th September 2023 Precision Roller and Bush Chains, attachments and associated Chains sprockets (Quality Control) Order, 2024 S.O. 2174(E), dated 03rd June 2024",https://www.bis.gov.in/product-certification/products-under-compulsory-certification/scheme-i-mark-scheme/?lang=en,IS 2403
IS 1475 (Part 1) : 2001,Self- Contained Drinking Water Coolers – Energy Consumption and Performance,Self- Contained Drinking Water Coolers,Self- Contained Drinking Water Coolers,Yes,"BIS Product Certification (ISI Mark, Scheme I)","94. Self- Contained Drinking Water Coolers (Quality Control) Order, 2023 S.O. 4243(E), dated 25th September 2023 Self-Contained Drinking Water Cooler (Quality Control) Order, 2024 S.O. 2112(E), dated 24th May 2024 Order for Goods & Articles Exemption against Import S.O. 775(E) Dated 13th February, 2026 Order for Goods & Articles Exemption against Purchase S.O. 776(E) Dated 13th February, 2026",https://www.bis.gov.in/product-certification/products-under-compulsory-certification/scheme-i-mark-scheme/?lang=en,IS 1475
IS 5405 : 2019,Sanitary napkins,Medical Textiles,Medical Textiles,Yes,"BIS Product Certification (ISI Mark, Scheme I)","95. Medical Textiles (Quality Control) Order, 2023 S.O. 4247(E), dated 27th September 2023 Medical Textiles (Quality Control) Amendment Order, 2024 (S.O. 830(E), dated 22nd February, 2024) Medical Textiles (Quality Control) Order, 2024 S.O. 4634(E), dated 23rd October 2024 Medical Textiles (Quality Control) Amendment Order, 2025 S.O. 04(E), dated 02nd January 2025 Medical Textiles (Quality Control) Second Amendment Order, 2025 S.O.3526 (E) Dated 30 July, 2025",https://www.bis.gov.in/product-certification/products-under-compulsory-certification/scheme-i-mark-scheme/?lang=en,IS 5405
IS 17509 : 2021,Disposable baby diaper,Medical Textiles,Medical Textiles,Yes,"BIS Product Certification (ISI Mark, Scheme I)","95. Medical Textiles (Quality Control) Order, 2023 S.O. 4247(E), dated 27th September 2023 Medical Textiles (Quality Control) Amendment Order, 2024 (S.O. 830(E), dated 22nd February, 2024) Medical Textiles (Quality Control) Order, 2024 S.O. 4634(E), dated 23rd October 2024 Medical Textiles (Quality Control) Amendment Order, 2025 S.O. 04(E), dated 02nd January 2025 Medical Textiles (Quality Control) Second Amendment Order, 2025 S.O.3526 (E) Dated 30 July, 2025",https://www.bis.gov.in/product-certification/products-under-compulsory-certification/scheme-i-mark-scheme/?lang=en,IS 17509
IS 17514 : 2021,Reusable Sanitary pad/ Sanitary Napkin/ Period Panties,Medical Textiles,Medical Textiles,Yes,"BIS Product Certification (ISI Mark, Scheme I)","95. Medical Textiles (Quality Control) Order, 2023 S.O. 4247(E), dated 27th September 2023 Medical Textiles (Quality Control) Amendment Order, 2024 (S.O. 830(E), dated 22nd February, 2024) Medical Textiles (Quality Control) Order, 2024 S.O. 4634(E), dated 23rd October 2024 Medical Textiles (Quality Control) Amendment Order, 2025 S.O. 04(E), dated 02nd January 2025 Medical Textiles (Quality Control) Second Amendment Order, 2025 S.O.3526 (E) Dated 30 July, 2025",https://www.bis.gov.in/product-certification/products-under-compulsory-certification/scheme-i-mark-scheme/?lang=en,IS 17514
IS 17349 : 2020,Shoe covers,Medical Textiles,Medical Textiles,Yes,"BIS Product Certification (ISI Mark, Scheme I)","95. Medical Textiles (Quality Control) Order, 2023 S.O. 4247(E), dated 27th September 2023 Medical Textiles (Quality Control) Amendment Order, 2024 (S.O. 830(E), dated 22nd February, 2024) Medical Textiles (Quality Control) Order, 2024 S.O. 4634(E), dated 23rd October 2024 Medical Textiles (Quality Control) Amendment Order, 2025 S.O. 04(E), dated 02nd January 2025 Medical Textiles (Quality Control) Second Amendment Order, 2025 S.O.3526 (E) Dated 30 July, 2025",https://www.bis.gov.in/product-certification/products-under-compulsory-certification/scheme-i-mark-scheme/?lang=en,IS 17349
IS 17354 : 2020,Dental Bib or Napkins,Medical Textiles,Medical Textiles,Yes,"BIS Product Certification (ISI Mark, Scheme I)","95. Medical Textiles (Quality Control) Order, 2023 S.O. 4247(E), dated 27th September 2023 Medical Textiles (Quality Control) Amendment Order, 2024 (S.O. 830(E), dated 22nd February, 2024) Medical Textiles (Quality Control) Order, 2024 S.O. 4634(E), dated 23rd October 2024 Medical Textiles (Quality Control) Amendment Order, 2025 S.O. 04(E), dated 02nd January 2025 Medical Textiles (Quality Control) Second Amendment Order, 2025 S.O.3526 (E) Dated 30 July, 2025",https://www.bis.gov.in/product-certification/products-under-compulsory-certification/scheme-i-mark-scheme/?lang=en,IS 17354
IS 17630 : 2021,Bed sheet and Pillow Cover,Medical Textiles,Medical Textiles,Yes,"BIS Product Certification (ISI Mark, Scheme I)","95. Medical Textiles (Quality Control) Order, 2023 S.O. 4247(E), dated 27th September 2023 Medical Textiles (Quality Control) Amendment Order, 2024 (S.O. 830(E), dated 22nd February, 2024) Medical Textiles (Quality Control) Order, 2024 S.O. 4634(E), dated 23rd October 2024 Medical Textiles (Quality Control) Amendment Order, 2025 S.O. 04(E), dated 02nd January 2025 Medical Textiles (Quality Control) Second Amendment Order, 2025 S.O.3526 (E) Dated 30 July, 2025",https://www.bis.gov.in/product-certification/products-under-compulsory-certification/scheme-i-mark-scheme/?lang=en,IS 17630
IS 16718 : 2021,Polypropylene Spun Bonded Non—Woven Crop Cover and Fruit Skirting Bags for Agriculture and Horticulture Applications,Agro Textiles,Agro Textiles,Yes,"BIS Product Certification (ISI Mark, Scheme I)","96. Agro Textiles (Quality Control) Order, 2023 S.O. 4248(E), dated 27th September 2023 Agro Textiles (Quality Control) Amendment Order, 2024 S.O. 1579(E), dated 28th March 2024",https://www.bis.gov.in/product-certification/products-under-compulsory-certification/scheme-i-mark-scheme/?lang=en,IS 16718
IS 16513 : 2016,Insect nets for Agriculture and Horticulture purpose,Agro Textiles,Agro Textiles,Yes,"BIS Product Certification (ISI Mark, Scheme I)","96. Agro Textiles (Quality Control) Order, 2023 S.O. 4248(E), dated 27th September 2023 Agro Textiles (Quality Control) Amendment Order, 2024 S.O. 1579(E), dated 28th March 2024",https://www.bis.gov.in/product-certification/products-under-compulsory-certification/scheme-i-mark-scheme/?lang=en,IS 16513
IS 16202 : 2014,Woven Ground covers for Horticulture Application,Agro Textiles,Agro Textiles,Yes,"BIS Product Certification (ISI Mark, Scheme I)","96. Agro Textiles (Quality Control) Order, 2023 S.O. 4248(E), dated 27th September 2023 Agro Textiles (Quality Control) Amendment Order, 2024 S.O. 1579(E), dated 28th March 2024",https://www.bis.gov.in/product-certification/products-under-compulsory-certification/scheme-i-mark-scheme/?lang=en,IS 16202
IS 17070 : 2019,Jute Agro textiles for Growth of Plants and Suppression of Weeds,Agro Textiles,Agro Textiles,Yes,"BIS Product Certification (ISI Mark, Scheme I)","96. Agro Textiles (Quality Control) Order, 2023 S.O. 4248(E), dated 27th September 2023 Agro Textiles (Quality Control) Amendment Order, 2024 S.O. 1579(E), dated 28th March 2024",https://www.bis.gov.in/product-certification/products-under-compulsory-certification/scheme-i-mark-scheme/?lang=en,IS 17070
IS 15907 : 2010,High Density Polyethylene (HDPE) woven beds for vermiculture,Agro Textiles,Agro Textiles,Yes,"BIS Product Certification (ISI Mark, Scheme I)","96. Agro Textiles (Quality Control) Order, 2023 S.O. 4248(E), dated 27th September 2023 Agro Textiles (Quality Control) Amendment Order, 2024 S.O. 1579(E), dated 28th March 2024",https://www.bis.gov.in/product-certification/products-under-compulsory-certification/scheme-i-mark-scheme/?lang=en,IS 15907
IS 16089 : 2013,Sapling bags for growth of seedling /sapling,Agro Textiles,Agro Textiles,Yes,"BIS Product Certification (ISI Mark, Scheme I)","96. Agro Textiles (Quality Control) Order, 2023 S.O. 4248(E), dated 27th September 2023 Agro Textiles (Quality Control) Amendment Order, 2024 S.O. 1579(E), dated 28th March 2024",https://www.bis.gov.in/product-certification/products-under-compulsory-certification/scheme-i-mark-scheme/?lang=en,IS 16089
IS 16190 : 2014,High Density Polyethylene (HDPE) laminated woven lay flat tube for irrigation purpose,Agro Textiles,Agro Textiles,Yes,"BIS Product Certification (ISI Mark, Scheme I)","96. Agro Textiles (Quality Control) Order, 2023 S.O. 4248(E), dated 27th September 2023 Agro Textiles (Quality Control) Amendment Order, 2024 S.O. 1579(E), dated 28th March 2024",https://www.bis.gov.in/product-certification/products-under-compulsory-certification/scheme-i-mark-scheme/?lang=en,IS 16190
IS 16390 : 2015,Nylon Knitted seamless gloves for tobacco harvesters,Agro Textiles,Agro Textiles,Yes,"BIS Product Certification (ISI Mark, Scheme I)","96. Agro Textiles (Quality Control) Order, 2023 S.O. 4248(E), dated 27th September 2023 Agro Textiles (Quality Control) Amendment Order, 2024 S.O. 1579(E), dated 28th March 2024",https://www.bis.gov.in/product-certification/products-under-compulsory-certification/scheme-i-mark-scheme/?lang=en,IS 16390
IS 16627 : 2017,High density polyethylene (HDPE) laminated woven lay flat tube for use in mains and submains of drip irrigation system,Agro Textiles,Agro Textiles,Yes,"BIS Product Certification (ISI Mark, Scheme I)","96. Agro Textiles (Quality Control) Order, 2023 S.O. 4248(E), dated 27th September 2023 Agro Textiles (Quality Control) Amendment Order, 2024 S.O. 1579(E), dated 28th March 2024",https://www.bis.gov.in/product-certification/products-under-compulsory-certification/scheme-i-mark-scheme/?lang=en,IS 16627
IS 17355 : 2020,Propylene Spun bonded non—woven mulch mat for agriculture and horticulture applications,Agro Textiles,Agro Textiles,Yes,"BIS Product Certification (ISI Mark, Scheme I)","96. Agro Textiles (Quality Control) Order, 2023 S.O. 4248(E), dated 27th September 2023 Agro Textiles (Quality Control) Amendment Order, 2024 S.O. 1579(E), dated 28th March 2024",https://www.bis.gov.in/product-certification/products-under-compulsory-certification/scheme-i-mark-scheme/?lang=en,IS 17355
IS 17356 : 2020,Windshield nets for agriculture and horticulture purpose,Agro Textiles,Agro Textiles,Yes,"BIS Product Certification (ISI Mark, Scheme I)","96. Agro Textiles (Quality Control) Order, 2023 S.O. 4248(E), dated 27th September 2023 Agro Textiles (Quality Control) Amendment Order, 2024 S.O. 1579(E), dated 28th March 2024",https://www.bis.gov.in/product-certification/products-under-compulsory-certification/scheme-i-mark-scheme/?lang=en,IS 17356
IS 17357 : 2020,Harvest nets for agriculture and horticulture purposes,Agro Textiles,Agro Textiles,Yes,"BIS Product Certification (ISI Mark, Scheme I)","96. Agro Textiles (Quality Control) Order, 2023 S.O. 4248(E), dated 27th September 2023 Agro Textiles (Quality Control) Amendment Order, 2024 S.O. 1579(E), dated 28th March 2024",https://www.bis.gov.in/product-certification/products-under-compulsory-certification/scheme-i-mark-scheme/?lang=en,IS 17357
IS 17358 (Part 1) : 2020,Fencing nets for agriculture and horticulture purposes – made from extruded polymer mesh,Agro Textiles,Agro Textiles,Yes,"BIS Product Certification (ISI Mark, Scheme I)","96. Agro Textiles (Quality Control) Order, 2023 S.O. 4248(E), dated 27th September 2023 Agro Textiles (Quality Control) Amendment Order, 2024 S.O. 1579(E), dated 28th March 2024",https://www.bis.gov.in/product-certification/products-under-compulsory-certification/scheme-i-mark-scheme/?lang=en,IS 17358
IS 17358 (Part 2) : 2020,Fencing nets for agriculture and horticulture purposes -made from mono filament yarns and combination of tape and mono filament yarns,Agro Textiles,Agro Textiles,Yes,"BIS Product Certification (ISI Mark, Scheme I)","96. Agro Textiles (Quality Control) Order, 2023 S.O. 4248(E), dated 27th September 2023 Agro Textiles (Quality Control) Amendment Order, 2024 S.O. 1579(E), dated 28th March 2024",https://www.bis.gov.in/product-certification/products-under-compulsory-certification/scheme-i-mark-scheme/?lang=en,IS 17358
IS 17513 : 2020,Plant Support Nets for Agriculture and Horticulture Purposes,Agro Textiles,Agro Textiles,Yes,"BIS Product Certification (ISI Mark, Scheme I)","96. Agro Textiles (Quality Control) Order, 2023 S.O. 4248(E), dated 27th September 2023 Agro Textiles (Quality Control) Amendment Order, 2024 S.O. 1579(E), dated 28th March 2024",https://www.bis.gov.in/product-certification/products-under-compulsory-certification/scheme-i-mark-scheme/?lang=en,IS 17513
IS 17728 : 2021,High Density Polyethylene (HDPE) Laminated Woven Lay Flat Tube and Fittings for use in Rain Irrigation System,Agro Textiles,Agro Textiles,Yes,"BIS Product Certification (ISI Mark, Scheme I)","96. Agro Textiles (Quality Control) Order, 2023 S.O. 4248(E), dated 27th September 2023 Agro Textiles (Quality Control) Amendment Order, 2024 S.O. 1579(E), dated 28th March 2024",https://www.bis.gov.in/product-certification/products-under-compulsory-certification/scheme-i-mark-scheme/?lang=en,IS 17728
IS 17729 : 2021,Flexible Water Storage Tank for Agriculture and Horticulture Purposes,Agro Textiles,Agro Textiles,Yes,"BIS Product Certification (ISI Mark, Scheme I)","96. Agro Textiles (Quality Control) Order, 2023 S.O. 4248(E), dated 27th September 2023 Agro Textiles (Quality Control) Amendment Order, 2024 S.O. 1579(E), dated 28th March 2024",https://www.bis.gov.in/product-certification/products-under-compulsory-certification/scheme-i-mark-scheme/?lang=en,IS 17729
IS 17730 (Part 1) : 2021,Hail Protection Nets for Agriculture and Horticulture Purposes- Warp Knitted Hail Protection Nets,Agro Textiles,Agro Textiles,Yes,"BIS Product Certification (ISI Mark, Scheme I)","96. Agro Textiles (Quality Control) Order, 2023 S.O. 4248(E), dated 27th September 2023 Agro Textiles (Quality Control) Amendment Order, 2024 S.O. 1579(E), dated 28th March 2024",https://www.bis.gov.in/product-certification/products-under-compulsory-certification/scheme-i-mark-scheme/?lang=en,IS 17730
IS 17730 (Part 2) : 2021,Hail Protection Nets for Agriculture and Horticulture Purposes – Woven Hail Protection Nets,Agro Textiles,Agro Textiles,Yes,"BIS Product Certification (ISI Mark, Scheme I)","96. Agro Textiles (Quality Control) Order, 2023 S.O. 4248(E), dated 27th September 2023 Agro Textiles (Quality Control) Amendment Order, 2024 S.O. 1579(E), dated 28th March 2024",https://www.bis.gov.in/product-certification/products-under-compulsory-certification/scheme-i-mark-scheme/?lang=en,IS 17730
IS 17731 : 2021,Laminated Woven Orchard Protection Covers,Agro Textiles,Agro Textiles,Yes,"BIS Product Certification (ISI Mark, Scheme I)","96. Agro Textiles (Quality Control) Order, 2023 S.O. 4248(E), dated 27th September 2023 Agro Textiles (Quality Control) Amendment Order, 2024 S.O. 1579(E), dated 28th March 2024",https://www.bis.gov.in/product-certification/products-under-compulsory-certification/scheme-i-mark-scheme/?lang=en,IS 17731
IS 12444:2020,Copper Wire Rods for Electrical Applications,Copper Products,Copper Products,Yes,"BIS Product Certification (ISI Mark, Scheme I)","97. Copper Products (Quality Control) Order, 2023 S.O. 4595(E), dated 17th October 2023 Copper Products (Quality Control) Order, 2024 S.O. 1801(E), dated 25th April 2024 Copper Product (Quality Control) Amendment Order, 2025. S.O. 884(E) Dated 19 February, 2025 Order for Goods & Articles Exemption against Import S.O. 775(E) Dated 13th February, 2026 Order for Goods & Articles Exemption against Purchase S.O. 776(E) Dated 13th February, 2026 Copper Products (Quality Control) Amendment Order, 2026 S.O. 3503 (E) Dated 30 June, 2026",https://www.bis.gov.in/product-certification/products-under-compulsory-certification/scheme-i-mark-scheme/?lang=en,IS 12444
IS 613:2000,Copper Rods and Bars for Electrical Purposes,Copper Products,Copper Products,Yes,"BIS Product Certification (ISI Mark, Scheme I)","97. Copper Products (Quality Control) Order, 2023 S.O. 4595(E), dated 17th October 2023 Copper Products (Quality Control) Order, 2024 S.O. 1801(E), dated 25th April 2024 Copper Product (Quality Control) Amendment Order, 2025. S.O. 884(E) Dated 19 February, 2025 Order for Goods & Articles Exemption against Import S.O. 775(E) Dated 13th February, 2026 Order for Goods & Articles Exemption against Purchase S.O. 776(E) Dated 13th February, 2026 Copper Products (Quality Control) Amendment Order, 2026 S.O. 3503 (E) Dated 30 June, 2026",https://www.bis.gov.in/product-certification/products-under-compulsory-certification/scheme-i-mark-scheme/?lang=en,IS 613
IS 1897:2008,Copper strip for electrical purposes,Copper Products,Copper Products,Yes,"BIS Product Certification (ISI Mark, Scheme I)","97. Copper Products (Quality Control) Order, 2023 S.O. 4595(E), dated 17th October 2023 Copper Products (Quality Control) Order, 2024 S.O. 1801(E), dated 25th April 2024 Copper Product (Quality Control) Amendment Order, 2025. S.O. 884(E) Dated 19 February, 2025 Order for Goods & Articles Exemption against Import S.O. 775(E) Dated 13th February, 2026 Order for Goods & Articles Exemption against Purchase S.O. 776(E) Dated 13th February, 2026 Copper Products (Quality Control) Amendment Order, 2026 S.O. 3503 (E) Dated 30 June, 2026",https://www.bis.gov.in/product-certification/products-under-compulsory-certification/scheme-i-mark-scheme/?lang=en,IS 1897
IS 4171:1983,Copper rods and bars for general engineering purposes,Copper Products,Copper Products,Yes,"BIS Product Certification (ISI Mark, Scheme I)","97. Copper Products (Quality Control) Order, 2023 S.O. 4595(E), dated 17th October 2023 Copper Products (Quality Control) Order, 2024 S.O. 1801(E), dated 25th April 2024 Copper Product (Quality Control) Amendment Order, 2025. S.O. 884(E) Dated 19 February, 2025 Order for Goods & Articles Exemption against Import S.O. 775(E) Dated 13th February, 2026 Order for Goods & Articles Exemption against Purchase S.O. 776(E) Dated 13th February, 2026 Copper Products (Quality Control) Amendment Order, 2026 S.O. 3503 (E) Dated 30 June, 2026",https://www.bis.gov.in/product-certification/products-under-compulsory-certification/scheme-i-mark-scheme/?lang=en,IS 4171
IS 1545: 1994,Solid drawn copper and copper alloy tubes for condensers and heat exchangers,Copper Products,Copper Products,Yes,"BIS Product Certification (ISI Mark, Scheme I)","97. Copper Products (Quality Control) Order, 2023 S.O. 4595(E), dated 17th October 2023 Copper Products (Quality Control) Order, 2024 S.O. 1801(E), dated 25th April 2024 Copper Product (Quality Control) Amendment Order, 2025. S.O. 884(E) Dated 19 February, 2025 Order for Goods & Articles Exemption against Import S.O. 775(E) Dated 13th February, 2026 Order for Goods & Articles Exemption against Purchase S.O. 776(E) Dated 13th February, 2026 Copper Products (Quality Control) Amendment Order, 2026 S.O. 3503 (E) Dated 30 June, 2026",https://www.bis.gov.in/product-certification/products-under-compulsory-certification/scheme-i-mark-scheme/?lang=en,IS 1545
IS 2501: 1995,Solid drawn copper tubes for general engineering purposes,Copper Products,Copper Products,Yes,"BIS Product Certification (ISI Mark, Scheme I)","97. Copper Products (Quality Control) Order, 2023 S.O. 4595(E), dated 17th October 2023 Copper Products (Quality Control) Order, 2024 S.O. 1801(E), dated 25th April 2024 Copper Product (Quality Control) Amendment Order, 2025. S.O. 884(E) Dated 19 February, 2025 Order for Goods & Articles Exemption against Import S.O. 775(E) Dated 13th February, 2026 Order for Goods & Articles Exemption against Purchase S.O. 776(E) Dated 13th February, 2026 Copper Products (Quality Control) Amendment Order, 2026 S.O. 3503 (E) Dated 30 June, 2026",https://www.bis.gov.in/product-certification/products-under-compulsory-certification/scheme-i-mark-scheme/?lang=en,IS 2501
IS 14810: 2000,Copper Tubes for plumbing- Specification,Copper Products,Copper Products,Yes,"BIS Product Certification (ISI Mark, Scheme I)","97. Copper Products (Quality Control) Order, 2023 S.O. 4595(E), dated 17th October 2023 Copper Products (Quality Control) Order, 2024 S.O. 1801(E), dated 25th April 2024 Copper Product (Quality Control) Amendment Order, 2025. S.O. 884(E) Dated 19 February, 2025 Order for Goods & Articles Exemption against Import S.O. 775(E) Dated 13th February, 2026 Order for Goods & Articles Exemption against Purchase S.O. 776(E) Dated 13th February, 2026 Copper Products (Quality Control) Amendment Order, 2026 S.O. 3503 (E) Dated 30 June, 2026",https://www.bis.gov.in/product-certification/products-under-compulsory-certification/scheme-i-mark-scheme/?lang=en,IS 14810
IS 10773:1995,Wrought Copper Tubes for Refrigeration and Air- Conditioning Purpose,Copper Products,Copper Products,Yes,"BIS Product Certification (ISI Mark, Scheme I)","97. Copper Products (Quality Control) Order, 2023 S.O. 4595(E), dated 17th October 2023 Copper Products (Quality Control) Order, 2024 S.O. 1801(E), dated 25th April 2024 Copper Product (Quality Control) Amendment Order, 2025. S.O. 884(E) Dated 19 February, 2025 Order for Goods & Articles Exemption against Import S.O. 775(E) Dated 13th February, 2026 Order for Goods & Articles Exemption against Purchase S.O. 776(E) Dated 13th February, 2026 Copper Products (Quality Control) Amendment Order, 2026 S.O. 3503 (E) Dated 30 June, 2026",https://www.bis.gov.in/product-certification/products-under-compulsory-certification/scheme-i-mark-scheme/?lang=en,IS 10773
IS 4412:1981,Copper wires for general engineering purposes,Copper Products,Copper Products,Yes,"BIS Product Certification (ISI Mark, Scheme I)","97. Copper Products (Quality Control) Order, 2023 S.O. 4595(E), dated 17th October 2023 Copper Products (Quality Control) Order, 2024 S.O. 1801(E), dated 25th April 2024 Copper Product (Quality Control) Amendment Order, 2025. S.O. 884(E) Dated 19 February, 2025 Order for Goods & Articles Exemption against Import S.O. 775(E) Dated 13th February, 2026 Order for Goods & Articles Exemption against Purchase S.O. 776(E) Dated 13th February, 2026 Copper Products (Quality Control) Amendment Order, 2026 S.O. 3503 (E) Dated 30 June, 2026",https://www.bis.gov.in/product-certification/products-under-compulsory-certification/scheme-i-mark-scheme/?lang=en,IS 4412
IS 13997:2014,"Drums, Large Open Top",Drums and Tins,Drums and Tins,Yes,"BIS Product Certification (ISI Mark, Scheme I)","98. Drums and Tins (Quality Control) Order, 2023 S.O. 4596(E), dated 17th October 2023",https://www.bis.gov.in/product-certification/products-under-compulsory-certification/scheme-i-mark-scheme/?lang=en,IS 13997
IS 1783 (Part 1) :2014,"Drums Large, Fixed Ends – Grade A",Drums and Tins,Drums and Tins,Yes,"BIS Product Certification (ISI Mark, Scheme I)","98. Drums and Tins (Quality Control) Order, 2023 S.O. 4596(E), dated 17th October 2023",https://www.bis.gov.in/product-certification/products-under-compulsory-certification/scheme-i-mark-scheme/?lang=en,IS 1783
IS 1783 (Part 2) :2014,"Drums, Large, Fixed Ends – Grade",Drums and Tins,Drums and Tins,Yes,"BIS Product Certification (ISI Mark, Scheme I)","98. Drums and Tins (Quality Control) Order, 2023 S.O. 4596(E), dated 17th October 2023",https://www.bis.gov.in/product-certification/products-under-compulsory-certification/scheme-i-mark-scheme/?lang=en,IS 1783
IS 2552:1989,Steel Drums (Galvanized and Ungalvanized),Drums and Tins,Drums and Tins,Yes,"BIS Product Certification (ISI Mark, Scheme I)","98. Drums and Tins (Quality Control) Order, 2023 S.O. 4596(E), dated 17th October 2023",https://www.bis.gov.in/product-certification/products-under-compulsory-certification/scheme-i-mark-scheme/?lang=en,IS 2552
IS 3575:1993,Bitumen Drums,Drums and Tins,Drums and Tins,Yes,"BIS Product Certification (ISI Mark, Scheme I)","98. Drums and Tins (Quality Control) Order, 2023 S.O. 4596(E), dated 17th October 2023",https://www.bis.gov.in/product-certification/products-under-compulsory-certification/scheme-i-mark-scheme/?lang=en,IS 3575
IS 916:2000,Square Tins for Solid Products,Drums and Tins,Drums and Tins,Yes,"BIS Product Certification (ISI Mark, Scheme I)","98. Drums and Tins (Quality Control) Order, 2023 S.O. 4596(E), dated 17th October 2023",https://www.bis.gov.in/product-certification/products-under-compulsory-certification/scheme-i-mark-scheme/?lang=en,IS 916
IS 10325:2000,"Square Tins – 15 Kilograms or litre for Ghee, Vanaspati, Edible Oils and Bakery",Drums and Tins,Drums and Tins,Yes,"BIS Product Certification (ISI Mark, Scheme I)","98. Drums and Tins (Quality Control) Order, 2023 S.O. 4596(E), dated 17th October 2023",https://www.bis.gov.in/product-certification/products-under-compulsory-certification/scheme-i-mark-scheme/?lang=en,IS 10325
IS 6343:1982,Door closers (pneumatically regulated) for light doors weighing up to 40 kg,Door Fittings,Door Fittings,Yes,"BIS Product Certification (ISI Mark, Scheme I)","99. Door Fittings (Quality Control) Order, 2023 S.O. 4646(E), dated 23rd October 2023",https://www.bis.gov.in/product-certification/products-under-compulsory-certification/scheme-i-mark-scheme/?lang=en,IS 6343
IS 14912:2001,"Door closers, concealed type (hydraulically regulated)",Door Fittings,Door Fittings,Yes,"BIS Product Certification (ISI Mark, Scheme I)","99. Door Fittings (Quality Control) Order, 2023 S.O. 4646(E), dated 23rd October 2023",https://www.bis.gov.in/product-certification/products-under-compulsory-certification/scheme-i-mark-scheme/?lang=en,IS 14912
IS 3564:1995,Hydraulically Regulated Door Closers,Door Fittings,Door Fittings,Yes,"BIS Product Certification (ISI Mark, Scheme I)","99. Door Fittings (Quality Control) Order, 2023 S.O. 4646(E), dated 23rd October 2023",https://www.bis.gov.in/product-certification/products-under-compulsory-certification/scheme-i-mark-scheme/?lang=en,IS 3564
IS 6315:1992,Floor springs (hydraulically regulated) for heavy doors,Door Fittings,Door Fittings,Yes,"BIS Product Certification (ISI Mark, Scheme I)","99. Door Fittings (Quality Control) Order, 2023 S.O. 4646(E), dated 23rd October 2023",https://www.bis.gov.in/product-certification/products-under-compulsory-certification/scheme-i-mark-scheme/?lang=en,IS 6315
IS 1019:1974,Rim Latches,Door Fittings,Door Fittings,Yes,"BIS Product Certification (ISI Mark, Scheme I)","99. Door Fittings (Quality Control) Order, 2023 S.O. 4646(E), dated 23rd October 2023",https://www.bis.gov.in/product-certification/products-under-compulsory-certification/scheme-i-mark-scheme/?lang=en,IS 1019
IS 208:2020,Door Handles,Door Fittings,Door Fittings,Yes,"BIS Product Certification (ISI Mark, Scheme I)","99. Door Fittings (Quality Control) Order, 2023 S.O. 4646(E), dated 23rd October 2023",https://www.bis.gov.in/product-certification/products-under-compulsory-certification/scheme-i-mark-scheme/?lang=en,IS 208
IS 4992:1975,Door handles for mortice lock (vertical type),Door Fittings,Door Fittings,Yes,"BIS Product Certification (ISI Mark, Scheme I)","99. Door Fittings (Quality Control) Order, 2023 S.O. 4646(E), dated 23rd October 2023",https://www.bis.gov.in/product-certification/products-under-compulsory-certification/scheme-i-mark-scheme/?lang=en,IS 4992
IS 17681:2022,Bottled water dispensers,Bottled Water Dispenser,Bottled Water Dispenser,Yes,"BIS Product Certification (ISI Mark, Scheme I)","100. Bottled Water Dispenser (Quality Control) Order, 2023 S.O. 4647(E), dated 23rd October 2023 Bottled Water Dispensers (Quality Control) Order, 2024 S.O. 2173(E), dated 03rd June 2024 Order for Goods & Articles Exemption against Import S.O. 775(E) Dated 13th February, 2026 Order for Goods & Articles Exemption against Purchase S.O. 776(E) Dated 13th February, 2026",https://www.bis.gov.in/product-certification/products-under-compulsory-certification/scheme-i-mark-scheme/?lang=en,IS 17681
IS 2266 : 2019,Steel Wire Ropes for General Engineering Purposes,"Steel Wires or Strands, Nylon or Wire Ropes and Wire mesh","Steel Wires or Strands, Nylon or Wire Ropes and Wire mesh",Yes,"BIS Product Certification (ISI Mark, Scheme I)","102. Steel Wires or Strands, Nylon or Wire Ropes and Wire mesh (Quality Control) Order, 2023 S.O. 5022(E), dated 21st November 2023 Steel Wires or Strands, Nylon or Wire Ropes and Wire mesh (Quality Control) Order, 2024 S.O. 2581(E), dated 03rd July 2024",https://www.bis.gov.in/product-certification/products-under-compulsory-certification/scheme-i-mark-scheme/?lang=en,IS 2266
IS 2365 : 2018,"Steel Wire Suspension Ropes for Lifts, Elevators and Hoists","Steel Wires or Strands, Nylon or Wire Ropes and Wire mesh","Steel Wires or Strands, Nylon or Wire Ropes and Wire mesh",Yes,"BIS Product Certification (ISI Mark, Scheme I)","102. Steel Wires or Strands, Nylon or Wire Ropes and Wire mesh (Quality Control) Order, 2023 S.O. 5022(E), dated 21st November 2023 Steel Wires or Strands, Nylon or Wire Ropes and Wire mesh (Quality Control) Order, 2024 S.O. 2581(E), dated 03rd July 2024",https://www.bis.gov.in/product-certification/products-under-compulsory-certification/scheme-i-mark-scheme/?lang=en,IS 2365
IS 1855:2022,Stranded steel wire ropes for winding and man –riding haulages in mines,"Steel Wires or Strands, Nylon or Wire Ropes and Wire mesh","Steel Wires or Strands, Nylon or Wire Ropes and Wire mesh",Yes,"BIS Product Certification (ISI Mark, Scheme I)","102. Steel Wires or Strands, Nylon or Wire Ropes and Wire mesh (Quality Control) Order, 2023 S.O. 5022(E), dated 21st November 2023 Steel Wires or Strands, Nylon or Wire Ropes and Wire mesh (Quality Control) Order, 2024 S.O. 2581(E), dated 03rd July 2024",https://www.bis.gov.in/product-certification/products-under-compulsory-certification/scheme-i-mark-scheme/?lang=en,IS 1855
IS 1856:2005,Steel Wire Rope forhaulage,"Steel Wires or Strands, Nylon or Wire Ropes and Wire mesh","Steel Wires or Strands, Nylon or Wire Ropes and Wire mesh",Yes,"BIS Product Certification (ISI Mark, Scheme I)","102. Steel Wires or Strands, Nylon or Wire Ropes and Wire mesh (Quality Control) Order, 2023 S.O. 5022(E), dated 21st November 2023 Steel Wires or Strands, Nylon or Wire Ropes and Wire mesh (Quality Control) Order, 2024 S.O. 2581(E), dated 03rd July 2024",https://www.bis.gov.in/product-certification/products-under-compulsory-certification/scheme-i-mark-scheme/?lang=en,IS 1856
IS 2141:20005,Hot Dip Galvanized Stay Strand,"Steel Wires or Strands, Nylon or Wire Ropes and Wire mesh","Steel Wires or Strands, Nylon or Wire Ropes and Wire mesh",Yes,"BIS Product Certification (ISI Mark, Scheme I)","102. Steel Wires or Strands, Nylon or Wire Ropes and Wire mesh (Quality Control) Order, 2023 S.O. 5022(E), dated 21st November 2023 Steel Wires or Strands, Nylon or Wire Ropes and Wire mesh (Quality Control) Order, 2024 S.O. 2581(E), dated 03rd July 2024",https://www.bis.gov.in/product-certification/products-under-compulsory-certification/scheme-i-mark-scheme/?lang=en,IS 2141
IS 4521:2001,Wire Ropes Used in Oil Wells and Oil Well Drilling,"Steel Wires or Strands, Nylon or Wire Ropes and Wire mesh","Steel Wires or Strands, Nylon or Wire Ropes and Wire mesh",Yes,"BIS Product Certification (ISI Mark, Scheme I)","102. Steel Wires or Strands, Nylon or Wire Ropes and Wire mesh (Quality Control) Order, 2023 S.O. 5022(E), dated 21st November 2023 Steel Wires or Strands, Nylon or Wire Ropes and Wire mesh (Quality Control) Order, 2024 S.O. 2581(E), dated 03rd July 2024",https://www.bis.gov.in/product-certification/products-under-compulsory-certification/scheme-i-mark-scheme/?lang=en,IS 4521
IS 6590:1972,Braided Nylon Ropes for Mountaineering Purposes,"Steel Wires or Strands, Nylon or Wire Ropes and Wire mesh","Steel Wires or Strands, Nylon or Wire Ropes and Wire mesh",Yes,"BIS Product Certification (ISI Mark, Scheme I)","102. Steel Wires or Strands, Nylon or Wire Ropes and Wire mesh (Quality Control) Order, 2023 S.O. 5022(E), dated 21st November 2023 Steel Wires or Strands, Nylon or Wire Ropes and Wire mesh (Quality Control) Order, 2024 S.O. 2581(E), dated 03rd July 2024",https://www.bis.gov.in/product-certification/products-under-compulsory-certification/scheme-i-mark-scheme/?lang=en,IS 6590
IS 278:2009,Galvanized Steel Barbed Wire for Fencing,"Steel Wires or Strands, Nylon or Wire Ropes and Wire mesh","Steel Wires or Strands, Nylon or Wire Ropes and Wire mesh",Yes,"BIS Product Certification (ISI Mark, Scheme I)","102. Steel Wires or Strands, Nylon or Wire Ropes and Wire mesh (Quality Control) Order, 2023 S.O. 5022(E), dated 21st November 2023 Steel Wires or Strands, Nylon or Wire Ropes and Wire mesh (Quality Control) Order, 2024 S.O. 2581(E), dated 03rd July 2024",https://www.bis.gov.in/product-certification/products-under-compulsory-certification/scheme-i-mark-scheme/?lang=en,IS 278
IS 16014:2018,"Mechanically Woven, Double- Twisted, Hexagonal Wire Mesh Gabions, Revet Mattresses and Rock Fall Netting and Other Rock Fall Netting and Other Products for Civil Engineering Purposes (Galvanized Steel Wire or Galvanized Steel Wire with polymer coating)","Steel Wires or Strands, Nylon or Wire Ropes and Wire mesh","Steel Wires or Strands, Nylon or Wire Ropes and Wire mesh",Yes,"BIS Product Certification (ISI Mark, Scheme I)","102. Steel Wires or Strands, Nylon or Wire Ropes and Wire mesh (Quality Control) Order, 2023 S.O. 5022(E), dated 21st November 2023 Steel Wires or Strands, Nylon or Wire Ropes and Wire mesh (Quality Control) Order, 2024 S.O. 2581(E), dated 03rd July 2024",https://www.bis.gov.in/product-certification/products-under-compulsory-certification/scheme-i-mark-scheme/?lang=en,IS 16014
IS 1269(Part 1) : 1997,Legal Metrology – Material Measure of length – Woven metallic and glass fibre tape measures,Material Measure of length,Material Measure of length,Yes,"BIS Product Certification (ISI Mark, Scheme I)","103. Legal Metrology – Material Measures of Length (Quality Control) Order, 2023 S.O. 5029(E), dated 21st November 2023",https://www.bis.gov.in/product-certification/products-under-compulsory-certification/scheme-i-mark-scheme/?lang=en,IS 1269
IS 1269(Part 2) : 1997,Legal Metrology – Material Measure of length – Steel tape measures,Material Measure of length,Material Measure of length,Yes,"BIS Product Certification (ISI Mark, Scheme I)","103. Legal Metrology – Material Measures of Length (Quality Control) Order, 2023 S.O. 5029(E), dated 21st November 2023",https://www.bis.gov.in/product-certification/products-under-compulsory-certification/scheme-i-mark-scheme/?lang=en,IS 1269
IS 9755 : 2021,Textiles—High Density Polyethylene (HDPE) /Polypropylene (PP) Woven Sacks for Packaging Fertilizers,Polyethylene Woven Sacks,Polyethylene Woven Sacks,Yes,"BIS Product Certification (ISI Mark, Scheme I)","104. Textiles—High Density Polyethylene (HDPE) /Polypropylene (PP) Woven Sacks for Packaging Fertilizers (Quality Control) Order, 2023 S.O. 5177(E), dated 06th December 2023 Textiles—High Density Polyethylene (HDPE) /Polypropylene (PP) Woven Sacks for Packaging Fertilizers (Quality Control) Amendment Order, 2024 S.O. 2180(E), dated 04th June 2024",https://www.bis.gov.in/product-certification/products-under-compulsory-certification/scheme-i-mark-scheme/?lang=en,IS 9755
IS 11652 : 2017,Textiles — High Density Polyethylene (HDPE)/ Polypropylene (PP) Woven Sacks for Packaging of 50 kg Cement,Polyethylene Woven Sacks,Polyethylene Woven Sacks,Yes,"BIS Product Certification (ISI Mark, Scheme I)","105. Textiles—High Density Polyethylene (HDPE) /Polypropylene (PP) Woven Sacks for Packaging of 50 kg Cement (Quality Control) Order, 2023 S.O. 5178(E), dated 06th December 2023 Textiles — High Density Polyethylene (HDPE)/ Polypropylene (PP) Woven Sacks for Packaging of 50 kg Cement (Quality Control) Amendment Order, 2024 S.O. 2181(E), dated 04th June 2024 Textiles — High Density Polyethylene (HDPE) /Polypropylene (PP) Woven Sacks for Packaging of 50 kg Cement (Quality Control) Second Amendment Order, 2024 S.O. 3938(E), dated 13th September 2024 Textiles — High Density Polyethylene (HDPE)/ Polypropylene (PP) Woven Sacks for Packaging of 50 kg Cement (Quality Control) Third Amendment Order, 2024 S.O. 5261(E), dated 06th December 2024 Textiles — High Density Polyethylene (Hdpe) / Polypropylene (Pp) Woven Sacks For Packaging Of 50 Kg Cement (Quality Control) Amendment Order, 2025 S.O.2551 (E) Dated 11 June, 2025 Textiles — High Density Polyethylene (HDPE) / Polypropylene (PP) Woven Sacks For Packaging Of 50 Kg Cement (Quality Control) Amendment Order, 2025 S.O.4066 (E) Dated 04 September, 2025 Textiles — High Density Polyethylene (HDPE) / Polypropylene (PP) Woven Sacks For Packaging Of 50 Kg Cement (Quality Control) Amendment Order, 2026 S.O.51(E) Dated 05 January, 2026",https://www.bis.gov.in/product-certification/products-under-compulsory-certification/scheme-i-mark-scheme/?lang=en,IS 11652
IS 16709 : 2017,"Textiles — Polypropylene (PP) Woven, Laminated, Block Bottom Valve Sacks for Packaging of 50 kg Cement",Polyethylene Woven Sacks,Polyethylene Woven Sacks,Yes,"BIS Product Certification (ISI Mark, Scheme I)","106. Textiles—Polypropylene (PP) Woven, Laminated, Block Bottom Valve Sacks for Packaging of 50 kg Cement (Quality Control) Order, 2023 S.O. 5179(E), dated 06th December 2023 Textiles — Polypropylene (PP) Woven, Laminated, Block Bottom Valve Sacks for Packaging of 50 kg Cement (Quality Control) Amendment Order, 2024 S.O. 2182(E), dated 04th June 2024 Textiles — Polypropylene (PP) Woven, Laminated, Block Bottom Valve Sacks for Packaging of 50 kg Cement (Quality Control) Second Amendment Order, 2024 S.O. 3939(E), dated 13th September 2024 Textiles — Polypropylene (PP) Woven, Laminated, Block Bottom Valve Sacks for Packaging of 50 kg Cement (Quality Control) Third Amendment Order, 2024 S.O. 5262(E), dated 06th December 2024 Textiles —Polypropylene (Pp) Woven, Laminated, Block Bottom Valve Sacks For Packaging 50 Kg Cement (Quality Control) Amendment Order, 2025 ​S.O.2552 (E) Dated 11 June, 2025 Textiles —Polypropylene (PP) Woven, Laminated, Block Bottom Valve Sacks For Packaging 50 Kg Cement (Quality Control) Amendment Order, 2025 S.O.4067 (E) Dated 04 September, 2025 Textiles —Polypropylene (PP) Woven, Laminated, Block Bottom Valve Sacks For Packaging 50 Kg Cement (Quality Control) Amendment Order, 2026 S.O.52(E) Dated 05 January, 2026",https://www.bis.gov.in/product-certification/products-under-compulsory-certification/scheme-i-mark-scheme/?lang=en,IS 16709
IS 16703 : 2017,Textiles — High Density Polyethylene (HDPE) Polypropylene (PP) Woven Sacks for Packaging of 25 kg Polymer Materials,Polyethylene Woven Sacks,Polyethylene Woven Sacks,Yes,"BIS Product Certification (ISI Mark, Scheme I)","107. Textiles— High Density Polyethylene (HDPE) Polypropylene (PP) Woven Sacks for Packaging of 25 kg Polymer Materials (Quality Control) Order, 2023 S.O. 5180(E), dated 06th December 2023",https://www.bis.gov.in/product-certification/products-under-compulsory-certification/scheme-i-mark-scheme/?lang=en,IS 16703
IS 17399 : 2020,"Textiles — Polypropylene (PP)/ High Density Polyethylene (HDPE) Laminated Woven Sacks for Mail Sorting, Storage, Transport and Distribution",Polyethylene Woven Sacks,Polyethylene Woven Sacks,Yes,"BIS Product Certification (ISI Mark, Scheme I)","108. Textiles— Polypropylene (PP)/High Density Polyethylene (HDPE) Laminated Woven Sacks for Mail Sorting, Storage, Transport and Distribution (Quality Control) Order, 2023 S.O. 5181(E), dated 06th December 2023 Textiles — Polypropylene (PP)/High Density Polyethylene (HDPE) Laminated Woven Sacks for Mail Sorting, Storage, Transport and Distribution (Quality Control) Amendment Order, 2024 S.O. 2183(E), dated 04th June 2024 Textiles — Polypropylene (PP)/ High Density Polyethylene (HDPE) Laminated Woven Sacks for Mail Sorting, Storage, Transport and Distribution (Quality Control) Second Amendment Order, 2024 S.O. 3940(E), dated 13th September 2024 Textiles — Polypropylene (PP) Woven, Laminated, Block Bottom Valve Sacks for Packaging of 50 kg Cement (Quality Control) Third Amendment Order, 2024 S.O. 5263(E), dated 06th December 2024 Texiles —Polypropylene (Pp)/ High Density Polyethylene (Hdpe) Laminated Woven Sacks For Mail Sorting, Storage, Transport And Distribution (Quality Control) Amendment Order, 2025 S.O.2553 (E) Dated 11 June, 2025 Texiles —Polypropylene (PP)/ High Density Polyethylene (HDPE) Laminated Woven Sacks For Mail Sorting, Storage, Transport And Distribution (Quality Control) Amendment Order, 2025 S.O.4068 (E) Dated 04 September, 2025 Texiles —Polypropylene (PP)/ High Density Polyethylene (HDPE) Laminated Woven Sacks For Mail Sorting, Storage, Transport And Distribution (Quality Control) Amendment Order, 2026 S.O.53(E) Dated 05 January, 2026",https://www.bis.gov.in/product-certification/products-under-compulsory-certification/scheme-i-mark-scheme/?lang=en,IS 17399
IS 550 (Part 1) : 2014,Safes,"Safes, Safe Deposit Locker Cabinets and key locks","Safes, Safe Deposit Locker Cabinets and key locks",Yes,"BIS Product Certification (ISI Mark, Scheme I)","109. Safes, Safe Deposit Locker Cabinets and key locks (Quality Control) Order, 2023 S.O. 5293(E), dated 08th December 2023",https://www.bis.gov.in/product-certification/products-under-compulsory-certification/scheme-i-mark-scheme/?lang=en,IS 550
IS 5244 : 2020,Safe deposit locker cabinets,"Safes, Safe Deposit Locker Cabinets and key locks","Safes, Safe Deposit Locker Cabinets and key locks",Yes,"BIS Product Certification (ISI Mark, Scheme I)","109. Safes, Safe Deposit Locker Cabinets and key locks (Quality Control) Order, 2023 S.O. 5293(E), dated 08th December 2023",https://www.bis.gov.in/product-certification/products-under-compulsory-certification/scheme-i-mark-scheme/?lang=en,IS 5244
IS 17566 : 2021,Key locks for security equipment,"Safes, Safe Deposit Locker Cabinets and key locks","Safes, Safe Deposit Locker Cabinets and key locks",Yes,"BIS Product Certification (ISI Mark, Scheme I)","109. Safes, Safe Deposit Locker Cabinets and key locks (Quality Control) Order, 2023 S.O. 5293(E), dated 08th December 2023",https://www.bis.gov.in/product-certification/products-under-compulsory-certification/scheme-i-mark-scheme/?lang=en,IS 17566
IS 12817:2020,Stainless steel butt hinges,Hinges,Hinges,Yes,"BIS Product Certification (ISI Mark, Scheme I)","110. Hinges (Quality Control) Order, 2023 S.O. 5294(E), dated 08th December 2023 Hinges (Quality Control) Order, 2024 S.O. 2982(E), dated 26th July 2024 Hinges (Quality Control) Order, 2025 S.O.1368 (E). Dated 24 March, 2025 Order for Goods & Articles Exemption against Import S.O. 775(E) Dated 13th February, 2026 Order for Goods & Articles Exemption against Purchase S.O. 776(E) Dated 13th February, 2026 Transition Facilitation (Quality Control) Order, 2026 S.O. 3417 (E) Dated 25 June, 2026",https://www.bis.gov.in/product-certification/products-under-compulsory-certification/scheme-i-mark-scheme/?lang=en,IS 12817
IS 1341:2018,Steel Butt Hinges,Hinges,Hinges,Yes,"BIS Product Certification (ISI Mark, Scheme I)","110. Hinges (Quality Control) Order, 2023 S.O. 5294(E), dated 08th December 2023 Hinges (Quality Control) Order, 2024 S.O. 2982(E), dated 26th July 2024 Hinges (Quality Control) Order, 2025 S.O.1368 (E). Dated 24 March, 2025 Order for Goods & Articles Exemption against Import S.O. 775(E) Dated 13th February, 2026 Order for Goods & Articles Exemption against Purchase S.O. 776(E) Dated 13th February, 2026 Transition Facilitation (Quality Control) Order, 2026 S.O. 3417 (E) Dated 25 June, 2026",https://www.bis.gov.in/product-certification/products-under-compulsory-certification/scheme-i-mark-scheme/?lang=en,IS 1341
IS 205:1992,Non-ferrous metal butt hinges,Hinges,Hinges,Yes,"BIS Product Certification (ISI Mark, Scheme I)","110. Hinges (Quality Control) Order, 2023 S.O. 5294(E), dated 08th December 2023 Hinges (Quality Control) Order, 2024 S.O. 2982(E), dated 26th July 2024 Hinges (Quality Control) Order, 2025 S.O.1368 (E). Dated 24 March, 2025 Order for Goods & Articles Exemption against Import S.O. 775(E) Dated 13th February, 2026 Order for Goods & Articles Exemption against Purchase S.O. 776(E) Dated 13th February, 2026 Transition Facilitation (Quality Control) Order, 2026 S.O. 3417 (E) Dated 25 June, 2026",https://www.bis.gov.in/product-certification/products-under-compulsory-certification/scheme-i-mark-scheme/?lang=en,IS 205
IS 206:2010,Tee and strap hinges,Hinges,Hinges,Yes,"BIS Product Certification (ISI Mark, Scheme I)","110. Hinges (Quality Control) Order, 2023 S.O. 5294(E), dated 08th December 2023 Hinges (Quality Control) Order, 2024 S.O. 2982(E), dated 26th July 2024 Hinges (Quality Control) Order, 2025 S.O.1368 (E). Dated 24 March, 2025 Order for Goods & Articles Exemption against Import S.O. 775(E) Dated 13th February, 2026 Order for Goods & Articles Exemption against Purchase S.O. 776(E) Dated 13th February, 2026 Transition Facilitation (Quality Control) Order, 2026 S.O. 3417 (E) Dated 25 June, 2026",https://www.bis.gov.in/product-certification/products-under-compulsory-certification/scheme-i-mark-scheme/?lang=en,IS 206
IS 362:1991,Parliament hinges,Hinges,Hinges,Yes,"BIS Product Certification (ISI Mark, Scheme I)","110. Hinges (Quality Control) Order, 2023 S.O. 5294(E), dated 08th December 2023 Hinges (Quality Control) Order, 2024 S.O. 2982(E), dated 26th July 2024 Hinges (Quality Control) Order, 2025 S.O.1368 (E). Dated 24 March, 2025 Order for Goods & Articles Exemption against Import S.O. 775(E) Dated 13th February, 2026 Order for Goods & Articles Exemption against Purchase S.O. 776(E) Dated 13th February, 2026 Transition Facilitation (Quality Control) Order, 2026 S.O. 3417 (E) Dated 25 June, 2026",https://www.bis.gov.in/product-certification/products-under-compulsory-certification/scheme-i-mark-scheme/?lang=en,IS 362
IS 3818:1992,Continuous (Piano) hinges,Hinges,Hinges,Yes,"BIS Product Certification (ISI Mark, Scheme I)","110. Hinges (Quality Control) Order, 2023 S.O. 5294(E), dated 08th December 2023 Hinges (Quality Control) Order, 2024 S.O. 2982(E), dated 26th July 2024 Hinges (Quality Control) Order, 2025 S.O.1368 (E). Dated 24 March, 2025 Order for Goods & Articles Exemption against Import S.O. 775(E) Dated 13th February, 2026 Order for Goods & Articles Exemption against Purchase S.O. 776(E) Dated 13th February, 2026 Transition Facilitation (Quality Control) Order, 2026 S.O. 3417 (E) Dated 25 June, 2026",https://www.bis.gov.in/product-certification/products-under-compulsory-certification/scheme-i-mark-scheme/?lang=en,IS 3818
IS 3843:1995,Steel back flap hinges,Hinges,Hinges,Yes,"BIS Product Certification (ISI Mark, Scheme I)","110. Hinges (Quality Control) Order, 2023 S.O. 5294(E), dated 08th December 2023 Hinges (Quality Control) Order, 2024 S.O. 2982(E), dated 26th July 2024 Hinges (Quality Control) Order, 2025 S.O.1368 (E). Dated 24 March, 2025 Order for Goods & Articles Exemption against Import S.O. 775(E) Dated 13th February, 2026 Order for Goods & Articles Exemption against Purchase S.O. 776(E) Dated 13th February, 2026 Transition Facilitation (Quality Control) Order, 2026 S.O. 3417 (E) Dated 25 June, 2026",https://www.bis.gov.in/product-certification/products-under-compulsory-certification/scheme-i-mark-scheme/?lang=en,IS 3843
IS 453:1993,Double-acting spring hinges,Hinges,Hinges,Yes,"BIS Product Certification (ISI Mark, Scheme I)","110. Hinges (Quality Control) Order, 2023 S.O. 5294(E), dated 08th December 2023 Hinges (Quality Control) Order, 2024 S.O. 2982(E), dated 26th July 2024 Hinges (Quality Control) Order, 2025 S.O.1368 (E). Dated 24 March, 2025 Order for Goods & Articles Exemption against Import S.O. 775(E) Dated 13th February, 2026 Order for Goods & Articles Exemption against Purchase S.O. 776(E) Dated 13th February, 2026 Transition Facilitation (Quality Control) Order, 2026 S.O. 3417 (E) Dated 25 June, 2026",https://www.bis.gov.in/product-certification/products-under-compulsory-certification/scheme-i-mark-scheme/?lang=en,IS 453
IS 18297:2023,Cabinet hinges,Hinges,Hinges,Yes,"BIS Product Certification (ISI Mark, Scheme I)","110. Hinges (Quality Control) Order, 2023 S.O. 5294(E), dated 08th December 2023 Hinges (Quality Control) Order, 2024 S.O. 2982(E), dated 26th July 2024 Hinges (Quality Control) Order, 2025 S.O.1368 (E). Dated 24 March, 2025 Order for Goods & Articles Exemption against Import S.O. 775(E) Dated 13th February, 2026 Order for Goods & Articles Exemption against Purchase S.O. 776(E) Dated 13th February, 2026 Transition Facilitation (Quality Control) Order, 2026 S.O. 3417 (E) Dated 25 June, 2026",https://www.bis.gov.in/product-certification/products-under-compulsory-certification/scheme-i-mark-scheme/?lang=en,IS 18297
IS 2414:2005,Cycle and Rickshaw Pneumatic Tyres,Cycle and Rickshaw Tyres and Tubes,Cycle and Rickshaw Tyres and Tubes,Yes,"BIS Product Certification (ISI Mark, Scheme I)","111. Cycle and Rickshaw Tyres and Tubes (Quality Control) Order, 2023 S.O. 5323(E), dated 11th December 2023",https://www.bis.gov.in/product-certification/products-under-compulsory-certification/scheme-i-mark-scheme/?lang=en,IS 2414
IS 2415 :2015,Cycle – Rubber Tubes (Moulded or Jointed),Cycle and Rickshaw Tyres and Tubes,Cycle and Rickshaw Tyres and Tubes,Yes,"BIS Product Certification (ISI Mark, Scheme I)","111. Cycle and Rickshaw Tyres and Tubes (Quality Control) Order, 2023 S.O. 5323(E), dated 11th December 2023",https://www.bis.gov.in/product-certification/products-under-compulsory-certification/scheme-i-mark-scheme/?lang=en,IS 2415
IS 7466 :1994,Rubber Gaskets for Pressure Cookers,Rubber Gaskets for Pressure Cookers,Rubber Gaskets for Pressure Cookers,Yes,"BIS Product Certification (ISI Mark, Scheme I)","112. Rubber Gaskets for Pressure Cookers (Quality Control) Order, 2023 S.O. 5371(E), dated 14th December 2023",https://www.bis.gov.in/product-certification/products-under-compulsory-certification/scheme-i-mark-scheme/?lang=en,IS 7466
IS 878 :2008,Laboratory glassware – Graduated measuring cylinders,Laboratory Glassware,Laboratory Glassware,Yes,"BIS Product Certification (ISI Mark, Scheme I)","113. Laboratory Glassware (Quality Control) Order, 2023 S.O. 44(E), dated 1st January 2024 Laboratory Glassware (Quality Control) Amendment Order, 2024 S.O. 5358(E), dated 11th December 2024 Amendment in the Quality Control Order Order for Goods & Articles Exemption against Import S.O. 775(E) Dated 13th February, 2026 Amendment in the Quality Control Order Order for Goods & Articles Exemption against Purchase S.O. 776(E) Dated 13th February, 2026 Amendment in the Quality Control Order S.O. 777(E) Dated 13th February, 2026",https://www.bis.gov.in/product-certification/products-under-compulsory-certification/scheme-i-mark-scheme/?lang=en,IS 878
IS 915:2012,Laboratory glassware – One – Mark volumetric flasks,Laboratory Glassware,Laboratory Glassware,Yes,"BIS Product Certification (ISI Mark, Scheme I)","113. Laboratory Glassware (Quality Control) Order, 2023 S.O. 44(E), dated 1st January 2024 Laboratory Glassware (Quality Control) Amendment Order, 2024 S.O. 5358(E), dated 11th December 2024 Amendment in the Quality Control Order Order for Goods & Articles Exemption against Import S.O. 775(E) Dated 13th February, 2026 Amendment in the Quality Control Order Order for Goods & Articles Exemption against Purchase S.O. 776(E) Dated 13th February, 2026 Amendment in the Quality Control Order S.O. 777(E) Dated 13th February, 2026",https://www.bis.gov.in/product-certification/products-under-compulsory-certification/scheme-i-mark-scheme/?lang=en,IS 915
IS 1381 (Part 1):2003,Laboratory glassware – Narrow-necked boiling flasks,Laboratory Glassware,Laboratory Glassware,Yes,"BIS Product Certification (ISI Mark, Scheme I)","113. Laboratory Glassware (Quality Control) Order, 2023 S.O. 44(E), dated 1st January 2024 Laboratory Glassware (Quality Control) Amendment Order, 2024 S.O. 5358(E), dated 11th December 2024 Amendment in the Quality Control Order Order for Goods & Articles Exemption against Import S.O. 775(E) Dated 13th February, 2026 Amendment in the Quality Control Order Order for Goods & Articles Exemption against Purchase S.O. 776(E) Dated 13th February, 2026 Amendment in the Quality Control Order S.O. 777(E) Dated 13th February, 2026",https://www.bis.gov.in/product-certification/products-under-compulsory-certification/scheme-i-mark-scheme/?lang=en,IS 1381
IS 1117:2018,Laboratory glassware – Single volume pipettes,Laboratory Glassware,Laboratory Glassware,Yes,"BIS Product Certification (ISI Mark, Scheme I)","113. Laboratory Glassware (Quality Control) Order, 2023 S.O. 44(E), dated 1st January 2024 Laboratory Glassware (Quality Control) Amendment Order, 2024 S.O. 5358(E), dated 11th December 2024 Amendment in the Quality Control Order Order for Goods & Articles Exemption against Import S.O. 775(E) Dated 13th February, 2026 Amendment in the Quality Control Order Order for Goods & Articles Exemption against Purchase S.O. 776(E) Dated 13th February, 2026 Amendment in the Quality Control Order S.O. 777(E) Dated 13th February, 2026",https://www.bis.gov.in/product-certification/products-under-compulsory-certification/scheme-i-mark-scheme/?lang=en,IS 1117
IS 2619:2018,Glass beakers,Laboratory Glassware,Laboratory Glassware,Yes,"BIS Product Certification (ISI Mark, Scheme I)","113. Laboratory Glassware (Quality Control) Order, 2023 S.O. 44(E), dated 1st January 2024 Laboratory Glassware (Quality Control) Amendment Order, 2024 S.O. 5358(E), dated 11th December 2024 Amendment in the Quality Control Order Order for Goods & Articles Exemption against Import S.O. 775(E) Dated 13th February, 2026 Amendment in the Quality Control Order Order for Goods & Articles Exemption against Purchase S.O. 776(E) Dated 13th February, 2026 Amendment in the Quality Control Order S.O. 777(E) Dated 13th February, 2026",https://www.bis.gov.in/product-certification/products-under-compulsory-certification/scheme-i-mark-scheme/?lang=en,IS 2619
IS 14772: 2020,Boxes and Enclosures for Electrical Accessories for Household and Similar Fixed Electrical Installations,Electrical Accessories,Electrical Accessories,Yes,"BIS Product Certification (ISI Mark, Scheme I)","Electrical Accessories (Quality Control) Order, 2023 S.O. 43(E), dated 1st January 2024 Electrical Accessories (Quality Control) Amendment, 2026 S.O. 187(E) Dated 13 January, 2026 Order for Goods & Articles Exemption against Import S.O. 775(E) Dated 13th February, 2026 Order for Goods & Articles Exemption against Purchase S.O. 776(E) Dated 13th February, 2026",https://www.bis.gov.in/product-certification/products-under-compulsory-certification/scheme-i-mark-scheme/?lang=en,IS 14772
IS 14927 (Part 2): 2001,Cable Trunking and Ducting Systems for Electrical Installations – Cable Trunking and Ducting Systems Intended for Mounting on Walls or Ceiling,Electrical Accessories,Electrical Accessories,Yes,"BIS Product Certification (ISI Mark, Scheme I)","Electrical Accessories (Quality Control) Order, 2023 S.O. 43(E), dated 1st January 2024 Electrical Accessories (Quality Control) Amendment, 2026 S.O. 187(E) Dated 13 January, 2026 Order for Goods & Articles Exemption against Import S.O. 775(E) Dated 13th February, 2026 Order for Goods & Articles Exemption against Purchase S.O. 776(E) Dated 13th February, 2026",https://www.bis.gov.in/product-certification/products-under-compulsory-certification/scheme-i-mark-scheme/?lang=en,IS 14927
IS 1258: 2005,Bayonet Lamp Holders,Electrical Accessories,Electrical Accessories,Yes,"BIS Product Certification (ISI Mark, Scheme I)","Electrical Accessories (Quality Control) Order, 2023 S.O. 43(E), dated 1st January 2024 Electrical Accessories (Quality Control) Amendment, 2026 S.O. 187(E) Dated 13 January, 2026 Order for Goods & Articles Exemption against Import S.O. 775(E) Dated 13th February, 2026 Order for Goods & Articles Exemption against Purchase S.O. 776(E) Dated 13th February, 2026",https://www.bis.gov.in/product-certification/products-under-compulsory-certification/scheme-i-mark-scheme/?lang=en,IS 1258
IS 15787: 2008,Switch-socket-outlets (non-interlock type),Electrical Accessories,Electrical Accessories,Yes,"BIS Product Certification (ISI Mark, Scheme I)","Electrical Accessories (Quality Control) Order, 2023 S.O. 43(E), dated 1st January 2024 Electrical Accessories (Quality Control) Amendment, 2026 S.O. 187(E) Dated 13 January, 2026 Order for Goods & Articles Exemption against Import S.O. 775(E) Dated 13th February, 2026 Order for Goods & Articles Exemption against Purchase S.O. 776(E) Dated 13th February, 2026",https://www.bis.gov.in/product-certification/products-under-compulsory-certification/scheme-i-mark-scheme/?lang=en,IS 15787
IS 13774:2021,Live Working Gloves of Insulating Material,Electrical Accessories,Electrical Accessories,Yes,"BIS Product Certification (ISI Mark, Scheme I)","Electrical Accessories (Quality Control) Order, 2023 S.O. 43(E), dated 1st January 2024 Electrical Accessories (Quality Control) Amendment, 2026 S.O. 187(E) Dated 13 January, 2026 Order for Goods & Articles Exemption against Import S.O. 775(E) Dated 13th February, 2026 Order for Goods & Articles Exemption against Purchase S.O. 776(E) Dated 13th February, 2026",https://www.bis.gov.in/product-certification/products-under-compulsory-certification/scheme-i-mark-scheme/?lang=en,IS 13774
IS 15652:2006,Insulating Mats for Electrical Purposes,Electrical Accessories,Electrical Accessories,Yes,"BIS Product Certification (ISI Mark, Scheme I)","Electrical Accessories (Quality Control) Order, 2023 S.O. 43(E), dated 1st January 2024 Electrical Accessories (Quality Control) Amendment, 2026 S.O. 187(E) Dated 13 January, 2026 Order for Goods & Articles Exemption against Import S.O. 775(E) Dated 13th February, 2026 Order for Goods & Articles Exemption against Purchase S.O. 776(E) Dated 13th February, 2026",https://www.bis.gov.in/product-certification/products-under-compulsory-certification/scheme-i-mark-scheme/?lang=en,IS 15652
IS 7809 (Part3/ Sec1): 1986,Specification for Pressure sensitive adhesive insulating tapes for electrical purposes- Part 3 requirements or individual materials – Sec 1 plasticized polyvinylchloride tapes with non- Thermosetting adhesive,Electrical Accessories,Electrical Accessories,Yes,"BIS Product Certification (ISI Mark, Scheme I)","Electrical Accessories (Quality Control) Order, 2023 S.O. 43(E), dated 1st January 2024 Electrical Accessories (Quality Control) Amendment, 2026 S.O. 187(E) Dated 13 January, 2026 Order for Goods & Articles Exemption against Import S.O. 775(E) Dated 13th February, 2026 Order for Goods & Articles Exemption against Purchase S.O. 776(E) Dated 13th February, 2026",https://www.bis.gov.in/product-certification/products-under-compulsory-certification/scheme-i-mark-scheme/?lang=en,IS 7809
IS 16012: 2012,Poly- Laminated aluminium cable wrap,Electrical Accessories,Electrical Accessories,Yes,"BIS Product Certification (ISI Mark, Scheme I)","Electrical Accessories (Quality Control) Order, 2023 S.O. 43(E), dated 1st January 2024 Electrical Accessories (Quality Control) Amendment, 2026 S.O. 187(E) Dated 13 January, 2026 Order for Goods & Articles Exemption against Import S.O. 775(E) Dated 13th February, 2026 Order for Goods & Articles Exemption against Purchase S.O. 776(E) Dated 13th February, 2026",https://www.bis.gov.in/product-certification/products-under-compulsory-certification/scheme-i-mark-scheme/?lang=en,IS 16012
IS 17658:2021,Poly Vinyl Chloride (PVC) Homopolymers,Poly Vinyl Chloride (PVC) Homopolymers,Poly Vinyl Chloride (PVC) Homopolymers,Yes,"BIS Product Certification (ISI Mark, Scheme I)","Poly Vinyl Chloride (PVC) Homopolymers (Quality Control) Order, 2024 S.O. 920(E), dated 26th February 2024 Poly Vinyl Chloride (PVC) Homopolymers (Quality Control) Amendment Order, 2024 S.O. 3595(E), dated 23rd August 2024 Poly Vinyl Chloride (PVC) Homopolymers (Quality Control) Order Third Amendment Order, 2024 S.O. 5552(E), dated 24th December 2024 Poly Vinyl Chloride (PVC) Homopolymers (Quality Control) Amendment Order, 2025. S.O.2746 (E) Dated 20 June, 2025 Rescind order of Poly Vinyl Chloride (PVC) Homopolymers (Quality Control) Order, 2024 S.O. 5139 (E) Dated 12 November, 2025",https://www.bis.gov.in/product-certification/products-under-compulsory-certification/scheme-i-mark-scheme/?lang=en,IS 17658
IS 10951: 2020,Polypropylene (PP) Materials for Moulding and Extrusion,Polypropylene (PP) Materials for Moulding and Extrusion,Polypropylene (PP) Materials for Moulding and Extrusion,Yes,"BIS Product Certification (ISI Mark, Scheme I)","Polypropylene (PP) Materials for Moulding and Extrusion (Quality Control) Order, 2024 S.O. 921(E), dated 26th February 2024 Polypropylene (PP) Materials for Moulding and Extrusion (Quality Control) Amendment Order, 2024 S.O. 3594(E), dated 23rd August 2024 Polypropylene (PP) Materials for Mouldingand Extrusion (Quality Control) Order Third Amendment Order, 2024 S.O. 5553(E), dated 24th December 2024 Polypropylene (PP) Materials for Moulding and Extrusion (Quality Control) Amendment Order, 2025 S.O.2788 (E) Dated 23 June, 2025 Polypropylene (PP) Materials for Moulding and Extrusion (Quality Control) Second Amendment Order, 2025 S.O.4779 (E) Dated 22 October, 2025 Rescind order of Polypropylene (PP) Materials for Moulding and Extrusion (Quality Control) Order, 2024 S.O. 5138 (E) Dated 12 November, 2025",https://www.bis.gov.in/product-certification/products-under-compulsory-certification/scheme-i-mark-scheme/?lang=en,IS 10951
IS 17042 (Part-1): 2018,Diesel Engines – NOx Reduction Agent AUS 32,Diesel Engines – NOx Reduction Agent AUS 32,Diesel Engines – NOx Reduction Agent AUS 32,Yes,"BIS Product Certification (ISI Mark, Scheme I)","114. Diesel Engines – NOx Reduction Agent AUS 32 (Quality Control) Order, 2024 S.O. 922(E), dated 26th February 2024",https://www.bis.gov.in/product-certification/products-under-compulsory-certification/scheme-i-mark-scheme/?lang=en,IS 17042
IS 3315:2019,Evaporative Air Coolers (Desert Coolers),Air Cooler and Air Filters,Air Cooler and Air Filters,Yes,"BIS Product Certification (ISI Mark, Scheme I)","115. Air Cooler and Air Filters (Quality Control) Order, 2023 S.O. 1114(E), dated 05th March 2024 Air Cooler and Air Filters (Quality Control) Order, 2025 S.O. 529(E), dated 30th January 2025 Amendment in the Quality Control Order S.O. 777(E) Dated 13th February, 2026 Order for Goods & Articles Exemption against Import S.O. 775(E) Dated 13th February, 2026 Order for Goods & Articles Exemption against Purchase S.O. 776(E) Dated 13th February, 2026 Amendment in the Quality Control Order S.O. 777(E) Dated 13th February, 2026",https://www.bis.gov.in/product-certification/products-under-compulsory-certification/scheme-i-mark-scheme/?lang=en,IS 3315
IS 17570 (Part 1): 2021 ISO 16890-2: 2016,Air Filters for general ventilation – Technical specifications requirements and classification system based upon particulate matter efficiency (ePM),Air Cooler and Air Filters,Air Cooler and Air Filters,Yes,"BIS Product Certification (ISI Mark, Scheme I)","115. Air Cooler and Air Filters (Quality Control) Order, 2023 S.O. 1114(E), dated 05th March 2024 Air Cooler and Air Filters (Quality Control) Order, 2025 S.O. 529(E), dated 30th January 2025 Amendment in the Quality Control Order S.O. 777(E) Dated 13th February, 2026 Order for Goods & Articles Exemption against Import S.O. 775(E) Dated 13th February, 2026 Order for Goods & Articles Exemption against Purchase S.O. 776(E) Dated 13th February, 2026 Amendment in the Quality Control Order S.O. 777(E) Dated 13th February, 2026",https://www.bis.gov.in/product-certification/products-under-compulsory-certification/scheme-i-mark-scheme/?lang=en,IS 17570
IS 302 (Part 2/Sec 9): 2009,"Safety of household and similar electrical appliances – particular requirements – toasters, grills, roasters and similar appliances",Electrical Appliances,Electrical Appliances,Yes,"BIS Product Certification (ISI Mark, Scheme I)","116. Electrical Appliances for Kitchen (Quality Control) Order, 2023 S.O. 1128(E), dated 05th March 2024 Order for Goods & Articles Exemption against Import S.O. 775(E) Dated 13th February, 2026 Order for Goods & Articles Exemption against Purchase S.O. 776(E) Dated 13th February, 2026",https://www.bis.gov.in/product-certification/products-under-compulsory-certification/scheme-i-mark-scheme/?lang=en,IS 302
IS 302 (Part 2/Sec 31): 2009,Safety of household and similar electrical appliances – particular requirements – range hoods,Electrical Appliances,Electrical Appliances,Yes,"BIS Product Certification (ISI Mark, Scheme I)","116. Electrical Appliances for Kitchen (Quality Control) Order, 2023 S.O. 1128(E), dated 05th March 2024 Order for Goods & Articles Exemption against Import S.O. 775(E) Dated 13th February, 2026 Order for Goods & Articles Exemption against Purchase S.O. 776(E) Dated 13th February, 2026",https://www.bis.gov.in/product-certification/products-under-compulsory-certification/scheme-i-mark-scheme/?lang=en,IS 302
IS 302 (Part 2/Sec 23): 2009,Safety of household and similar electrical appliances – particular requirements – appliances for skin or hair care,Electrical Appliances,Electrical Appliances,Yes,"BIS Product Certification (ISI Mark, Scheme I)","117. Electrical Appliances for Skin or Hair care (Quality Control) Order, 2023 S.O. 1125(E), dated 05th March 2024 Order for Goods & Articles Exemption against Import S.O. 775(E) Dated 13th February, 2026 Order for Goods & Articles Exemption against Purchase S.O. 776(E) Dated 13th February, 2026",https://www.bis.gov.in/product-certification/products-under-compulsory-certification/scheme-i-mark-scheme/?lang=en,IS 302
IS 302 (Part 2/ Sec 80): 2017,Household and similar electrical appliances – Safety – particular requirements for fans,Electrical Appliances,Electrical Appliances,Yes,"BIS Product Certification (ISI Mark, Scheme I)","118. Electrical appliance fans (Quality Control) Order, 2023 S.O. 1124(E), dated 05th March 2024 Order for Goods & Articles Exemption against Import S.O. 775(E) Dated 13th February, 2026 Order for Goods & Articles Exemption against Purchase S.O. 776(E) Dated 13th February, 2026",https://www.bis.gov.in/product-certification/products-under-compulsory-certification/scheme-i-mark-scheme/?lang=en,IS 302
IS 302 (Part 2/Sec 75): 2018,Safety of Household and Similar Electrical Appliances – Particular Requirements – Commercial Dispensing Appliances and Vending Machines,Electrical Appliances,Electrical Appliances,Yes,"BIS Product Certification (ISI Mark, Scheme I)","119. Electrical appliance for commercial dispensing and vending (Quality Control) Order, 2023 S.O. 1127(E), dated 05th March 2024 Electrical Appliances for Commercial Dispensing and Vending (Quality Control) Order, 2024 S.O. 4568(E), dated 18th October 2024 Electrical Appliances for Commercial Dispensing and Vending (Quality Control) Order, 2025 S.O.2283(E) Dated 21 May, 2025 Order for Goods & Articles Exemption against Import S.O. 775(E) Dated 13th February, 2026 Order for Goods & Articles Exemption against Purchase S.O. 776(E) Dated 13th February, 2026",https://www.bis.gov.in/product-certification/products-under-compulsory-certification/scheme-i-mark-scheme/?lang=en,IS 302
IS 302 (Part 2/Sec 7): 2010,Safety of household and similar electrical appliances – particular requirements – domestic electric clothes washing machines,Electrical Appliances,Electrical Appliances,Yes,"BIS Product Certification (ISI Mark, Scheme I)","120. Electrical appliance for domestic clothes washing (Quality Control) Order, 2023 S.O. 1126(E), dated 05th March 2024 Electrical appliances for domestic clothes washing (Quality Control) Order 2024 S.O. 4815(E), dated 05th November 2024 Order for Goods & Articles Exemption against Import S.O. 775(E) Dated 13th February, 2026 Order for Goods & Articles Exemption against Purchase S.O. 776(E) Dated 13th February, 2026 Transition Facilitation (Quality Control) Order, 2026 S.O. 3417 (E) Dated 25 June, 2026",https://www.bis.gov.in/product-certification/products-under-compulsory-certification/scheme-i-mark-scheme/?lang=en,IS 302
IS 459:1992,Corrugated and Semi – Corrugated Asbestos Cement Sheets,Asbestos or Fibre Cement based Products,Asbestos or Fibre Cement based Products,Yes,"BIS Product Certification (ISI Mark, Scheme I)","121. Asbestos or Fibre Cement based Products (Quality Control) Order, 2024 S.O. 1152(E), dated 06th March 2024 Order for Goods & Articles Exemption against Import S.O. 775(E) Dated 13th February, 2026 Order for Goods & Articles Exemption against Purchase S.O. 776(E) Dated 13th February, 2026",https://www.bis.gov.in/product-certification/products-under-compulsory-certification/scheme-i-mark-scheme/?lang=en,IS 459
IS 1592:2003,Asbestos Cement Pressure Pipes and Joints,Asbestos or Fibre Cement based Products,Asbestos or Fibre Cement based Products,Yes,"BIS Product Certification (ISI Mark, Scheme I)","121. Asbestos or Fibre Cement based Products (Quality Control) Order, 2024 S.O. 1152(E), dated 06th March 2024 Order for Goods & Articles Exemption against Import S.O. 775(E) Dated 13th February, 2026 Order for Goods & Articles Exemption against Purchase S.O. 776(E) Dated 13th February, 2026",https://www.bis.gov.in/product-certification/products-under-compulsory-certification/scheme-i-mark-scheme/?lang=en,IS 1592
IS 2096:1992,Asbestos Cement Flat Sheets,Asbestos or Fibre Cement based Products,Asbestos or Fibre Cement based Products,Yes,"BIS Product Certification (ISI Mark, Scheme I)","121. Asbestos or Fibre Cement based Products (Quality Control) Order, 2024 S.O. 1152(E), dated 06th March 2024 Order for Goods & Articles Exemption against Import S.O. 775(E) Dated 13th February, 2026 Order for Goods & Articles Exemption against Purchase S.O. 776(E) Dated 13th February, 2026",https://www.bis.gov.in/product-certification/products-under-compulsory-certification/scheme-i-mark-scheme/?lang=en,IS 2096
IS 2098:1997,Asbestos Cement Building Boards,Asbestos or Fibre Cement based Products,Asbestos or Fibre Cement based Products,Yes,"BIS Product Certification (ISI Mark, Scheme I)","121. Asbestos or Fibre Cement based Products (Quality Control) Order, 2024 S.O. 1152(E), dated 06th March 2024 Order for Goods & Articles Exemption against Import S.O. 775(E) Dated 13th February, 2026 Order for Goods & Articles Exemption against Purchase S.O. 776(E) Dated 13th February, 2026",https://www.bis.gov.in/product-certification/products-under-compulsory-certification/scheme-i-mark-scheme/?lang=en,IS 2098
IS 6908:1991,Asbestos – Cement Pipes and Fittings for Sewerage and Drainage,Asbestos or Fibre Cement based Products,Asbestos or Fibre Cement based Products,Yes,"BIS Product Certification (ISI Mark, Scheme I)","121. Asbestos or Fibre Cement based Products (Quality Control) Order, 2024 S.O. 1152(E), dated 06th March 2024 Order for Goods & Articles Exemption against Import S.O. 775(E) Dated 13th February, 2026 Order for Goods & Articles Exemption against Purchase S.O. 776(E) Dated 13th February, 2026",https://www.bis.gov.in/product-certification/products-under-compulsory-certification/scheme-i-mark-scheme/?lang=en,IS 6908
IS 13000:1990,Silica-Asbestos-Cement Flat Sheets,Asbestos or Fibre Cement based Products,Asbestos or Fibre Cement based Products,Yes,"BIS Product Certification (ISI Mark, Scheme I)","121. Asbestos or Fibre Cement based Products (Quality Control) Order, 2024 S.O. 1152(E), dated 06th March 2024 Order for Goods & Articles Exemption against Import S.O. 775(E) Dated 13th February, 2026 Order for Goods & Articles Exemption against Purchase S.O. 776(E) Dated 13th February, 2026",https://www.bis.gov.in/product-certification/products-under-compulsory-certification/scheme-i-mark-scheme/?lang=en,IS 13000
IS 8870:1978,Asbestos Cement Cable Conduits and Troughs,Asbestos or Fibre Cement based Products,Asbestos or Fibre Cement based Products,Yes,"BIS Product Certification (ISI Mark, Scheme I)","121. Asbestos or Fibre Cement based Products (Quality Control) Order, 2024 S.O. 1152(E), dated 06th March 2024 Order for Goods & Articles Exemption against Import S.O. 775(E) Dated 13th February, 2026 Order for Goods & Articles Exemption against Purchase S.O. 776(E) Dated 13th February, 2026",https://www.bis.gov.in/product-certification/products-under-compulsory-certification/scheme-i-mark-scheme/?lang=en,IS 8870
IS 9627:1980,Asbestos Cement Pressure Pipes (Light Duty),Asbestos or Fibre Cement based Products,Asbestos or Fibre Cement based Products,Yes,"BIS Product Certification (ISI Mark, Scheme I)","121. Asbestos or Fibre Cement based Products (Quality Control) Order, 2024 S.O. 1152(E), dated 06th March 2024 Order for Goods & Articles Exemption against Import S.O. 775(E) Dated 13th February, 2026 Order for Goods & Articles Exemption against Purchase S.O. 776(E) Dated 13th February, 2026",https://www.bis.gov.in/product-certification/products-under-compulsory-certification/scheme-i-mark-scheme/?lang=en,IS 9627
IS 13008:1990,Shallow Corrugated Asbestos Cement Sheets,Asbestos or Fibre Cement based Products,Asbestos or Fibre Cement based Products,Yes,"BIS Product Certification (ISI Mark, Scheme I)","121. Asbestos or Fibre Cement based Products (Quality Control) Order, 2024 S.O. 1152(E), dated 06th March 2024 Order for Goods & Articles Exemption against Import S.O. 775(E) Dated 13th February, 2026 Order for Goods & Articles Exemption against Purchase S.O. 776(E) Dated 13th February, 2026",https://www.bis.gov.in/product-certification/products-under-compulsory-certification/scheme-i-mark-scheme/?lang=en,IS 13008
IS 14862:2000,Fibre Cement Flat Sheets,Asbestos or Fibre Cement based Products,Asbestos or Fibre Cement based Products,Yes,"BIS Product Certification (ISI Mark, Scheme I)","121. Asbestos or Fibre Cement based Products (Quality Control) Order, 2024 S.O. 1152(E), dated 06th March 2024 Order for Goods & Articles Exemption against Import S.O. 775(E) Dated 13th February, 2026 Order for Goods & Articles Exemption against Purchase S.O. 776(E) Dated 13th February, 2026",https://www.bis.gov.in/product-certification/products-under-compulsory-certification/scheme-i-mark-scheme/?lang=en,IS 14862
IS 14871:2000,Fibre Reinforced Cement Products – Long Corrugated or Asymmetrical Section Sheets and Fittings for Roofing and Cladding,Asbestos or Fibre Cement based Products,Asbestos or Fibre Cement based Products,Yes,"BIS Product Certification (ISI Mark, Scheme I)","121. Asbestos or Fibre Cement based Products (Quality Control) Order, 2024 S.O. 1152(E), dated 06th March 2024 Order for Goods & Articles Exemption against Import S.O. 775(E) Dated 13th February, 2026 Order for Goods & Articles Exemption against Purchase S.O. 776(E) Dated 13th February, 2026",https://www.bis.gov.in/product-certification/products-under-compulsory-certification/scheme-i-mark-scheme/?lang=en,IS 14871
IS 2373:1981,Water meters (bulk type),Water meters and accessories,Water meters and accessories,Yes,"BIS Product Certification (ISI Mark, Scheme I)","122. Water meters and accessories (Quality Control) Order, 2023 S.O. 1142(E), dated 05th March 2024 Order for Goods & Articles Exemption against Import S.O. 775(E) Dated 13th February, 2026 Order for Goods & Articles Exemption against Purchase S.O. 776(E) Dated 13th February, 2026",https://www.bis.gov.in/product-certification/products-under-compulsory-certification/scheme-i-mark-scheme/?lang=en,IS 2373
IS 779: 1994,Water meters (domestic type),Water meters and accessories,Water meters and accessories,Yes,"BIS Product Certification (ISI Mark, Scheme I)","122. Water meters and accessories (Quality Control) Order, 2023 S.O. 1142(E), dated 05th March 2024 Order for Goods & Articles Exemption against Import S.O. 775(E) Dated 13th February, 2026 Order for Goods & Articles Exemption against Purchase S.O. 776(E) Dated 13th February, 2026",https://www.bis.gov.in/product-certification/products-under-compulsory-certification/scheme-i-mark-scheme/?lang=en,IS 779
IS 2692: 1989,Ferrules for water services,Water meters and accessories,Water meters and accessories,Yes,"BIS Product Certification (ISI Mark, Scheme I)","122. Water meters and accessories (Quality Control) Order, 2023 S.O. 1142(E), dated 05th March 2024 Order for Goods & Articles Exemption against Import S.O. 775(E) Dated 13th February, 2026 Order for Goods & Articles Exemption against Purchase S.O. 776(E) Dated 13th February, 2026",https://www.bis.gov.in/product-certification/products-under-compulsory-certification/scheme-i-mark-scheme/?lang=en,IS 2692
IS 2095 (Part 1):2011,Gypsum plaster boards – Specification: Part 1 plain gypsum plaster boards,Gypsum based Building Materials,Gypsum based Building Materials,Yes,"BIS Product Certification (ISI Mark, Scheme I)","123. Gypsum based Building Materials (Quality Control) Order, 2024 S.O. 1153(E), dated 06th March 2024 Corrigendum of Gypsum based Building Materials (Quality Control) Order, 2024 S.O. 2007(E), dated 14th May 2024 Gypsum based Building Materials (Quality Control) Amendment Order, 2024 S.O. 5058(E), dated 25th November 2024 Order for Goods & Articles Exemption against Import S.O. 775(E) Dated 13th February, 2026 Order for Goods & Articles Exemption against Purchase S.O. 776(E) Dated 13th February, 2026",https://www.bis.gov.in/product-certification/products-under-compulsory-certification/scheme-i-mark-scheme/?lang=en,IS 2095
IS 17400:2021,Glass Fibre Reinforced Gypsum Panels,Gypsum based Building Materials,Gypsum based Building Materials,Yes,"BIS Product Certification (ISI Mark, Scheme I)","123. Gypsum based Building Materials (Quality Control) Order, 2024 S.O. 1153(E), dated 06th March 2024 Corrigendum of Gypsum based Building Materials (Quality Control) Order, 2024 S.O. 2007(E), dated 14th May 2024 Gypsum based Building Materials (Quality Control) Amendment Order, 2024 S.O. 5058(E), dated 25th November 2024 Order for Goods & Articles Exemption against Import S.O. 775(E) Dated 13th February, 2026 Order for Goods & Articles Exemption against Purchase S.O. 776(E) Dated 13th February, 2026",https://www.bis.gov.in/product-certification/products-under-compulsory-certification/scheme-i-mark-scheme/?lang=en,IS 17400
IS 2095 (Part 2): 2022,Gypsum Plaster Boards – Coated/ Laminated Gypsum Plaster Boards,Gypsum based Building Materials,Gypsum based Building Materials,Yes,"BIS Product Certification (ISI Mark, Scheme I)","123. Gypsum based Building Materials (Quality Control) Order, 2024 S.O. 1153(E), dated 06th March 2024 Corrigendum of Gypsum based Building Materials (Quality Control) Order, 2024 S.O. 2007(E), dated 14th May 2024 Gypsum based Building Materials (Quality Control) Amendment Order, 2024 S.O. 5058(E), dated 25th November 2024 Order for Goods & Articles Exemption against Import S.O. 775(E) Dated 13th February, 2026 Order for Goods & Articles Exemption against Purchase S.O. 776(E) Dated 13th February, 2026",https://www.bis.gov.in/product-certification/products-under-compulsory-certification/scheme-i-mark-scheme/?lang=en,IS 2095
IS 2095 (Part 3):2022,Gypsum Plaster Boards – Reinforced Gypsum Plaster Boards and Ceiling Tiles,Gypsum based Building Materials,Gypsum based Building Materials,Yes,"BIS Product Certification (ISI Mark, Scheme I)","123. Gypsum based Building Materials (Quality Control) Order, 2024 S.O. 1153(E), dated 06th March 2024 Corrigendum of Gypsum based Building Materials (Quality Control) Order, 2024 S.O. 2007(E), dated 14th May 2024 Gypsum based Building Materials (Quality Control) Amendment Order, 2024 S.O. 5058(E), dated 25th November 2024 Order for Goods & Articles Exemption against Import S.O. 775(E) Dated 13th February, 2026 Order for Goods & Articles Exemption against Purchase S.O. 776(E) Dated 13th February, 2026",https://www.bis.gov.in/product-certification/products-under-compulsory-certification/scheme-i-mark-scheme/?lang=en,IS 2095
IS 302 (Part 2/Sec 21): 2018,Appliances for stationary storage type electric water heaters,Electrical Appliances for domestic water heating,Electrical Appliances for domestic water heating,Yes,"BIS Product Certification (ISI Mark, Scheme I)","124. Electrical Appliances for domestic water heating (Quality Control) Order, 2023 S.O. 1253(E), dated 05th March 2024 Electrical Appliances for domestic water heating (Quality Control) Order, 2025 S.O. 355(E), dated 21st January 2025 Order for Goods & Articles Exemption against Import S.O. 775(E) Dated 13th February, 2026 Order for Goods & Articles Exemption against Purchase S.O. 776(E) Dated 13th February, 2026 Transition Facilitation (Quality Control) Order, 2026 S.O. 3417 (E) Dated 25 June, 2026",https://www.bis.gov.in/product-certification/products-under-compulsory-certification/scheme-i-mark-scheme/?lang=en,IS 302
IS 302 (Part 2/Sec 35): 2017,Appliances for electric instantaneous water heaters,Electrical Appliances for domestic water heating,Electrical Appliances for domestic water heating,Yes,"BIS Product Certification (ISI Mark, Scheme I)","124. Electrical Appliances for domestic water heating (Quality Control) Order, 2023 S.O. 1253(E), dated 05th March 2024 Electrical Appliances for domestic water heating (Quality Control) Order, 2025 S.O. 355(E), dated 21st January 2025 Order for Goods & Articles Exemption against Import S.O. 775(E) Dated 13th February, 2026 Order for Goods & Articles Exemption against Purchase S.O. 776(E) Dated 13th February, 2026 Transition Facilitation (Quality Control) Order, 2026 S.O. 3417 (E) Dated 25 June, 2026",https://www.bis.gov.in/product-certification/products-under-compulsory-certification/scheme-i-mark-scheme/?lang=en,IS 302
IS 368: 2014,Electric Immersion Water Heaters,Electrical Appliances for domestic water heating,Electrical Appliances for domestic water heating,Yes,"BIS Product Certification (ISI Mark, Scheme I)","124. Electrical Appliances for domestic water heating (Quality Control) Order, 2023 S.O. 1253(E), dated 05th March 2024 Electrical Appliances for domestic water heating (Quality Control) Order, 2025 S.O. 355(E), dated 21st January 2025 Order for Goods & Articles Exemption against Import S.O. 775(E) Dated 13th February, 2026 Order for Goods & Articles Exemption against Purchase S.O. 776(E) Dated 13th February, 2026 Transition Facilitation (Quality Control) Order, 2026 S.O. 3417 (E) Dated 25 June, 2026",https://www.bis.gov.in/product-certification/products-under-compulsory-certification/scheme-i-mark-scheme/?lang=en,IS 368
IS 2082: 2018,Stationary storage type electric water heaters,Electrical Appliances for domestic water heating,Electrical Appliances for domestic water heating,Yes,"BIS Product Certification (ISI Mark, Scheme I)","124. Electrical Appliances for domestic water heating (Quality Control) Order, 2023 S.O. 1253(E), dated 05th March 2024 Electrical Appliances for domestic water heating (Quality Control) Order, 2025 S.O. 355(E), dated 21st January 2025 Order for Goods & Articles Exemption against Import S.O. 775(E) Dated 13th February, 2026 Order for Goods & Articles Exemption against Purchase S.O. 776(E) Dated 13th February, 2026 Transition Facilitation (Quality Control) Order, 2026 S.O. 3417 (E) Dated 25 June, 2026",https://www.bis.gov.in/product-certification/products-under-compulsory-certification/scheme-i-mark-scheme/?lang=en,IS 2082
IS 17150: 2019,Mini domestic water heater for use with piped natural gas (PNG)s,Electrical Appliances for domestic water heating,Electrical Appliances for domestic water heating,Yes,"BIS Product Certification (ISI Mark, Scheme I)","124. Electrical Appliances for domestic water heating (Quality Control) Order, 2023 S.O. 1253(E), dated 05th March 2024 Electrical Appliances for domestic water heating (Quality Control) Order, 2025 S.O. 355(E), dated 21st January 2025 Order for Goods & Articles Exemption against Import S.O. 775(E) Dated 13th February, 2026 Order for Goods & Articles Exemption against Purchase S.O. 776(E) Dated 13th February, 2026 Transition Facilitation (Quality Control) Order, 2026 S.O. 3417 (E) Dated 25 June, 2026",https://www.bis.gov.in/product-certification/products-under-compulsory-certification/scheme-i-mark-scheme/?lang=en,IS 17150
IS 2494 (Part 1): 1994,V-Belts – Endless V-Belts for Industrial Purposes – General Purpose,V-Belt,V-Belt,Yes,"BIS Product Certification (ISI Mark, Scheme I)","125. V-Belt (Quality Control) Order, 2024 S.O. 1252(E), dated 06th March 2024 V-Belt (Quality Control) Amendment Order, 2024 S.O. 4880(E), dated 12 November 2024 Order for Goods & Articles Exemption against Import S.O. 775(E) Dated 13th February, 2026 Order for Goods & Articles Exemption against Purchase S.O. 776(E) Dated 13th February, 2026",https://www.bis.gov.in/product-certification/products-under-compulsory-certification/scheme-i-mark-scheme/?lang=en,IS 2494
IS 2494 (Part 2): 1993,V-Belts – Endless V-Belts for Industrial Purposes – fire resistant and antistatic V-Belts,V-Belt,V-Belt,Yes,"BIS Product Certification (ISI Mark, Scheme I)","125. V-Belt (Quality Control) Order, 2024 S.O. 1252(E), dated 06th March 2024 V-Belt (Quality Control) Amendment Order, 2024 S.O. 4880(E), dated 12 November 2024 Order for Goods & Articles Exemption against Import S.O. 775(E) Dated 13th February, 2026 Order for Goods & Articles Exemption against Purchase S.O. 776(E) Dated 13th February, 2026",https://www.bis.gov.in/product-certification/products-under-compulsory-certification/scheme-i-mark-scheme/?lang=en,IS 2494
IS 14261: 1995,Transmission Devices – V – Belts endless narrow V-Belts for industrial use,V-Belt,V-Belt,Yes,"BIS Product Certification (ISI Mark, Scheme I)","125. V-Belt (Quality Control) Order, 2024 S.O. 1252(E), dated 06th March 2024 V-Belt (Quality Control) Amendment Order, 2024 S.O. 4880(E), dated 12 November 2024 Order for Goods & Articles Exemption against Import S.O. 775(E) Dated 13th February, 2026 Order for Goods & Articles Exemption against Purchase S.O. 776(E) Dated 13th February, 2026",https://www.bis.gov.in/product-certification/products-under-compulsory-certification/scheme-i-mark-scheme/?lang=en,IS 14261
IS 17954:2023,Telescopic Ball Bearing Drawer Slide,Telescopic Ball Bearing Drawer Slide,Telescopic Ball Bearing Drawer Slide,Yes,"BIS Product Certification (ISI Mark, Scheme I)","126. Telescopic Ball Bearing Drawer Slide (Quality Control) Order, 2024 S.O. 1962(E), dated 02nd May 2024 Order for Goods & Articles Exemption against Import S.O. 775(E) Dated 13th February, 2026 Order for Goods & Articles Exemption against Purchase S.O. 776(E) Dated 13th February, 2026",https://www.bis.gov.in/product-certification/products-under-compulsory-certification/scheme-i-mark-scheme/?lang=en,IS 17954
IS 18471 (Part 1) : 2023/ ISO 15481:1999,Fasteners – Cross Recessed Drilling Screws with Tapping Screw Thread Part 1 Pan Head,Cross Recessed Screws,Cross Recessed Screws,Yes,"BIS Product Certification (ISI Mark, Scheme I)","127. Cross Recessed Screws (Quality Control) Order, 2024 S.O. 4099(E), dated 20th September 2024 Cross Recessed Screws (Quality Control) Order, 2025 S.O. 3927 (E) Dated 27 August, 2025 Cross Recessed Screws (Quality Control) Amendment Order, 2026 S.O. 3298 (E) Dated 22 June, 2026",https://www.bis.gov.in/product-certification/products-under-compulsory-certification/scheme-i-mark-scheme/?lang=en,IS 18471
IS 18471 (Part 2) :2023/ ISO 15482:1999,Fasteners – Cross Recessed Drilling Screws with Tapping Screw Thread Part 2 Countersunk Head,Cross Recessed Screws,Cross Recessed Screws,Yes,"BIS Product Certification (ISI Mark, Scheme I)","127. Cross Recessed Screws (Quality Control) Order, 2024 S.O. 4099(E), dated 20th September 2024 Cross Recessed Screws (Quality Control) Order, 2025 S.O. 3927 (E) Dated 27 August, 2025 Cross Recessed Screws (Quality Control) Amendment Order, 2026 S.O. 3298 (E) Dated 22 June, 2026",https://www.bis.gov.in/product-certification/products-under-compulsory-certification/scheme-i-mark-scheme/?lang=en,IS 18471
IS 18471 (Part 3) :2023/ ISO 15483:1999,Fasteners – Cross Recessed Drilling Screws with Tapping Screw Thread Part 3 Raised Countersunk Head,Cross Recessed Screws,Cross Recessed Screws,Yes,"BIS Product Certification (ISI Mark, Scheme I)","127. Cross Recessed Screws (Quality Control) Order, 2024 S.O. 4099(E), dated 20th September 2024 Cross Recessed Screws (Quality Control) Order, 2025 S.O. 3927 (E) Dated 27 August, 2025 Cross Recessed Screws (Quality Control) Amendment Order, 2026 S.O. 3298 (E) Dated 22 June, 2026",https://www.bis.gov.in/product-certification/products-under-compulsory-certification/scheme-i-mark-scheme/?lang=en,IS 18471
IS 18476 : 2023/ ISO 15480:2019,Fasteners – Hexagon Washer Head Drilling Screws with Tapping Screw Thread,Cross Recessed Screws,Cross Recessed Screws,Yes,"BIS Product Certification (ISI Mark, Scheme I)","127. Cross Recessed Screws (Quality Control) Order, 2024 S.O. 4099(E), dated 20th September 2024 Cross Recessed Screws (Quality Control) Order, 2025 S.O. 3927 (E) Dated 27 August, 2025 Cross Recessed Screws (Quality Control) Amendment Order, 2026 S.O. 3298 (E) Dated 22 June, 2026",https://www.bis.gov.in/product-certification/products-under-compulsory-certification/scheme-i-mark-scheme/?lang=en,IS 18476
IS 18480 (Part 1) :2023/ ISO 7049 : 2011,Cross Recessed Tapping Screws: Part 1 Pan Head,Cross Recessed Screws,Cross Recessed Screws,Yes,"BIS Product Certification (ISI Mark, Scheme I)","127. Cross Recessed Screws (Quality Control) Order, 2024 S.O. 4099(E), dated 20th September 2024 Cross Recessed Screws (Quality Control) Order, 2025 S.O. 3927 (E) Dated 27 August, 2025 Cross Recessed Screws (Quality Control) Amendment Order, 2026 S.O. 3298 (E) Dated 22 June, 2026",https://www.bis.gov.in/product-certification/products-under-compulsory-certification/scheme-i-mark-scheme/?lang=en,IS 18480
IS 18480 (Part 2) :2023/ ISO 7050 : 2011,Cross Recessed Tapping Screws Part 2 Countersunk Flat Head,Cross Recessed Screws,Cross Recessed Screws,Yes,"BIS Product Certification (ISI Mark, Scheme I)","127. Cross Recessed Screws (Quality Control) Order, 2024 S.O. 4099(E), dated 20th September 2024 Cross Recessed Screws (Quality Control) Order, 2025 S.O. 3927 (E) Dated 27 August, 2025 Cross Recessed Screws (Quality Control) Amendment Order, 2026 S.O. 3298 (E) Dated 22 June, 2026",https://www.bis.gov.in/product-certification/products-under-compulsory-certification/scheme-i-mark-scheme/?lang=en,IS 18480
IS 18480 (Part 3) :2023/ ISO 7051 : 2011,Cross Recessed Tapping Screw Part 3 Raised Countersunk Oval Head,Cross Recessed Screws,Cross Recessed Screws,Yes,"BIS Product Certification (ISI Mark, Scheme I)","127. Cross Recessed Screws (Quality Control) Order, 2024 S.O. 4099(E), dated 20th September 2024 Cross Recessed Screws (Quality Control) Order, 2025 S.O. 3927 (E) Dated 27 August, 2025 Cross Recessed Screws (Quality Control) Amendment Order, 2026 S.O. 3298 (E) Dated 22 June, 2026",https://www.bis.gov.in/product-certification/products-under-compulsory-certification/scheme-i-mark-scheme/?lang=en,IS 18480
IS 7483 : 2018/ ISO 7045 : 2011,Pan Head Screws With Type H or Type Z Cross Recess – Product Grade A,Cross Recessed Screws,Cross Recessed Screws,Yes,"BIS Product Certification (ISI Mark, Scheme I)","127. Cross Recessed Screws (Quality Control) Order, 2024 S.O. 4099(E), dated 20th September 2024 Cross Recessed Screws (Quality Control) Order, 2025 S.O. 3927 (E) Dated 27 August, 2025 Cross Recessed Screws (Quality Control) Amendment Order, 2026 S.O. 3298 (E) Dated 22 June, 2026",https://www.bis.gov.in/product-certification/products-under-compulsory-certification/scheme-i-mark-scheme/?lang=en,IS 7483
IS 7485 (Part 1) : 2018/ ISO 7046 -1 : 2011,Countersunk Flat Head Screws (Common head Style) With Type H or Type Z Cross Recess – Product Grade A Part 1 Steel Screws of Property Class 4.8,Cross Recessed Screws,Cross Recessed Screws,Yes,"BIS Product Certification (ISI Mark, Scheme I)","127. Cross Recessed Screws (Quality Control) Order, 2024 S.O. 4099(E), dated 20th September 2024 Cross Recessed Screws (Quality Control) Order, 2025 S.O. 3927 (E) Dated 27 August, 2025 Cross Recessed Screws (Quality Control) Amendment Order, 2026 S.O. 3298 (E) Dated 22 June, 2026",https://www.bis.gov.in/product-certification/products-under-compulsory-certification/scheme-i-mark-scheme/?lang=en,IS 7485
IS 7486 : 2018/ ISO 7047 : 2011,Raised countersunk head screws (Common Head Style) with type H or type Z cross recess – Product grade A,Cross Recessed Screws,Cross Recessed Screws,Yes,"BIS Product Certification (ISI Mark, Scheme I)","127. Cross Recessed Screws (Quality Control) Order, 2024 S.O. 4099(E), dated 20th September 2024 Cross Recessed Screws (Quality Control) Order, 2025 S.O. 3927 (E) Dated 27 August, 2025 Cross Recessed Screws (Quality Control) Amendment Order, 2026 S.O. 3298 (E) Dated 22 June, 2026",https://www.bis.gov.in/product-certification/products-under-compulsory-certification/scheme-i-mark-scheme/?lang=en,IS 7486
IS 18507 : 2024,Drywall Screws – Specification,Cross Recessed Screws,Cross Recessed Screws,Yes,"BIS Product Certification (ISI Mark, Scheme I)","127. Cross Recessed Screws (Quality Control) Order, 2024 S.O. 4099(E), dated 20th September 2024 Cross Recessed Screws (Quality Control) Order, 2025 S.O. 3927 (E) Dated 27 August, 2025 Cross Recessed Screws (Quality Control) Amendment Order, 2026 S.O. 3298 (E) Dated 22 June, 2026",https://www.bis.gov.in/product-certification/products-under-compulsory-certification/scheme-i-mark-scheme/?lang=en,IS 18507
IS 18508 : 2024,Chipboard Screws – Specification,Cross Recessed Screws,Cross Recessed Screws,Yes,"BIS Product Certification (ISI Mark, Scheme I)","127. Cross Recessed Screws (Quality Control) Order, 2024 S.O. 4099(E), dated 20th September 2024 Cross Recessed Screws (Quality Control) Order, 2025 S.O. 3927 (E) Dated 27 August, 2025 Cross Recessed Screws (Quality Control) Amendment Order, 2026 S.O. 3298 (E) Dated 22 June, 2026",https://www.bis.gov.in/product-certification/products-under-compulsory-certification/scheme-i-mark-scheme/?lang=en,IS 18508
IS 18509 : 2023,Cross-recessed Countersunk Head Wood Screws – Specification,Cross Recessed Screws,Cross Recessed Screws,Yes,"BIS Product Certification (ISI Mark, Scheme I)","127. Cross Recessed Screws (Quality Control) Order, 2024 S.O. 4099(E), dated 20th September 2024 Cross Recessed Screws (Quality Control) Order, 2025 S.O. 3927 (E) Dated 27 August, 2025 Cross Recessed Screws (Quality Control) Amendment Order, 2026 S.O. 3298 (E) Dated 22 June, 2026",https://www.bis.gov.in/product-certification/products-under-compulsory-certification/scheme-i-mark-scheme/?lang=en,IS 18509
IS 302 (Part 1) : 2024 IEC 60335-1:2020,All Electrical Appliances Vacuum Cleaners and Water Suction Cleaning Appliances,"Safety of Household, Commercial and Similar Electrical Appliances","Safety of Household, Commercial and Similar Electrical Appliances",Yes,"BIS Product Certification (ISI Mark, Scheme I)","128. Safety of Household, Commercial and Similar Electrical Appliances (Quality Control) Order, 2024 S.O. 4098(E), dated 20th September 2024 Safety of Household, Commercial and Similar Electrical Appliances (Quality Control) Order, 2025. S.O. 2232 (E) Dated 19 May, 2025 Safety of Household, Commercial and Similar Electrical Appliances (Quality Control) Order, 2026 S.O. 1739(E) Dated 06 April, 2026 Transition Facilitation (Quality Control) Order, 2026 S.O. 3417 (E) Dated 25 June, 2026",https://www.bis.gov.in/product-certification/products-under-compulsory-certification/scheme-i-mark-scheme/?lang=en,IS 302
IS 4123:1982,Chain Pipe Wrenches,Hand Tools,Hand Tools,Yes,"BIS Product Certification (ISI Mark, Scheme I)","129. Hand Tools (Quality Control) Order, 2024 S.O. 4183(E), dated 24th September 2024 Hand Tools (Quality Control) Order, 2025 S.O. 3385 (E) Dated 24 July, 2025 Hand Tools (Quality Control) Order, 2025 S.O. 5596(E) Dated 04 December, 2025",https://www.bis.gov.in/product-certification/products-under-compulsory-certification/scheme-i-mark-scheme/?lang=en,IS 4123
IS 4508:1992,Open Ended Slugging Wrenches (Spanners),Hand Tools,Hand Tools,Yes,"BIS Product Certification (ISI Mark, Scheme I)","129. Hand Tools (Quality Control) Order, 2024 S.O. 4183(E), dated 24th September 2024 Hand Tools (Quality Control) Order, 2025 S.O. 3385 (E) Dated 24 July, 2025 Hand Tools (Quality Control) Order, 2025 S.O. 5596(E) Dated 04 December, 2025",https://www.bis.gov.in/product-certification/products-under-compulsory-certification/scheme-i-mark-scheme/?lang=en,IS 4508
IS 4509:1992,Ring Slugging Wrenches (Spanners),Hand Tools,Hand Tools,Yes,"BIS Product Certification (ISI Mark, Scheme I)","129. Hand Tools (Quality Control) Order, 2024 S.O. 4183(E), dated 24th September 2024 Hand Tools (Quality Control) Order, 2025 S.O. 3385 (E) Dated 24 July, 2025 Hand Tools (Quality Control) Order, 2025 S.O. 5596(E) Dated 04 December, 2025",https://www.bis.gov.in/product-certification/products-under-compulsory-certification/scheme-i-mark-scheme/?lang=en,IS 4509
IS 6149:1984,Single-ended Open-jaw Adjustable Wrenches,Hand Tools,Hand Tools,Yes,"BIS Product Certification (ISI Mark, Scheme I)","129. Hand Tools (Quality Control) Order, 2024 S.O. 4183(E), dated 24th September 2024 Hand Tools (Quality Control) Order, 2025 S.O. 3385 (E) Dated 24 July, 2025 Hand Tools (Quality Control) Order, 2025 S.O. 5596(E) Dated 04 December, 2025",https://www.bis.gov.in/product-certification/products-under-compulsory-certification/scheme-i-mark-scheme/?lang=en,IS 6149
IS 2028:2004,Open-Jaw Wrenches (Spanners),Hand Tools,Hand Tools,Yes,"BIS Product Certification (ISI Mark, Scheme I)","129. Hand Tools (Quality Control) Order, 2024 S.O. 4183(E), dated 24th September 2024 Hand Tools (Quality Control) Order, 2025 S.O. 3385 (E) Dated 24 July, 2025 Hand Tools (Quality Control) Order, 2025 S.O. 5596(E) Dated 04 December, 2025",https://www.bis.gov.in/product-certification/products-under-compulsory-certification/scheme-i-mark-scheme/?lang=en,IS 2028
IS 2029:1998,Ring Wrenches (Spanners),Hand Tools,Hand Tools,Yes,"BIS Product Certification (ISI Mark, Scheme I)","129. Hand Tools (Quality Control) Order, 2024 S.O. 4183(E), dated 24th September 2024 Hand Tools (Quality Control) Order, 2025 S.O. 3385 (E) Dated 24 July, 2025 Hand Tools (Quality Control) Order, 2025 S.O. 5596(E) Dated 04 December, 2025",https://www.bis.gov.in/product-certification/products-under-compulsory-certification/scheme-i-mark-scheme/?lang=en,IS 2029
IS 4003 (Part 1): 1978,Pipe Wrenches –General Purpose,Hand Tools,Hand Tools,Yes,"BIS Product Certification (ISI Mark, Scheme I)","129. Hand Tools (Quality Control) Order, 2024 S.O. 4183(E), dated 24th September 2024 Hand Tools (Quality Control) Order, 2025 S.O. 3385 (E) Dated 24 July, 2025 Hand Tools (Quality Control) Order, 2025 S.O. 5596(E) Dated 04 December, 2025",https://www.bis.gov.in/product-certification/products-under-compulsory-certification/scheme-i-mark-scheme/?lang=en,IS 4003
IS 4003 (Part 2): 1986,Pipe Wrenches – Heavy Duty,Hand Tools,Hand Tools,Yes,"BIS Product Certification (ISI Mark, Scheme I)","129. Hand Tools (Quality Control) Order, 2024 S.O. 4183(E), dated 24th September 2024 Hand Tools (Quality Control) Order, 2025 S.O. 3385 (E) Dated 24 July, 2025 Hand Tools (Quality Control) Order, 2025 S.O. 5596(E) Dated 04 December, 2025",https://www.bis.gov.in/product-certification/products-under-compulsory-certification/scheme-i-mark-scheme/?lang=en,IS 4003
IS 3650:1981,Combination Side Cutting Pliers,Hand Tools,Hand Tools,Yes,"BIS Product Certification (ISI Mark, Scheme I)","129. Hand Tools (Quality Control) Order, 2024 S.O. 4183(E), dated 24th September 2024 Hand Tools (Quality Control) Order, 2025 S.O. 3385 (E) Dated 24 July, 2025 Hand Tools (Quality Control) Order, 2025 S.O. 5596(E) Dated 04 December, 2025",https://www.bis.gov.in/product-certification/products-under-compulsory-certification/scheme-i-mark-scheme/?lang=en,IS 3650
IS 15041:2001,Textiles – Flat woven webbing slings made of man-made fibres for general services,Indutech,Indutech,Yes,"BIS Product Certification (ISI Mark, Scheme I)","130. Indutech (Quality Control) Order, 2024 S.O. 4326(E), dated 03rd October 2024",https://www.bis.gov.in/product-certification/products-under-compulsory-certification/scheme-i-mark-scheme/?lang=en,IS 15041
IS 1084:2005,Textiles — Manila Ropes — Specification,Ropes and Cordages,Ropes and Cordages,Yes,"BIS Product Certification (ISI Mark, Scheme I)","131. Ropes and Cordages (Quality Control) Order, 2024 S.O. 4327(E), dated 03rd October 2024 Ropes and Cordages (Quality Control) Amendment Order, 2026 S.O.2871 (E) Dated 05 June, 2026",https://www.bis.gov.in/product-certification/products-under-compulsory-certification/scheme-i-mark-scheme/?lang=en,IS 1084
IS 11066:2022,"Fibre Ropes — Polyester — 3-, 4-, 8- and 12- Strand Ropes",Ropes and Cordages,Ropes and Cordages,Yes,"BIS Product Certification (ISI Mark, Scheme I)","131. Ropes and Cordages (Quality Control) Order, 2024 S.O. 4327(E), dated 03rd October 2024 Ropes and Cordages (Quality Control) Amendment Order, 2026 S.O.2871 (E) Dated 05 June, 2026",https://www.bis.gov.in/product-certification/products-under-compulsory-certification/scheme-i-mark-scheme/?lang=en,IS 11066
IS 14928:2001,Textiles — Composite Synthetic Fibre Ropes — Specification,Ropes and Cordages,Ropes and Cordages,Yes,"BIS Product Certification (ISI Mark, Scheme I)","131. Ropes and Cordages (Quality Control) Order, 2024 S.O. 4327(E), dated 03rd October 2024 Ropes and Cordages (Quality Control) Amendment Order, 2026 S.O.2871 (E) Dated 05 June, 2026",https://www.bis.gov.in/product-certification/products-under-compulsory-certification/scheme-i-mark-scheme/?lang=en,IS 14928
IS 14929: 2022,Mixed Polyolefin Fibre Ropes,Ropes and Cordages,Ropes and Cordages,Yes,"BIS Product Certification (ISI Mark, Scheme I)","131. Ropes and Cordages (Quality Control) Order, 2024 S.O. 4327(E), dated 03rd October 2024 Ropes and Cordages (Quality Control) Amendment Order, 2026 S.O.2871 (E) Dated 05 June, 2026",https://www.bis.gov.in/product-certification/products-under-compulsory-certification/scheme-i-mark-scheme/?lang=en,IS 14929
IS 1804:2004,Steel wire ropes – Fibre main cores – Specification,Ropes and Cordages,Ropes and Cordages,Yes,"BIS Product Certification (ISI Mark, Scheme I)","131. Ropes and Cordages (Quality Control) Order, 2024 S.O. 4327(E), dated 03rd October 2024 Ropes and Cordages (Quality Control) Amendment Order, 2026 S.O.2871 (E) Dated 05 June, 2026",https://www.bis.gov.in/product-certification/products-under-compulsory-certification/scheme-i-mark-scheme/?lang=en,IS 1804
IS 4572:2022,"Fibre Ropes — Polyamide — 3-, 4-, 8- and 12- Strand Ropes",Ropes and Cordages,Ropes and Cordages,Yes,"BIS Product Certification (ISI Mark, Scheme I)","131. Ropes and Cordages (Quality Control) Order, 2024 S.O. 4327(E), dated 03rd October 2024 Ropes and Cordages (Quality Control) Amendment Order, 2026 S.O.2871 (E) Dated 05 June, 2026",https://www.bis.gov.in/product-certification/products-under-compulsory-certification/scheme-i-mark-scheme/?lang=en,IS 4572
IS 5175:2022,"Fibre Ropes — Polypropylene Split Film, Monofilament And Multifilament ( PP2 ) and Polypropylene High-Tenacity Multifilament ( PP3 ) —3-, 4-, 8- and 12- Strand Ropes",Ropes and Cordages,Ropes and Cordages,Yes,"BIS Product Certification (ISI Mark, Scheme I)","131. Ropes and Cordages (Quality Control) Order, 2024 S.O. 4327(E), dated 03rd October 2024 Ropes and Cordages (Quality Control) Amendment Order, 2026 S.O.2871 (E) Dated 05 June, 2026",https://www.bis.gov.in/product-certification/products-under-compulsory-certification/scheme-i-mark-scheme/?lang=en,IS 5175
IS 8674 : 2013,Fibre Ropes — Polyethylene —3- And 4-Strand Ropes,Ropes and Cordages,Ropes and Cordages,Yes,"BIS Product Certification (ISI Mark, Scheme I)","131. Ropes and Cordages (Quality Control) Order, 2024 S.O. 4327(E), dated 03rd October 2024 Ropes and Cordages (Quality Control) Amendment Order, 2026 S.O.2871 (E) Dated 05 June, 2026",https://www.bis.gov.in/product-certification/products-under-compulsory-certification/scheme-i-mark-scheme/?lang=en,IS 8674
IS 17609 : 2021,Fibre Ropes Of Polyester / Polyolefin dual Fibres,Ropes and Cordages,Ropes and Cordages,Yes,"BIS Product Certification (ISI Mark, Scheme I)","131. Ropes and Cordages (Quality Control) Order, 2024 S.O. 4327(E), dated 03rd October 2024 Ropes and Cordages (Quality Control) Amendment Order, 2026 S.O.2871 (E) Dated 05 June, 2026",https://www.bis.gov.in/product-certification/products-under-compulsory-certification/scheme-i-mark-scheme/?lang=en,IS 17609
IS 12933 (Part 1): 2003 IS 12933 (Part 2): 2003,Solar Flat Plate Collector for Solar Water Heating Systems,"Solar Thermal Systems, Devices and Components","Solar Thermal Systems, Devices and Components",Yes,"BIS Product Certification (ISI Mark, Scheme I)","132. Solar Thermal Systems, Devices and Components (Quality Control) Order, 2024 S.O. 4485(E), dated 14th October 2024",https://www.bis.gov.in/product-certification/products-under-compulsory-certification/scheme-i-mark-scheme/?lang=en,IS 12933
IS 16544: 2016,All Glass Evacuated Tubes Solar Water Heating System,"Solar Thermal Systems, Devices and Components","Solar Thermal Systems, Devices and Components",Yes,"BIS Product Certification (ISI Mark, Scheme I)","132. Solar Thermal Systems, Devices and Components (Quality Control) Order, 2024 S.O. 4485(E), dated 14th October 2024",https://www.bis.gov.in/product-certification/products-under-compulsory-certification/scheme-i-mark-scheme/?lang=en,IS 16544
IS 16542: 2016,Storage Water Tank for All Glass Evacuated Tubes Solar Water Heating Systems,"Solar Thermal Systems, Devices and Components","Solar Thermal Systems, Devices and Components",Yes,"BIS Product Certification (ISI Mark, Scheme I)","132. Solar Thermal Systems, Devices and Components (Quality Control) Order, 2024 S.O. 4485(E), dated 14th October 2024",https://www.bis.gov.in/product-certification/products-under-compulsory-certification/scheme-i-mark-scheme/?lang=en,IS 16542
IS 8637 : 2020,H Acid,"H Acid , K Acid & Vinyl Sulphone","H Acid , K Acid & Vinyl Sulphone",Yes,"BIS Product Certification (ISI Mark, Scheme I)","H Acid (Quality Control) Order, 2024 S.O. 4925(E), dated 14th November 2024 H Acid (Quality Control) Amendment Order, 2025 S.O.2144 (E) Dated 14 May, 2025 H Acid (Quality Control) Second Amendment Order, 2025 S.O.3530 (E) Dated 30 July, 2025 Rescind order of H Acid (Quality Control) Order, 2024 S.O. 5310 (E) Dated 20 November, 2025",https://www.bis.gov.in/product-certification/products-under-compulsory-certification/scheme-i-mark-scheme/?lang=en,IS 8637
IS 11557: 1986,K Acid,"H Acid , K Acid & Vinyl Sulphone","H Acid , K Acid & Vinyl Sulphone",Yes,"BIS Product Certification (ISI Mark, Scheme I)","K Acid (Quality Control) Order, 2024 S.O. 4926(E), dated 14th November 2024 K Acid (Quality Control) Amendment Order, 2025 S.O.2145 (E) Dated 14 May, 2025 Rescind order of K Acid (Quality Control) Order, 2024 S.O. 5311(E) Dated 20 November, 2025",https://www.bis.gov.in/product-certification/products-under-compulsory-certification/scheme-i-mark-scheme/?lang=en,IS 11557
IS 18340 : 2023,Vinyl Sulphone,"H Acid , K Acid & Vinyl Sulphone","H Acid , K Acid & Vinyl Sulphone",Yes,"BIS Product Certification (ISI Mark, Scheme I)","Vinyl Sulphone (Quality Control) Order, 2024 S.O. 4927(E), dated 14th November 2024 Vinyl Sulphone (Quality Control) Amendment Order, 2025 S.O.2146 (E) Dated 14 May, 2025 Vinyl Sulphone (Quality Control) Second Amendment Order, 2025 S.O.3531 (E) Dated 30 July, 2025 Rescind Vinyl Sulphone (Quality Control) Order, 2024 S.O. 5312 (E) Dated 20 November, 2025",https://www.bis.gov.in/product-certification/products-under-compulsory-certification/scheme-i-mark-scheme/?lang=en,IS 18340
IS 302-2-76:1999,Safety of Household and similar electrical appliances – Part 2 particular requirement Sec 76 electric fence energizers,Electric Fence Energizers,Electric Fence Energizers,Yes,"BIS Product Certification (ISI Mark, Scheme I)","133. Electric Fence Energizers (Quality Control) Order, 2024 S.O. 4958(E), dated 19th November 2024 Order for Goods & Articles Exemption against Import S.O. 775(E) Dated 13th February, 2026 Order for Goods & Articles Exemption against Purchase S.O. 776(E) Dated 13th February, 2026",https://www.bis.gov.in/product-certification/products-under-compulsory-certification/scheme-i-mark-scheme/?lang=en,IS 302-2-76
IS 2083:2024,Flashlight – Specification,Flashlight,Flashlight,Yes,"BIS Product Certification (ISI Mark, Scheme I)","134. Flashlight (Quality Control) Order, 2025 S.O. 501(E), dated 28th January 2025 Order for Goods & Articles Exemption against Import S.O. 775(E) Dated 13th February, 2026 Order for Goods & Articles Exemption against Purchase S.O. 776(E) Dated 13th February, 2026",https://www.bis.gov.in/product-certification/products-under-compulsory-certification/scheme-i-mark-scheme/?lang=en,IS 2083
IS 17875: 2022,Stainless Steel Seamless pipes and tubes for general service,Stainless Steel Pipes and Tubes,Stainless Steel Pipes and Tubes,Yes,"BIS Product Certification (ISI Mark, Scheme I)","135. Stainless Steel Pipes and Tubes (Quality Control) Order, 2025 S.O. 693(E), dated 11th February 2025",https://www.bis.gov.in/product-certification/products-under-compulsory-certification/scheme-i-mark-scheme/?lang=en,IS 17875
IS 17876: 2022,Stainless Steel Welded pipes and tubes for general service,Stainless Steel Pipes and Tubes,Stainless Steel Pipes and Tubes,Yes,"BIS Product Certification (ISI Mark, Scheme I)","135. Stainless Steel Pipes and Tubes (Quality Control) Order, 2025 S.O. 693(E), dated 11th February 2025",https://www.bis.gov.in/product-certification/products-under-compulsory-certification/scheme-i-mark-scheme/?lang=en,IS 17876
IS 17631: 2022,Work chairs,Furniture,Furniture,Yes,"BIS Product Certification (ISI Mark, Scheme I)","136. Furniture (Quality Control) Order, 2025 S.O. 801 (E) Dated 14 February, 2025 Furniture (Quality Control) Amendment Order, 2026 S.O. 774 (E) Dated 13 February, 2026 Amendment in the Quality Control Order S.O. 777(E) Dated 13th February, 2026 Furniture (Quality Control) Second Amendment Order, 2026 S.O. 1125 (E) Dated 02 March, 2026 Transition Facilitation (Quality Control) Order, 2026 S.O. 3417 (E) Dated 25 June, 2026IS 302 (Part 1) : 2024 IEC 60335-1:2020",https://www.bis.gov.in/product-certification/products-under-compulsory-certification/scheme-i-mark-scheme/?lang=en,IS 17631
IS 17632: 2022,General purpose chairs and stools,Furniture,Furniture,Yes,"BIS Product Certification (ISI Mark, Scheme I)","136. Furniture (Quality Control) Order, 2025 S.O. 801 (E) Dated 14 February, 2025 Furniture (Quality Control) Amendment Order, 2026 S.O. 774 (E) Dated 13 February, 2026 Amendment in the Quality Control Order S.O. 777(E) Dated 13th February, 2026 Furniture (Quality Control) Second Amendment Order, 2026 S.O. 1125 (E) Dated 02 March, 2026 Transition Facilitation (Quality Control) Order, 2026 S.O. 3417 (E) Dated 25 June, 2026IS 302 (Part 1) : 2024 IEC 60335-1:2020",https://www.bis.gov.in/product-certification/products-under-compulsory-certification/scheme-i-mark-scheme/?lang=en,IS 17632
IS 17633: 2022,Tables and desks,Furniture,Furniture,Yes,"BIS Product Certification (ISI Mark, Scheme I)","136. Furniture (Quality Control) Order, 2025 S.O. 801 (E) Dated 14 February, 2025 Furniture (Quality Control) Amendment Order, 2026 S.O. 774 (E) Dated 13 February, 2026 Amendment in the Quality Control Order S.O. 777(E) Dated 13th February, 2026 Furniture (Quality Control) Second Amendment Order, 2026 S.O. 1125 (E) Dated 02 March, 2026 Transition Facilitation (Quality Control) Order, 2026 S.O. 3417 (E) Dated 25 June, 2026IS 302 (Part 1) : 2024 IEC 60335-1:2020",https://www.bis.gov.in/product-certification/products-under-compulsory-certification/scheme-i-mark-scheme/?lang=en,IS 17633
IS 17634: 2022,Storage units,Furniture,Furniture,Yes,"BIS Product Certification (ISI Mark, Scheme I)","136. Furniture (Quality Control) Order, 2025 S.O. 801 (E) Dated 14 February, 2025 Furniture (Quality Control) Amendment Order, 2026 S.O. 774 (E) Dated 13 February, 2026 Amendment in the Quality Control Order S.O. 777(E) Dated 13th February, 2026 Furniture (Quality Control) Second Amendment Order, 2026 S.O. 1125 (E) Dated 02 March, 2026 Transition Facilitation (Quality Control) Order, 2026 S.O. 3417 (E) Dated 25 June, 2026IS 302 (Part 1) : 2024 IEC 60335-1:2020",https://www.bis.gov.in/product-certification/products-under-compulsory-certification/scheme-i-mark-scheme/?lang=en,IS 17634
IS 17635: 2022,Beds,Furniture,Furniture,Yes,"BIS Product Certification (ISI Mark, Scheme I)","136. Furniture (Quality Control) Order, 2025 S.O. 801 (E) Dated 14 February, 2025 Furniture (Quality Control) Amendment Order, 2026 S.O. 774 (E) Dated 13 February, 2026 Amendment in the Quality Control Order S.O. 777(E) Dated 13th February, 2026 Furniture (Quality Control) Second Amendment Order, 2026 S.O. 1125 (E) Dated 02 March, 2026 Transition Facilitation (Quality Control) Order, 2026 S.O. 3417 (E) Dated 25 June, 2026IS 302 (Part 1) : 2024 IEC 60335-1:2020",https://www.bis.gov.in/product-certification/products-under-compulsory-certification/scheme-i-mark-scheme/?lang=en,IS 17635
IS 17636: 2022,Bunk beds,Furniture,Furniture,Yes,"BIS Product Certification (ISI Mark, Scheme I)","136. Furniture (Quality Control) Order, 2025 S.O. 801 (E) Dated 14 February, 2025 Furniture (Quality Control) Amendment Order, 2026 S.O. 774 (E) Dated 13 February, 2026 Amendment in the Quality Control Order S.O. 777(E) Dated 13th February, 2026 Furniture (Quality Control) Second Amendment Order, 2026 S.O. 1125 (E) Dated 02 March, 2026 Transition Facilitation (Quality Control) Order, 2026 S.O. 3417 (E) Dated 25 June, 2026IS 302 (Part 1) : 2024 IEC 60335-1:2020",https://www.bis.gov.in/product-certification/products-under-compulsory-certification/scheme-i-mark-scheme/?lang=en,IS 17636
IS 2782: 2023,Refined Nickel,Non-ferrous refined metals,Non-ferrous refined metals,Yes,"BIS Product Certification (ISI Mark, Scheme I)","Refined Nickel (Quality Control) Order, 2025 S.O. 1766 (E) Dated 17 April, 2025 Refined Nickel (Quality Control) Amendment Order, 2025 S.O. 4370 (E) Dated 25 September, 2025 Withdrawal of Refined Nickel (Quality Control) Order, 2025 S.O. 5168(E) Dated 13 November, 2025",https://www.bis.gov.in/product-certification/products-under-compulsory-certification/scheme-i-mark-scheme/?lang=en,IS 2782
IS 27: 2023,Primary Lead,Non-ferrous refined metals,Non-ferrous refined metals,Yes,"BIS Product Certification (ISI Mark, Scheme I)","Primary Lead (Quality Control) Order, 2025 S.O. 1767 (E) Dated 17 April, 2025 Primary Lead (Quality Control) Amendment Order, 2025 S.O. 4367 (E) Dated 25 September, 2025 Withdrawal of Primary Lead (Quality Control) Order, 2025 S.O. 5170(E) Dated 13 November, 2025",https://www.bis.gov.in/product-certification/products-under-compulsory-certification/scheme-i-mark-scheme/?lang=en,IS 27
IS 209: 2024,Refined Zinc,Non-ferrous refined metals,Non-ferrous refined metals,Yes,"BIS Product Certification (ISI Mark, Scheme I)","Refined Zinc (Quality Control) Order, 2025 S.O. 1768 (E) Dated 17 April, 2025 Refined Zinc (Quality Control) Amendment Order, 2025 S.O. 4368 (E) Dated 25 September, 2025 Withdrawal of Refined Zinc (Quality Control) Order, 2025 S.O. 5169(E) Dated 13 November, 2025",https://www.bis.gov.in/product-certification/products-under-compulsory-certification/scheme-i-mark-scheme/?lang=en,IS 209
IS 26: 2024,Tin Ingot,Non-ferrous refined metals,Non-ferrous refined metals,Yes,"BIS Product Certification (ISI Mark, Scheme I)","Tin Ingot (Quality Control) Order, 2025 S.O. 1769 (E) Dated 17 April, 2025 Tin Ingot (Quality Control) Amendment Order, 2025 S.O. 4369 (E) Dated 25 September, 2025 Withdrawal of Tin Ingot (Quality Control) Order, 2025 S.O. 5167(E) Dated 13 November, 2025",https://www.bis.gov.in/product-certification/products-under-compulsory-certification/scheme-i-mark-scheme/?lang=en,IS 26
IS 302-2-25,Safety of household and similar electrical appliances: Part 2 Particular requirements: Section 25 Microwave ovens,,,Yes,"CRS (Compulsory Registration Scheme, Scheme II)",,https://www.bis.gov.in/product-certification/products-under-compulsory-certification/scheme-ii-registration-scheme/?lang=en,IS 302-2-25
IS 302-2:26,Safety of household and similar electrical appliances: Part 2 Particular requirements: Section 26 Clocks,,,Yes,"CRS (Compulsory Registration Scheme, Scheme II)",,https://www.bis.gov.in/product-certification/products-under-compulsory-certification/scheme-ii-registration-scheme/?lang=en,IS 302-2
IS 16242 (Part 1),General and Safety Requirements for UPS,,,Yes,"CRS (Compulsory Registration Scheme, Scheme II)",,https://www.bis.gov.in/product-certification/products-under-compulsory-certification/scheme-ii-registration-scheme/?lang=en,IS 16242
IS 15885 (Part 2/Sec 13),Safety of Lamp Control gear Part 2 Particular Requirements Section 13 d.c. or a.c. Supplied Electronic Control gear for LED Modules,,,Yes,"CRS (Compulsory Registration Scheme, Scheme II)",,https://www.bis.gov.in/product-certification/products-under-compulsory-certification/scheme-ii-registration-scheme/?lang=en,IS 15885
IS 16046,"Secondary Cells and Batteries containing Alkaline or other non-acid Electrolytes-Safety Requirements for Portable sealed secondary cells, and for Batteries made from them for use in portable applications",,,Yes,"CRS (Compulsory Registration Scheme, Scheme II)",,https://www.bis.gov.in/product-certification/products-under-compulsory-certification/scheme-ii-registration-scheme/?lang=en,IS 16046
IS 16102(Part 1),Self-Ballasted LED Lamps for General Lighting Services Part 1 Safety Requirements,,,Yes,"CRS (Compulsory Registration Scheme, Scheme II)",,https://www.bis.gov.in/product-certification/products-under-compulsory-certification/scheme-ii-registration-scheme/?lang=en,IS 16102
IS 16333 (Part-3),Mobile Phone Handsets Part 3 Indian Language Support for Mobile Phone Handsets – Specific Requirements,,,Yes,"CRS (Compulsory Registration Scheme, Scheme II)","SO No. Nil dated 24th Oct 2016 Date of Implementation 1st July 2017 Superseded by Electronics and Information Technology Goods (Requirement of Compulsory Registration) Order, 2021 Amendments to the Electronics and Information Technology Goods (Requirements for Compulsory Registration) Order, 2021 S.O.1246 (E) Dated 10 March, 2026",https://www.bis.gov.in/product-certification/products-under-compulsory-certification/scheme-ii-registration-scheme/?lang=en,IS 16333
IS 10322 (Part 5/Section 2): 2012,Luminaires Part 5: Particular Requirements Section 2 Recessed Luminaires,,,Yes,"CRS (Compulsory Registration Scheme, Scheme II)","SO 2742 (E), dated 17th August 2017 Superseded by Electronics and Information Technology Goods (Requirement of Compulsory Registration) Order, 2021 Essential Requirement(s) for CCTV as per Annexure S.O. 1652 (E), dated 9th April 2024 Amendments to the Electronics and Information Technology Goods (Requirements for Compulsory Registration) Order, 2021 S.O.1246 (E) Dated 10 March, 2026",https://www.bis.gov.in/product-certification/products-under-compulsory-certification/scheme-ii-registration-scheme/?lang=en,IS 10322
IS 10322 (Part 5/Section 3): 2012,Luminaires – Part 5: Particular Requirements Section 3 Luminaires for Road and Street Lighting,,,Yes,"CRS (Compulsory Registration Scheme, Scheme II)","SO 2742 (E), dated 17th August 2017 Superseded by Electronics and Information Technology Goods (Requirement of Compulsory Registration) Order, 2021 Essential Requirement(s) for CCTV as per Annexure S.O. 1652 (E), dated 9th April 2024 Amendments to the Electronics and Information Technology Goods (Requirements for Compulsory Registration) Order, 2021 S.O.1246 (E) Dated 10 March, 2026",https://www.bis.gov.in/product-certification/products-under-compulsory-certification/scheme-ii-registration-scheme/?lang=en,IS 10322
IS 10322 (Part 5/Section 5): 2013,Luminaires – Part 5: Particular Requirements Section 5 Flood Lights,,,Yes,"CRS (Compulsory Registration Scheme, Scheme II)","SO 2742 (E), dated 17th August 2017 Superseded by Electronics and Information Technology Goods (Requirement of Compulsory Registration) Order, 2021 Essential Requirement(s) for CCTV as per Annexure S.O. 1652 (E), dated 9th April 2024 Amendments to the Electronics and Information Technology Goods (Requirements for Compulsory Registration) Order, 2021 S.O.1246 (E) Dated 10 March, 2026",https://www.bis.gov.in/product-certification/products-under-compulsory-certification/scheme-ii-registration-scheme/?lang=en,IS 10322
IS 10322 (Part 5/Section 6): 2013,Luminaires – Part 5: Particular Requirements Section 6 Hamp Lamps,,,Yes,"CRS (Compulsory Registration Scheme, Scheme II)","SO 2742 (E), dated 17th August 2017 Superseded by Electronics and Information Technology Goods (Requirement of Compulsory Registration) Order, 2021 Essential Requirement(s) for CCTV as per Annexure S.O. 1652 (E), dated 9th April 2024 Amendments to the Electronics and Information Technology Goods (Requirements for Compulsory Registration) Order, 2021 S.O.1246 (E) Dated 10 March, 2026",https://www.bis.gov.in/product-certification/products-under-compulsory-certification/scheme-ii-registration-scheme/?lang=en,IS 10322
IS 10322 (Part 5/Section 7): 2013,Luminaires – Part 5: Particular Requirements Section 7 Lighting Chains,,,Yes,"CRS (Compulsory Registration Scheme, Scheme II)","SO 2742 (E), dated 17th August 2017 Superseded by Electronics and Information Technology Goods (Requirement of Compulsory Registration) Order, 2021 Essential Requirement(s) for CCTV as per Annexure S.O. 1652 (E), dated 9th April 2024 Amendments to the Electronics and Information Technology Goods (Requirements for Compulsory Registration) Order, 2021 S.O.1246 (E) Dated 10 March, 2026",https://www.bis.gov.in/product-certification/products-under-compulsory-certification/scheme-ii-registration-scheme/?lang=en,IS 10322
IS 10322 (Part 5/Section 8): 2013,Luminaires – Part 5: Particular Requirements Section 8 Luminaires for Emergency Lighting,,,Yes,"CRS (Compulsory Registration Scheme, Scheme II)","SO 2742 (E), dated 17th August 2017 Superseded by Electronics and Information Technology Goods (Requirement of Compulsory Registration) Order, 2021 Essential Requirement(s) for CCTV as per Annexure S.O. 1652 (E), dated 9th April 2024 Amendments to the Electronics and Information Technology Goods (Requirements for Compulsory Registration) Order, 2021 S.O.1246 (E) Dated 10 March, 2026",https://www.bis.gov.in/product-certification/products-under-compulsory-certification/scheme-ii-registration-scheme/?lang=en,IS 10322
IS 16242 (Part 1):2014,General and Safety Requirements for UPS,,,Yes,"CRS (Compulsory Registration Scheme, Scheme II)","SO 2742 (E), dated 17th August 2017 Superseded by Electronics and Information Technology Goods (Requirement of Compulsory Registration) Order, 2021 Essential Requirement(s) for CCTV as per Annexure S.O. 1652 (E), dated 9th April 2024 Amendments to the Electronics and Information Technology Goods (Requirements for Compulsory Registration) Order, 2021 S.O.1246 (E) Dated 10 March, 2026",https://www.bis.gov.in/product-certification/products-under-compulsory-certification/scheme-ii-registration-scheme/?lang=en,IS 16242
IS 302 (Part 1): 2008,Safety of Household and similar electrical appliances Part 1 General requirements,,,Yes,"CRS (Compulsory Registration Scheme, Scheme II)","SO 2742 (E), dated 17th August 2017 Superseded by Electronics and Information Technology Goods (Requirement of Compulsory Registration) Order, 2021 Essential Requirement(s) for CCTV as per Annexure S.O. 1652 (E), dated 9th April 2024 Amendments to the Electronics and Information Technology Goods (Requirements for Compulsory Registration) Order, 2021 S.O.1246 (E) Dated 10 March, 2026",https://www.bis.gov.in/product-certification/products-under-compulsory-certification/scheme-ii-registration-scheme/?lang=en,IS 302
IS 16103 (Part 1): 2012,LED modules for general lighting: Part 1 safety requirements,,,Yes,"CRS (Compulsory Registration Scheme, Scheme II)","SO 1236 (E) dated 01st April, 2020 Date of Implementation of this order on the expiry of six months from the date of publication of this notification. (01st October, 2020) Superseded by Electronics and Information Technology Goods (Requirement of Compulsory Registration) Order, 2021 Amendments to the Electronics and Information Technology Goods (Requirements for Compulsory Registration) Order, 2021 S.O.1246 (E) Dated 10 March, 2026",https://www.bis.gov.in/product-certification/products-under-compulsory-certification/scheme-ii-registration-scheme/?lang=en,IS 16103
IS 10322 (Part 5)Section 9: 2017,Luminaries: Part 5 Particular Requirements Section 9 Rope Lights,,,Yes,"CRS (Compulsory Registration Scheme, Scheme II)","SO 1236 (E) dated 01st April, 2020 Date of Implementation of this order on the expiry of six months from the date of publication of this notification. (01st October, 2020) Superseded by Electronics and Information Technology Goods (Requirement of Compulsory Registration) Order, 2021 Amendments to the Electronics and Information Technology Goods (Requirements for Compulsory Registration) Order, 2021 S.O.1246 (E) Dated 10 March, 2026",https://www.bis.gov.in/product-certification/products-under-compulsory-certification/scheme-ii-registration-scheme/?lang=en,IS 10322
IS 302 (Part 2): Section 6: 2009,"Safety of household and similar electrical appliances: part 2 particular requirements, section 6 cooking ranges, hobs, ovens and similar appliances",,,Yes,"CRS (Compulsory Registration Scheme, Scheme II)","SO 1236 (E) dated 01st April, 2020 Date of Implementation of this order on the expiry of six months from the date of publication of this notification. (01st October, 2020) Superseded by Electronics and Information Technology Goods (Requirement of Compulsory Registration) Order, 2021 Amendments to the Electronics and Information Technology Goods (Requirements for Compulsory Registration) Order, 2021 S.O.1246 (E) Dated 10 March, 2026",https://www.bis.gov.in/product-certification/products-under-compulsory-certification/scheme-ii-registration-scheme/?lang=en,IS 302
IS 302 (Part 2): Section 15: 2009,safety of household and similar electrical appliances: part 2 particular requirements: section 15 appliances for heating liquids,,,Yes,"CRS (Compulsory Registration Scheme, Scheme II)","SO 1236 (E) dated 01st April, 2020 Date of Implementation of this order on the expiry of six months from the date of publication of this notification. (01st October, 2020) Superseded by Electronics and Information Technology Goods (Requirement of Compulsory Registration) Order, 2021 Amendments to the Electronics and Information Technology Goods (Requirements for Compulsory Registration) Order, 2021 S.O.1246 (E) Dated 10 March, 2026",https://www.bis.gov.in/product-certification/products-under-compulsory-certification/scheme-ii-registration-scheme/?lang=en,IS 302
IS 60669-2-1: 2008,Particular requirements for Electronic switches standards for Switches for household and similar fixed electrical installations.,,,Yes,"CRS (Compulsory Registration Scheme, Scheme II)","SO 1236 (E) dated 01st April, 2020 Date of Implementation of this order on the expiry of six months from the date of publication of this notification. (01st October, 2020) Superseded by Electronics and Information Technology Goods (Requirement of Compulsory Registration) Order, 2021 Amendments to the Electronics and Information Technology Goods (Requirements for Compulsory Registration) Order, 2021 S.O.1246 (E) Dated 10 March, 2026",https://www.bis.gov.in/product-certification/products-under-compulsory-certification/scheme-ii-registration-scheme/?lang=en,IS 60669-2-1
IS 18112:2022,Digital Television Receiver for Satellite Broadcast Transmission – Specification,,,Yes,"CRS (Compulsory Registration Scheme, Scheme II)","Amendment to the Electronics and Information Technology Goods (Requirements for Compulsory Registration) Order, 2021 (S.O. 1929(E), dated 26/04/2023) Extension in timelines for the implementation of the Order for product categories included in the schedule of CRO vide S.O. 1929(E) published in Gazette of India on 26th April, 2023 S.O. 1363(E) Dated 21 March, 2025 Extension in timelines for the implementation of the Order for product categories included in the schedule of CRO vide S.O. 1929(E) published in Gazette of India on 26th April, 2023. S.O. 4362(E) Dated 25 September, 2025 Extension in timelines for the implementation of the Order for product categories included in the schedule of CRO vide S.O. 1929(E) published in Gazette of India on 26th April, 2023. S.O. 352(E) Dated 22 January, 2026 Amendments to the Electronics and Information Technology Goods (Requirements for Compulsory Registration) Order, 2021 S.O.1246 (E) Dated 10 March, 2026 Extension in timeline for the implementation of the Order for product categories included in the schedule of CRO vide S.O. 1929(E) published in Gazette of India on 26th April, 2023 S.O. 4182 (E) Dated 26 July, 2026",https://www.bis.gov.in/product-certification/products-under-compulsory-certification/scheme-ii-registration-scheme/?lang=en,IS 18112
IS 14286 IS/IEC 61730 -1 IS/IEC 61730 -2,Crystalline Silicon Terrestrial Photovoltaic (PV) modules – Design Qualification And Type Approval,,,Yes,"CRS (Compulsory Registration Scheme, Scheme II)","2. Solar Photovoltaics, Systems, Devices and Components Goods (Requirements for Compulsory Registration) Order, 2017 S.O. 2920(E) dated 30 August 2017 S.O. 1602 (E) dated 16 April 2018 S.O. No. 2183 (E) dated 30 May 2018 S.O. No. 5259(E) dated 12 October 2018 S.O. No. 5259(E) S.O. 444(E), dated 24 January 2023 S.O. 492(E) dated 27 January 2025 Solar System, Devices and Components Goods Order, 2025 for SPV Inverters of the capacity more than 200 KW. S.O.3597 (E) Dated 05 August, 2025",https://www.bis.gov.in/product-certification/products-under-compulsory-certification/scheme-ii-registration-scheme/?lang=en,IS 14286 IS/IEC 61730 -1 IS/IEC 61730 -2
IS 16077 IS/IEC 61730 -1 IS/IEC 61730 -2,Thin-Film Terrestrial Photovoltaic (PV) Modules – Design Qualification and Type Approval,,,Yes,"CRS (Compulsory Registration Scheme, Scheme II)","2. Solar Photovoltaics, Systems, Devices and Components Goods (Requirements for Compulsory Registration) Order, 2017 S.O. 2920(E) dated 30 August 2017 S.O. 1602 (E) dated 16 April 2018 S.O. No. 2183 (E) dated 30 May 2018 S.O. No. 5259(E) dated 12 October 2018 S.O. No. 5259(E) S.O. 444(E), dated 24 January 2023 S.O. 492(E) dated 27 January 2025 Solar System, Devices and Components Goods Order, 2025 for SPV Inverters of the capacity more than 200 KW. S.O.3597 (E) Dated 05 August, 2025",https://www.bis.gov.in/product-certification/products-under-compulsory-certification/scheme-ii-registration-scheme/?lang=en,IS 16077 IS/IEC 61730 -1 IS/IEC 61730 -2
IS 16221 (Part 2),Safety of Power Converters for Use in Photovoltaic Power Systems Part 2-Particular Requirements for Inverters,,,Yes,"CRS (Compulsory Registration Scheme, Scheme II)","2. Solar Photovoltaics, Systems, Devices and Components Goods (Requirements for Compulsory Registration) Order, 2017 S.O. 2920(E) dated 30 August 2017 S.O. 1602 (E) dated 16 April 2018 S.O. No. 2183 (E) dated 30 May 2018 S.O. No. 5259(E) dated 12 October 2018 S.O. No. 5259(E) S.O. 444(E), dated 24 January 2023 S.O. 492(E) dated 27 January 2025 Solar System, Devices and Components Goods Order, 2025 for SPV Inverters of the capacity more than 200 KW. S.O.3597 (E) Dated 05 August, 2025",https://www.bis.gov.in/product-certification/products-under-compulsory-certification/scheme-ii-registration-scheme/?lang=en,IS 16221
IS 16169,Safety of Power Converters for Use in Photovoltaic Power Systems Part 2-Particular Requirements for Inverters,,,Yes,"CRS (Compulsory Registration Scheme, Scheme II)","2. Solar Photovoltaics, Systems, Devices and Components Goods (Requirements for Compulsory Registration) Order, 2017 S.O. 2920(E) dated 30 August 2017 S.O. 1602 (E) dated 16 April 2018 S.O. No. 2183 (E) dated 30 May 2018 S.O. No. 5259(E) dated 12 October 2018 S.O. No. 5259(E) S.O. 444(E), dated 24 January 2023 S.O. 492(E) dated 27 January 2025 Solar System, Devices and Components Goods Order, 2025 for SPV Inverters of the capacity more than 200 KW. S.O.3597 (E) Dated 05 August, 2025",https://www.bis.gov.in/product-certification/products-under-compulsory-certification/scheme-ii-registration-scheme/?lang=en,IS 16169
IS 16270,Test Procedure of Islanding Prevention Measures for Utility-Interconnected Photovoltaic Inverters,,,Yes,"CRS (Compulsory Registration Scheme, Scheme II)","2. Solar Photovoltaics, Systems, Devices and Components Goods (Requirements for Compulsory Registration) Order, 2017 S.O. 2920(E) dated 30 August 2017 S.O. 1602 (E) dated 16 April 2018 S.O. No. 2183 (E) dated 30 May 2018 S.O. No. 5259(E) dated 12 October 2018 S.O. No. 5259(E) S.O. 444(E), dated 24 January 2023 S.O. 492(E) dated 27 January 2025 Solar System, Devices and Components Goods Order, 2025 for SPV Inverters of the capacity more than 200 KW. S.O.3597 (E) Dated 05 August, 2025",https://www.bis.gov.in/product-certification/products-under-compulsory-certification/scheme-ii-registration-scheme/?lang=en,IS 16270
IS 798:2020,Ortho Phosphoric Acid – Specification,,,Yes,"CRS (Compulsory Registration Scheme, Scheme II)","3. Ortho Phosphoric Acid (Quality Control) Amendment Order, 2021 (S.O. 2335 (E) dated 15.06.2021) Ortho Phosphoric Acid (Quality Control) Amendment Order, 2021 (S.O. 4914(E) dated 29.11.2021) Ortho Phosphoric Acid(Quality Control) Order, 2021 (Amendment order for various chemicals, dated 13/05/2022) Ortho Phosphoric Acid (Quality Control) Amendment Order, 2024 S.O. 1709(E), dated 13th April 2024 Ortho Phosphoric Acid (Quality Control) Second Amendment Order, 2024 S.O. 2975(E), dated 26th July 2024",https://www.bis.gov.in/product-certification/products-under-compulsory-certification/scheme-ii-registration-scheme/?lang=en,IS 798
IS 17439:2020,Polyphosphoric Acid – Specification,,,Yes,"CRS (Compulsory Registration Scheme, Scheme II)","4. Polyphosphoric Acid(Quality Control) Order, 2021 (S.O. 5388(E), dated 24.12.2021) Polyphosphoric Acid(Quality Control) Order, 2021 (Amendment order for various chemicals, dated 13/05/2022)",https://www.bis.gov.in/product-certification/products-under-compulsory-certification/scheme-ii-registration-scheme/?lang=en,IS 17439
IS 17412:2020,Trimethyl Phosphite – Technical Grade,,,Yes,"CRS (Compulsory Registration Scheme, Scheme II)","5. Trimethyl Phosphite (Quality Control) Order, 2022 (S.O. 1637(E), dated 05.04.2022)",https://www.bis.gov.in/product-certification/products-under-compulsory-certification/scheme-ii-registration-scheme/?lang=en,IS 17412
IS 12171:2019,Cotton Bales- Specification,,,Yes,"CRS (Compulsory Registration Scheme, Scheme II)","6. Cotton Bales (Quality Control) Order, 2023 S.O. 948(E), dated 28 February 2023 Cotton Bales (Quality Control) Amendment Order, 2023 S.O. 3557(E), dated 07 August 2023 Cotton Bales (Quality Control) Amendment Order, 2023 S.O. 3830(E), dated 28 August 2023 Cotton Bales (Quality Control) Amendment Order, 2023 S.O. 3469 (E), dated 13th August 2024 Cotton Bales (Quality Control) Amendment Order, 2023 S.O.2996 (E) Dated 03 July, 2025 Cotton Bales (Quality Control) Amendment Order, 2023 S.O.2956 (E) Dated 09 June, 2026",https://www.bis.gov.in/product-certification/products-under-compulsory-certification/scheme-ii-registration-scheme/?lang=en,IS 12171
IS 15820,Procedure for Recognition of Assaying and Hallmarking Center Indian Standard “IS 15820:2009 General Requirements for Establishment and Operation of Assaying and Hallmarking Centres” is the basis for recognition of Assaying and Hallmarking Centres.,Hallmarking of precious metal articles,Hallmarking,Yes,Hallmarking,See BIS Hallmarking Regulations; quoted from the BIS hallmarking overview page,https://www.bis.gov.in/hallmarking-overview/?lang=en,IS 15820
IS 1417,Board for Testing and Calibration Laboratories (NABL) accreditation of their laboratories may apply for obtaining BIS license for marking the Standard Bars produced by them in accordance with IS 1417: 2016 (for 995 and 999 fineness only).,Hallmarking of precious metal articles,Hallmarking,Yes,Hallmarking,See BIS Hallmarking Regulations; quoted from the BIS hallmarking overview page,https://www.bis.gov.in/hallmarking-overview/?lang=en,IS 1417
