Source IS,Target IS,Tenders Citing Source,Tenders Citing Target,Co-citation Count,Confidence,Lift,Evidence Statement
IS 10418,IS 8130,17,35,17,1.0,4.6,Cited alongside IS 10418 in 17 of 17 comparable tenders
IS 3975,IS 5831,16,31,16,1.0,5.194,Cited alongside IS 3975 in 16 of 16 comparable tenders
IS 3975,IS 8130,16,35,16,1.0,4.6,Cited alongside IS 3975 in 16 of 16 comparable tenders
IS 10810,IS 8130,15,35,15,1.0,4.6,Cited alongside IS 10810 in 15 of 15 comparable tenders
IS 2633,IS 2629,13,17,13,1.0,9.471,Cited alongside IS 2633 in 13 of 13 comparable tenders
IS 9537,IS 694,13,72,13,1.0,2.236,Cited alongside IS 9537 in 13 of 13 comparable tenders
IS 1293,IS 694,12,72,12,1.0,2.236,Cited alongside IS 1293 in 12 of 12 comparable tenders
IS 16105,IS 16106,12,22,12,1.0,7.318,Cited alongside IS 16105 in 12 of 12 comparable tenders
IS 2099,IS 2026,12,14,12,1.0,11.5,Cited alongside IS 2099 in 12 of 12 comparable tenders
IS 2099,IS 2705,12,14,12,1.0,11.5,Cited alongside IS 2099 in 12 of 12 comparable tenders
IS 3156,IS 2705,12,14,12,1.0,11.5,Cited alongside IS 3156 in 12 of 12 comparable tenders
IS 8112,IS 456,12,22,12,1.0,7.318,Cited alongside IS 8112 in 12 of 12 comparable tenders
IS 15885 (Part 2),IS 16106,11,22,11,1.0,7.318,Cited alongside IS 15885 (Part 2) in 11 of 11 comparable tenders
IS 2551,IS 3043,11,31,11,1.0,5.194,Cited alongside IS 2551 in 11 of 11 comparable tenders
IS 3231,IS 3043,11,31,11,1.0,5.194,Cited alongside IS 3231 in 11 of 11 comparable tenders
IS 325,IS 2062,11,28,11,1.0,5.75,Cited alongside IS 325 in 11 of 11 comparable tenders
IS 2147,IS 3043,11,31,11,1.0,5.194,Cited alongside IS 2147 in 11 of 11 comparable tenders
IS 2147,IS 8623,11,20,11,1.0,8.05,Cited alongside IS 2147 in 11 of 11 comparable tenders
IS 374,IS 694,10,72,10,1.0,2.236,Cited alongside IS 374 in 10 of 10 comparable tenders
IS 5578,IS 1554,10,31,10,1.0,5.194,Cited alongside IS 5578 in 10 of 10 comparable tenders
IS 5578,IS 3043,10,31,10,1.0,5.194,Cited alongside IS 5578 in 10 of 10 comparable tenders
IS 5578,IS 694,10,72,10,1.0,2.236,Cited alongside IS 5578 in 10 of 10 comparable tenders
IS 5578,IS 7098,10,33,10,1.0,4.879,Cited alongside IS 5578 in 10 of 10 comparable tenders
IS 3837,IS 3043,10,31,10,1.0,5.194,Cited alongside IS 3837 in 10 of 10 comparable tenders
IS 3837,IS 694,10,72,10,1.0,2.236,Cited alongside IS 3837 in 10 of 10 comparable tenders
IS 8828,IS 3043,10,31,10,1.0,5.194,Cited alongside IS 8828 in 10 of 10 comparable tenders
IS 8828,IS 8623,10,20,10,1.0,8.05,Cited alongside IS 8828 in 10 of 10 comparable tenders
IS 3854,IS 694,9,72,9,1.0,2.236,Cited alongside IS 3854 in 9 of 9 comparable tenders
IS 6005,IS 1554,9,31,9,1.0,5.194,Cited alongside IS 6005 in 9 of 9 comparable tenders
IS 6005,IS 3043,9,31,9,1.0,5.194,Cited alongside IS 6005 in 9 of 9 comparable tenders
IS 2309,IS 3043,9,31,9,1.0,5.194,Cited alongside IS 2309 in 9 of 9 comparable tenders
IS 2713,IS 694,9,72,9,1.0,2.236,Cited alongside IS 2713 in 9 of 9 comparable tenders
IS 398,IS 2062,9,28,9,1.0,5.75,Cited alongside IS 398 in 9 of 9 comparable tenders
IS 398,IS 3043,9,31,9,1.0,5.194,Cited alongside IS 398 in 9 of 9 comparable tenders
IS 5216,IS 3043,9,31,9,1.0,5.194,Cited alongside IS 5216 in 9 of 9 comparable tenders
IS 5216,IS 8623,9,20,9,1.0,8.05,Cited alongside IS 5216 in 9 of 9 comparable tenders
IS 4237,IS 3043,9,31,9,1.0,5.194,Cited alongside IS 4237 in 9 of 9 comparable tenders
IS 10221,IS 3589,8,15,8,1.0,10.733,Cited alongside IS 10221 in 8 of 8 comparable tenders
IS 1363,IS 2062,8,28,8,1.0,5.75,Cited alongside IS 1363 in 8 of 8 comparable tenders
IS 1363,IS 694,8,72,8,1.0,2.236,Cited alongside IS 1363 in 8 of 8 comparable tenders
IS 1852,IS 2062,8,28,8,1.0,5.75,Cited alongside IS 1852 in 8 of 8 comparable tenders
IS 432,IS 1786,8,16,8,1.0,10.063,Cited alongside IS 432 in 8 of 8 comparable tenders
IS 432,IS 383,8,16,8,1.0,10.063,Cited alongside IS 432 in 8 of 8 comparable tenders
IS 432,IS 456,8,22,8,1.0,7.318,Cited alongside IS 432 in 8 of 8 comparable tenders
IS 6875,IS 1554,8,31,8,1.0,5.194,Cited alongside IS 6875 in 8 of 8 comparable tenders
IS 6875,IS 3043,8,31,8,1.0,5.194,Cited alongside IS 6875 in 8 of 8 comparable tenders
IS 783,IS 1239,8,21,8,1.0,7.667,Cited alongside IS 783 in 8 of 8 comparable tenders
IS 9595,IS 1554,8,31,8,1.0,5.194,Cited alongside IS 9595 in 8 of 8 comparable tenders
IS 9595,IS 2062,8,28,8,1.0,5.75,Cited alongside IS 9595 in 8 of 8 comparable tenders
IS 1646,IS 3043,8,31,8,1.0,5.194,Cited alongside IS 1646 in 8 of 8 comparable tenders
IS 1646,IS 694,8,72,8,1.0,2.236,Cited alongside IS 1646 in 8 of 8 comparable tenders
IS 6745,IS 3043,8,31,8,1.0,5.194,Cited alongside IS 6745 in 8 of 8 comparable tenders
IS 6745,IS 694,8,72,8,1.0,2.236,Cited alongside IS 6745 in 8 of 8 comparable tenders
IS 12640,IS 694,8,72,8,1.0,2.236,Cited alongside IS 12640 in 8 of 8 comparable tenders
IS 1651,IS 694,8,72,8,1.0,2.236,Cited alongside IS 1651 in 8 of 8 comparable tenders
IS 375,IS 1554,8,31,8,1.0,5.194,Cited alongside IS 375 in 8 of 8 comparable tenders
IS 3370,IS 456,8,22,8,1.0,7.318,Cited alongside IS 3370 in 8 of 8 comparable tenders
IS 5831,IS 8130,31,35,30,0.968,4.452,Cited alongside IS 5831 in 30 of 31 comparable tenders
IS 8623,IS 3043,20,31,19,0.95,4.934,Cited alongside IS 8623 in 19 of 20 comparable tenders
IS 10418,IS 5831,17,31,16,0.941,4.888,Cited alongside IS 10418 in 16 of 17 comparable tenders
IS 13947,IS 3043,17,31,16,0.941,4.888,Cited alongside IS 13947 in 16 of 17 comparable tenders
IS 3975,IS 7098,16,33,15,0.938,4.574,Cited alongside IS 3975 in 15 of 16 comparable tenders
IS 383,IS 456,16,22,15,0.938,6.861,Cited alongside IS 383 in 15 of 16 comparable tenders
IS 10810,IS 5831,15,31,14,0.933,4.847,Cited alongside IS 10810 in 14 of 15 comparable tenders
IS 3961,IS 1554,15,31,14,0.933,4.847,Cited alongside IS 3961 in 14 of 15 comparable tenders
IS 732,IS 3043,15,31,14,0.933,4.847,Cited alongside IS 732 in 14 of 15 comparable tenders
IS 1255,IS 7098,14,33,13,0.929,4.53,Cited alongside IS 1255 in 13 of 14 comparable tenders
IS 2026,IS 2062,14,28,13,0.929,5.339,Cited alongside IS 2026 in 13 of 14 comparable tenders
IS 2026,IS 7098,14,33,13,0.929,4.53,Cited alongside IS 2026 in 13 of 14 comparable tenders
IS 2705,IS 3043,14,31,13,0.929,4.823,Cited alongside IS 2705 in 13 of 14 comparable tenders
IS 1489,IS 456,13,22,12,0.923,6.755,Cited alongside IS 1489 in 12 of 13 comparable tenders
IS 16108,IS 16106,13,22,12,0.923,6.755,Cited alongside IS 16108 in 12 of 13 comparable tenders
IS 2633,IS 3043,13,31,12,0.923,4.794,Cited alongside IS 2633 in 12 of 13 comparable tenders
IS 335,IS 2062,13,28,12,0.923,5.308,Cited alongside IS 335 in 12 of 13 comparable tenders
IS 335,IS 8623,13,20,12,0.923,7.431,Cited alongside IS 335 in 12 of 13 comparable tenders
IS 1293,IS 1554,12,31,11,0.917,4.761,Cited alongside IS 1293 in 11 of 12 comparable tenders
IS 1293,IS 3043,12,31,11,0.917,4.761,Cited alongside IS 1293 in 11 of 12 comparable tenders
IS 16103,IS 16107,12,18,11,0.917,8.199,Cited alongside IS 16103 in 11 of 12 comparable tenders
IS 2099,IS 2062,12,28,11,0.917,5.271,Cited alongside IS 2099 in 11 of 12 comparable tenders
IS 2099,IS 3043,12,31,11,0.917,4.761,Cited alongside IS 2099 in 11 of 12 comparable tenders
IS 2099,IS 7098,12,33,11,0.917,4.472,Cited alongside IS 2099 in 11 of 12 comparable tenders
IS 3156,IS 3043,12,31,11,0.917,4.761,Cited alongside IS 3156 in 11 of 12 comparable tenders
IS 800,IS 2062,12,28,11,0.917,5.271,Cited alongside IS 800 in 11 of 12 comparable tenders
IS 13095,IS 1239,11,21,10,0.909,6.97,Cited alongside IS 13095 in 10 of 11 comparable tenders
IS 16104,IS 16106,11,22,10,0.909,6.653,Cited alongside IS 16104 in 10 of 11 comparable tenders
IS 2551,IS 2062,11,28,10,0.909,5.227,Cited alongside IS 2551 in 10 of 11 comparable tenders
IS 2551,IS 694,11,72,10,0.909,2.033,Cited alongside IS 2551 in 10 of 11 comparable tenders
IS 269,IS 456,11,22,10,0.909,6.653,Cited alongside IS 269 in 10 of 11 comparable tenders
IS 3231,IS 13947,11,17,10,0.909,8.61,Cited alongside IS 3231 in 10 of 11 comparable tenders
IS 3231,IS 2705,11,14,10,0.909,10.455,Cited alongside IS 3231 in 10 of 11 comparable tenders
IS 3231,IS 3156,11,12,10,0.909,12.197,Cited alongside IS 3231 in 10 of 11 comparable tenders
IS 3231,IS 694,11,72,10,0.909,2.033,Cited alongside IS 3231 in 10 of 11 comparable tenders
IS 325,IS 1554,11,31,10,0.909,4.721,Cited alongside IS 325 in 10 of 11 comparable tenders
IS 325,IS 3043,11,31,10,0.909,4.721,Cited alongside IS 325 in 10 of 11 comparable tenders
IS 3231,IS 8623,11,20,10,0.909,7.318,Cited alongside IS 3231 in 10 of 11 comparable tenders
IS 2551,IS 8623,11,20,10,0.909,7.318,Cited alongside IS 2551 in 10 of 11 comparable tenders
IS 1893,IS 2062,11,28,10,0.909,5.227,Cited alongside IS 1893 in 10 of 11 comparable tenders
IS 2147,IS 694,11,72,10,0.909,2.033,Cited alongside IS 2147 in 10 of 11 comparable tenders
IS 808,IS 694,10,72,9,0.9,2.013,Cited alongside IS 808 in 9 of 10 comparable tenders
IS 1199,IS 516,10,12,9,0.9,12.075,Cited alongside IS 1199 in 9 of 10 comparable tenders
IS 5578,IS 2062,10,28,9,0.9,5.175,Cited alongside IS 5578 in 9 of 10 comparable tenders
IS 5578,IS 2551,10,11,9,0.9,13.173,Cited alongside IS 5578 in 9 of 10 comparable tenders
IS 5578,IS 8130,10,35,9,0.9,4.14,Cited alongside IS 5578 in 9 of 10 comparable tenders
IS 60947,IS 694,10,72,9,0.9,2.013,Cited alongside IS 60947 in 9 of 10 comparable tenders
IS 3837,IS 1293,10,12,9,0.9,12.075,Cited alongside IS 3837 in 9 of 10 comparable tenders
IS 3837,IS 1554,10,31,9,0.9,4.674,Cited alongside IS 3837 in 9 of 10 comparable tenders
IS 3837,IS 732,10,15,9,0.9,9.66,Cited alongside IS 3837 in 9 of 10 comparable tenders
IS 3837,IS 8623,10,20,9,0.9,7.245,Cited alongside IS 3837 in 9 of 10 comparable tenders
IS 5578,IS 8623,10,20,9,0.9,7.245,Cited alongside IS 5578 in 9 of 10 comparable tenders
IS 8828,IS 694,10,72,9,0.9,2.013,Cited alongside IS 8828 in 9 of 10 comparable tenders
IS 8828,IS 9537,10,13,9,0.9,11.146,Cited alongside IS 8828 in 9 of 10 comparable tenders
IS 5082,IS 3043,18,31,16,0.889,4.616,Cited alongside IS 5082 in 16 of 18 comparable tenders
IS 1538,IS 3589,9,15,8,0.889,9.541,Cited alongside IS 1538 in 8 of 9 comparable tenders
IS 16101,IS 16107,9,18,8,0.889,7.951,Cited alongside IS 16101 in 8 of 9 comparable tenders
IS 3427,IS 13947,9,17,8,0.889,8.418,Cited alongside IS 3427 in 8 of 9 comparable tenders
IS 3427,IS 2026,9,14,8,0.889,10.222,Cited alongside IS 3427 in 8 of 9 comparable tenders
IS 3427,IS 2705,9,14,8,0.889,10.222,Cited alongside IS 3427 in 8 of 9 comparable tenders
IS 3427,IS 3043,9,31,8,0.889,4.616,Cited alongside IS 3427 in 8 of 9 comparable tenders
IS 3427,IS 3156,9,12,8,0.889,11.926,Cited alongside IS 3427 in 8 of 9 comparable tenders
IS 3427,IS 7098,9,33,8,0.889,4.337,Cited alongside IS 3427 in 8 of 9 comparable tenders
IS 3854,IS 1293,9,12,8,0.889,11.926,Cited alongside IS 3854 in 8 of 9 comparable tenders
IS 554,IS 1239,9,21,8,0.889,6.815,Cited alongside IS 554 in 8 of 9 comparable tenders
IS 554,IS 3043,9,31,8,0.889,4.616,Cited alongside IS 554 in 8 of 9 comparable tenders
IS 6005,IS 2705,9,14,8,0.889,10.222,Cited alongside IS 6005 in 8 of 9 comparable tenders
IS 6005,IS 5082,9,18,8,0.889,7.951,Cited alongside IS 6005 in 8 of 9 comparable tenders
IS 6005,IS 694,9,72,8,0.889,1.988,Cited alongside IS 6005 in 8 of 9 comparable tenders
IS 778,IS 1239,9,21,8,0.889,6.815,Cited alongside IS 778 in 8 of 9 comparable tenders
IS 778,IS 3043,9,31,8,0.889,4.616,Cited alongside IS 778 in 8 of 9 comparable tenders
IS 816,IS 2062,9,28,8,0.889,5.111,Cited alongside IS 816 in 8 of 9 comparable tenders
IS 816,IS 694,9,72,8,0.889,1.988,Cited alongside IS 816 in 8 of 9 comparable tenders
IS 816,IS 7098,9,33,8,0.889,4.337,Cited alongside IS 816 in 8 of 9 comparable tenders
IS 1285,IS 733,9,9,8,0.889,15.901,Cited alongside IS 1285 in 8 of 9 comparable tenders
IS 733,IS 1285,9,9,8,0.889,15.901,Cited alongside IS 733 in 8 of 9 comparable tenders
IS 2309,IS 694,9,72,8,0.889,1.988,Cited alongside IS 2309 in 8 of 9 comparable tenders
IS 2309,IS 7098,9,33,8,0.889,4.337,Cited alongside IS 2309 in 8 of 9 comparable tenders
IS 2309,IS 8623,9,20,8,0.889,7.156,Cited alongside IS 2309 in 8 of 9 comparable tenders
IS 2713,IS 2062,9,28,8,0.889,5.111,Cited alongside IS 2713 in 8 of 9 comparable tenders
IS 2713,IS 3043,9,31,8,0.889,4.616,Cited alongside IS 2713 in 8 of 9 comparable tenders
IS 2713,IS 8623,9,20,8,0.889,7.156,Cited alongside IS 2713 in 8 of 9 comparable tenders
IS 398,IS 5082,9,18,8,0.889,7.951,Cited alongside IS 398 in 8 of 9 comparable tenders
IS 398,IS 694,9,72,8,0.889,1.988,Cited alongside IS 398 in 8 of 9 comparable tenders
IS 398,IS 7098,9,33,8,0.889,4.337,Cited alongside IS 398 in 8 of 9 comparable tenders
IS 398,IS 8623,9,20,8,0.889,7.156,Cited alongside IS 398 in 8 of 9 comparable tenders
IS 617,IS 3043,9,31,8,0.889,4.616,Cited alongside IS 617 in 8 of 9 comparable tenders
IS 617,IS 694,9,72,8,0.889,1.988,Cited alongside IS 617 in 8 of 9 comparable tenders
IS 209,IS 2062,9,28,8,0.889,5.111,Cited alongside IS 209 in 8 of 9 comparable tenders
IS 209,IS 2629,9,17,8,0.889,8.418,Cited alongside IS 209 in 8 of 9 comparable tenders
IS 209,IS 3043,9,31,8,0.889,4.616,Cited alongside IS 209 in 8 of 9 comparable tenders
IS 209,IS 8623,9,20,8,0.889,7.156,Cited alongside IS 209 in 8 of 9 comparable tenders
IS 2309,IS 1554,9,31,8,0.889,4.616,Cited alongside IS 2309 in 8 of 9 comparable tenders
IS 5216,IS 1554,9,31,8,0.889,4.616,Cited alongside IS 5216 in 8 of 9 comparable tenders
IS 5216,IS 694,9,72,8,0.889,1.988,Cited alongside IS 5216 in 8 of 9 comparable tenders
IS 5216,IS 7098,9,33,8,0.889,4.337,Cited alongside IS 5216 in 8 of 9 comparable tenders
IS 5216,IS 732,9,15,8,0.889,9.541,Cited alongside IS 5216 in 8 of 9 comparable tenders
IS 4237,IS 2147,9,11,8,0.889,13.01,Cited alongside IS 4237 in 8 of 9 comparable tenders
IS 4237,IS 8623,9,20,8,0.889,7.156,Cited alongside IS 4237 in 8 of 9 comparable tenders
IS 10418,IS 7098,17,33,15,0.882,4.305,Cited alongside IS 10418 in 15 of 17 comparable tenders
IS 2629,IS 2062,17,28,15,0.882,5.074,Cited alongside IS 2629 in 15 of 17 comparable tenders
IS 13947,IS 8623,17,20,15,0.882,7.103,Cited alongside IS 13947 in 15 of 17 comparable tenders
IS 3975,IS 10418,16,17,14,0.875,8.287,Cited alongside IS 3975 in 14 of 16 comparable tenders
IS 277,IS 694,16,72,14,0.875,1.957,Cited alongside IS 277 in 14 of 16 comparable tenders
IS 1786,IS 456,16,22,14,0.875,6.403,Cited alongside IS 1786 in 14 of 16 comparable tenders
IS 10221,IS 1239,8,21,7,0.875,6.708,Cited alongside IS 10221 in 7 of 8 comparable tenders
IS 1363,IS 1161,8,12,7,0.875,11.74,Cited alongside IS 1363 in 7 of 8 comparable tenders
IS 1363,IS 13947,8,17,7,0.875,8.287,Cited alongside IS 1363 in 7 of 8 comparable tenders
IS 1363,IS 2629,8,17,7,0.875,8.287,Cited alongside IS 1363 in 7 of 8 comparable tenders
IS 1363,IS 5082,8,18,7,0.875,7.826,Cited alongside IS 1363 in 7 of 8 comparable tenders
IS 1367,IS 2062,8,28,7,0.875,5.031,Cited alongside IS 1367 in 7 of 8 comparable tenders
IS 1536,IS 1239,8,21,7,0.875,6.708,Cited alongside IS 1536 in 7 of 8 comparable tenders
IS 1536,IS 3589,8,15,7,0.875,9.392,Cited alongside IS 1536 in 7 of 8 comparable tenders
IS 1536,IS 8329,8,13,7,0.875,10.837,Cited alongside IS 1536 in 7 of 8 comparable tenders
IS 1852,IS 1239,8,21,7,0.875,6.708,Cited alongside IS 1852 in 7 of 8 comparable tenders
IS 1852,IS 1554,8,31,7,0.875,4.544,Cited alongside IS 1852 in 7 of 8 comparable tenders
IS 1852,IS 2629,8,17,7,0.875,8.287,Cited alongside IS 1852 in 7 of 8 comparable tenders
IS 1852,IS 3043,8,31,7,0.875,4.544,Cited alongside IS 1852 in 7 of 8 comparable tenders
IS 2556,IS 13592,8,15,7,0.875,9.392,Cited alongside IS 2556 in 7 of 8 comparable tenders
IS 432,IS 1239,8,21,7,0.875,6.708,Cited alongside IS 432 in 7 of 8 comparable tenders
IS 432,IS 2062,8,28,7,0.875,5.031,Cited alongside IS 432 in 7 of 8 comparable tenders
IS 432,IS 269,8,11,7,0.875,12.807,Cited alongside IS 432 in 7 of 8 comparable tenders
IS 432,IS 3043,8,31,7,0.875,4.544,Cited alongside IS 432 in 7 of 8 comparable tenders
IS 432,IS 694,8,72,7,0.875,1.957,Cited alongside IS 432 in 7 of 8 comparable tenders
IS 6875,IS 13947,8,17,7,0.875,8.287,Cited alongside IS 6875 in 7 of 8 comparable tenders
IS 6875,IS 2705,8,14,7,0.875,10.062,Cited alongside IS 6875 in 7 of 8 comparable tenders
IS 6875,IS 3156,8,12,7,0.875,11.74,Cited alongside IS 6875 in 7 of 8 comparable tenders
IS 6875,IS 694,8,72,7,0.875,1.957,Cited alongside IS 6875 in 7 of 8 comparable tenders
IS 783,IS 1786,8,16,7,0.875,8.805,Cited alongside IS 783 in 7 of 8 comparable tenders
IS 783,IS 456,8,22,7,0.875,6.403,Cited alongside IS 783 in 7 of 8 comparable tenders
IS 9595,IS 325,8,11,7,0.875,12.807,Cited alongside IS 9595 in 7 of 8 comparable tenders
IS 9595,IS 3589,8,15,7,0.875,9.392,Cited alongside IS 9595 in 7 of 8 comparable tenders
IS 9595,IS 694,8,72,7,0.875,1.957,Cited alongside IS 9595 in 7 of 8 comparable tenders
IS 9595,IS 7098,8,33,7,0.875,4.269,Cited alongside IS 9595 in 7 of 8 comparable tenders
IS 9595,IS 8130,8,35,7,0.875,4.025,Cited alongside IS 9595 in 7 of 8 comparable tenders
IS 13118,IS 2026,8,14,7,0.875,10.062,Cited alongside IS 13118 in 7 of 8 comparable tenders
IS 13118,IS 2062,8,28,7,0.875,5.031,Cited alongside IS 13118 in 7 of 8 comparable tenders
IS 13118,IS 2099,8,12,7,0.875,11.74,Cited alongside IS 13118 in 7 of 8 comparable tenders
IS 13118,IS 2705,8,14,7,0.875,10.062,Cited alongside IS 13118 in 7 of 8 comparable tenders
IS 13118,IS 3043,8,31,7,0.875,4.544,Cited alongside IS 13118 in 7 of 8 comparable tenders
IS 13118,IS 3156,8,12,7,0.875,11.74,Cited alongside IS 13118 in 7 of 8 comparable tenders
IS 13118,IS 335,8,13,7,0.875,10.837,Cited alongside IS 13118 in 7 of 8 comparable tenders
IS 13118,IS 7098,8,33,7,0.875,4.269,Cited alongside IS 13118 in 7 of 8 comparable tenders
IS 13118,IS 8623,8,20,7,0.875,7.044,Cited alongside IS 13118 in 7 of 8 comparable tenders
IS 1646,IS 8623,8,20,7,0.875,7.044,Cited alongside IS 1646 in 7 of 8 comparable tenders
IS 280,IS 2062,8,28,7,0.875,5.031,Cited alongside IS 280 in 7 of 8 comparable tenders
IS 280,IS 2629,8,17,7,0.875,8.287,Cited alongside IS 280 in 7 of 8 comparable tenders
IS 6745,IS 13947,8,17,7,0.875,8.287,Cited alongside IS 6745 in 7 of 8 comparable tenders
IS 6745,IS 209,8,9,7,0.875,15.653,Cited alongside IS 6745 in 7 of 8 comparable tenders
IS 6745,IS 2629,8,17,7,0.875,8.287,Cited alongside IS 6745 in 7 of 8 comparable tenders
IS 6745,IS 2633,8,13,7,0.875,10.837,Cited alongside IS 6745 in 7 of 8 comparable tenders
IS 6745,IS 8623,8,20,7,0.875,7.044,Cited alongside IS 6745 in 7 of 8 comparable tenders
IS 12640,IS 1293,8,12,7,0.875,11.74,Cited alongside IS 12640 in 7 of 8 comparable tenders
IS 1651,IS 13947,8,17,7,0.875,8.287,Cited alongside IS 1651 in 7 of 8 comparable tenders
IS 1651,IS 7098,8,33,7,0.875,4.269,Cited alongside IS 1651 in 7 of 8 comparable tenders
IS 1651,IS 8130,8,35,7,0.875,4.025,Cited alongside IS 1651 in 7 of 8 comparable tenders
IS 1651,IS 8623,8,20,7,0.875,7.044,Cited alongside IS 1651 in 7 of 8 comparable tenders
IS 375,IS 1248,8,12,7,0.875,11.74,Cited alongside IS 375 in 7 of 8 comparable tenders
IS 375,IS 2705,8,14,7,0.875,10.062,Cited alongside IS 375 in 7 of 8 comparable tenders
IS 375,IS 3156,8,12,7,0.875,11.74,Cited alongside IS 375 in 7 of 8 comparable tenders
IS 375,IS 3961,8,15,7,0.875,9.392,Cited alongside IS 375 in 7 of 8 comparable tenders
IS 6875,IS 3961,8,15,7,0.875,9.392,Cited alongside IS 6875 in 7 of 8 comparable tenders
IS 375,IS 3043,8,31,7,0.875,4.544,Cited alongside IS 375 in 7 of 8 comparable tenders
IS 375,IS 694,8,72,7,0.875,1.957,Cited alongside IS 375 in 7 of 8 comparable tenders
IS 16107 (Part 2),IS 16106,8,22,7,0.875,6.403,Cited alongside IS 16107 (Part 2) in 7 of 8 comparable tenders
IS 732,IS 694,15,72,13,0.867,1.938,Cited alongside IS 732 in 13 of 15 comparable tenders
IS 8130,IS 5831,35,31,30,0.857,4.452,Cited alongside IS 8130 in 30 of 35 comparable tenders
IS 1255,IS 1554,14,31,12,0.857,4.452,Cited alongside IS 1255 in 12 of 14 comparable tenders
IS 2026,IS 2099,14,12,12,0.857,11.5,Cited alongside IS 2026 in 12 of 14 comparable tenders
IS 2026,IS 2705,14,14,12,0.857,9.857,Cited alongside IS 2026 in 12 of 14 comparable tenders
IS 2026,IS 3043,14,31,12,0.857,4.452,Cited alongside IS 2026 in 12 of 14 comparable tenders
IS 2026,IS 5082,14,18,12,0.857,7.667,Cited alongside IS 2026 in 12 of 14 comparable tenders
IS 2705,IS 1554,14,31,12,0.857,4.452,Cited alongside IS 2705 in 12 of 14 comparable tenders
IS 2705,IS 2026,14,14,12,0.857,9.857,Cited alongside IS 2705 in 12 of 14 comparable tenders
IS 2705,IS 2099,14,12,12,0.857,11.5,Cited alongside IS 2705 in 12 of 14 comparable tenders
IS 2705,IS 3156,14,12,12,0.857,11.5,Cited alongside IS 2705 in 12 of 14 comparable tenders
IS 2705,IS 7098,14,33,12,0.857,4.182,Cited alongside IS 2705 in 12 of 14 comparable tenders
IS 4759,IS 2629,14,17,12,0.857,8.118,Cited alongside IS 4759 in 12 of 14 comparable tenders
IS 2026,IS 8623,14,20,12,0.857,6.9,Cited alongside IS 2026 in 12 of 14 comparable tenders
IS 2705,IS 8623,14,20,12,0.857,6.9,Cited alongside IS 2705 in 12 of 14 comparable tenders
IS 16108,IS 16107,13,18,11,0.846,7.568,Cited alongside IS 16108 in 11 of 13 comparable tenders
IS 2633,IS 2062,13,28,11,0.846,4.865,Cited alongside IS 2633 in 11 of 13 comparable tenders
IS 2633,IS 4759,13,14,11,0.846,9.731,Cited alongside IS 2633 in 11 of 13 comparable tenders
IS 2633,IS 694,13,72,11,0.846,1.892,Cited alongside IS 2633 in 11 of 13 comparable tenders
IS 9537,IS 3043,13,31,11,0.846,4.395,Cited alongside IS 9537 in 11 of 13 comparable tenders
IS 335,IS 2026,13,14,11,0.846,9.731,Cited alongside IS 335 in 11 of 13 comparable tenders
IS 335,IS 3043,13,31,11,0.846,4.395,Cited alongside IS 335 in 11 of 13 comparable tenders
IS 335,IS 5082,13,18,11,0.846,7.568,Cited alongside IS 335 in 11 of 13 comparable tenders
IS 335,IS 7098,13,33,11,0.846,4.128,Cited alongside IS 335 in 11 of 13 comparable tenders
IS 875,IS 2062,19,28,16,0.842,4.842,Cited alongside IS 875 in 16 of 19 comparable tenders
IS 5082,IS 8623,18,20,15,0.833,6.708,Cited alongside IS 5082 in 15 of 18 comparable tenders
IS 1161,IS 694,12,72,10,0.833,1.863,Cited alongside IS 1161 in 10 of 12 comparable tenders
IS 1248,IS 13947,12,17,10,0.833,7.892,Cited alongside IS 1248 in 10 of 12 comparable tenders
IS 1248,IS 1554,12,31,10,0.833,4.328,Cited alongside IS 1248 in 10 of 12 comparable tenders
IS 1248,IS 2705,12,14,10,0.833,9.583,Cited alongside IS 1248 in 10 of 12 comparable tenders
IS 1248,IS 3043,12,31,10,0.833,4.328,Cited alongside IS 1248 in 10 of 12 comparable tenders
IS 1248,IS 3156,12,12,10,0.833,11.181,Cited alongside IS 1248 in 10 of 12 comparable tenders
IS 1248,IS 5082,12,18,10,0.833,7.454,Cited alongside IS 1248 in 10 of 12 comparable tenders
IS 1248,IS 694,12,72,10,0.833,1.863,Cited alongside IS 1248 in 10 of 12 comparable tenders
IS 16103,IS 16106,12,22,10,0.833,6.098,Cited alongside IS 16103 in 10 of 12 comparable tenders
IS 2099,IS 1554,12,31,10,0.833,4.328,Cited alongside IS 2099 in 10 of 12 comparable tenders
IS 2099,IS 3156,12,12,10,0.833,11.181,Cited alongside IS 2099 in 10 of 12 comparable tenders
IS 2099,IS 5082,12,18,10,0.833,7.454,Cited alongside IS 2099 in 10 of 12 comparable tenders
IS 3156,IS 1248,12,12,10,0.833,11.181,Cited alongside IS 3156 in 10 of 12 comparable tenders
IS 3156,IS 13947,12,17,10,0.833,7.892,Cited alongside IS 3156 in 10 of 12 comparable tenders
IS 3156,IS 1554,12,31,10,0.833,4.328,Cited alongside IS 3156 in 10 of 12 comparable tenders
IS 3156,IS 2026,12,14,10,0.833,9.583,Cited alongside IS 3156 in 10 of 12 comparable tenders
IS 3156,IS 2099,12,12,10,0.833,11.181,Cited alongside IS 3156 in 10 of 12 comparable tenders
IS 3156,IS 3231,12,11,10,0.833,12.197,Cited alongside IS 3156 in 10 of 12 comparable tenders
IS 3156,IS 5082,12,18,10,0.833,7.454,Cited alongside IS 3156 in 10 of 12 comparable tenders
IS 3156,IS 694,12,72,10,0.833,1.863,Cited alongside IS 3156 in 10 of 12 comparable tenders
IS 3156,IS 7098,12,33,10,0.833,4.066,Cited alongside IS 3156 in 10 of 12 comparable tenders
IS 516,IS 456,12,22,10,0.833,6.098,Cited alongside IS 516 in 10 of 12 comparable tenders
IS 800,IS 694,12,72,10,0.833,1.863,Cited alongside IS 800 in 10 of 12 comparable tenders
IS 2099,IS 335,12,13,10,0.833,10.321,Cited alongside IS 2099 in 10 of 12 comparable tenders
IS 2099,IS 8623,12,20,10,0.833,6.708,Cited alongside IS 2099 in 10 of 12 comparable tenders
IS 3156,IS 8623,12,20,10,0.833,6.708,Cited alongside IS 3156 in 10 of 12 comparable tenders
IS 1248,IS 8623,12,20,10,0.833,6.708,Cited alongside IS 1248 in 10 of 12 comparable tenders
IS 10418,IS 3975,17,16,14,0.824,8.287,Cited alongside IS 10418 in 14 of 17 comparable tenders
IS 13947,IS 694,17,72,14,0.824,1.842,Cited alongside IS 13947 in 14 of 17 comparable tenders
IS 2629,IS 694,17,72,14,0.824,1.842,Cited alongside IS 2629 in 14 of 17 comparable tenders
IS 15885 (Part 2),IS 16105,11,12,9,0.818,10.977,Cited alongside IS 15885 (Part 2) in 9 of 11 comparable tenders
IS 2551,IS 13947,11,17,9,0.818,7.749,Cited alongside IS 2551 in 9 of 11 comparable tenders
IS 2551,IS 1554,11,31,9,0.818,4.249,Cited alongside IS 2551 in 9 of 11 comparable tenders
IS 2551,IS 2026,11,14,9,0.818,9.409,Cited alongside IS 2551 in 9 of 11 comparable tenders
IS 2551,IS 5578,11,10,9,0.818,13.173,Cited alongside IS 2551 in 9 of 11 comparable tenders
IS 2551,IS 7098,11,33,9,0.818,3.992,Cited alongside IS 2551 in 9 of 11 comparable tenders
IS 269,IS 1786,11,16,9,0.818,8.233,Cited alongside IS 269 in 9 of 11 comparable tenders
IS 269,IS 3043,11,31,9,0.818,4.249,Cited alongside IS 269 in 9 of 11 comparable tenders
IS 3231,IS 2026,11,14,9,0.818,9.409,Cited alongside IS 3231 in 9 of 11 comparable tenders
IS 3231,IS 2062,11,28,9,0.818,4.705,Cited alongside IS 3231 in 9 of 11 comparable tenders
IS 3231,IS 2099,11,12,9,0.818,10.977,Cited alongside IS 3231 in 9 of 11 comparable tenders
IS 3231,IS 5082,11,18,9,0.818,7.318,Cited alongside IS 3231 in 9 of 11 comparable tenders
IS 3231,IS 7098,11,33,9,0.818,3.992,Cited alongside IS 3231 in 9 of 11 comparable tenders
IS 325,IS 13947,11,17,9,0.818,7.749,Cited alongside IS 325 in 9 of 11 comparable tenders
IS 325,IS 2026,11,14,9,0.818,9.409,Cited alongside IS 325 in 9 of 11 comparable tenders
IS 325,IS 2099,11,12,9,0.818,10.977,Cited alongside IS 325 in 9 of 11 comparable tenders
IS 325,IS 2705,11,14,9,0.818,9.409,Cited alongside IS 325 in 9 of 11 comparable tenders
IS 458,IS 1239,11,21,9,0.818,6.273,Cited alongside IS 458 in 9 of 11 comparable tenders
IS 458,IS 694,11,72,9,0.818,1.83,Cited alongside IS 458 in 9 of 11 comparable tenders
IS 4736,IS 3043,11,31,9,0.818,4.249,Cited alongside IS 4736 in 9 of 11 comparable tenders
IS 1893,IS 2026,11,14,9,0.818,9.409,Cited alongside IS 1893 in 9 of 11 comparable tenders
IS 1893,IS 3043,11,31,9,0.818,4.249,Cited alongside IS 1893 in 9 of 11 comparable tenders
IS 1893,IS 694,11,72,9,0.818,1.83,Cited alongside IS 1893 in 9 of 11 comparable tenders
IS 1893,IS 7098,11,33,9,0.818,3.992,Cited alongside IS 1893 in 9 of 11 comparable tenders
IS 1893,IS 8130,11,35,9,0.818,3.764,Cited alongside IS 1893 in 9 of 11 comparable tenders
IS 1893,IS 8623,11,20,9,0.818,6.586,Cited alongside IS 1893 in 9 of 11 comparable tenders
IS 2147,IS 1554,11,31,9,0.818,4.249,Cited alongside IS 2147 in 9 of 11 comparable tenders
IS 2147,IS 2705,11,14,9,0.818,9.409,Cited alongside IS 2147 in 9 of 11 comparable tenders
IS 2147,IS 3156,11,12,9,0.818,10.977,Cited alongside IS 2147 in 9 of 11 comparable tenders
IS 2147,IS 3231,11,11,9,0.818,11.975,Cited alongside IS 2147 in 9 of 11 comparable tenders
IS 3231,IS 2147,11,11,9,0.818,11.975,Cited alongside IS 3231 in 9 of 11 comparable tenders
IS 2147,IS 13947,11,17,9,0.818,7.749,Cited alongside IS 2147 in 9 of 11 comparable tenders
IS 10322 (Part 1),IS 10322,11,32,9,0.818,4.116,Cited alongside IS 10322 (Part 1) in 9 of 11 comparable tenders
IS 3975,IS 1554,16,31,13,0.812,4.22,Cited alongside IS 3975 in 13 of 16 comparable tenders
IS 1554,IS 694,31,72,25,0.806,1.803,Cited alongside IS 1554 in 25 of 31 comparable tenders
IS 8623,IS 694,20,72,16,0.8,1.789,Cited alongside IS 8623 in 16 of 20 comparable tenders
IS 10810,IS 7098,15,33,12,0.8,3.903,Cited alongside IS 10810 in 12 of 15 comparable tenders
IS 3961,IS 5831,15,31,12,0.8,4.155,Cited alongside IS 3961 in 12 of 15 comparable tenders
IS 3961,IS 7098,15,33,12,0.8,3.903,Cited alongside IS 3961 in 12 of 15 comparable tenders
IS 3961,IS 8130,15,35,12,0.8,3.68,Cited alongside IS 3961 in 12 of 15 comparable tenders
IS 10810,IS 694,15,72,12,0.8,1.789,Cited alongside IS 10810 in 12 of 15 comparable tenders
IS 3589,IS 1239,15,21,12,0.8,6.133,Cited alongside IS 3589 in 12 of 15 comparable tenders
IS 9103,IS 456,15,22,12,0.8,5.855,Cited alongside IS 9103 in 12 of 15 comparable tenders
IS 3961,IS 3043,15,31,12,0.8,4.155,Cited alongside IS 3961 in 12 of 15 comparable tenders
IS 808,IS 2062,10,28,8,0.8,4.6,Cited alongside IS 808 in 8 of 10 comparable tenders
IS 1199,IS 456,10,22,8,0.8,5.855,Cited alongside IS 1199 in 8 of 10 comparable tenders
IS 210,IS 1239,10,21,8,0.8,6.133,Cited alongside IS 210 in 8 of 10 comparable tenders
IS 5578,IS 1255,10,14,8,0.8,9.2,Cited alongside IS 5578 in 8 of 10 comparable tenders
IS 5578,IS 13947,10,17,8,0.8,7.576,Cited alongside IS 5578 in 8 of 10 comparable tenders
IS 5578,IS 2026,10,14,8,0.8,9.2,Cited alongside IS 5578 in 8 of 10 comparable tenders
IS 5578,IS 2629,10,17,8,0.8,7.576,Cited alongside IS 5578 in 8 of 10 comparable tenders
IS 5578,IS 2705,10,14,8,0.8,9.2,Cited alongside IS 5578 in 8 of 10 comparable tenders
IS 5578,IS 5831,10,31,8,0.8,4.155,Cited alongside IS 5578 in 8 of 10 comparable tenders
IS 5578,IS 732,10,15,8,0.8,8.587,Cited alongside IS 5578 in 8 of 10 comparable tenders
IS 780,IS 1239,10,21,8,0.8,6.133,Cited alongside IS 780 in 8 of 10 comparable tenders
IS 780,IS 2062,10,28,8,0.8,4.6,Cited alongside IS 780 in 8 of 10 comparable tenders
IS 780,IS 456,10,22,8,0.8,5.855,Cited alongside IS 780 in 8 of 10 comparable tenders
IS 780,IS 694,10,72,8,0.8,1.789,Cited alongside IS 780 in 8 of 10 comparable tenders
IS 2878,IS 13947,10,17,8,0.8,7.576,Cited alongside IS 2878 in 8 of 10 comparable tenders
IS 2878,IS 3043,10,31,8,0.8,4.155,Cited alongside IS 2878 in 8 of 10 comparable tenders
IS 2878,IS 8623,10,20,8,0.8,6.44,Cited alongside IS 2878 in 8 of 10 comparable tenders
IS 3837,IS 13947,10,17,8,0.8,7.576,Cited alongside IS 3837 in 8 of 10 comparable tenders
IS 3837,IS 9537,10,13,8,0.8,9.908,Cited alongside IS 3837 in 8 of 10 comparable tenders
IS 8828,IS 1293,10,12,8,0.8,10.733,Cited alongside IS 8828 in 8 of 10 comparable tenders
IS 8828,IS 1554,10,31,8,0.8,4.155,Cited alongside IS 8828 in 8 of 10 comparable tenders
IS 8828,IS 732,10,15,8,0.8,8.587,Cited alongside IS 8828 in 8 of 10 comparable tenders
IS 1255,IS 8130,14,35,11,0.786,3.614,Cited alongside IS 1255 in 11 of 14 comparable tenders
IS 1255,IS 3043,14,31,11,0.786,4.081,Cited alongside IS 1255 in 11 of 14 comparable tenders
IS 2026,IS 13947,14,17,11,0.786,7.441,Cited alongside IS 2026 in 11 of 14 comparable tenders
IS 2026,IS 1554,14,31,11,0.786,4.081,Cited alongside IS 2026 in 11 of 14 comparable tenders
IS 2026,IS 694,14,72,11,0.786,1.757,Cited alongside IS 2026 in 11 of 14 comparable tenders
IS 2026,IS 8130,14,35,11,0.786,3.614,Cited alongside IS 2026 in 11 of 14 comparable tenders
IS 2705,IS 13947,14,17,11,0.786,7.441,Cited alongside IS 2705 in 11 of 14 comparable tenders
IS 2705,IS 2062,14,28,11,0.786,4.518,Cited alongside IS 2705 in 11 of 14 comparable tenders
IS 2705,IS 5082,14,18,11,0.786,7.028,Cited alongside IS 2705 in 11 of 14 comparable tenders
IS 2705,IS 694,14,72,11,0.786,1.757,Cited alongside IS 2705 in 11 of 14 comparable tenders
IS 4759,IS 2062,14,28,11,0.786,4.518,Cited alongside IS 4759 in 11 of 14 comparable tenders
IS 4759,IS 2633,14,13,11,0.786,9.731,Cited alongside IS 4759 in 11 of 14 comparable tenders
IS 4759,IS 3043,14,31,11,0.786,4.081,Cited alongside IS 4759 in 11 of 14 comparable tenders
IS 2026,IS 335,14,13,11,0.786,9.731,Cited alongside IS 2026 in 11 of 14 comparable tenders
IS 5082,IS 7098,18,33,14,0.778,3.795,Cited alongside IS 5082 in 14 of 18 comparable tenders
IS 5082,IS 2062,18,28,14,0.778,4.472,Cited alongside IS 5082 in 14 of 18 comparable tenders
IS 1538,IS 1239,9,21,7,0.778,5.963,Cited alongside IS 1538 in 7 of 9 comparable tenders
IS 1538,IS 2062,9,28,7,0.778,4.472,Cited alongside IS 1538 in 7 of 9 comparable tenders
IS 1538,IS 456,9,22,7,0.778,5.692,Cited alongside IS 1538 in 7 of 9 comparable tenders
IS 1538,IS 780,9,10,7,0.778,12.522,Cited alongside IS 1538 in 7 of 9 comparable tenders
IS 16101,IS 16106,9,22,7,0.778,5.692,Cited alongside IS 16101 in 7 of 9 comparable tenders
IS 3427,IS 1248,9,12,7,0.778,10.435,Cited alongside IS 3427 in 7 of 9 comparable tenders
IS 3427,IS 1554,9,31,7,0.778,4.039,Cited alongside IS 3427 in 7 of 9 comparable tenders
IS 3427,IS 2062,9,28,7,0.778,4.472,Cited alongside IS 3427 in 7 of 9 comparable tenders
IS 3427,IS 2099,9,12,7,0.778,10.435,Cited alongside IS 3427 in 7 of 9 comparable tenders
IS 3427,IS 3231,9,11,7,0.778,11.384,Cited alongside IS 3427 in 7 of 9 comparable tenders
IS 3427,IS 5082,9,18,7,0.778,6.957,Cited alongside IS 3427 in 7 of 9 comparable tenders
IS 3427,IS 694,9,72,7,0.778,1.739,Cited alongside IS 3427 in 7 of 9 comparable tenders
IS 3854,IS 1554,9,31,7,0.778,4.039,Cited alongside IS 3854 in 7 of 9 comparable tenders
IS 3854,IS 3043,9,31,7,0.778,4.039,Cited alongside IS 3854 in 7 of 9 comparable tenders
IS 554,IS 1554,9,31,7,0.778,4.039,Cited alongside IS 554 in 7 of 9 comparable tenders
IS 554,IS 1786,9,16,7,0.778,7.826,Cited alongside IS 554 in 7 of 9 comparable tenders
IS 554,IS 2062,9,28,7,0.778,4.472,Cited alongside IS 554 in 7 of 9 comparable tenders
IS 554,IS 269,9,11,7,0.778,11.384,Cited alongside IS 554 in 7 of 9 comparable tenders
IS 554,IS 325,9,11,7,0.778,11.384,Cited alongside IS 554 in 7 of 9 comparable tenders
IS 554,IS 456,9,22,7,0.778,5.692,Cited alongside IS 554 in 7 of 9 comparable tenders
IS 554,IS 5082,9,18,7,0.778,6.957,Cited alongside IS 554 in 7 of 9 comparable tenders
IS 554,IS 5831,9,31,7,0.778,4.039,Cited alongside IS 554 in 7 of 9 comparable tenders
IS 554,IS 694,9,72,7,0.778,1.739,Cited alongside IS 554 in 7 of 9 comparable tenders
IS 554,IS 7098,9,33,7,0.778,3.795,Cited alongside IS 554 in 7 of 9 comparable tenders
IS 554,IS 778,9,9,7,0.778,13.914,Cited alongside IS 554 in 7 of 9 comparable tenders
IS 554,IS 8130,9,35,7,0.778,3.578,Cited alongside IS 554 in 7 of 9 comparable tenders
IS 6005,IS 1255,9,14,7,0.778,8.944,Cited alongside IS 6005 in 7 of 9 comparable tenders
IS 6005,IS 2026,9,14,7,0.778,8.944,Cited alongside IS 6005 in 7 of 9 comparable tenders
IS 6005,IS 2062,9,28,7,0.778,4.472,Cited alongside IS 6005 in 7 of 9 comparable tenders
IS 6005,IS 2099,9,12,7,0.778,10.435,Cited alongside IS 6005 in 7 of 9 comparable tenders
IS 6005,IS 3156,9,12,7,0.778,10.435,Cited alongside IS 6005 in 7 of 9 comparable tenders
IS 6005,IS 5831,9,31,7,0.778,4.039,Cited alongside IS 6005 in 7 of 9 comparable tenders
IS 6005,IS 7098,9,33,7,0.778,3.795,Cited alongside IS 6005 in 7 of 9 comparable tenders
IS 6005,IS 8130,9,35,7,0.778,3.578,Cited alongside IS 6005 in 7 of 9 comparable tenders
IS 778,IS 13095,9,11,7,0.778,11.384,Cited alongside IS 778 in 7 of 9 comparable tenders
IS 778,IS 13592,9,15,7,0.778,8.348,Cited alongside IS 778 in 7 of 9 comparable tenders
IS 778,IS 1786,9,16,7,0.778,7.826,Cited alongside IS 778 in 7 of 9 comparable tenders
IS 778,IS 2062,9,28,7,0.778,4.472,Cited alongside IS 778 in 7 of 9 comparable tenders
IS 778,IS 456,9,22,7,0.778,5.692,Cited alongside IS 778 in 7 of 9 comparable tenders
IS 778,IS 554,9,9,7,0.778,13.914,Cited alongside IS 778 in 7 of 9 comparable tenders
IS 778,IS 780,9,10,7,0.778,12.522,Cited alongside IS 778 in 7 of 9 comparable tenders
IS 816,IS 13947,9,17,7,0.778,7.366,Cited alongside IS 816 in 7 of 9 comparable tenders
IS 816,IS 1554,9,31,7,0.778,4.039,Cited alongside IS 816 in 7 of 9 comparable tenders
IS 816,IS 2026,9,14,7,0.778,8.944,Cited alongside IS 816 in 7 of 9 comparable tenders
IS 816,IS 2705,9,14,7,0.778,8.944,Cited alongside IS 816 in 7 of 9 comparable tenders
IS 816,IS 3043,9,31,7,0.778,4.039,Cited alongside IS 816 in 7 of 9 comparable tenders
IS 816,IS 3589,9,15,7,0.778,8.348,Cited alongside IS 816 in 7 of 9 comparable tenders
IS 816,IS 8130,9,35,7,0.778,3.578,Cited alongside IS 816 in 7 of 9 comparable tenders
IS 100,IS 694,9,72,7,0.778,1.739,Cited alongside IS 100 in 7 of 9 comparable tenders
IS 2309,IS 2062,9,28,7,0.778,4.472,Cited alongside IS 2309 in 7 of 9 comparable tenders
IS 2309,IS 732,9,15,7,0.778,8.348,Cited alongside IS 2309 in 7 of 9 comparable tenders
IS 2713,IS 2629,9,17,7,0.778,7.366,Cited alongside IS 2713 in 7 of 9 comparable tenders
IS 2713,IS 5082,9,18,7,0.778,6.957,Cited alongside IS 2713 in 7 of 9 comparable tenders
IS 2713,IS 7098,9,33,7,0.778,3.795,Cited alongside IS 2713 in 7 of 9 comparable tenders
IS 3427,IS 8623,9,20,7,0.778,6.261,Cited alongside IS 3427 in 7 of 9 comparable tenders
IS 398,IS 2629,9,17,7,0.778,7.366,Cited alongside IS 398 in 7 of 9 comparable tenders
IS 398,IS 2633,9,13,7,0.778,9.632,Cited alongside IS 398 in 7 of 9 comparable tenders
IS 398,IS 335,9,13,7,0.778,9.632,Cited alongside IS 398 in 7 of 9 comparable tenders
IS 398,IS 617,9,9,7,0.778,13.914,Cited alongside IS 398 in 7 of 9 comparable tenders
IS 617,IS 2062,9,28,7,0.778,4.472,Cited alongside IS 617 in 7 of 9 comparable tenders
IS 617,IS 398,9,9,7,0.778,13.914,Cited alongside IS 617 in 7 of 9 comparable tenders
IS 617,IS 5082,9,18,7,0.778,6.957,Cited alongside IS 617 in 7 of 9 comparable tenders
IS 816,IS 8623,9,20,7,0.778,6.261,Cited alongside IS 816 in 7 of 9 comparable tenders
IS 209,IS 13947,9,17,7,0.778,7.366,Cited alongside IS 209 in 7 of 9 comparable tenders
IS 209,IS 2633,9,13,7,0.778,9.632,Cited alongside IS 209 in 7 of 9 comparable tenders
IS 209,IS 6745,9,8,7,0.778,15.653,Cited alongside IS 209 in 7 of 9 comparable tenders
IS 209,IS 694,9,72,7,0.778,1.739,Cited alongside IS 209 in 7 of 9 comparable tenders
IS 5216,IS 1293,9,12,7,0.778,10.435,Cited alongside IS 5216 in 7 of 9 comparable tenders
IS 5216,IS 2062,9,28,7,0.778,4.472,Cited alongside IS 5216 in 7 of 9 comparable tenders
IS 5216,IS 2551,9,11,7,0.778,11.384,Cited alongside IS 5216 in 7 of 9 comparable tenders
IS 5216,IS 3837,9,10,7,0.778,12.522,Cited alongside IS 5216 in 7 of 9 comparable tenders
IS 5216,IS 5578,9,10,7,0.778,12.522,Cited alongside IS 5216 in 7 of 9 comparable tenders
IS 5216,IS 8130,9,35,7,0.778,3.578,Cited alongside IS 5216 in 7 of 9 comparable tenders
IS 5216,IS 8828,9,10,7,0.778,12.522,Cited alongside IS 5216 in 7 of 9 comparable tenders
IS 5216,IS 9537,9,13,7,0.778,9.632,Cited alongside IS 5216 in 7 of 9 comparable tenders
IS 398,IS 1554,9,31,7,0.778,4.039,Cited alongside IS 398 in 7 of 9 comparable tenders
IS 4237,IS 1554,9,31,7,0.778,4.039,Cited alongside IS 4237 in 7 of 9 comparable tenders
IS 4237,IS 694,9,72,7,0.778,1.739,Cited alongside IS 4237 in 7 of 9 comparable tenders
IS 6005,IS 8623,9,20,7,0.778,6.261,Cited alongside IS 6005 in 7 of 9 comparable tenders
IS 2713,IS 1554,9,31,7,0.778,4.039,Cited alongside IS 2713 in 7 of 9 comparable tenders
IS 4237,IS 13947,9,17,7,0.778,7.366,Cited alongside IS 4237 in 7 of 9 comparable tenders
IS 1285,IS 1868,9,7,7,0.778,17.889,Cited alongside IS 1285 in 7 of 9 comparable tenders
IS 8130,IS 694,35,72,27,0.771,1.725,Cited alongside IS 8130 in 27 of 35 comparable tenders
IS 16108,IS 10322,13,32,10,0.769,3.87,Cited alongside IS 16108 in 10 of 13 comparable tenders
IS 2633,IS 5082,13,18,10,0.769,6.88,Cited alongside IS 2633 in 10 of 13 comparable tenders
IS 9537,IS 1554,13,31,10,0.769,3.995,Cited alongside IS 9537 in 10 of 13 comparable tenders
IS 9537,IS 732,13,15,10,0.769,8.256,Cited alongside IS 9537 in 10 of 13 comparable tenders
IS 2633,IS 8623,13,20,10,0.769,6.192,Cited alongside IS 2633 in 10 of 13 comparable tenders
IS 335,IS 2099,13,12,10,0.769,10.321,Cited alongside IS 335 in 10 of 13 comparable tenders
IS 335,IS 2705,13,14,10,0.769,8.846,Cited alongside IS 335 in 10 of 13 comparable tenders
IS 9537,IS 8623,13,20,10,0.769,6.192,Cited alongside IS 9537 in 10 of 13 comparable tenders
IS 13947,IS 2062,17,28,13,0.765,4.397,Cited alongside IS 13947 in 13 of 17 comparable tenders
IS 13947,IS 5082,17,18,13,0.765,6.84,Cited alongside IS 13947 in 13 of 17 comparable tenders
IS 2629,IS 2633,17,13,13,0.765,9.471,Cited alongside IS 2629 in 13 of 17 comparable tenders
IS 2629,IS 3043,17,31,13,0.765,3.972,Cited alongside IS 2629 in 13 of 17 comparable tenders
IS 8623,IS 13947,20,17,15,0.75,7.103,Cited alongside IS 8623 in 15 of 20 comparable tenders
IS 8623,IS 2062,20,28,15,0.75,4.312,Cited alongside IS 8623 in 15 of 20 comparable tenders
IS 8623,IS 5082,20,18,15,0.75,6.708,Cited alongside IS 8623 in 15 of 20 comparable tenders
IS 8623,IS 7098,20,33,15,0.75,3.659,Cited alongside IS 8623 in 15 of 20 comparable tenders
IS 1786,IS 3043,16,31,12,0.75,3.895,Cited alongside IS 1786 in 12 of 16 comparable tenders
IS 1786,IS 694,16,72,12,0.75,1.677,Cited alongside IS 1786 in 12 of 16 comparable tenders
IS 1161,IS 2629,12,17,9,0.75,7.103,Cited alongside IS 1161 in 9 of 12 comparable tenders
IS 1248,IS 2026,12,14,9,0.75,8.625,Cited alongside IS 1248 in 9 of 12 comparable tenders
IS 1248,IS 7098,12,33,9,0.75,3.659,Cited alongside IS 1248 in 9 of 12 comparable tenders
IS 1293,IS 732,12,15,9,0.75,8.05,Cited alongside IS 1293 in 9 of 12 comparable tenders
IS 1293,IS 9537,12,13,9,0.75,9.288,Cited alongside IS 1293 in 9 of 12 comparable tenders
IS 16103,IS 10322,12,32,9,0.75,3.773,Cited alongside IS 16103 in 9 of 12 comparable tenders
IS 16105,IS 10322,12,32,9,0.75,3.773,Cited alongside IS 16105 in 9 of 12 comparable tenders
IS 16105,IS 15885 (Part 2),12,11,9,0.75,10.977,Cited alongside IS 16105 in 9 of 12 comparable tenders
IS 2099,IS 1255,12,14,9,0.75,8.625,Cited alongside IS 2099 in 9 of 12 comparable tenders
IS 2099,IS 13947,12,17,9,0.75,7.103,Cited alongside IS 2099 in 9 of 12 comparable tenders
IS 2099,IS 3231,12,11,9,0.75,10.977,Cited alongside IS 2099 in 9 of 12 comparable tenders
IS 2099,IS 325,12,11,9,0.75,10.977,Cited alongside IS 2099 in 9 of 12 comparable tenders
IS 2099,IS 694,12,72,9,0.75,1.677,Cited alongside IS 2099 in 9 of 12 comparable tenders
IS 2099,IS 8130,12,35,9,0.75,3.45,Cited alongside IS 2099 in 9 of 12 comparable tenders
IS 3156,IS 1255,12,14,9,0.75,8.625,Cited alongside IS 3156 in 9 of 12 comparable tenders
IS 3156,IS 2062,12,28,9,0.75,4.312,Cited alongside IS 3156 in 9 of 12 comparable tenders
IS 516,IS 1199,12,10,9,0.75,12.075,Cited alongside IS 516 in 9 of 12 comparable tenders
IS 516,IS 3043,12,31,9,0.75,3.895,Cited alongside IS 516 in 9 of 12 comparable tenders
IS 800,IS 3043,12,31,9,0.75,3.895,Cited alongside IS 800 in 9 of 12 comparable tenders
IS 800,IS 456,12,22,9,0.75,5.489,Cited alongside IS 800 in 9 of 12 comparable tenders
IS 8112,IS 383,12,16,9,0.75,7.547,Cited alongside IS 8112 in 9 of 12 comparable tenders
IS 3156,IS 335,12,13,9,0.75,9.288,Cited alongside IS 3156 in 9 of 12 comparable tenders
IS 1293,IS 3837,12,10,9,0.75,12.075,Cited alongside IS 1293 in 9 of 12 comparable tenders
IS 1293,IS 8623,12,20,9,0.75,6.037,Cited alongside IS 1293 in 9 of 12 comparable tenders
IS 3156,IS 3961,12,15,9,0.75,8.05,Cited alongside IS 3156 in 9 of 12 comparable tenders
IS 3156,IS 2147,12,11,9,0.75,10.977,Cited alongside IS 3156 in 9 of 12 comparable tenders
IS 10221,IS 13095,8,11,6,0.75,10.977,Cited alongside IS 10221 in 6 of 8 comparable tenders
IS 10221,IS 14846,8,6,6,0.75,20.125,Cited alongside IS 10221 in 6 of 8 comparable tenders
IS 10221,IS 1538,8,9,6,0.75,13.417,Cited alongside IS 10221 in 6 of 8 comparable tenders
IS 10221,IS 210,8,10,6,0.75,12.075,Cited alongside IS 10221 in 6 of 8 comparable tenders
IS 10221,IS 8329,8,13,6,0.75,9.288,Cited alongside IS 10221 in 6 of 8 comparable tenders
IS 1363,IS 1239,8,21,6,0.75,5.75,Cited alongside IS 1363 in 6 of 8 comparable tenders
IS 1363,IS 1248,8,12,6,0.75,10.062,Cited alongside IS 1363 in 6 of 8 comparable tenders
IS 1363,IS 1367,8,8,6,0.75,15.094,Cited alongside IS 1363 in 6 of 8 comparable tenders
IS 1363,IS 1554,8,31,6,0.75,3.895,Cited alongside IS 1363 in 6 of 8 comparable tenders
IS 1363,IS 2026,8,14,6,0.75,8.625,Cited alongside IS 1363 in 6 of 8 comparable tenders
IS 1363,IS 2633,8,13,6,0.75,9.288,Cited alongside IS 1363 in 6 of 8 comparable tenders
IS 1363,IS 277,8,16,6,0.75,7.547,Cited alongside IS 1363 in 6 of 8 comparable tenders
IS 1363,IS 3043,8,31,6,0.75,3.895,Cited alongside IS 1363 in 6 of 8 comparable tenders
IS 1363,IS 325,8,11,6,0.75,10.977,Cited alongside IS 1363 in 6 of 8 comparable tenders
IS 1363,IS 3589,8,15,6,0.75,8.05,Cited alongside IS 1363 in 6 of 8 comparable tenders
IS 1363,IS 7098,8,33,6,0.75,3.659,Cited alongside IS 1363 in 6 of 8 comparable tenders
IS 1363,IS 800,8,12,6,0.75,10.062,Cited alongside IS 1363 in 6 of 8 comparable tenders
IS 1363,IS 808,8,10,6,0.75,12.075,Cited alongside IS 1363 in 6 of 8 comparable tenders
IS 1363,IS 8130,8,35,6,0.75,3.45,Cited alongside IS 1363 in 6 of 8 comparable tenders
IS 1367,IS 1239,8,21,6,0.75,5.75,Cited alongside IS 1367 in 6 of 8 comparable tenders
IS 1367,IS 1363,8,8,6,0.75,15.094,Cited alongside IS 1367 in 6 of 8 comparable tenders
IS 1367,IS 1554,8,31,6,0.75,3.895,Cited alongside IS 1367 in 6 of 8 comparable tenders
IS 1367,IS 1786,8,16,6,0.75,7.547,Cited alongside IS 1367 in 6 of 8 comparable tenders
IS 1367,IS 1852,8,8,6,0.75,15.094,Cited alongside IS 1367 in 6 of 8 comparable tenders
IS 1367,IS 2629,8,17,6,0.75,7.103,Cited alongside IS 1367 in 6 of 8 comparable tenders
IS 1367,IS 269,8,11,6,0.75,10.977,Cited alongside IS 1367 in 6 of 8 comparable tenders
IS 1367,IS 3043,8,31,6,0.75,3.895,Cited alongside IS 1367 in 6 of 8 comparable tenders
IS 1367,IS 325,8,11,6,0.75,10.977,Cited alongside IS 1367 in 6 of 8 comparable tenders
IS 1367,IS 383,8,16,6,0.75,7.547,Cited alongside IS 1367 in 6 of 8 comparable tenders
IS 1367,IS 432,8,8,6,0.75,15.094,Cited alongside IS 1367 in 6 of 8 comparable tenders
IS 1367,IS 456,8,22,6,0.75,5.489,Cited alongside IS 1367 in 6 of 8 comparable tenders
IS 1367,IS 5082,8,18,6,0.75,6.708,Cited alongside IS 1367 in 6 of 8 comparable tenders
IS 1367,IS 554,8,9,6,0.75,13.417,Cited alongside IS 1367 in 6 of 8 comparable tenders
IS 1367,IS 5831,8,31,6,0.75,3.895,Cited alongside IS 1367 in 6 of 8 comparable tenders
IS 1367,IS 694,8,72,6,0.75,1.677,Cited alongside IS 1367 in 6 of 8 comparable tenders
IS 1536,IS 4985,8,20,6,0.75,6.038,Cited alongside IS 1536 in 6 of 8 comparable tenders
IS 1852,IS 1367,8,8,6,0.75,15.094,Cited alongside IS 1852 in 6 of 8 comparable tenders
IS 1852,IS 1786,8,16,6,0.75,7.547,Cited alongside IS 1852 in 6 of 8 comparable tenders
IS 1852,IS 325,8,11,6,0.75,10.977,Cited alongside IS 1852 in 6 of 8 comparable tenders
IS 1852,IS 456,8,22,6,0.75,5.489,Cited alongside IS 1852 in 6 of 8 comparable tenders
IS 1852,IS 694,8,72,6,0.75,1.677,Cited alongside IS 1852 in 6 of 8 comparable tenders
IS 1852,IS 7098,8,33,6,0.75,3.659,Cited alongside IS 1852 in 6 of 8 comparable tenders
IS 1852,IS 8130,8,35,6,0.75,3.45,Cited alongside IS 1852 in 6 of 8 comparable tenders
IS 2556,IS 13095,8,11,6,0.75,10.977,Cited alongside IS 2556 in 6 of 8 comparable tenders
IS 2556,IS 694,8,72,6,0.75,1.677,Cited alongside IS 2556 in 6 of 8 comparable tenders
IS 432,IS 1367,8,8,6,0.75,15.094,Cited alongside IS 432 in 6 of 8 comparable tenders
IS 432,IS 554,8,9,6,0.75,13.417,Cited alongside IS 432 in 6 of 8 comparable tenders
IS 432,IS 778,8,9,6,0.75,13.417,Cited alongside IS 432 in 6 of 8 comparable tenders
IS 432,IS 783,8,8,6,0.75,15.094,Cited alongside IS 432 in 6 of 8 comparable tenders
IS 6875,IS 1248,8,12,6,0.75,10.062,Cited alongside IS 6875 in 6 of 8 comparable tenders
IS 6875,IS 1255,8,14,6,0.75,8.625,Cited alongside IS 6875 in 6 of 8 comparable tenders
IS 6875,IS 2062,8,28,6,0.75,4.312,Cited alongside IS 6875 in 6 of 8 comparable tenders
IS 6875,IS 3231,8,11,6,0.75,10.977,Cited alongside IS 6875 in 6 of 8 comparable tenders
IS 6875,IS 5082,8,18,6,0.75,6.708,Cited alongside IS 6875 in 6 of 8 comparable tenders
IS 6875,IS 5578,8,10,6,0.75,12.075,Cited alongside IS 6875 in 6 of 8 comparable tenders
IS 6875,IS 5831,8,31,6,0.75,3.895,Cited alongside IS 6875 in 6 of 8 comparable tenders
IS 6875,IS 6005,8,9,6,0.75,13.417,Cited alongside IS 6875 in 6 of 8 comparable tenders
IS 6875,IS 7098,8,33,6,0.75,3.659,Cited alongside IS 6875 in 6 of 8 comparable tenders
IS 6875,IS 8130,8,35,6,0.75,3.45,Cited alongside IS 6875 in 6 of 8 comparable tenders
IS 783,IS 210,8,10,6,0.75,12.075,Cited alongside IS 783 in 6 of 8 comparable tenders
IS 783,IS 269,8,11,6,0.75,10.977,Cited alongside IS 783 in 6 of 8 comparable tenders
IS 783,IS 3043,8,31,6,0.75,3.895,Cited alongside IS 783 in 6 of 8 comparable tenders
IS 783,IS 383,8,16,6,0.75,7.547,Cited alongside IS 783 in 6 of 8 comparable tenders
IS 783,IS 432,8,8,6,0.75,15.094,Cited alongside IS 783 in 6 of 8 comparable tenders
IS 783,IS 458,8,11,6,0.75,10.977,Cited alongside IS 783 in 6 of 8 comparable tenders
IS 783,IS 4985,8,20,6,0.75,6.038,Cited alongside IS 783 in 6 of 8 comparable tenders
IS 783,IS 8112,8,12,6,0.75,10.062,Cited alongside IS 783 in 6 of 8 comparable tenders
IS 9523,IS 1239,8,21,6,0.75,5.75,Cited alongside IS 9523 in 6 of 8 comparable tenders
IS 9523,IS 8329,8,13,6,0.75,9.288,Cited alongside IS 9523 in 6 of 8 comparable tenders
IS 9595,IS 1538,8,9,6,0.75,13.417,Cited alongside IS 9595 in 6 of 8 comparable tenders
IS 9595,IS 1786,8,16,6,0.75,7.547,Cited alongside IS 9595 in 6 of 8 comparable tenders
IS 9595,IS 2026,8,14,6,0.75,8.625,Cited alongside IS 9595 in 6 of 8 comparable tenders
IS 9595,IS 2099,8,12,6,0.75,10.062,Cited alongside IS 9595 in 6 of 8 comparable tenders
IS 9595,IS 2705,8,14,6,0.75,8.625,Cited alongside IS 9595 in 6 of 8 comparable tenders
IS 9595,IS 277,8,16,6,0.75,7.547,Cited alongside IS 9595 in 6 of 8 comparable tenders
IS 9595,IS 3043,8,31,6,0.75,3.895,Cited alongside IS 9595 in 6 of 8 comparable tenders
IS 9595,IS 456,8,22,6,0.75,5.489,Cited alongside IS 9595 in 6 of 8 comparable tenders
IS 9595,IS 5831,8,31,6,0.75,3.895,Cited alongside IS 9595 in 6 of 8 comparable tenders
IS 9595,IS 7205,8,6,6,0.75,20.125,Cited alongside IS 9595 in 6 of 8 comparable tenders
IS 9595,IS 814,8,6,6,0.75,20.125,Cited alongside IS 9595 in 6 of 8 comparable tenders
IS 9595,IS 816,8,9,6,0.75,13.417,Cited alongside IS 9595 in 6 of 8 comparable tenders
IS 13118,IS 10028,8,6,6,0.75,20.125,Cited alongside IS 13118 in 6 of 8 comparable tenders
IS 13118,IS 3231,8,11,6,0.75,10.977,Cited alongside IS 13118 in 6 of 8 comparable tenders
IS 13118,IS 3427,8,9,6,0.75,13.417,Cited alongside IS 13118 in 6 of 8 comparable tenders
IS 13118,IS 5082,8,18,6,0.75,6.708,Cited alongside IS 13118 in 6 of 8 comparable tenders
IS 13118,IS 694,8,72,6,0.75,1.677,Cited alongside IS 13118 in 6 of 8 comparable tenders
IS 1363,IS 335,8,13,6,0.75,9.288,Cited alongside IS 1363 in 6 of 8 comparable tenders
IS 1363,IS 8623,8,20,6,0.75,6.038,Cited alongside IS 1363 in 6 of 8 comparable tenders
IS 1646,IS 13947,8,17,6,0.75,7.103,Cited alongside IS 1646 in 6 of 8 comparable tenders
IS 1852,IS 8623,8,20,6,0.75,6.038,Cited alongside IS 1852 in 6 of 8 comparable tenders
IS 2190,IS 2062,8,28,6,0.75,4.312,Cited alongside IS 2190 in 6 of 8 comparable tenders
IS 2190,IS 456,8,22,6,0.75,5.489,Cited alongside IS 2190 in 6 of 8 comparable tenders
IS 280,IS 209,8,9,6,0.75,13.417,Cited alongside IS 280 in 6 of 8 comparable tenders
IS 280,IS 2633,8,13,6,0.75,9.288,Cited alongside IS 280 in 6 of 8 comparable tenders
IS 280,IS 3043,8,31,6,0.75,3.895,Cited alongside IS 280 in 6 of 8 comparable tenders
IS 280,IS 335,8,13,6,0.75,9.288,Cited alongside IS 280 in 6 of 8 comparable tenders
IS 280,IS 694,8,72,6,0.75,1.677,Cited alongside IS 280 in 6 of 8 comparable tenders
IS 280,IS 8623,8,20,6,0.75,6.038,Cited alongside IS 280 in 6 of 8 comparable tenders
IS 6745,IS 2062,8,28,6,0.75,4.312,Cited alongside IS 6745 in 6 of 8 comparable tenders
IS 6745,IS 5082,8,18,6,0.75,6.708,Cited alongside IS 6745 in 6 of 8 comparable tenders
IS 12640,IS 1554,8,31,6,0.75,3.895,Cited alongside IS 12640 in 6 of 8 comparable tenders
IS 12640,IS 3043,8,31,6,0.75,3.895,Cited alongside IS 12640 in 6 of 8 comparable tenders
IS 12640,IS 8623,8,20,6,0.75,6.038,Cited alongside IS 12640 in 6 of 8 comparable tenders
IS 12640,IS 9537,8,13,6,0.75,9.288,Cited alongside IS 12640 in 6 of 8 comparable tenders
IS 1646,IS 1554,8,31,6,0.75,3.895,Cited alongside IS 1646 in 6 of 8 comparable tenders
IS 1646,IS 3837,8,10,6,0.75,12.075,Cited alongside IS 1646 in 6 of 8 comparable tenders
IS 1646,IS 732,8,15,6,0.75,8.05,Cited alongside IS 1646 in 6 of 8 comparable tenders
IS 1646,IS 9537,8,13,6,0.75,9.288,Cited alongside IS 1646 in 6 of 8 comparable tenders
IS 1651,IS 1554,8,31,6,0.75,3.895,Cited alongside IS 1651 in 6 of 8 comparable tenders
IS 1651,IS 2026,8,14,6,0.75,8.625,Cited alongside IS 1651 in 6 of 8 comparable tenders
IS 1651,IS 2062,8,28,6,0.75,4.312,Cited alongside IS 1651 in 6 of 8 comparable tenders
IS 1651,IS 3043,8,31,6,0.75,3.895,Cited alongside IS 1651 in 6 of 8 comparable tenders
IS 1651,IS 5578,8,10,6,0.75,12.075,Cited alongside IS 1651 in 6 of 8 comparable tenders
IS 6745,IS 2551,8,11,6,0.75,10.977,Cited alongside IS 6745 in 6 of 8 comparable tenders
IS 13118,IS 1554,8,31,6,0.75,3.895,Cited alongside IS 13118 in 6 of 8 comparable tenders
IS 375,IS 7098,8,33,6,0.75,3.659,Cited alongside IS 375 in 6 of 8 comparable tenders
IS 13118,IS 2147,8,11,6,0.75,10.977,Cited alongside IS 13118 in 6 of 8 comparable tenders
IS 6875,IS 2147,8,11,6,0.75,10.977,Cited alongside IS 6875 in 6 of 8 comparable tenders
IS 6875,IS 3202,8,7,6,0.75,17.25,Cited alongside IS 6875 in 6 of 8 comparable tenders
IS 6875,IS 4237,8,9,6,0.75,13.417,Cited alongside IS 6875 in 6 of 8 comparable tenders
IS 6875,IS 8623,8,20,6,0.75,6.038,Cited alongside IS 6875 in 6 of 8 comparable tenders
IS 280,IS 10418,8,17,6,0.75,7.103,Cited alongside IS 280 in 6 of 8 comparable tenders
IS 280,IS 8130,8,35,6,0.75,3.45,Cited alongside IS 280 in 6 of 8 comparable tenders
IS 375,IS 13947,8,17,6,0.75,7.103,Cited alongside IS 375 in 6 of 8 comparable tenders
IS 375,IS 2147,8,11,6,0.75,10.977,Cited alongside IS 375 in 6 of 8 comparable tenders
IS 375,IS 8623,8,20,6,0.75,6.038,Cited alongside IS 375 in 6 of 8 comparable tenders
IS 3370,IS 1239,8,21,6,0.75,5.75,Cited alongside IS 3370 in 6 of 8 comparable tenders
IS 3370,IS 1786,8,16,6,0.75,7.547,Cited alongside IS 3370 in 6 of 8 comparable tenders
IS 3370,IS 269,8,11,6,0.75,10.977,Cited alongside IS 3370 in 6 of 8 comparable tenders
IS 3370,IS 3043,8,31,6,0.75,3.895,Cited alongside IS 3370 in 6 of 8 comparable tenders
IS 3370,IS 383,8,16,6,0.75,7.547,Cited alongside IS 3370 in 6 of 8 comparable tenders
IS 16107 (Part 2),IS 10322,8,32,6,0.75,3.773,Cited alongside IS 16107 (Part 2) in 6 of 8 comparable tenders
IS 16107 (Part 2),IS 10322 (Part 1),8,11,6,0.75,10.977,Cited alongside IS 16107 (Part 2) in 6 of 8 comparable tenders
IS 16107 (Part 2),IS 10322 (Part 5),8,21,6,0.75,5.75,Cited alongside IS 16107 (Part 2) in 6 of 8 comparable tenders
IS 16107 (Part 2),IS 16105,8,12,6,0.75,10.062,Cited alongside IS 16107 (Part 2) in 6 of 8 comparable tenders
IS 5831,IS 694,31,72,23,0.742,1.659,Cited alongside IS 5831 in 23 of 31 comparable tenders
IS 875,IS 7098,19,33,14,0.737,3.595,Cited alongside IS 875 in 14 of 19 comparable tenders
IS 3961,IS 10418,15,17,11,0.733,6.945,Cited alongside IS 3961 in 11 of 15 comparable tenders
IS 10810,IS 1554,15,31,11,0.733,3.809,Cited alongside IS 10810 in 11 of 15 comparable tenders
IS 732,IS 1554,15,31,11,0.733,3.809,Cited alongside IS 732 in 11 of 15 comparable tenders
IS 732,IS 2062,15,28,11,0.733,4.217,Cited alongside IS 732 in 11 of 15 comparable tenders
IS 732,IS 7098,15,33,11,0.733,3.578,Cited alongside IS 732 in 11 of 15 comparable tenders
IS 732,IS 8623,15,20,11,0.733,5.903,Cited alongside IS 732 in 11 of 15 comparable tenders
IS 3961,IS 8623,15,20,11,0.733,5.903,Cited alongside IS 3961 in 11 of 15 comparable tenders
IS 13095,IS 3043,11,31,8,0.727,3.777,Cited alongside IS 13095 in 8 of 11 comparable tenders
IS 13095,IS 3589,11,15,8,0.727,7.806,Cited alongside IS 13095 in 8 of 11 comparable tenders
IS 15885 (Part 2),IS 10322,11,32,8,0.727,3.659,Cited alongside IS 15885 (Part 2) in 8 of 11 comparable tenders
IS 16104,IS 16108,11,13,8,0.727,9.007,Cited alongside IS 16104 in 8 of 11 comparable tenders
IS 2551,IS 1255,11,14,8,0.727,8.364,Cited alongside IS 2551 in 8 of 11 comparable tenders
IS 2551,IS 2099,11,12,8,0.727,9.758,Cited alongside IS 2551 in 8 of 11 comparable tenders
IS 2551,IS 2629,11,17,8,0.727,6.888,Cited alongside IS 2551 in 8 of 11 comparable tenders
IS 2551,IS 2705,11,14,8,0.727,8.364,Cited alongside IS 2551 in 8 of 11 comparable tenders
IS 2551,IS 3231,11,11,8,0.727,10.645,Cited alongside IS 2551 in 8 of 11 comparable tenders
IS 2551,IS 5082,11,18,8,0.727,6.505,Cited alongside IS 2551 in 8 of 11 comparable tenders
IS 2551,IS 732,11,15,8,0.727,7.806,Cited alongside IS 2551 in 8 of 11 comparable tenders
IS 2551,IS 8130,11,35,8,0.727,3.345,Cited alongside IS 2551 in 8 of 11 comparable tenders
IS 2551,IS 9537,11,13,8,0.727,9.007,Cited alongside IS 2551 in 8 of 11 comparable tenders
IS 269,IS 1239,11,21,8,0.727,5.576,Cited alongside IS 269 in 8 of 11 comparable tenders
IS 269,IS 2062,11,28,8,0.727,4.182,Cited alongside IS 269 in 8 of 11 comparable tenders
IS 269,IS 3589,11,15,8,0.727,7.806,Cited alongside IS 269 in 8 of 11 comparable tenders
IS 269,IS 383,11,16,8,0.727,7.318,Cited alongside IS 269 in 8 of 11 comparable tenders
IS 269,IS 694,11,72,8,0.727,1.626,Cited alongside IS 269 in 8 of 11 comparable tenders
IS 3231,IS 1248,11,12,8,0.727,9.758,Cited alongside IS 3231 in 8 of 11 comparable tenders
IS 3231,IS 1554,11,31,8,0.727,3.777,Cited alongside IS 3231 in 8 of 11 comparable tenders
IS 3231,IS 2551,11,11,8,0.727,10.645,Cited alongside IS 3231 in 8 of 11 comparable tenders
IS 3231,IS 5831,11,31,8,0.727,3.777,Cited alongside IS 3231 in 8 of 11 comparable tenders
IS 3231,IS 732,11,15,8,0.727,7.806,Cited alongside IS 3231 in 8 of 11 comparable tenders
IS 3231,IS 8130,11,35,8,0.727,3.345,Cited alongside IS 3231 in 8 of 11 comparable tenders
IS 325,IS 1239,11,21,8,0.727,5.576,Cited alongside IS 325 in 8 of 11 comparable tenders
IS 325,IS 5082,11,18,8,0.727,6.505,Cited alongside IS 325 in 8 of 11 comparable tenders
IS 325,IS 694,11,72,8,0.727,1.626,Cited alongside IS 325 in 8 of 11 comparable tenders
IS 325,IS 7098,11,33,8,0.727,3.548,Cited alongside IS 325 in 8 of 11 comparable tenders
IS 325,IS 8130,11,35,8,0.727,3.345,Cited alongside IS 325 in 8 of 11 comparable tenders
IS 7098 (Part 1),IS 694,11,72,8,0.727,1.626,Cited alongside IS 7098 (Part 1) in 8 of 11 comparable tenders
IS 3231,IS 335,11,13,8,0.727,9.007,Cited alongside IS 3231 in 8 of 11 comparable tenders
IS 1893,IS 1554,11,31,8,0.727,3.777,Cited alongside IS 1893 in 8 of 11 comparable tenders
IS 1893,IS 2099,11,12,8,0.727,9.758,Cited alongside IS 1893 in 8 of 11 comparable tenders
IS 1893,IS 2705,11,14,8,0.727,8.364,Cited alongside IS 1893 in 8 of 11 comparable tenders
IS 325,IS 8623,11,20,8,0.727,5.855,Cited alongside IS 325 in 8 of 11 comparable tenders
IS 1893,IS 335,11,13,8,0.727,9.007,Cited alongside IS 1893 in 8 of 11 comparable tenders
IS 1893,IS 5082,11,18,8,0.727,6.505,Cited alongside IS 1893 in 8 of 11 comparable tenders
IS 2147,IS 2062,11,28,8,0.727,4.182,Cited alongside IS 2147 in 8 of 11 comparable tenders
IS 2147,IS 2551,11,11,8,0.727,10.645,Cited alongside IS 2147 in 8 of 11 comparable tenders
IS 2147,IS 3961,11,15,8,0.727,7.806,Cited alongside IS 2147 in 8 of 11 comparable tenders
IS 2147,IS 4237,11,9,8,0.727,13.01,Cited alongside IS 2147 in 8 of 11 comparable tenders
IS 2147,IS 5082,11,18,8,0.727,6.505,Cited alongside IS 2147 in 8 of 11 comparable tenders
IS 2147,IS 7098,11,33,8,0.727,3.548,Cited alongside IS 2147 in 8 of 11 comparable tenders
IS 2147,IS 732,11,15,8,0.727,7.806,Cited alongside IS 2147 in 8 of 11 comparable tenders
IS 2551,IS 2147,11,11,8,0.727,10.645,Cited alongside IS 2551 in 8 of 11 comparable tenders
IS 2147,IS 1248,11,12,8,0.727,9.758,Cited alongside IS 2147 in 8 of 11 comparable tenders
IS 5082,IS 8130,18,35,13,0.722,3.322,Cited alongside IS 5082 in 13 of 18 comparable tenders
IS 16107,IS 10322,18,32,13,0.722,3.634,Cited alongside IS 16107 in 13 of 18 comparable tenders
IS 16107,IS 16106,18,22,13,0.722,5.285,Cited alongside IS 16107 in 13 of 18 comparable tenders
IS 5082,IS 13947,18,17,13,0.722,6.84,Cited alongside IS 5082 in 13 of 18 comparable tenders
IS 5082,IS 694,18,72,13,0.722,1.615,Cited alongside IS 5082 in 13 of 18 comparable tenders
IS 2062,IS 694,28,72,20,0.714,1.597,Cited alongside IS 2062 in 20 of 28 comparable tenders
IS 2062,IS 3043,28,31,20,0.714,3.71,Cited alongside IS 2062 in 20 of 28 comparable tenders
IS 1239,IS 3043,21,31,15,0.714,3.71,Cited alongside IS 1239 in 15 of 21 comparable tenders
IS 1255,IS 3961,14,15,10,0.714,7.667,Cited alongside IS 1255 in 10 of 14 comparable tenders
IS 1255,IS 5831,14,31,10,0.714,3.71,Cited alongside IS 1255 in 10 of 14 comparable tenders
IS 1255,IS 2026,14,14,10,0.714,8.214,Cited alongside IS 1255 in 10 of 14 comparable tenders
IS 1255,IS 2062,14,28,10,0.714,4.107,Cited alongside IS 1255 in 10 of 14 comparable tenders
IS 1255,IS 2629,14,17,10,0.714,6.765,Cited alongside IS 1255 in 10 of 14 comparable tenders
IS 1255,IS 2705,14,14,10,0.714,8.214,Cited alongside IS 1255 in 10 of 14 comparable tenders
IS 1255,IS 694,14,72,10,0.714,1.597,Cited alongside IS 1255 in 10 of 14 comparable tenders
IS 2026,IS 1255,14,14,10,0.714,8.214,Cited alongside IS 2026 in 10 of 14 comparable tenders
IS 2026,IS 3156,14,12,10,0.714,9.583,Cited alongside IS 2026 in 10 of 14 comparable tenders
IS 2026,IS 875,14,19,10,0.714,6.053,Cited alongside IS 2026 in 10 of 14 comparable tenders
IS 2705,IS 1248,14,12,10,0.714,9.583,Cited alongside IS 2705 in 10 of 14 comparable tenders
IS 2705,IS 1255,14,14,10,0.714,8.214,Cited alongside IS 2705 in 10 of 14 comparable tenders
IS 2705,IS 3231,14,11,10,0.714,10.455,Cited alongside IS 2705 in 10 of 14 comparable tenders
IS 2705,IS 8130,14,35,10,0.714,3.286,Cited alongside IS 2705 in 10 of 14 comparable tenders
IS 4759,IS 694,14,72,10,0.714,1.597,Cited alongside IS 4759 in 10 of 14 comparable tenders
IS 1255,IS 8623,14,20,10,0.714,5.75,Cited alongside IS 1255 in 10 of 14 comparable tenders
IS 2705,IS 335,14,13,10,0.714,8.846,Cited alongside IS 2705 in 10 of 14 comparable tenders
IS 10418,IS 1554,17,31,12,0.706,3.666,Cited alongside IS 10418 in 12 of 17 comparable tenders
IS 13947,IS 7098,17,33,12,0.706,3.444,Cited alongside IS 13947 in 12 of 17 comparable tenders
IS 2629,IS 4759,17,14,12,0.706,8.118,Cited alongside IS 2629 in 12 of 17 comparable tenders
IS 8623,IS 1554,20,31,14,0.7,3.635,Cited alongside IS 8623 in 14 of 20 comparable tenders
IS 210,IS 2062,10,28,7,0.7,4.025,Cited alongside IS 210 in 7 of 10 comparable tenders
IS 210,IS 383,10,16,7,0.7,7.044,Cited alongside IS 210 in 7 of 10 comparable tenders
IS 210,IS 456,10,22,7,0.7,5.123,Cited alongside IS 210 in 7 of 10 comparable tenders
IS 210,IS 4985,10,20,7,0.7,5.635,Cited alongside IS 210 in 7 of 10 comparable tenders
IS 5578,IS 1293,10,12,7,0.7,9.392,Cited alongside IS 5578 in 7 of 10 comparable tenders
IS 5578,IS 2099,10,12,7,0.7,9.392,Cited alongside IS 5578 in 7 of 10 comparable tenders
IS 5578,IS 2633,10,13,7,0.7,8.669,Cited alongside IS 5578 in 7 of 10 comparable tenders
IS 5578,IS 3156,10,12,7,0.7,9.392,Cited alongside IS 5578 in 7 of 10 comparable tenders
IS 5578,IS 3231,10,11,7,0.7,10.245,Cited alongside IS 5578 in 7 of 10 comparable tenders
IS 5578,IS 5082,10,18,7,0.7,6.261,Cited alongside IS 5578 in 7 of 10 comparable tenders
IS 5578,IS 9537,10,13,7,0.7,8.669,Cited alongside IS 5578 in 7 of 10 comparable tenders
IS 780,IS 1538,10,9,7,0.7,12.522,Cited alongside IS 780 in 7 of 10 comparable tenders
IS 780,IS 1786,10,16,7,0.7,7.044,Cited alongside IS 780 in 7 of 10 comparable tenders
IS 780,IS 3043,10,31,7,0.7,3.635,Cited alongside IS 780 in 7 of 10 comparable tenders
IS 780,IS 778,10,9,7,0.7,12.522,Cited alongside IS 780 in 7 of 10 comparable tenders
IS 808,IS 2629,10,17,7,0.7,6.629,Cited alongside IS 808 in 7 of 10 comparable tenders
IS 2878,IS 694,10,72,7,0.7,1.565,Cited alongside IS 2878 in 7 of 10 comparable tenders
IS 60947,IS 3043,10,31,7,0.7,3.635,Cited alongside IS 60947 in 7 of 10 comparable tenders
IS 60947,IS 7098,10,33,7,0.7,3.415,Cited alongside IS 60947 in 7 of 10 comparable tenders
IS 60947,IS 875,10,19,7,0.7,5.932,Cited alongside IS 60947 in 7 of 10 comparable tenders
IS 3837,IS 5133,10,7,7,0.7,16.1,Cited alongside IS 3837 in 7 of 10 comparable tenders
IS 3837,IS 5216,10,9,7,0.7,12.522,Cited alongside IS 3837 in 7 of 10 comparable tenders
IS 3837,IS 7098,10,33,7,0.7,3.415,Cited alongside IS 3837 in 7 of 10 comparable tenders
IS 3837,IS 8828,10,10,7,0.7,11.27,Cited alongside IS 3837 in 7 of 10 comparable tenders
IS 5578,IS 3961,10,15,7,0.7,7.513,Cited alongside IS 5578 in 7 of 10 comparable tenders
IS 5578,IS 5216,10,9,7,0.7,12.522,Cited alongside IS 5578 in 7 of 10 comparable tenders
IS 8828,IS 13947,10,17,7,0.7,6.629,Cited alongside IS 8828 in 7 of 10 comparable tenders
IS 8828,IS 2551,10,11,7,0.7,10.245,Cited alongside IS 8828 in 7 of 10 comparable tenders
IS 8828,IS 3837,10,10,7,0.7,11.27,Cited alongside IS 8828 in 7 of 10 comparable tenders
IS 8828,IS 5082,10,18,7,0.7,6.261,Cited alongside IS 8828 in 7 of 10 comparable tenders
IS 8828,IS 5216,10,9,7,0.7,12.522,Cited alongside IS 8828 in 7 of 10 comparable tenders
IS 8828,IS 7098,10,33,7,0.7,3.415,Cited alongside IS 8828 in 7 of 10 comparable tenders
IS 8828,IS 277,10,16,7,0.7,7.044,Cited alongside IS 8828 in 7 of 10 comparable tenders
IS 3837,IS 277,10,16,7,0.7,7.044,Cited alongside IS 3837 in 7 of 10 comparable tenders
IS 5578,IS 2147,10,11,7,0.7,10.245,Cited alongside IS 5578 in 7 of 10 comparable tenders
IS 3837,IS 2147,10,11,7,0.7,10.245,Cited alongside IS 3837 in 7 of 10 comparable tenders
IS 2633,IS 1255,13,14,9,0.692,7.962,Cited alongside IS 2633 in 9 of 13 comparable tenders
IS 2633,IS 1554,13,31,9,0.692,3.596,Cited alongside IS 2633 in 9 of 13 comparable tenders
IS 2633,IS 7098,13,33,9,0.692,3.378,Cited alongside IS 2633 in 9 of 13 comparable tenders
IS 2633,IS 875,13,19,9,0.692,5.866,Cited alongside IS 2633 in 9 of 13 comparable tenders
IS 9537,IS 1293,13,12,9,0.692,9.288,Cited alongside IS 9537 in 9 of 13 comparable tenders
IS 9537,IS 2062,13,28,9,0.692,3.981,Cited alongside IS 9537 in 9 of 13 comparable tenders
IS 9537,IS 7098,13,33,9,0.692,3.378,Cited alongside IS 9537 in 9 of 13 comparable tenders
IS 335,IS 13947,13,17,9,0.692,6.557,Cited alongside IS 335 in 9 of 13 comparable tenders
IS 335,IS 3156,13,12,9,0.692,9.288,Cited alongside IS 335 in 9 of 13 comparable tenders
IS 335,IS 694,13,72,9,0.692,1.548,Cited alongside IS 335 in 9 of 13 comparable tenders
IS 335,IS 875,13,19,9,0.692,5.866,Cited alongside IS 335 in 9 of 13 comparable tenders
IS 9537,IS 8828,13,10,9,0.692,11.146,Cited alongside IS 9537 in 9 of 13 comparable tenders
IS 335,IS 1554,13,31,9,0.692,3.596,Cited alongside IS 335 in 9 of 13 comparable tenders
IS 335,IS 8130,13,35,9,0.692,3.185,Cited alongside IS 335 in 9 of 13 comparable tenders
IS 277,IS 2062,16,28,11,0.688,3.953,Cited alongside IS 277 in 11 of 16 comparable tenders
IS 1786,IS 2062,16,28,11,0.688,3.953,Cited alongside IS 1786 in 11 of 16 comparable tenders
IS 875,IS 3043,19,31,13,0.684,3.553,Cited alongside IS 875 in 13 of 19 comparable tenders
IS 456,IS 383,22,16,15,0.682,6.861,Cited alongside IS 456 in 15 of 22 comparable tenders
IS 3043,IS 694,31,72,21,0.677,1.515,Cited alongside IS 3043 in 21 of 31 comparable tenders
IS 7098,IS 8130,33,35,22,0.667,3.067,Cited alongside IS 7098 in 22 of 33 comparable tenders
IS 5082,IS 1554,18,31,12,0.667,3.462,Cited alongside IS 5082 in 12 of 18 comparable tenders
IS 5082,IS 2026,18,14,12,0.667,7.667,Cited alongside IS 5082 in 12 of 18 comparable tenders
IS 3961,IS 1255,15,14,10,0.667,7.667,Cited alongside IS 3961 in 10 of 15 comparable tenders
IS 3961,IS 3975,15,16,10,0.667,6.708,Cited alongside IS 3961 in 10 of 15 comparable tenders
IS 3589,IS 2062,15,28,10,0.667,3.833,Cited alongside IS 3589 in 10 of 15 comparable tenders
IS 3589,IS 3043,15,31,10,0.667,3.462,Cited alongside IS 3589 in 10 of 15 comparable tenders
IS 732,IS 13947,15,17,10,0.667,6.314,Cited alongside IS 732 in 10 of 15 comparable tenders
IS 732,IS 9537,15,13,10,0.667,8.256,Cited alongside IS 732 in 10 of 15 comparable tenders
IS 3961,IS 13947,15,17,10,0.667,6.314,Cited alongside IS 3961 in 10 of 15 comparable tenders
IS 3961,IS 694,15,72,10,0.667,1.491,Cited alongside IS 3961 in 10 of 15 comparable tenders
IS 1161,IS 2062,12,28,8,0.667,3.833,Cited alongside IS 1161 in 8 of 12 comparable tenders
IS 1161,IS 3043,12,31,8,0.667,3.462,Cited alongside IS 1161 in 8 of 12 comparable tenders
IS 1248,IS 2062,12,28,8,0.667,3.833,Cited alongside IS 1248 in 8 of 12 comparable tenders
IS 1248,IS 2099,12,12,8,0.667,8.944,Cited alongside IS 1248 in 8 of 12 comparable tenders
IS 1248,IS 3231,12,11,8,0.667,9.758,Cited alongside IS 1248 in 8 of 12 comparable tenders
IS 1248,IS 8130,12,35,8,0.667,3.067,Cited alongside IS 1248 in 8 of 12 comparable tenders
IS 1293,IS 13947,12,17,8,0.667,6.314,Cited alongside IS 1293 in 8 of 12 comparable tenders
IS 1293,IS 3854,12,9,8,0.667,11.926,Cited alongside IS 1293 in 8 of 12 comparable tenders
IS 16103,IS 16108,12,13,8,0.667,8.256,Cited alongside IS 16103 in 8 of 12 comparable tenders
IS 16105,IS 16107,12,18,8,0.667,5.963,Cited alongside IS 16105 in 8 of 12 comparable tenders
IS 16105,IS 16108,12,13,8,0.667,8.256,Cited alongside IS 16105 in 8 of 12 comparable tenders
IS 2099,IS 1248,12,12,8,0.667,8.944,Cited alongside IS 2099 in 8 of 12 comparable tenders
IS 2099,IS 2551,12,11,8,0.667,9.758,Cited alongside IS 2099 in 8 of 12 comparable tenders
IS 2099,IS 2629,12,17,8,0.667,6.314,Cited alongside IS 2099 in 8 of 12 comparable tenders
IS 2099,IS 5831,12,31,8,0.667,3.462,Cited alongside IS 2099 in 8 of 12 comparable tenders
IS 2099,IS 875,12,19,8,0.667,5.649,Cited alongside IS 2099 in 8 of 12 comparable tenders
IS 3156,IS 3427,12,9,8,0.667,11.926,Cited alongside IS 3156 in 8 of 12 comparable tenders
IS 3156,IS 5831,12,31,8,0.667,3.462,Cited alongside IS 3156 in 8 of 12 comparable tenders
IS 3156,IS 732,12,15,8,0.667,7.156,Cited alongside IS 3156 in 8 of 12 comparable tenders
IS 3156,IS 8130,12,35,8,0.667,3.067,Cited alongside IS 3156 in 8 of 12 comparable tenders
IS 516,IS 694,12,72,8,0.667,1.491,Cited alongside IS 516 in 8 of 12 comparable tenders
IS 516,IS 8112,12,12,8,0.667,8.944,Cited alongside IS 516 in 8 of 12 comparable tenders
IS 516,IS 9103,12,15,8,0.667,7.156,Cited alongside IS 516 in 8 of 12 comparable tenders
IS 800,IS 383,12,16,8,0.667,6.708,Cited alongside IS 800 in 8 of 12 comparable tenders
IS 800,IS 5082,12,18,8,0.667,5.963,Cited alongside IS 800 in 8 of 12 comparable tenders
IS 8112,IS 516,12,12,8,0.667,8.944,Cited alongside IS 8112 in 8 of 12 comparable tenders
IS 1293,IS 8828,12,10,8,0.667,10.733,Cited alongside IS 1293 in 8 of 12 comparable tenders
IS 1248,IS 335,12,13,8,0.667,8.256,Cited alongside IS 1248 in 8 of 12 comparable tenders
IS 1248,IS 3961,12,15,8,0.667,7.156,Cited alongside IS 1248 in 8 of 12 comparable tenders
IS 2099,IS 1893,12,11,8,0.667,9.758,Cited alongside IS 2099 in 8 of 12 comparable tenders
IS 1248,IS 2147,12,11,8,0.667,9.758,Cited alongside IS 1248 in 8 of 12 comparable tenders
IS 1538,IS 10221,9,8,6,0.667,13.417,Cited alongside IS 1538 in 6 of 9 comparable tenders
IS 1538,IS 13095,9,11,6,0.667,9.758,Cited alongside IS 1538 in 6 of 9 comparable tenders
IS 1538,IS 1554,9,31,6,0.667,3.462,Cited alongside IS 1538 in 6 of 9 comparable tenders
IS 1538,IS 1786,9,16,6,0.667,6.708,Cited alongside IS 1538 in 6 of 9 comparable tenders
IS 1538,IS 2026,9,14,6,0.667,7.667,Cited alongside IS 1538 in 6 of 9 comparable tenders
IS 1538,IS 277,9,16,6,0.667,6.708,Cited alongside IS 1538 in 6 of 9 comparable tenders
IS 1538,IS 325,9,11,6,0.667,9.758,Cited alongside IS 1538 in 6 of 9 comparable tenders
IS 1538,IS 694,9,72,6,0.667,1.491,Cited alongside IS 1538 in 6 of 9 comparable tenders
IS 1538,IS 7098,9,33,6,0.667,3.253,Cited alongside IS 1538 in 6 of 9 comparable tenders
IS 1538,IS 8130,9,35,6,0.667,3.067,Cited alongside IS 1538 in 6 of 9 comparable tenders
IS 1538,IS 816,9,9,6,0.667,11.926,Cited alongside IS 1538 in 6 of 9 comparable tenders
IS 1538,IS 8329,9,13,6,0.667,8.256,Cited alongside IS 1538 in 6 of 9 comparable tenders
IS 1538,IS 9595,9,8,6,0.667,13.417,Cited alongside IS 1538 in 6 of 9 comparable tenders
IS 15885,IS 10322,9,32,6,0.667,3.354,Cited alongside IS 15885 in 6 of 9 comparable tenders
IS 3427,IS 1255,9,14,6,0.667,7.667,Cited alongside IS 3427 in 6 of 9 comparable tenders
IS 3427,IS 5831,9,31,6,0.667,3.462,Cited alongside IS 3427 in 6 of 9 comparable tenders
IS 3427,IS 8130,9,35,6,0.667,3.067,Cited alongside IS 3427 in 6 of 9 comparable tenders
IS 3427,IS 875,9,19,6,0.667,5.649,Cited alongside IS 3427 in 6 of 9 comparable tenders
IS 3854,IS 732,9,15,6,0.667,7.156,Cited alongside IS 3854 in 6 of 9 comparable tenders
IS 3854,IS 9537,9,13,6,0.667,8.256,Cited alongside IS 3854 in 6 of 9 comparable tenders
IS 5382,IS 13592,9,15,6,0.667,7.156,Cited alongside IS 5382 in 6 of 9 comparable tenders
IS 5382,IS 383,9,16,6,0.667,6.708,Cited alongside IS 5382 in 6 of 9 comparable tenders
IS 5382,IS 456,9,22,6,0.667,4.879,Cited alongside IS 5382 in 6 of 9 comparable tenders
IS 5382,IS 8112,9,12,6,0.667,8.944,Cited alongside IS 5382 in 6 of 9 comparable tenders
IS 554,IS 13095,9,11,6,0.667,9.758,Cited alongside IS 554 in 6 of 9 comparable tenders
IS 554,IS 1367,9,8,6,0.667,13.417,Cited alongside IS 554 in 6 of 9 comparable tenders
IS 554,IS 13947,9,17,6,0.667,6.314,Cited alongside IS 554 in 6 of 9 comparable tenders
IS 554,IS 2026,9,14,6,0.667,7.667,Cited alongside IS 554 in 6 of 9 comparable tenders
IS 554,IS 2099,9,12,6,0.667,8.944,Cited alongside IS 554 in 6 of 9 comparable tenders
IS 554,IS 2705,9,14,6,0.667,7.667,Cited alongside IS 554 in 6 of 9 comparable tenders
IS 554,IS 277,9,16,6,0.667,6.708,Cited alongside IS 554 in 6 of 9 comparable tenders
IS 554,IS 3589,9,15,6,0.667,7.156,Cited alongside IS 554 in 6 of 9 comparable tenders
IS 554,IS 383,9,16,6,0.667,6.708,Cited alongside IS 554 in 6 of 9 comparable tenders
IS 554,IS 432,9,8,6,0.667,13.417,Cited alongside IS 554 in 6 of 9 comparable tenders
IS 554,IS 458,9,11,6,0.667,9.758,Cited alongside IS 554 in 6 of 9 comparable tenders
IS 6005,IS 1248,9,12,6,0.667,8.944,Cited alongside IS 6005 in 6 of 9 comparable tenders
IS 6005,IS 13947,9,17,6,0.667,6.314,Cited alongside IS 6005 in 6 of 9 comparable tenders
IS 6005,IS 2551,9,11,6,0.667,9.758,Cited alongside IS 6005 in 6 of 9 comparable tenders
IS 6005,IS 2629,9,17,6,0.667,6.314,Cited alongside IS 6005 in 6 of 9 comparable tenders
IS 6005,IS 2633,9,13,6,0.667,8.256,Cited alongside IS 6005 in 6 of 9 comparable tenders
IS 6005,IS 3231,9,11,6,0.667,9.758,Cited alongside IS 6005 in 6 of 9 comparable tenders
IS 6005,IS 325,9,11,6,0.667,9.758,Cited alongside IS 6005 in 6 of 9 comparable tenders
IS 6005,IS 5578,9,10,6,0.667,10.733,Cited alongside IS 6005 in 6 of 9 comparable tenders
IS 6005,IS 6875,9,8,6,0.667,13.417,Cited alongside IS 6005 in 6 of 9 comparable tenders
IS 778,IS 210,9,10,6,0.667,10.733,Cited alongside IS 778 in 6 of 9 comparable tenders
IS 778,IS 269,9,11,6,0.667,9.758,Cited alongside IS 778 in 6 of 9 comparable tenders
IS 778,IS 325,9,11,6,0.667,9.758,Cited alongside IS 778 in 6 of 9 comparable tenders
IS 778,IS 3589,9,15,6,0.667,7.156,Cited alongside IS 778 in 6 of 9 comparable tenders
IS 778,IS 383,9,16,6,0.667,6.708,Cited alongside IS 778 in 6 of 9 comparable tenders
IS 778,IS 432,9,8,6,0.667,13.417,Cited alongside IS 778 in 6 of 9 comparable tenders
IS 778,IS 5082,9,18,6,0.667,5.963,Cited alongside IS 778 in 6 of 9 comparable tenders
IS 778,IS 694,9,72,6,0.667,1.491,Cited alongside IS 778 in 6 of 9 comparable tenders
IS 816,IS 1161,9,12,6,0.667,8.944,Cited alongside IS 816 in 6 of 9 comparable tenders
IS 816,IS 1538,9,9,6,0.667,11.926,Cited alongside IS 816 in 6 of 9 comparable tenders
IS 816,IS 1786,9,16,6,0.667,6.708,Cited alongside IS 816 in 6 of 9 comparable tenders
IS 816,IS 2099,9,12,6,0.667,8.944,Cited alongside IS 816 in 6 of 9 comparable tenders
IS 816,IS 2629,9,17,6,0.667,6.314,Cited alongside IS 816 in 6 of 9 comparable tenders
IS 816,IS 277,9,16,6,0.667,6.708,Cited alongside IS 816 in 6 of 9 comparable tenders
IS 816,IS 325,9,11,6,0.667,9.758,Cited alongside IS 816 in 6 of 9 comparable tenders
IS 816,IS 456,9,22,6,0.667,4.879,Cited alongside IS 816 in 6 of 9 comparable tenders
IS 816,IS 5082,9,18,6,0.667,5.963,Cited alongside IS 816 in 6 of 9 comparable tenders
IS 816,IS 7205,9,6,6,0.667,17.889,Cited alongside IS 816 in 6 of 9 comparable tenders
IS 816,IS 732,9,15,6,0.667,7.156,Cited alongside IS 816 in 6 of 9 comparable tenders
IS 816,IS 800,9,12,6,0.667,8.944,Cited alongside IS 816 in 6 of 9 comparable tenders
IS 816,IS 875,9,19,6,0.667,5.649,Cited alongside IS 816 in 6 of 9 comparable tenders
IS 816,IS 9595,9,8,6,0.667,13.417,Cited alongside IS 816 in 6 of 9 comparable tenders
IS 100,IS 1239,9,21,6,0.667,5.111,Cited alongside IS 100 in 6 of 9 comparable tenders
IS 2309,IS 2026,9,14,6,0.667,7.667,Cited alongside IS 2309 in 6 of 9 comparable tenders
IS 2309,IS 2705,9,14,6,0.667,7.667,Cited alongside IS 2309 in 6 of 9 comparable tenders
IS 2713,IS 13947,9,17,6,0.667,6.314,Cited alongside IS 2713 in 6 of 9 comparable tenders
IS 2713,IS 2026,9,14,6,0.667,7.667,Cited alongside IS 2713 in 6 of 9 comparable tenders
IS 2713,IS 2099,9,12,6,0.667,8.944,Cited alongside IS 2713 in 6 of 9 comparable tenders
IS 2713,IS 2633,9,13,6,0.667,8.256,Cited alongside IS 2713 in 6 of 9 comparable tenders
IS 2713,IS 2705,9,14,6,0.667,7.667,Cited alongside IS 2713 in 6 of 9 comparable tenders
IS 2713,IS 3156,9,12,6,0.667,8.944,Cited alongside IS 2713 in 6 of 9 comparable tenders
IS 2713,IS 3231,9,11,6,0.667,9.758,Cited alongside IS 2713 in 6 of 9 comparable tenders
IS 2713,IS 335,9,13,6,0.667,8.256,Cited alongside IS 2713 in 6 of 9 comparable tenders
IS 2713,IS 398,9,9,6,0.667,11.926,Cited alongside IS 2713 in 6 of 9 comparable tenders
IS 2713,IS 875,9,19,6,0.667,5.649,Cited alongside IS 2713 in 6 of 9 comparable tenders
IS 3427,IS 13118,9,8,6,0.667,13.417,Cited alongside IS 3427 in 6 of 9 comparable tenders
IS 3427,IS 335,9,13,6,0.667,8.256,Cited alongside IS 3427 in 6 of 9 comparable tenders
IS 398,IS 10322,9,32,6,0.667,3.354,Cited alongside IS 398 in 6 of 9 comparable tenders
IS 398,IS 1255,9,14,6,0.667,7.667,Cited alongside IS 398 in 6 of 9 comparable tenders
IS 398,IS 13947,9,17,6,0.667,6.314,Cited alongside IS 398 in 6 of 9 comparable tenders
IS 398,IS 2026,9,14,6,0.667,7.667,Cited alongside IS 398 in 6 of 9 comparable tenders
IS 398,IS 2099,9,12,6,0.667,8.944,Cited alongside IS 398 in 6 of 9 comparable tenders
IS 398,IS 2705,9,14,6,0.667,7.667,Cited alongside IS 398 in 6 of 9 comparable tenders
IS 398,IS 2713,9,9,6,0.667,11.926,Cited alongside IS 398 in 6 of 9 comparable tenders
IS 398,IS 3156,9,12,6,0.667,8.944,Cited alongside IS 398 in 6 of 9 comparable tenders
IS 398,IS 3231,9,11,6,0.667,9.758,Cited alongside IS 398 in 6 of 9 comparable tenders
IS 398,IS 6792,9,6,6,0.667,17.889,Cited alongside IS 398 in 6 of 9 comparable tenders
IS 398,IS 732,9,15,6,0.667,7.156,Cited alongside IS 398 in 6 of 9 comparable tenders
IS 398,IS 875,9,19,6,0.667,5.649,Cited alongside IS 398 in 6 of 9 comparable tenders
IS 617,IS 13947,9,17,6,0.667,6.314,Cited alongside IS 617 in 6 of 9 comparable tenders
IS 617,IS 2629,9,17,6,0.667,6.314,Cited alongside IS 617 in 6 of 9 comparable tenders
IS 617,IS 2633,9,13,6,0.667,8.256,Cited alongside IS 617 in 6 of 9 comparable tenders
IS 617,IS 335,9,13,6,0.667,8.256,Cited alongside IS 617 in 6 of 9 comparable tenders
IS 617,IS 6792,9,6,6,0.667,17.889,Cited alongside IS 617 in 6 of 9 comparable tenders
IS 617,IS 7098,9,33,6,0.667,3.253,Cited alongside IS 617 in 6 of 9 comparable tenders
IS 617,IS 8623,9,20,6,0.667,5.367,Cited alongside IS 617 in 6 of 9 comparable tenders
IS 209,IS 280,9,8,6,0.667,13.417,Cited alongside IS 209 in 6 of 9 comparable tenders
IS 209,IS 335,9,13,6,0.667,8.256,Cited alongside IS 209 in 6 of 9 comparable tenders
IS 209,IS 4759,9,14,6,0.667,7.667,Cited alongside IS 209 in 6 of 9 comparable tenders
IS 209,IS 5082,9,18,6,0.667,5.963,Cited alongside IS 209 in 6 of 9 comparable tenders
IS 398,IS 2121,9,6,6,0.667,17.889,Cited alongside IS 398 in 6 of 9 comparable tenders
IS 398,IS 4826,9,6,6,0.667,17.889,Cited alongside IS 398 in 6 of 9 comparable tenders
IS 398,IS 5561,9,7,6,0.667,15.333,Cited alongside IS 398 in 6 of 9 comparable tenders
IS 398,IS 731,9,6,6,0.667,17.889,Cited alongside IS 398 in 6 of 9 comparable tenders
IS 209,IS 10418,9,17,6,0.667,6.314,Cited alongside IS 209 in 6 of 9 comparable tenders
IS 209,IS 1255,9,14,6,0.667,7.667,Cited alongside IS 209 in 6 of 9 comparable tenders
IS 209,IS 1554,9,31,6,0.667,3.462,Cited alongside IS 209 in 6 of 9 comparable tenders
IS 209,IS 2551,9,11,6,0.667,9.758,Cited alongside IS 209 in 6 of 9 comparable tenders
IS 209,IS 3961,9,15,6,0.667,7.156,Cited alongside IS 209 in 6 of 9 comparable tenders
IS 209,IS 5831,9,31,6,0.667,3.462,Cited alongside IS 209 in 6 of 9 comparable tenders
IS 209,IS 7098,9,33,6,0.667,3.253,Cited alongside IS 209 in 6 of 9 comparable tenders
IS 209,IS 8130,9,35,6,0.667,3.067,Cited alongside IS 209 in 6 of 9 comparable tenders
IS 209,IS 875,9,19,6,0.667,5.649,Cited alongside IS 209 in 6 of 9 comparable tenders
IS 2309,IS 3837,9,10,6,0.667,10.733,Cited alongside IS 2309 in 6 of 9 comparable tenders
IS 2309,IS 8130,9,35,6,0.667,3.067,Cited alongside IS 2309 in 6 of 9 comparable tenders
IS 3427,IS 3961,9,15,6,0.667,7.156,Cited alongside IS 3427 in 6 of 9 comparable tenders
IS 5216,IS 1255,9,14,6,0.667,7.667,Cited alongside IS 5216 in 6 of 9 comparable tenders
IS 5216,IS 13947,9,17,6,0.667,6.314,Cited alongside IS 5216 in 6 of 9 comparable tenders
IS 5216,IS 2629,9,17,6,0.667,6.314,Cited alongside IS 5216 in 6 of 9 comparable tenders
IS 5216,IS 3480,9,6,6,0.667,17.889,Cited alongside IS 5216 in 6 of 9 comparable tenders
IS 5216,IS 3961,9,15,6,0.667,7.156,Cited alongside IS 5216 in 6 of 9 comparable tenders
IS 5216,IS 5133,9,7,6,0.667,15.333,Cited alongside IS 5216 in 6 of 9 comparable tenders
IS 5216,IS 5831,9,31,6,0.667,3.462,Cited alongside IS 5216 in 6 of 9 comparable tenders
IS 398,IS 8130,9,35,6,0.667,3.067,Cited alongside IS 398 in 6 of 9 comparable tenders
IS 617,IS 1554,9,31,6,0.667,3.462,Cited alongside IS 617 in 6 of 9 comparable tenders
IS 554,IS 8623,9,20,6,0.667,5.367,Cited alongside IS 554 in 6 of 9 comparable tenders
IS 5216,IS 10322,9,32,6,0.667,3.354,Cited alongside IS 5216 in 6 of 9 comparable tenders
IS 398,IS 2147,9,11,6,0.667,9.758,Cited alongside IS 398 in 6 of 9 comparable tenders
IS 398,IS 2551,9,11,6,0.667,9.758,Cited alongside IS 398 in 6 of 9 comparable tenders
IS 398,IS 5578,9,10,6,0.667,10.733,Cited alongside IS 398 in 6 of 9 comparable tenders
IS 4237,IS 2062,9,28,6,0.667,3.833,Cited alongside IS 4237 in 6 of 9 comparable tenders
IS 4237,IS 2551,9,11,6,0.667,9.758,Cited alongside IS 4237 in 6 of 9 comparable tenders
IS 4237,IS 2705,9,14,6,0.667,7.667,Cited alongside IS 4237 in 6 of 9 comparable tenders
IS 4237,IS 3156,9,12,6,0.667,8.944,Cited alongside IS 4237 in 6 of 9 comparable tenders
IS 4237,IS 3231,9,11,6,0.667,9.758,Cited alongside IS 4237 in 6 of 9 comparable tenders
IS 4237,IS 3961,9,15,6,0.667,7.156,Cited alongside IS 4237 in 6 of 9 comparable tenders
IS 4237,IS 6875,9,8,6,0.667,13.417,Cited alongside IS 4237 in 6 of 9 comparable tenders
IS 5216,IS 2147,9,11,6,0.667,9.758,Cited alongside IS 5216 in 6 of 9 comparable tenders
IS 6005,IS 1893,9,11,6,0.667,9.758,Cited alongside IS 6005 in 6 of 9 comparable tenders
IS 6005,IS 2147,9,11,6,0.667,9.758,Cited alongside IS 6005 in 6 of 9 comparable tenders
IS 6005,IS 335,9,13,6,0.667,8.256,Cited alongside IS 6005 in 6 of 9 comparable tenders
IS 6005,IS 3961,9,15,6,0.667,7.156,Cited alongside IS 6005 in 6 of 9 comparable tenders
IS 6005,IS 3975,9,16,6,0.667,6.708,Cited alongside IS 6005 in 6 of 9 comparable tenders
IS 6005,IS 5561,9,7,6,0.667,15.333,Cited alongside IS 6005 in 6 of 9 comparable tenders
IS 2713,IS 10418,9,17,6,0.667,6.314,Cited alongside IS 2713 in 6 of 9 comparable tenders
IS 2713,IS 1248,9,12,6,0.667,8.944,Cited alongside IS 2713 in 6 of 9 comparable tenders
IS 2713,IS 2147,9,11,6,0.667,9.758,Cited alongside IS 2713 in 6 of 9 comparable tenders
IS 2713,IS 8130,9,35,6,0.667,3.067,Cited alongside IS 2713 in 6 of 9 comparable tenders
IS 2713,IS 9537,9,13,6,0.667,8.256,Cited alongside IS 2713 in 6 of 9 comparable tenders
IS 3854,IS 8623,9,20,6,0.667,5.367,Cited alongside IS 3854 in 6 of 9 comparable tenders
IS 733,IS 1868,9,7,6,0.667,15.333,Cited alongside IS 733 in 6 of 9 comparable tenders
IS 16102 (Part 2),IS 16102 (Part 1),9,7,6,0.667,15.333,Cited alongside IS 16102 (Part 2) in 6 of 9 comparable tenders
IS 8623,IS 8130,20,35,13,0.65,2.99,Cited alongside IS 8623 in 13 of 20 comparable tenders
IS 10418,IS 3961,17,15,11,0.647,6.945,Cited alongside IS 10418 in 11 of 17 comparable tenders
IS 13947,IS 1554,17,31,11,0.647,3.361,Cited alongside IS 13947 in 11 of 17 comparable tenders
IS 13947,IS 2026,17,14,11,0.647,7.441,Cited alongside IS 13947 in 11 of 17 comparable tenders
IS 13947,IS 2705,17,14,11,0.647,7.441,Cited alongside IS 13947 in 11 of 17 comparable tenders
IS 13947,IS 8130,17,35,11,0.647,2.976,Cited alongside IS 13947 in 11 of 17 comparable tenders
IS 2629,IS 1554,17,31,11,0.647,3.361,Cited alongside IS 2629 in 11 of 17 comparable tenders
IS 2629,IS 8623,17,20,11,0.647,5.209,Cited alongside IS 2629 in 11 of 17 comparable tenders
IS 10418,IS 694,17,72,11,0.647,1.447,Cited alongside IS 10418 in 11 of 17 comparable tenders
IS 1554,IS 7098,31,33,20,0.645,3.148,Cited alongside IS 1554 in 20 of 31 comparable tenders
IS 3043,IS 2062,31,28,20,0.645,3.71,Cited alongside IS 3043 in 20 of 31 comparable tenders
IS 1255,IS 13947,14,17,9,0.643,6.088,Cited alongside IS 1255 in 9 of 14 comparable tenders
IS 1255,IS 2099,14,12,9,0.643,8.625,Cited alongside IS 1255 in 9 of 14 comparable tenders
IS 1255,IS 2633,14,13,9,0.643,7.962,Cited alongside IS 1255 in 9 of 14 comparable tenders
IS 1255,IS 3156,14,12,9,0.643,8.625,Cited alongside IS 1255 in 9 of 14 comparable tenders
IS 1255,IS 5082,14,18,9,0.643,5.75,Cited alongside IS 1255 in 9 of 14 comparable tenders
IS 2026,IS 1248,14,12,9,0.643,8.625,Cited alongside IS 2026 in 9 of 14 comparable tenders
IS 2026,IS 2551,14,11,9,0.643,9.409,Cited alongside IS 2026 in 9 of 14 comparable tenders
IS 2026,IS 2629,14,17,9,0.643,6.088,Cited alongside IS 2026 in 9 of 14 comparable tenders
IS 2026,IS 3231,14,11,9,0.643,9.409,Cited alongside IS 2026 in 9 of 14 comparable tenders
IS 2026,IS 325,14,11,9,0.643,9.409,Cited alongside IS 2026 in 9 of 14 comparable tenders
IS 2026,IS 5831,14,31,9,0.643,3.339,Cited alongside IS 2026 in 9 of 14 comparable tenders
IS 2705,IS 325,14,11,9,0.643,9.409,Cited alongside IS 2705 in 9 of 14 comparable tenders
IS 2705,IS 5831,14,31,9,0.643,3.339,Cited alongside IS 2705 in 9 of 14 comparable tenders
IS 2705,IS 732,14,15,9,0.643,6.9,Cited alongside IS 2705 in 9 of 14 comparable tenders
IS 2705,IS 3961,14,15,9,0.643,6.9,Cited alongside IS 2705 in 9 of 14 comparable tenders
IS 2026,IS 1893,14,11,9,0.643,9.409,Cited alongside IS 2026 in 9 of 14 comparable tenders
IS 2705,IS 2147,14,11,9,0.643,9.409,Cited alongside IS 2705 in 9 of 14 comparable tenders
IS 456,IS 1786,22,16,14,0.636,6.403,Cited alongside IS 456 in 14 of 22 comparable tenders
IS 13095,IS 2062,11,28,7,0.636,3.659,Cited alongside IS 13095 in 7 of 11 comparable tenders
IS 13095,IS 694,11,72,7,0.636,1.423,Cited alongside IS 13095 in 7 of 11 comparable tenders
IS 13095,IS 778,11,9,7,0.636,11.384,Cited alongside IS 13095 in 7 of 11 comparable tenders
IS 15778,IS 13592,11,15,7,0.636,6.83,Cited alongside IS 15778 in 7 of 11 comparable tenders
IS 15885 (Part 2),IS 16107,11,18,7,0.636,5.692,Cited alongside IS 15885 (Part 2) in 7 of 11 comparable tenders
IS 15885 (Part 2),IS 16108,11,13,7,0.636,7.881,Cited alongside IS 15885 (Part 2) in 7 of 11 comparable tenders
IS 16104,IS 10322,11,32,7,0.636,3.202,Cited alongside IS 16104 in 7 of 11 comparable tenders
IS 16104,IS 16105,11,12,7,0.636,8.538,Cited alongside IS 16104 in 7 of 11 comparable tenders
IS 16104,IS 16107,11,18,7,0.636,5.692,Cited alongside IS 16104 in 7 of 11 comparable tenders
IS 2551,IS 1293,11,12,7,0.636,8.538,Cited alongside IS 2551 in 7 of 11 comparable tenders
IS 2551,IS 2633,11,13,7,0.636,7.881,Cited alongside IS 2551 in 7 of 11 comparable tenders
IS 2551,IS 277,11,16,7,0.636,6.403,Cited alongside IS 2551 in 7 of 11 comparable tenders
IS 2551,IS 3156,11,12,7,0.636,8.538,Cited alongside IS 2551 in 7 of 11 comparable tenders
IS 2551,IS 325,11,11,7,0.636,9.314,Cited alongside IS 2551 in 7 of 11 comparable tenders
IS 2551,IS 5831,11,31,7,0.636,3.305,Cited alongside IS 2551 in 7 of 11 comparable tenders
IS 2551,IS 875,11,19,7,0.636,5.392,Cited alongside IS 2551 in 7 of 11 comparable tenders
IS 269,IS 1554,11,31,7,0.636,3.305,Cited alongside IS 269 in 7 of 11 comparable tenders
IS 269,IS 432,11,8,7,0.636,12.807,Cited alongside IS 269 in 7 of 11 comparable tenders
IS 269,IS 5082,11,18,7,0.636,5.692,Cited alongside IS 269 in 7 of 11 comparable tenders
IS 269,IS 554,11,9,7,0.636,11.384,Cited alongside IS 269 in 7 of 11 comparable tenders
IS 3231,IS 1255,11,14,7,0.636,7.318,Cited alongside IS 3231 in 7 of 11 comparable tenders
IS 3231,IS 2629,11,17,7,0.636,6.027,Cited alongside IS 3231 in 7 of 11 comparable tenders
IS 3231,IS 2633,11,13,7,0.636,7.881,Cited alongside IS 3231 in 7 of 11 comparable tenders
IS 3231,IS 325,11,11,7,0.636,9.314,Cited alongside IS 3231 in 7 of 11 comparable tenders
IS 3231,IS 3427,11,9,7,0.636,11.384,Cited alongside IS 3231 in 7 of 11 comparable tenders
IS 3231,IS 5578,11,10,7,0.636,10.245,Cited alongside IS 3231 in 7 of 11 comparable tenders
IS 3231,IS 875,11,19,7,0.636,5.392,Cited alongside IS 3231 in 7 of 11 comparable tenders
IS 325,IS 1248,11,12,7,0.636,8.538,Cited alongside IS 325 in 7 of 11 comparable tenders
IS 325,IS 1786,11,16,7,0.636,6.403,Cited alongside IS 325 in 7 of 11 comparable tenders
IS 325,IS 2551,11,11,7,0.636,9.314,Cited alongside IS 325 in 7 of 11 comparable tenders
IS 325,IS 2629,11,17,7,0.636,6.027,Cited alongside IS 325 in 7 of 11 comparable tenders
IS 325,IS 277,11,16,7,0.636,6.403,Cited alongside IS 325 in 7 of 11 comparable tenders
IS 325,IS 3156,11,12,7,0.636,8.538,Cited alongside IS 325 in 7 of 11 comparable tenders
IS 325,IS 3231,11,11,7,0.636,9.314,Cited alongside IS 325 in 7 of 11 comparable tenders
IS 325,IS 3589,11,15,7,0.636,6.83,Cited alongside IS 325 in 7 of 11 comparable tenders
IS 325,IS 456,11,22,7,0.636,4.657,Cited alongside IS 325 in 7 of 11 comparable tenders
IS 325,IS 554,11,9,7,0.636,11.384,Cited alongside IS 325 in 7 of 11 comparable tenders
IS 325,IS 5831,11,31,7,0.636,3.305,Cited alongside IS 325 in 7 of 11 comparable tenders
IS 325,IS 875,11,19,7,0.636,5.392,Cited alongside IS 325 in 7 of 11 comparable tenders
IS 325,IS 9595,11,8,7,0.636,12.807,Cited alongside IS 325 in 7 of 11 comparable tenders
IS 458,IS 1786,11,16,7,0.636,6.403,Cited alongside IS 458 in 7 of 11 comparable tenders
IS 458,IS 2062,11,28,7,0.636,3.659,Cited alongside IS 458 in 7 of 11 comparable tenders
IS 458,IS 3043,11,31,7,0.636,3.305,Cited alongside IS 458 in 7 of 11 comparable tenders
IS 2551,IS 5216,11,9,7,0.636,11.384,Cited alongside IS 2551 in 7 of 11 comparable tenders
IS 2551,IS 8828,11,10,7,0.636,10.245,Cited alongside IS 2551 in 7 of 11 comparable tenders
IS 4736,IS 8623,11,20,7,0.636,5.123,Cited alongside IS 4736 in 7 of 11 comparable tenders
IS 1893,IS 1239,11,21,7,0.636,4.879,Cited alongside IS 1893 in 7 of 11 comparable tenders
IS 1893,IS 13947,11,17,7,0.636,6.027,Cited alongside IS 1893 in 7 of 11 comparable tenders
IS 1893,IS 325,11,11,7,0.636,9.314,Cited alongside IS 1893 in 7 of 11 comparable tenders
IS 1893,IS 456,11,22,7,0.636,4.657,Cited alongside IS 1893 in 7 of 11 comparable tenders
IS 325,IS 1893,11,11,7,0.636,9.314,Cited alongside IS 325 in 7 of 11 comparable tenders
IS 1893,IS 3975,11,16,7,0.636,6.403,Cited alongside IS 1893 in 7 of 11 comparable tenders
IS 1893,IS 5831,11,31,7,0.636,3.305,Cited alongside IS 1893 in 7 of 11 comparable tenders
IS 2147,IS 2026,11,14,7,0.636,7.318,Cited alongside IS 2147 in 7 of 11 comparable tenders
IS 2147,IS 2099,11,12,7,0.636,8.538,Cited alongside IS 2147 in 7 of 11 comparable tenders
IS 2147,IS 335,11,13,7,0.636,7.881,Cited alongside IS 2147 in 7 of 11 comparable tenders
IS 2147,IS 3975,11,16,7,0.636,6.403,Cited alongside IS 2147 in 7 of 11 comparable tenders
IS 2147,IS 5578,11,10,7,0.636,10.245,Cited alongside IS 2147 in 7 of 11 comparable tenders
IS 2147,IS 5831,11,31,7,0.636,3.305,Cited alongside IS 2147 in 7 of 11 comparable tenders
IS 2147,IS 8130,11,35,7,0.636,2.927,Cited alongside IS 2147 in 7 of 11 comparable tenders
IS 2147,IS 9537,11,13,7,0.636,7.881,Cited alongside IS 2147 in 7 of 11 comparable tenders
IS 3231,IS 3961,11,15,7,0.636,6.83,Cited alongside IS 3231 in 7 of 11 comparable tenders
IS 3231,IS 3975,11,16,7,0.636,6.403,Cited alongside IS 3231 in 7 of 11 comparable tenders
IS 2147,IS 277,11,16,7,0.636,6.403,Cited alongside IS 2147 in 7 of 11 comparable tenders
IS 2147,IS 3837,11,10,7,0.636,10.245,Cited alongside IS 2147 in 7 of 11 comparable tenders
IS 325,IS 335,11,13,7,0.636,7.881,Cited alongside IS 325 in 7 of 11 comparable tenders
IS 4736,IS 694,11,72,7,0.636,1.423,Cited alongside IS 4736 in 7 of 11 comparable tenders
IS 10322 (Part 1),IS 16106,11,22,7,0.636,4.657,Cited alongside IS 10322 (Part 1) in 7 of 11 comparable tenders
IS 875,IS 694,19,72,12,0.632,1.412,Cited alongside IS 875 in 12 of 19 comparable tenders
IS 8130,IS 7098,35,33,22,0.629,3.067,Cited alongside IS 8130 in 22 of 35 comparable tenders
IS 3975,IS 3961,16,15,10,0.625,6.708,Cited alongside IS 3975 in 10 of 16 comparable tenders
IS 1786,IS 1239,16,21,10,0.625,4.792,Cited alongside IS 1786 in 10 of 16 comparable tenders
IS 1786,IS 383,16,16,10,0.625,6.289,Cited alongside IS 1786 in 10 of 16 comparable tenders
IS 277,IS 13947,16,17,10,0.625,5.919,Cited alongside IS 277 in 10 of 16 comparable tenders
IS 277,IS 3043,16,31,10,0.625,3.246,Cited alongside IS 277 in 10 of 16 comparable tenders
IS 277,IS 7098,16,33,10,0.625,3.049,Cited alongside IS 277 in 10 of 16 comparable tenders
IS 383,IS 1786,16,16,10,0.625,6.289,Cited alongside IS 383 in 10 of 16 comparable tenders
IS 383,IS 2062,16,28,10,0.625,3.594,Cited alongside IS 383 in 10 of 16 comparable tenders
IS 383,IS 694,16,72,10,0.625,1.398,Cited alongside IS 383 in 10 of 16 comparable tenders
IS 277,IS 8623,16,20,10,0.625,5.031,Cited alongside IS 277 in 10 of 16 comparable tenders
IS 3975,IS 694,16,72,10,0.625,1.398,Cited alongside IS 3975 in 10 of 16 comparable tenders
IS 10221,IS 1489,8,13,5,0.625,7.74,Cited alongside IS 10221 in 5 of 8 comparable tenders
IS 10221,IS 1536,8,8,5,0.625,12.578,Cited alongside IS 10221 in 5 of 8 comparable tenders
IS 10221,IS 2062,8,28,5,0.625,3.594,Cited alongside IS 10221 in 5 of 8 comparable tenders
IS 10221,IS 269,8,11,5,0.625,9.148,Cited alongside IS 10221 in 5 of 8 comparable tenders
IS 10221,IS 277,8,16,5,0.625,6.289,Cited alongside IS 10221 in 5 of 8 comparable tenders
IS 10221,IS 456,8,22,5,0.625,4.574,Cited alongside IS 10221 in 5 of 8 comparable tenders
IS 10221,IS 5082,8,18,5,0.625,5.59,Cited alongside IS 10221 in 5 of 8 comparable tenders
IS 10221,IS 5312,8,7,5,0.625,14.375,Cited alongside IS 10221 in 5 of 8 comparable tenders
IS 10221,IS 554,8,9,5,0.625,11.181,Cited alongside IS 10221 in 5 of 8 comparable tenders
IS 10221,IS 7098,8,33,5,0.625,3.049,Cited alongside IS 10221 in 5 of 8 comparable tenders
IS 10221,IS 778,8,9,5,0.625,11.181,Cited alongside IS 10221 in 5 of 8 comparable tenders
IS 10221,IS 8130,8,35,5,0.625,2.875,Cited alongside IS 10221 in 5 of 8 comparable tenders
IS 1363,IS 11149,8,6,5,0.625,16.771,Cited alongside IS 1363 in 5 of 8 comparable tenders
IS 1363,IS 1255,8,14,5,0.625,7.188,Cited alongside IS 1363 in 5 of 8 comparable tenders
IS 1363,IS 13703,8,5,5,0.625,20.125,Cited alongside IS 1363 in 5 of 8 comparable tenders
IS 1363,IS 1786,8,16,5,0.625,6.289,Cited alongside IS 1363 in 5 of 8 comparable tenders
IS 1363,IS 1852,8,8,5,0.625,12.578,Cited alongside IS 1363 in 5 of 8 comparable tenders
IS 1363,IS 2099,8,12,5,0.625,8.385,Cited alongside IS 1363 in 5 of 8 comparable tenders
IS 1363,IS 2544,8,6,5,0.625,16.771,Cited alongside IS 1363 in 5 of 8 comparable tenders
IS 1363,IS 2551,8,11,5,0.625,9.148,Cited alongside IS 1363 in 5 of 8 comparable tenders
IS 1363,IS 269,8,11,5,0.625,9.148,Cited alongside IS 1363 in 5 of 8 comparable tenders
IS 1363,IS 2705,8,14,5,0.625,7.188,Cited alongside IS 1363 in 5 of 8 comparable tenders
IS 1363,IS 3156,8,12,5,0.625,8.385,Cited alongside IS 1363 in 5 of 8 comparable tenders
IS 1363,IS 3231,8,11,5,0.625,9.148,Cited alongside IS 1363 in 5 of 8 comparable tenders
IS 1363,IS 383,8,16,5,0.625,6.289,Cited alongside IS 1363 in 5 of 8 comparable tenders
IS 1363,IS 432,8,8,5,0.625,12.578,Cited alongside IS 1363 in 5 of 8 comparable tenders
IS 1363,IS 456,8,22,5,0.625,4.574,Cited alongside IS 1363 in 5 of 8 comparable tenders
IS 1363,IS 554,8,9,5,0.625,11.181,Cited alongside IS 1363 in 5 of 8 comparable tenders
IS 1363,IS 5578,8,10,5,0.625,10.062,Cited alongside IS 1363 in 5 of 8 comparable tenders
IS 1363,IS 5831,8,31,5,0.625,3.246,Cited alongside IS 1363 in 5 of 8 comparable tenders
IS 1363,IS 6005,8,9,5,0.625,11.181,Cited alongside IS 1363 in 5 of 8 comparable tenders
IS 1363,IS 6392,8,7,5,0.625,14.375,Cited alongside IS 1363 in 5 of 8 comparable tenders
IS 1363,IS 6639,8,5,5,0.625,20.125,Cited alongside IS 1363 in 5 of 8 comparable tenders
IS 1363,IS 806,8,5,5,0.625,20.125,Cited alongside IS 1363 in 5 of 8 comparable tenders
IS 1363,IS 816,8,9,5,0.625,11.181,Cited alongside IS 1363 in 5 of 8 comparable tenders
IS 1363,IS 875,8,19,5,0.625,5.296,Cited alongside IS 1363 in 5 of 8 comparable tenders
IS 1363,IS 9385,8,5,5,0.625,20.125,Cited alongside IS 1363 in 5 of 8 comparable tenders
IS 1367,IS 1161,8,12,5,0.625,8.385,Cited alongside IS 1367 in 5 of 8 comparable tenders
IS 1367,IS 13947,8,17,5,0.625,5.919,Cited alongside IS 1367 in 5 of 8 comparable tenders
IS 1367,IS 2026,8,14,5,0.625,7.188,Cited alongside IS 1367 in 5 of 8 comparable tenders
IS 1367,IS 2074,8,7,5,0.625,14.375,Cited alongside IS 1367 in 5 of 8 comparable tenders
IS 1367,IS 2099,8,12,5,0.625,8.385,Cited alongside IS 1367 in 5 of 8 comparable tenders
IS 1367,IS 2544,8,6,5,0.625,16.771,Cited alongside IS 1367 in 5 of 8 comparable tenders
IS 1367,IS 2633,8,13,5,0.625,7.74,Cited alongside IS 1367 in 5 of 8 comparable tenders
IS 1367,IS 2705,8,14,5,0.625,7.188,Cited alongside IS 1367 in 5 of 8 comparable tenders
IS 1367,IS 3589,8,15,5,0.625,6.708,Cited alongside IS 1367 in 5 of 8 comparable tenders
IS 1367,IS 4759,8,14,5,0.625,7.188,Cited alongside IS 1367 in 5 of 8 comparable tenders
IS 1367,IS 6005,8,9,5,0.625,11.181,Cited alongside IS 1367 in 5 of 8 comparable tenders
IS 1367,IS 6639,8,5,5,0.625,20.125,Cited alongside IS 1367 in 5 of 8 comparable tenders
IS 1367,IS 7098,8,33,5,0.625,3.049,Cited alongside IS 1367 in 5 of 8 comparable tenders
IS 1367,IS 808,8,10,5,0.625,10.062,Cited alongside IS 1367 in 5 of 8 comparable tenders
IS 1367,IS 8130,8,35,5,0.625,2.875,Cited alongside IS 1367 in 5 of 8 comparable tenders
IS 1367,IS 9385,8,5,5,0.625,20.125,Cited alongside IS 1367 in 5 of 8 comparable tenders
IS 1536,IS 10221,8,8,5,0.625,12.578,Cited alongside IS 1536 in 5 of 8 comparable tenders
IS 1536,IS 269,8,11,5,0.625,9.148,Cited alongside IS 1536 in 5 of 8 comparable tenders
IS 1536,IS 456,8,22,5,0.625,4.574,Cited alongside IS 1536 in 5 of 8 comparable tenders
IS 1536,IS 458,8,11,5,0.625,9.148,Cited alongside IS 1536 in 5 of 8 comparable tenders
IS 1536,IS 9523,8,8,5,0.625,12.578,Cited alongside IS 1536 in 5 of 8 comparable tenders
IS 1852,IS 1161,8,12,5,0.625,8.385,Cited alongside IS 1852 in 5 of 8 comparable tenders
IS 1852,IS 1255,8,14,5,0.625,7.188,Cited alongside IS 1852 in 5 of 8 comparable tenders
IS 1852,IS 1363,8,8,5,0.625,12.578,Cited alongside IS 1852 in 5 of 8 comparable tenders
IS 1852,IS 13947,8,17,5,0.625,5.919,Cited alongside IS 1852 in 5 of 8 comparable tenders
IS 1852,IS 2026,8,14,5,0.625,7.188,Cited alongside IS 1852 in 5 of 8 comparable tenders
IS 1852,IS 2074,8,7,5,0.625,14.375,Cited alongside IS 1852 in 5 of 8 comparable tenders
IS 1852,IS 2099,8,12,5,0.625,8.385,Cited alongside IS 1852 in 5 of 8 comparable tenders
IS 1852,IS 2633,8,13,5,0.625,7.74,Cited alongside IS 1852 in 5 of 8 comparable tenders
IS 1852,IS 269,8,11,5,0.625,9.148,Cited alongside IS 1852 in 5 of 8 comparable tenders
IS 1852,IS 2705,8,14,5,0.625,7.188,Cited alongside IS 1852 in 5 of 8 comparable tenders
IS 1852,IS 3589,8,15,5,0.625,6.708,Cited alongside IS 1852 in 5 of 8 comparable tenders
IS 1852,IS 383,8,16,5,0.625,6.289,Cited alongside IS 1852 in 5 of 8 comparable tenders
IS 1852,IS 432,8,8,5,0.625,12.578,Cited alongside IS 1852 in 5 of 8 comparable tenders
IS 1852,IS 4759,8,14,5,0.625,7.188,Cited alongside IS 1852 in 5 of 8 comparable tenders
IS 1852,IS 5082,8,18,5,0.625,5.59,Cited alongside IS 1852 in 5 of 8 comparable tenders
IS 1852,IS 554,8,9,5,0.625,11.181,Cited alongside IS 1852 in 5 of 8 comparable tenders
IS 1852,IS 5831,8,31,5,0.625,3.246,Cited alongside IS 1852 in 5 of 8 comparable tenders
IS 1852,IS 6639,8,5,5,0.625,20.125,Cited alongside IS 1852 in 5 of 8 comparable tenders
IS 2556,IS 1239,8,21,5,0.625,4.792,Cited alongside IS 2556 in 5 of 8 comparable tenders
IS 2556,IS 15778,8,11,5,0.625,9.148,Cited alongside IS 2556 in 5 of 8 comparable tenders
IS 2556,IS 554,8,9,5,0.625,11.181,Cited alongside IS 2556 in 5 of 8 comparable tenders
IS 2556,IS 778,8,9,5,0.625,11.181,Cited alongside IS 2556 in 5 of 8 comparable tenders
IS 2556,IS 781,8,6,5,0.625,16.771,Cited alongside IS 2556 in 5 of 8 comparable tenders
IS 432,IS 1161,8,12,5,0.625,8.385,Cited alongside IS 432 in 5 of 8 comparable tenders
IS 432,IS 1363,8,8,5,0.625,12.578,Cited alongside IS 432 in 5 of 8 comparable tenders
IS 432,IS 1554,8,31,5,0.625,3.246,Cited alongside IS 432 in 5 of 8 comparable tenders
IS 432,IS 1742,8,5,5,0.625,20.125,Cited alongside IS 432 in 5 of 8 comparable tenders
IS 432,IS 1852,8,8,5,0.625,12.578,Cited alongside IS 432 in 5 of 8 comparable tenders
IS 432,IS 210,8,10,5,0.625,10.062,Cited alongside IS 432 in 5 of 8 comparable tenders
IS 432,IS 2629,8,17,5,0.625,5.919,Cited alongside IS 432 in 5 of 8 comparable tenders
IS 432,IS 3025,8,5,5,0.625,20.125,Cited alongside IS 432 in 5 of 8 comparable tenders
IS 432,IS 325,8,11,5,0.625,9.148,Cited alongside IS 432 in 5 of 8 comparable tenders
IS 432,IS 3589,8,15,5,0.625,6.708,Cited alongside IS 432 in 5 of 8 comparable tenders
IS 432,IS 458,8,11,5,0.625,9.148,Cited alongside IS 432 in 5 of 8 comparable tenders
IS 432,IS 5082,8,18,5,0.625,5.59,Cited alongside IS 432 in 5 of 8 comparable tenders
IS 432,IS 516,8,12,5,0.625,8.385,Cited alongside IS 432 in 5 of 8 comparable tenders
IS 432,IS 780,8,10,5,0.625,10.062,Cited alongside IS 432 in 5 of 8 comparable tenders
IS 432,IS 800,8,12,5,0.625,8.385,Cited alongside IS 432 in 5 of 8 comparable tenders
IS 432,IS 8112,8,12,5,0.625,8.385,Cited alongside IS 432 in 5 of 8 comparable tenders
IS 432,IS 9103,8,15,5,0.625,6.708,Cited alongside IS 432 in 5 of 8 comparable tenders
IS 6875,IS 2026,8,14,5,0.625,7.188,Cited alongside IS 6875 in 5 of 8 comparable tenders
IS 6875,IS 2099,8,12,5,0.625,8.385,Cited alongside IS 6875 in 5 of 8 comparable tenders
IS 6875,IS 2544,8,6,5,0.625,16.771,Cited alongside IS 6875 in 5 of 8 comparable tenders
IS 6875,IS 2551,8,11,5,0.625,9.148,Cited alongside IS 6875 in 5 of 8 comparable tenders
IS 6875,IS 2629,8,17,5,0.625,5.919,Cited alongside IS 6875 in 5 of 8 comparable tenders
IS 6875,IS 2633,8,13,5,0.625,7.74,Cited alongside IS 6875 in 5 of 8 comparable tenders
IS 6875,IS 325,8,11,5,0.625,9.148,Cited alongside IS 6875 in 5 of 8 comparable tenders
IS 6875,IS 722,8,7,5,0.625,14.375,Cited alongside IS 6875 in 5 of 8 comparable tenders
IS 6875,IS 732,8,15,5,0.625,6.708,Cited alongside IS 6875 in 5 of 8 comparable tenders
IS 783,IS 12288,8,5,5,0.625,20.125,Cited alongside IS 783 in 5 of 8 comparable tenders
IS 783,IS 13095,8,11,5,0.625,9.148,Cited alongside IS 783 in 5 of 8 comparable tenders
IS 783,IS 2062,8,28,5,0.625,3.594,Cited alongside IS 783 in 5 of 8 comparable tenders
IS 783,IS 3025,8,5,5,0.625,20.125,Cited alongside IS 783 in 5 of 8 comparable tenders
IS 783,IS 3589,8,15,5,0.625,6.708,Cited alongside IS 783 in 5 of 8 comparable tenders
IS 783,IS 516,8,12,5,0.625,8.385,Cited alongside IS 783 in 5 of 8 comparable tenders
IS 783,IS 554,8,9,5,0.625,11.181,Cited alongside IS 783 in 5 of 8 comparable tenders
IS 783,IS 694,8,72,5,0.625,1.398,Cited alongside IS 783 in 5 of 8 comparable tenders
IS 783,IS 778,8,9,5,0.625,11.181,Cited alongside IS 783 in 5 of 8 comparable tenders
IS 783,IS 8329,8,13,5,0.625,7.74,Cited alongside IS 783 in 5 of 8 comparable tenders
IS 783,IS 9103,8,15,5,0.625,6.708,Cited alongside IS 783 in 5 of 8 comparable tenders
IS 783,IS 9523,8,8,5,0.625,12.578,Cited alongside IS 783 in 5 of 8 comparable tenders
IS 9523,IS 13095,8,11,5,0.625,9.148,Cited alongside IS 9523 in 5 of 8 comparable tenders
IS 9523,IS 1536,8,8,5,0.625,12.578,Cited alongside IS 9523 in 5 of 8 comparable tenders
IS 9523,IS 3589,8,15,5,0.625,6.708,Cited alongside IS 9523 in 5 of 8 comparable tenders
IS 9523,IS 4985,8,20,5,0.625,5.031,Cited alongside IS 9523 in 5 of 8 comparable tenders
IS 9523,IS 783,8,8,5,0.625,12.578,Cited alongside IS 9523 in 5 of 8 comparable tenders
IS 9595,IS 10322,8,32,5,0.625,3.145,Cited alongside IS 9595 in 5 of 8 comparable tenders
IS 9595,IS 1161,8,12,5,0.625,8.385,Cited alongside IS 9595 in 5 of 8 comparable tenders
IS 9595,IS 1182,8,5,5,0.625,20.125,Cited alongside IS 9595 in 5 of 8 comparable tenders
IS 9595,IS 1239,8,21,5,0.625,4.792,Cited alongside IS 9595 in 5 of 8 comparable tenders
IS 9595,IS 13095,8,11,5,0.625,9.148,Cited alongside IS 9595 in 5 of 8 comparable tenders
IS 9595,IS 13947,8,17,5,0.625,5.919,Cited alongside IS 9595 in 5 of 8 comparable tenders
IS 9595,IS 2595,8,5,5,0.625,20.125,Cited alongside IS 9595 in 5 of 8 comparable tenders
IS 9595,IS 2629,8,17,5,0.625,5.919,Cited alongside IS 9595 in 5 of 8 comparable tenders
IS 9595,IS 269,8,11,5,0.625,9.148,Cited alongside IS 9595 in 5 of 8 comparable tenders
IS 9595,IS 4722,8,6,5,0.625,16.771,Cited alongside IS 9595 in 5 of 8 comparable tenders
IS 9595,IS 5082,8,18,5,0.625,5.59,Cited alongside IS 9595 in 5 of 8 comparable tenders
IS 9595,IS 554,8,9,5,0.625,11.181,Cited alongside IS 9595 in 5 of 8 comparable tenders
IS 9595,IS 6392,8,7,5,0.625,14.375,Cited alongside IS 9595 in 5 of 8 comparable tenders
IS 9595,IS 732,8,15,5,0.625,6.708,Cited alongside IS 9595 in 5 of 8 comparable tenders
IS 9595,IS 778,8,9,5,0.625,11.181,Cited alongside IS 9595 in 5 of 8 comparable tenders
IS 9595,IS 780,8,10,5,0.625,10.062,Cited alongside IS 9595 in 5 of 8 comparable tenders
IS 9595,IS 800,8,12,5,0.625,8.385,Cited alongside IS 9595 in 5 of 8 comparable tenders
IS 9595,IS 8183,8,5,5,0.625,20.125,Cited alongside IS 9595 in 5 of 8 comparable tenders
IS 9595,IS 875,8,19,5,0.625,5.296,Cited alongside IS 9595 in 5 of 8 comparable tenders
IS 9595,IS 9537,8,13,5,0.625,7.74,Cited alongside IS 9595 in 5 of 8 comparable tenders
IS 1363,IS 1364,8,5,5,0.625,20.125,Cited alongside IS 1363 in 5 of 8 comparable tenders
IS 13118,IS 1255,8,14,5,0.625,7.188,Cited alongside IS 13118 in 5 of 8 comparable tenders
IS 13118,IS 13947,8,17,5,0.625,5.919,Cited alongside IS 13118 in 5 of 8 comparable tenders
IS 13118,IS 2713,8,9,5,0.625,11.181,Cited alongside IS 13118 in 5 of 8 comparable tenders
IS 13118,IS 398,8,9,5,0.625,11.181,Cited alongside IS 13118 in 5 of 8 comparable tenders
IS 13118,IS 875,8,19,5,0.625,5.296,Cited alongside IS 13118 in 5 of 8 comparable tenders
IS 1363,IS 1521,8,5,5,0.625,20.125,Cited alongside IS 1363 in 5 of 8 comparable tenders
IS 1363,IS 209,8,9,5,0.625,11.181,Cited alongside IS 1363 in 5 of 8 comparable tenders
IS 1363,IS 2121,8,6,5,0.625,16.771,Cited alongside IS 1363 in 5 of 8 comparable tenders
IS 1363,IS 280,8,8,5,0.625,12.578,Cited alongside IS 1363 in 5 of 8 comparable tenders
IS 1363,IS 398,8,9,5,0.625,11.181,Cited alongside IS 1363 in 5 of 8 comparable tenders
IS 1363,IS 4826,8,6,5,0.625,16.771,Cited alongside IS 1363 in 5 of 8 comparable tenders
IS 1363,IS 5561,8,7,5,0.625,14.375,Cited alongside IS 1363 in 5 of 8 comparable tenders
IS 1363,IS 617,8,9,5,0.625,11.181,Cited alongside IS 1363 in 5 of 8 comparable tenders
IS 1363,IS 6745,8,8,5,0.625,12.578,Cited alongside IS 1363 in 5 of 8 comparable tenders
IS 1363,IS 6792,8,6,5,0.625,16.771,Cited alongside IS 1363 in 5 of 8 comparable tenders
IS 1367,IS 335,8,13,5,0.625,7.74,Cited alongside IS 1367 in 5 of 8 comparable tenders
IS 1367,IS 5561,8,7,5,0.625,14.375,Cited alongside IS 1367 in 5 of 8 comparable tenders
IS 1367,IS 8623,8,20,5,0.625,5.031,Cited alongside IS 1367 in 5 of 8 comparable tenders
IS 1646,IS 2062,8,28,5,0.625,3.594,Cited alongside IS 1646 in 5 of 8 comparable tenders
IS 1646,IS 5082,8,18,5,0.625,5.59,Cited alongside IS 1646 in 5 of 8 comparable tenders
IS 1852,IS 335,8,13,5,0.625,7.74,Cited alongside IS 1852 in 5 of 8 comparable tenders
IS 2190,IS 1239,8,21,5,0.625,4.792,Cited alongside IS 2190 in 5 of 8 comparable tenders
IS 2190,IS 13947,8,17,5,0.625,5.919,Cited alongside IS 2190 in 5 of 8 comparable tenders
IS 2190,IS 694,8,72,5,0.625,1.398,Cited alongside IS 2190 in 5 of 8 comparable tenders
IS 2190,IS 8623,8,20,5,0.625,5.031,Cited alongside IS 2190 in 5 of 8 comparable tenders
IS 280,IS 10322,8,32,5,0.625,3.145,Cited alongside IS 280 in 5 of 8 comparable tenders
IS 280,IS 1363,8,8,5,0.625,12.578,Cited alongside IS 280 in 5 of 8 comparable tenders
IS 280,IS 13947,8,17,5,0.625,5.919,Cited alongside IS 280 in 5 of 8 comparable tenders
IS 280,IS 1521,8,5,5,0.625,20.125,Cited alongside IS 280 in 5 of 8 comparable tenders
IS 280,IS 2121,8,6,5,0.625,16.771,Cited alongside IS 280 in 5 of 8 comparable tenders
IS 280,IS 398,8,9,5,0.625,11.181,Cited alongside IS 280 in 5 of 8 comparable tenders
IS 280,IS 4826,8,6,5,0.625,16.771,Cited alongside IS 280 in 5 of 8 comparable tenders
IS 280,IS 5082,8,18,5,0.625,5.59,Cited alongside IS 280 in 5 of 8 comparable tenders
IS 280,IS 5561,8,7,5,0.625,14.375,Cited alongside IS 280 in 5 of 8 comparable tenders
IS 280,IS 617,8,9,5,0.625,11.181,Cited alongside IS 280 in 5 of 8 comparable tenders
IS 280,IS 6745,8,8,5,0.625,12.578,Cited alongside IS 280 in 5 of 8 comparable tenders
IS 280,IS 6792,8,6,5,0.625,16.771,Cited alongside IS 280 in 5 of 8 comparable tenders
IS 432,IS 2645,8,6,5,0.625,16.771,Cited alongside IS 432 in 5 of 8 comparable tenders
IS 6745,IS 1161,8,12,5,0.625,8.385,Cited alongside IS 6745 in 5 of 8 comparable tenders
IS 6745,IS 1363,8,8,5,0.625,12.578,Cited alongside IS 6745 in 5 of 8 comparable tenders
IS 6745,IS 1521,8,5,5,0.625,20.125,Cited alongside IS 6745 in 5 of 8 comparable tenders
IS 6745,IS 2121,8,6,5,0.625,16.771,Cited alongside IS 6745 in 5 of 8 comparable tenders
IS 6745,IS 280,8,8,5,0.625,12.578,Cited alongside IS 6745 in 5 of 8 comparable tenders
IS 6745,IS 335,8,13,5,0.625,7.74,Cited alongside IS 6745 in 5 of 8 comparable tenders
IS 6745,IS 398,8,9,5,0.625,11.181,Cited alongside IS 6745 in 5 of 8 comparable tenders
IS 6745,IS 4759,8,14,5,0.625,7.188,Cited alongside IS 6745 in 5 of 8 comparable tenders
IS 6745,IS 4826,8,6,5,0.625,16.771,Cited alongside IS 6745 in 5 of 8 comparable tenders
IS 6745,IS 5561,8,7,5,0.625,14.375,Cited alongside IS 6745 in 5 of 8 comparable tenders
IS 6745,IS 617,8,9,5,0.625,11.181,Cited alongside IS 6745 in 5 of 8 comparable tenders
IS 6745,IS 6792,8,6,5,0.625,16.771,Cited alongside IS 6745 in 5 of 8 comparable tenders
IS 12640,IS 3837,8,10,5,0.625,10.062,Cited alongside IS 12640 in 5 of 8 comparable tenders
IS 12640,IS 4615,8,5,5,0.625,20.125,Cited alongside IS 12640 in 5 of 8 comparable tenders
IS 12640,IS 5216,8,9,5,0.625,11.181,Cited alongside IS 12640 in 5 of 8 comparable tenders
IS 12640,IS 7098,8,33,5,0.625,3.049,Cited alongside IS 12640 in 5 of 8 comparable tenders
IS 12640,IS 732,8,15,5,0.625,6.708,Cited alongside IS 12640 in 5 of 8 comparable tenders
IS 12640,IS 8828,8,10,5,0.625,10.062,Cited alongside IS 12640 in 5 of 8 comparable tenders
IS 1646,IS 1293,8,12,5,0.625,8.385,Cited alongside IS 1646 in 5 of 8 comparable tenders
IS 1646,IS 2309,8,9,5,0.625,11.181,Cited alongside IS 1646 in 5 of 8 comparable tenders
IS 1646,IS 8828,8,10,5,0.625,10.062,Cited alongside IS 1646 in 5 of 8 comparable tenders
IS 1651,IS 10418,8,17,5,0.625,5.919,Cited alongside IS 1651 in 5 of 8 comparable tenders
IS 1651,IS 1255,8,14,5,0.625,7.188,Cited alongside IS 1651 in 5 of 8 comparable tenders
IS 1651,IS 2071,8,6,5,0.625,16.771,Cited alongside IS 1651 in 5 of 8 comparable tenders
IS 1651,IS 2551,8,11,5,0.625,9.148,Cited alongside IS 1651 in 5 of 8 comparable tenders
IS 1651,IS 2629,8,17,5,0.625,5.919,Cited alongside IS 1651 in 5 of 8 comparable tenders
IS 1651,IS 3961,8,15,5,0.625,6.708,Cited alongside IS 1651 in 5 of 8 comparable tenders
IS 1651,IS 5082,8,18,5,0.625,5.59,Cited alongside IS 1651 in 5 of 8 comparable tenders
IS 1651,IS 5831,8,31,5,0.625,3.246,Cited alongside IS 1651 in 5 of 8 comparable tenders
IS 6745,IS 10418,8,17,5,0.625,5.919,Cited alongside IS 6745 in 5 of 8 comparable tenders
IS 6745,IS 1255,8,14,5,0.625,7.188,Cited alongside IS 6745 in 5 of 8 comparable tenders
IS 6745,IS 1554,8,31,5,0.625,3.246,Cited alongside IS 6745 in 5 of 8 comparable tenders
IS 6745,IS 2026,8,14,5,0.625,7.188,Cited alongside IS 6745 in 5 of 8 comparable tenders
IS 6745,IS 2071,8,6,5,0.625,16.771,Cited alongside IS 6745 in 5 of 8 comparable tenders
IS 6745,IS 3961,8,15,5,0.625,6.708,Cited alongside IS 6745 in 5 of 8 comparable tenders
IS 6745,IS 5578,8,10,5,0.625,10.062,Cited alongside IS 6745 in 5 of 8 comparable tenders
IS 6745,IS 5831,8,31,5,0.625,3.246,Cited alongside IS 6745 in 5 of 8 comparable tenders
IS 6745,IS 7098,8,33,5,0.625,3.049,Cited alongside IS 6745 in 5 of 8 comparable tenders
IS 6745,IS 8130,8,35,5,0.625,2.875,Cited alongside IS 6745 in 5 of 8 comparable tenders
IS 6745,IS 875,8,19,5,0.625,5.296,Cited alongside IS 6745 in 5 of 8 comparable tenders
IS 13118,IS 1248,8,12,5,0.625,8.385,Cited alongside IS 13118 in 5 of 8 comparable tenders
IS 13118,IS 3961,8,15,5,0.625,6.708,Cited alongside IS 13118 in 5 of 8 comparable tenders
IS 13118,IS 6600,8,7,5,0.625,14.375,Cited alongside IS 13118 in 5 of 8 comparable tenders
IS 375,IS 1255,8,14,5,0.625,7.188,Cited alongside IS 375 in 5 of 8 comparable tenders
IS 375,IS 2026,8,14,5,0.625,7.188,Cited alongside IS 375 in 5 of 8 comparable tenders
IS 375,IS 2099,8,12,5,0.625,8.385,Cited alongside IS 375 in 5 of 8 comparable tenders
IS 375,IS 335,8,13,5,0.625,7.74,Cited alongside IS 375 in 5 of 8 comparable tenders
IS 375,IS 3427,8,9,5,0.625,11.181,Cited alongside IS 375 in 5 of 8 comparable tenders
IS 375,IS 6600,8,7,5,0.625,14.375,Cited alongside IS 375 in 5 of 8 comparable tenders
IS 1651,IS 1239,8,21,5,0.625,4.792,Cited alongside IS 1651 in 5 of 8 comparable tenders
IS 1651,IS 1893,8,11,5,0.625,9.148,Cited alongside IS 1651 in 5 of 8 comparable tenders
IS 1651,IS 2705,8,14,5,0.625,7.188,Cited alongside IS 1651 in 5 of 8 comparable tenders
IS 9595,IS 1520,8,6,5,0.625,16.771,Cited alongside IS 9595 in 5 of 8 comparable tenders
IS 9595,IS 1893,8,11,5,0.625,9.148,Cited alongside IS 9595 in 5 of 8 comparable tenders
IS 9595,IS 8623,8,20,5,0.625,5.031,Cited alongside IS 9595 in 5 of 8 comparable tenders
IS 13118,IS 2551,8,11,5,0.625,9.148,Cited alongside IS 13118 in 5 of 8 comparable tenders
IS 13118,IS 4237,8,9,5,0.625,11.181,Cited alongside IS 13118 in 5 of 8 comparable tenders
IS 6875,IS 3975,8,16,5,0.625,6.289,Cited alongside IS 6875 in 5 of 8 comparable tenders
IS 1363,IS 1893,8,11,5,0.625,9.148,Cited alongside IS 1363 in 5 of 8 comparable tenders
IS 1651,IS 1248,8,12,5,0.625,8.385,Cited alongside IS 1651 in 5 of 8 comparable tenders
IS 280,IS 1255,8,14,5,0.625,7.188,Cited alongside IS 280 in 5 of 8 comparable tenders
IS 280,IS 1554,8,31,5,0.625,3.246,Cited alongside IS 280 in 5 of 8 comparable tenders
IS 280,IS 2713,8,9,5,0.625,11.181,Cited alongside IS 280 in 5 of 8 comparable tenders
IS 280,IS 3961,8,15,5,0.625,6.708,Cited alongside IS 280 in 5 of 8 comparable tenders
IS 280,IS 3975,8,16,5,0.625,6.289,Cited alongside IS 280 in 5 of 8 comparable tenders
IS 280,IS 5831,8,31,5,0.625,3.246,Cited alongside IS 280 in 5 of 8 comparable tenders
IS 280,IS 7098,8,33,5,0.625,3.049,Cited alongside IS 280 in 5 of 8 comparable tenders
IS 375,IS 10418,8,17,5,0.625,5.919,Cited alongside IS 375 in 5 of 8 comparable tenders
IS 375,IS 3202,8,7,5,0.625,14.375,Cited alongside IS 375 in 5 of 8 comparable tenders
IS 375,IS 3231,8,11,5,0.625,9.148,Cited alongside IS 375 in 5 of 8 comparable tenders
IS 375,IS 3837,8,10,5,0.625,10.062,Cited alongside IS 375 in 5 of 8 comparable tenders
IS 375,IS 3975,8,16,5,0.625,6.289,Cited alongside IS 375 in 5 of 8 comparable tenders
IS 375,IS 5082,8,18,5,0.625,5.59,Cited alongside IS 375 in 5 of 8 comparable tenders
IS 375,IS 5831,8,31,5,0.625,3.246,Cited alongside IS 375 in 5 of 8 comparable tenders
IS 375,IS 6005,8,9,5,0.625,11.181,Cited alongside IS 375 in 5 of 8 comparable tenders
IS 375,IS 6875,8,8,5,0.625,12.578,Cited alongside IS 375 in 5 of 8 comparable tenders
IS 375,IS 8130,8,35,5,0.625,2.875,Cited alongside IS 375 in 5 of 8 comparable tenders
IS 6745,IS 2147,8,11,5,0.625,9.148,Cited alongside IS 6745 in 5 of 8 comparable tenders
IS 6745,IS 3231,8,11,5,0.625,9.148,Cited alongside IS 6745 in 5 of 8 comparable tenders
IS 6875,IS 375,8,8,5,0.625,12.578,Cited alongside IS 6875 in 5 of 8 comparable tenders
IS 6875,IS 4064,8,5,5,0.625,20.125,Cited alongside IS 6875 in 5 of 8 comparable tenders
IS 9595,IS 3975,8,16,5,0.625,6.289,Cited alongside IS 9595 in 5 of 8 comparable tenders
IS 13118,IS 1239,8,21,5,0.625,4.792,Cited alongside IS 13118 in 5 of 8 comparable tenders
IS 3370,IS 1489,8,13,5,0.625,7.74,Cited alongside IS 3370 in 5 of 8 comparable tenders
IS 3370,IS 783,8,8,5,0.625,12.578,Cited alongside IS 3370 in 5 of 8 comparable tenders
IS 783,IS 3370,8,8,5,0.625,12.578,Cited alongside IS 783 in 5 of 8 comparable tenders
IS 3370,IS 4985,8,20,5,0.625,5.031,Cited alongside IS 3370 in 5 of 8 comparable tenders
IS 12640,IS 3854,8,9,5,0.625,11.181,Cited alongside IS 12640 in 5 of 8 comparable tenders
IS 16107 (Part 2),IS 16107,8,18,5,0.625,5.59,Cited alongside IS 16107 (Part 2) in 5 of 8 comparable tenders
IS 16107 (Part 2),IS 15885 (Part 2),8,11,5,0.625,9.148,Cited alongside IS 16107 (Part 2) in 5 of 8 comparable tenders
IS 16107 (Part 2),IS 16104,8,11,5,0.625,9.148,Cited alongside IS 16107 (Part 2) in 5 of 8 comparable tenders
IS 1239,IS 694,21,72,13,0.619,1.384,Cited alongside IS 1239 in 13 of 21 comparable tenders
IS 1489,IS 383,13,16,8,0.615,6.192,Cited alongside IS 1489 in 8 of 13 comparable tenders
IS 1489,IS 9103,13,15,8,0.615,6.605,Cited alongside IS 1489 in 8 of 13 comparable tenders
IS 16108,IS 16103,13,12,8,0.615,8.256,Cited alongside IS 16108 in 8 of 13 comparable tenders
IS 16108,IS 16104,13,11,8,0.615,9.007,Cited alongside IS 16108 in 8 of 13 comparable tenders
IS 16108,IS 16105,13,12,8,0.615,8.256,Cited alongside IS 16108 in 8 of 13 comparable tenders
IS 2633,IS 13947,13,17,8,0.615,5.828,Cited alongside IS 2633 in 8 of 13 comparable tenders
IS 2633,IS 2026,13,14,8,0.615,7.077,Cited alongside IS 2633 in 8 of 13 comparable tenders
IS 2633,IS 5831,13,31,8,0.615,3.196,Cited alongside IS 2633 in 8 of 13 comparable tenders
IS 2633,IS 8130,13,35,8,0.615,2.831,Cited alongside IS 2633 in 8 of 13 comparable tenders
IS 8329,IS 3589,13,15,8,0.615,6.605,Cited alongside IS 8329 in 8 of 13 comparable tenders
IS 8329,IS 456,13,22,8,0.615,4.503,Cited alongside IS 8329 in 8 of 13 comparable tenders
IS 9537,IS 13947,13,17,8,0.615,5.828,Cited alongside IS 9537 in 8 of 13 comparable tenders
IS 9537,IS 2551,13,11,8,0.615,9.007,Cited alongside IS 9537 in 8 of 13 comparable tenders
IS 9537,IS 2629,13,17,8,0.615,5.828,Cited alongside IS 9537 in 8 of 13 comparable tenders
IS 9537,IS 277,13,16,8,0.615,6.192,Cited alongside IS 9537 in 8 of 13 comparable tenders
IS 9537,IS 5082,13,18,8,0.615,5.504,Cited alongside IS 9537 in 8 of 13 comparable tenders
IS 9537,IS 8130,13,35,8,0.615,2.831,Cited alongside IS 9537 in 8 of 13 comparable tenders
IS 2633,IS 335,13,13,8,0.615,7.621,Cited alongside IS 2633 in 8 of 13 comparable tenders
IS 335,IS 1255,13,14,8,0.615,7.077,Cited alongside IS 335 in 8 of 13 comparable tenders
IS 335,IS 2629,13,17,8,0.615,5.828,Cited alongside IS 335 in 8 of 13 comparable tenders
IS 335,IS 2633,13,13,8,0.615,7.621,Cited alongside IS 335 in 8 of 13 comparable tenders
IS 335,IS 3231,13,11,8,0.615,9.007,Cited alongside IS 335 in 8 of 13 comparable tenders
IS 9537,IS 3837,13,10,8,0.615,9.908,Cited alongside IS 9537 in 8 of 13 comparable tenders
IS 335,IS 1248,13,12,8,0.615,8.256,Cited alongside IS 335 in 8 of 13 comparable tenders
IS 335,IS 3961,13,15,8,0.615,6.605,Cited alongside IS 335 in 8 of 13 comparable tenders
IS 335,IS 1893,13,11,8,0.615,9.007,Cited alongside IS 335 in 8 of 13 comparable tenders
IS 335,IS 3975,13,16,8,0.615,6.192,Cited alongside IS 335 in 8 of 13 comparable tenders
IS 335,IS 5831,13,31,8,0.615,3.196,Cited alongside IS 335 in 8 of 13 comparable tenders
IS 5831,IS 7098,31,33,19,0.613,2.99,Cited alongside IS 5831 in 19 of 31 comparable tenders
IS 1554,IS 8130,31,35,19,0.613,2.819,Cited alongside IS 1554 in 19 of 31 comparable tenders
IS 3043,IS 8623,31,20,19,0.613,4.934,Cited alongside IS 3043 in 19 of 31 comparable tenders
IS 5082,IS 5831,18,31,11,0.611,3.174,Cited alongside IS 5082 in 11 of 18 comparable tenders
IS 16107,IS 16103,18,12,11,0.611,8.199,Cited alongside IS 16107 in 11 of 18 comparable tenders
IS 16107,IS 16108,18,13,11,0.611,7.568,Cited alongside IS 16107 in 11 of 18 comparable tenders
IS 5082,IS 2705,18,14,11,0.611,7.028,Cited alongside IS 5082 in 11 of 18 comparable tenders
IS 5082,IS 875,18,19,11,0.611,5.178,Cited alongside IS 5082 in 11 of 18 comparable tenders
IS 5082,IS 335,18,13,11,0.611,7.568,Cited alongside IS 5082 in 11 of 18 comparable tenders
IS 2062,IS 7098,28,33,17,0.607,2.962,Cited alongside IS 2062 in 17 of 28 comparable tenders
IS 7098,IS 1554,33,31,20,0.606,3.148,Cited alongside IS 7098 in 20 of 33 comparable tenders
IS 7098,IS 694,33,72,20,0.606,1.355,Cited alongside IS 7098 in 20 of 33 comparable tenders
IS 8623,IS 2026,20,14,12,0.6,6.9,Cited alongside IS 8623 in 12 of 20 comparable tenders
IS 8623,IS 2705,20,14,12,0.6,6.9,Cited alongside IS 8623 in 12 of 20 comparable tenders
IS 8623,IS 335,20,13,12,0.6,7.431,Cited alongside IS 8623 in 12 of 20 comparable tenders
IS 10810,IS 10418,15,17,9,0.6,5.682,Cited alongside IS 10810 in 9 of 15 comparable tenders
IS 10810,IS 3975,15,16,9,0.6,6.038,Cited alongside IS 10810 in 9 of 15 comparable tenders
IS 3589,IS 277,15,16,9,0.6,6.038,Cited alongside IS 3589 in 9 of 15 comparable tenders
IS 3589,IS 456,15,22,9,0.6,4.391,Cited alongside IS 3589 in 9 of 15 comparable tenders
IS 3589,IS 694,15,72,9,0.6,1.342,Cited alongside IS 3589 in 9 of 15 comparable tenders
IS 3589,IS 7098,15,33,9,0.6,2.927,Cited alongside IS 3589 in 9 of 15 comparable tenders
IS 732,IS 1293,15,12,9,0.6,8.05,Cited alongside IS 732 in 9 of 15 comparable tenders
IS 732,IS 2705,15,14,9,0.6,6.9,Cited alongside IS 732 in 9 of 15 comparable tenders
IS 732,IS 5082,15,18,9,0.6,5.367,Cited alongside IS 732 in 9 of 15 comparable tenders
IS 732,IS 8130,15,35,9,0.6,2.76,Cited alongside IS 732 in 9 of 15 comparable tenders
IS 3589,IS 8623,15,20,9,0.6,4.83,Cited alongside IS 3589 in 9 of 15 comparable tenders
IS 3961,IS 2062,15,28,9,0.6,3.45,Cited alongside IS 3961 in 9 of 15 comparable tenders
IS 3961,IS 5082,15,18,9,0.6,5.367,Cited alongside IS 3961 in 9 of 15 comparable tenders
IS 732,IS 3837,15,10,9,0.6,9.66,Cited alongside IS 732 in 9 of 15 comparable tenders
IS 3961,IS 2705,15,14,9,0.6,6.9,Cited alongside IS 3961 in 9 of 15 comparable tenders
IS 3961,IS 3156,15,12,9,0.6,8.05,Cited alongside IS 3961 in 9 of 15 comparable tenders
IS 808,IS 277,10,16,6,0.6,6.038,Cited alongside IS 808 in 6 of 10 comparable tenders
IS 1199,IS 3043,10,31,6,0.6,3.116,Cited alongside IS 1199 in 6 of 10 comparable tenders
IS 1199,IS 694,10,72,6,0.6,1.342,Cited alongside IS 1199 in 6 of 10 comparable tenders
IS 1199,IS 8112,10,12,6,0.6,8.05,Cited alongside IS 1199 in 6 of 10 comparable tenders
IS 1199,IS 9103,10,15,6,0.6,6.44,Cited alongside IS 1199 in 6 of 10 comparable tenders
IS 210,IS 10221,10,8,6,0.6,12.075,Cited alongside IS 210 in 6 of 10 comparable tenders
IS 210,IS 13095,10,11,6,0.6,8.782,Cited alongside IS 210 in 6 of 10 comparable tenders
IS 210,IS 1786,10,16,6,0.6,6.038,Cited alongside IS 210 in 6 of 10 comparable tenders
IS 210,IS 3043,10,31,6,0.6,3.116,Cited alongside IS 210 in 6 of 10 comparable tenders
IS 210,IS 3589,10,15,6,0.6,6.44,Cited alongside IS 210 in 6 of 10 comparable tenders
IS 210,IS 694,10,72,6,0.6,1.342,Cited alongside IS 210 in 6 of 10 comparable tenders
IS 210,IS 778,10,9,6,0.6,10.733,Cited alongside IS 210 in 6 of 10 comparable tenders
IS 210,IS 780,10,10,6,0.6,9.66,Cited alongside IS 210 in 6 of 10 comparable tenders
IS 210,IS 783,10,8,6,0.6,12.075,Cited alongside IS 210 in 6 of 10 comparable tenders
IS 374,IS 10322,10,32,6,0.6,3.019,Cited alongside IS 374 in 6 of 10 comparable tenders
IS 374,IS 1293,10,12,6,0.6,8.05,Cited alongside IS 374 in 6 of 10 comparable tenders
IS 374,IS 1554,10,31,6,0.6,3.116,Cited alongside IS 374 in 6 of 10 comparable tenders
IS 374,IS 2062,10,28,6,0.6,3.45,Cited alongside IS 374 in 6 of 10 comparable tenders
IS 5578,IS 10322,10,32,6,0.6,3.019,Cited alongside IS 5578 in 6 of 10 comparable tenders
IS 5578,IS 10810,10,15,6,0.6,6.44,Cited alongside IS 5578 in 6 of 10 comparable tenders
IS 5578,IS 1248,10,12,6,0.6,8.05,Cited alongside IS 5578 in 6 of 10 comparable tenders
IS 5578,IS 277,10,16,6,0.6,6.038,Cited alongside IS 5578 in 6 of 10 comparable tenders
IS 5578,IS 325,10,11,6,0.6,8.782,Cited alongside IS 5578 in 6 of 10 comparable tenders
IS 5578,IS 6005,10,9,6,0.6,10.733,Cited alongside IS 5578 in 6 of 10 comparable tenders
IS 5578,IS 6875,10,8,6,0.6,12.075,Cited alongside IS 5578 in 6 of 10 comparable tenders
IS 5578,IS 875,10,19,6,0.6,5.084,Cited alongside IS 5578 in 6 of 10 comparable tenders
IS 780,IS 13095,10,11,6,0.6,8.782,Cited alongside IS 780 in 6 of 10 comparable tenders
IS 780,IS 13592,10,15,6,0.6,6.44,Cited alongside IS 780 in 6 of 10 comparable tenders
IS 780,IS 13947,10,17,6,0.6,5.682,Cited alongside IS 780 in 6 of 10 comparable tenders
IS 780,IS 2026,10,14,6,0.6,6.9,Cited alongside IS 780 in 6 of 10 comparable tenders
IS 780,IS 210,10,10,6,0.6,9.66,Cited alongside IS 780 in 6 of 10 comparable tenders
IS 780,IS 277,10,16,6,0.6,6.038,Cited alongside IS 780 in 6 of 10 comparable tenders
IS 780,IS 325,10,11,6,0.6,8.782,Cited alongside IS 780 in 6 of 10 comparable tenders
IS 780,IS 3589,10,15,6,0.6,6.44,Cited alongside IS 780 in 6 of 10 comparable tenders
IS 780,IS 383,10,16,6,0.6,6.038,Cited alongside IS 780 in 6 of 10 comparable tenders
IS 780,IS 4985,10,20,6,0.6,4.83,Cited alongside IS 780 in 6 of 10 comparable tenders
IS 780,IS 6392,10,7,6,0.6,13.8,Cited alongside IS 780 in 6 of 10 comparable tenders
IS 780,IS 800,10,12,6,0.6,8.05,Cited alongside IS 780 in 6 of 10 comparable tenders
IS 808,IS 1255,10,14,6,0.6,6.9,Cited alongside IS 808 in 6 of 10 comparable tenders
IS 808,IS 1363,10,8,6,0.6,12.075,Cited alongside IS 808 in 6 of 10 comparable tenders
IS 808,IS 13947,10,17,6,0.6,5.682,Cited alongside IS 808 in 6 of 10 comparable tenders
IS 808,IS 1554,10,31,6,0.6,3.116,Cited alongside IS 808 in 6 of 10 comparable tenders
IS 808,IS 1786,10,16,6,0.6,6.038,Cited alongside IS 808 in 6 of 10 comparable tenders
IS 808,IS 2026,10,14,6,0.6,6.9,Cited alongside IS 808 in 6 of 10 comparable tenders
IS 808,IS 2099,10,12,6,0.6,8.05,Cited alongside IS 808 in 6 of 10 comparable tenders
IS 808,IS 2633,10,13,6,0.6,7.431,Cited alongside IS 808 in 6 of 10 comparable tenders
IS 808,IS 2705,10,14,6,0.6,6.9,Cited alongside IS 808 in 6 of 10 comparable tenders
IS 808,IS 3043,10,31,6,0.6,3.116,Cited alongside IS 808 in 6 of 10 comparable tenders
IS 808,IS 3156,10,12,6,0.6,8.05,Cited alongside IS 808 in 6 of 10 comparable tenders
IS 808,IS 3231,10,11,6,0.6,8.782,Cited alongside IS 808 in 6 of 10 comparable tenders
IS 808,IS 325,10,11,6,0.6,8.782,Cited alongside IS 808 in 6 of 10 comparable tenders
IS 808,IS 5082,10,18,6,0.6,5.367,Cited alongside IS 808 in 6 of 10 comparable tenders
IS 808,IS 7098,10,33,6,0.6,2.927,Cited alongside IS 808 in 6 of 10 comparable tenders
IS 60947,IS 8623,10,20,6,0.6,4.83,Cited alongside IS 60947 in 6 of 10 comparable tenders
IS 2878,IS 2062,10,28,6,0.6,3.45,Cited alongside IS 2878 in 6 of 10 comparable tenders
IS 2878,IS 5082,10,18,6,0.6,5.367,Cited alongside IS 2878 in 6 of 10 comparable tenders
IS 3837,IS 1646,10,8,6,0.6,12.075,Cited alongside IS 3837 in 6 of 10 comparable tenders
IS 3837,IS 2062,10,28,6,0.6,3.45,Cited alongside IS 3837 in 6 of 10 comparable tenders
IS 3837,IS 2309,10,9,6,0.6,10.733,Cited alongside IS 3837 in 6 of 10 comparable tenders
IS 3837,IS 2551,10,11,6,0.6,8.782,Cited alongside IS 3837 in 6 of 10 comparable tenders
IS 3837,IS 3480,10,6,6,0.6,16.1,Cited alongside IS 3837 in 6 of 10 comparable tenders
IS 3837,IS 3961,10,15,6,0.6,6.44,Cited alongside IS 3837 in 6 of 10 comparable tenders
IS 3837,IS 5578,10,10,6,0.6,9.66,Cited alongside IS 3837 in 6 of 10 comparable tenders
IS 3837,IS 8130,10,35,6,0.6,2.76,Cited alongside IS 3837 in 6 of 10 comparable tenders
IS 5578,IS 10418,10,17,6,0.6,5.682,Cited alongside IS 5578 in 6 of 10 comparable tenders
IS 5578,IS 1651,10,8,6,0.6,12.075,Cited alongside IS 5578 in 6 of 10 comparable tenders
IS 5578,IS 2071,10,6,6,0.6,16.1,Cited alongside IS 5578 in 6 of 10 comparable tenders
IS 5578,IS 3837,10,10,6,0.6,9.66,Cited alongside IS 5578 in 6 of 10 comparable tenders
IS 5578,IS 8828,10,10,6,0.6,9.66,Cited alongside IS 5578 in 6 of 10 comparable tenders
IS 8828,IS 1255,10,14,6,0.6,6.9,Cited alongside IS 8828 in 6 of 10 comparable tenders
IS 8828,IS 1913,10,7,6,0.6,13.8,Cited alongside IS 8828 in 6 of 10 comparable tenders
IS 8828,IS 2062,10,28,6,0.6,3.45,Cited alongside IS 8828 in 6 of 10 comparable tenders
IS 8828,IS 2629,10,17,6,0.6,5.682,Cited alongside IS 8828 in 6 of 10 comparable tenders
IS 8828,IS 3480,10,6,6,0.6,16.1,Cited alongside IS 8828 in 6 of 10 comparable tenders
IS 8828,IS 3961,10,15,6,0.6,6.44,Cited alongside IS 8828 in 6 of 10 comparable tenders
IS 8828,IS 5578,10,10,6,0.6,9.66,Cited alongside IS 8828 in 6 of 10 comparable tenders
IS 8828,IS 8130,10,35,6,0.6,2.76,Cited alongside IS 8828 in 6 of 10 comparable tenders
IS 2878,IS 7098,10,33,6,0.6,2.927,Cited alongside IS 2878 in 6 of 10 comparable tenders
IS 2878,IS 8130,10,35,6,0.6,2.76,Cited alongside IS 2878 in 6 of 10 comparable tenders
IS 2878,IS 2705,10,14,6,0.6,6.9,Cited alongside IS 2878 in 6 of 10 comparable tenders
IS 3837,IS 2705,10,14,6,0.6,6.9,Cited alongside IS 3837 in 6 of 10 comparable tenders
IS 5578,IS 1893,10,11,6,0.6,8.782,Cited alongside IS 5578 in 6 of 10 comparable tenders
IS 5578,IS 3975,10,16,6,0.6,6.038,Cited alongside IS 5578 in 6 of 10 comparable tenders
IS 5578,IS 398,10,9,6,0.6,10.733,Cited alongside IS 5578 in 6 of 10 comparable tenders
IS 8828,IS 2147,10,11,6,0.6,8.782,Cited alongside IS 8828 in 6 of 10 comparable tenders
IS 60947,IS 1554,10,31,6,0.6,3.116,Cited alongside IS 60947 in 6 of 10 comparable tenders
IS 16106,IS 10322,22,32,13,0.591,2.973,Cited alongside IS 16106 in 13 of 22 comparable tenders
IS 16106,IS 16107,22,18,13,0.591,5.285,Cited alongside IS 16106 in 13 of 22 comparable tenders
IS 13947,IS 1248,17,12,10,0.588,7.892,Cited alongside IS 13947 in 10 of 17 comparable tenders
IS 13947,IS 277,17,16,10,0.588,5.919,Cited alongside IS 13947 in 10 of 17 comparable tenders
IS 13947,IS 3156,17,12,10,0.588,7.892,Cited alongside IS 13947 in 10 of 17 comparable tenders
IS 13947,IS 3231,17,11,10,0.588,8.61,Cited alongside IS 13947 in 10 of 17 comparable tenders
IS 13947,IS 732,17,15,10,0.588,6.314,Cited alongside IS 13947 in 10 of 17 comparable tenders
IS 2629,IS 10322,17,32,10,0.588,2.96,Cited alongside IS 2629 in 10 of 17 comparable tenders
IS 2629,IS 1255,17,14,10,0.588,6.765,Cited alongside IS 2629 in 10 of 17 comparable tenders
IS 2629,IS 5082,17,18,10,0.588,5.261,Cited alongside IS 2629 in 10 of 17 comparable tenders
IS 2629,IS 7098,17,33,10,0.588,2.87,Cited alongside IS 2629 in 10 of 17 comparable tenders
IS 2629,IS 8130,17,35,10,0.588,2.706,Cited alongside IS 2629 in 10 of 17 comparable tenders
IS 2629,IS 875,17,19,10,0.588,4.985,Cited alongside IS 2629 in 10 of 17 comparable tenders
IS 13947,IS 3961,17,15,10,0.588,6.314,Cited alongside IS 13947 in 10 of 17 comparable tenders
IS 1161,IS 1363,12,8,7,0.583,11.74,Cited alongside IS 1161 in 7 of 12 comparable tenders
IS 1161,IS 13947,12,17,7,0.583,5.525,Cited alongside IS 1161 in 7 of 12 comparable tenders
IS 1161,IS 1554,12,31,7,0.583,3.03,Cited alongside IS 1161 in 7 of 12 comparable tenders
IS 1161,IS 2633,12,13,7,0.583,7.224,Cited alongside IS 1161 in 7 of 12 comparable tenders
IS 1161,IS 277,12,16,7,0.583,5.87,Cited alongside IS 1161 in 7 of 12 comparable tenders
IS 1161,IS 3589,12,15,7,0.583,6.261,Cited alongside IS 1161 in 7 of 12 comparable tenders
IS 1161,IS 5082,12,18,7,0.583,5.218,Cited alongside IS 1161 in 7 of 12 comparable tenders
IS 1248,IS 1255,12,14,7,0.583,6.708,Cited alongside IS 1248 in 7 of 12 comparable tenders
IS 1248,IS 277,12,16,7,0.583,5.87,Cited alongside IS 1248 in 7 of 12 comparable tenders
IS 1248,IS 325,12,11,7,0.583,8.538,Cited alongside IS 1248 in 7 of 12 comparable tenders
IS 1248,IS 3427,12,9,7,0.583,10.435,Cited alongside IS 1248 in 7 of 12 comparable tenders
IS 1248,IS 5831,12,31,7,0.583,3.03,Cited alongside IS 1248 in 7 of 12 comparable tenders
IS 1248,IS 875,12,19,7,0.583,4.943,Cited alongside IS 1248 in 7 of 12 comparable tenders
IS 1293,IS 1913,12,7,7,0.583,13.417,Cited alongside IS 1293 in 7 of 12 comparable tenders
IS 1293,IS 2312,12,7,7,0.583,13.417,Cited alongside IS 1293 in 7 of 12 comparable tenders
IS 1293,IS 2551,12,11,7,0.583,8.538,Cited alongside IS 1293 in 7 of 12 comparable tenders
IS 1293,IS 277,12,16,7,0.583,5.87,Cited alongside IS 1293 in 7 of 12 comparable tenders
IS 1293,IS 5578,12,10,7,0.583,9.392,Cited alongside IS 1293 in 7 of 12 comparable tenders
IS 1293,IS 7098,12,33,7,0.583,2.846,Cited alongside IS 1293 in 7 of 12 comparable tenders
IS 16105,IS 16104,12,11,7,0.583,8.538,Cited alongside IS 16105 in 7 of 12 comparable tenders
IS 2099,IS 1239,12,21,7,0.583,4.472,Cited alongside IS 2099 in 7 of 12 comparable tenders
IS 2099,IS 1786,12,16,7,0.583,5.87,Cited alongside IS 2099 in 7 of 12 comparable tenders
IS 2099,IS 2633,12,13,7,0.583,7.224,Cited alongside IS 2099 in 7 of 12 comparable tenders
IS 2099,IS 3427,12,9,7,0.583,10.435,Cited alongside IS 2099 in 7 of 12 comparable tenders
IS 2099,IS 456,12,22,7,0.583,4.269,Cited alongside IS 2099 in 7 of 12 comparable tenders
IS 2099,IS 5578,12,10,7,0.583,9.392,Cited alongside IS 2099 in 7 of 12 comparable tenders
IS 2099,IS 6005,12,9,7,0.583,10.435,Cited alongside IS 2099 in 7 of 12 comparable tenders
IS 2099,IS 732,12,15,7,0.583,6.261,Cited alongside IS 2099 in 7 of 12 comparable tenders
IS 3156,IS 2551,12,11,7,0.583,8.538,Cited alongside IS 3156 in 7 of 12 comparable tenders
IS 3156,IS 2629,12,17,7,0.583,5.525,Cited alongside IS 3156 in 7 of 12 comparable tenders
IS 3156,IS 2633,12,13,7,0.583,7.224,Cited alongside IS 3156 in 7 of 12 comparable tenders
IS 3156,IS 325,12,11,7,0.583,8.538,Cited alongside IS 3156 in 7 of 12 comparable tenders
IS 3156,IS 5578,12,10,7,0.583,9.392,Cited alongside IS 3156 in 7 of 12 comparable tenders
IS 3156,IS 6005,12,9,7,0.583,10.435,Cited alongside IS 3156 in 7 of 12 comparable tenders
IS 3156,IS 6875,12,8,7,0.583,11.74,Cited alongside IS 3156 in 7 of 12 comparable tenders
IS 3156,IS 722,12,7,7,0.583,13.417,Cited alongside IS 3156 in 7 of 12 comparable tenders
IS 3156,IS 875,12,19,7,0.583,4.943,Cited alongside IS 3156 in 7 of 12 comparable tenders
IS 516,IS 1786,12,16,7,0.583,5.87,Cited alongside IS 516 in 7 of 12 comparable tenders
IS 516,IS 2062,12,28,7,0.583,3.354,Cited alongside IS 516 in 7 of 12 comparable tenders
IS 516,IS 383,12,16,7,0.583,5.87,Cited alongside IS 516 in 7 of 12 comparable tenders
IS 516,IS 732,12,15,7,0.583,6.261,Cited alongside IS 516 in 7 of 12 comparable tenders
IS 800,IS 13947,12,17,7,0.583,5.525,Cited alongside IS 800 in 7 of 12 comparable tenders
IS 800,IS 1786,12,16,7,0.583,5.87,Cited alongside IS 800 in 7 of 12 comparable tenders
IS 800,IS 3589,12,15,7,0.583,6.261,Cited alongside IS 800 in 7 of 12 comparable tenders
IS 800,IS 7098,12,33,7,0.583,2.846,Cited alongside IS 800 in 7 of 12 comparable tenders
IS 800,IS 732,12,15,7,0.583,6.261,Cited alongside IS 800 in 7 of 12 comparable tenders
IS 800,IS 8130,12,35,7,0.583,2.683,Cited alongside IS 800 in 7 of 12 comparable tenders
IS 800,IS 875,12,19,7,0.583,4.943,Cited alongside IS 800 in 7 of 12 comparable tenders
IS 8112,IS 1489,12,13,7,0.583,7.224,Cited alongside IS 8112 in 7 of 12 comparable tenders
IS 8112,IS 1786,12,16,7,0.583,5.87,Cited alongside IS 8112 in 7 of 12 comparable tenders
IS 8112,IS 9103,12,15,7,0.583,6.261,Cited alongside IS 8112 in 7 of 12 comparable tenders
IS 2099,IS 13118,12,8,7,0.583,11.74,Cited alongside IS 2099 in 7 of 12 comparable tenders
IS 3156,IS 13118,12,8,7,0.583,11.74,Cited alongside IS 3156 in 7 of 12 comparable tenders
IS 1161,IS 8623,12,20,7,0.583,4.696,Cited alongside IS 1161 in 7 of 12 comparable tenders
IS 1293,IS 12640,12,8,7,0.583,11.74,Cited alongside IS 1293 in 7 of 12 comparable tenders
IS 1293,IS 5133,12,7,7,0.583,13.417,Cited alongside IS 1293 in 7 of 12 comparable tenders
IS 1293,IS 5216,12,9,7,0.583,10.435,Cited alongside IS 1293 in 7 of 12 comparable tenders
IS 1248,IS 375,12,8,7,0.583,11.74,Cited alongside IS 1248 in 7 of 12 comparable tenders
IS 2099,IS 3961,12,15,7,0.583,6.261,Cited alongside IS 2099 in 7 of 12 comparable tenders
IS 2099,IS 6600,12,7,7,0.583,13.417,Cited alongside IS 2099 in 7 of 12 comparable tenders
IS 3156,IS 375,12,8,7,0.583,11.74,Cited alongside IS 3156 in 7 of 12 comparable tenders
IS 3156,IS 6600,12,7,7,0.583,13.417,Cited alongside IS 3156 in 7 of 12 comparable tenders
IS 2099,IS 2147,12,11,7,0.583,8.538,Cited alongside IS 2099 in 7 of 12 comparable tenders
IS 2099,IS 3975,12,16,7,0.583,5.87,Cited alongside IS 2099 in 7 of 12 comparable tenders
IS 3156,IS 3975,12,16,7,0.583,5.87,Cited alongside IS 3156 in 7 of 12 comparable tenders
IS 16103,IS 10322 (Part 5),12,21,7,0.583,4.472,Cited alongside IS 16103 in 7 of 12 comparable tenders
IS 1554,IS 3043,31,31,18,0.581,3.016,Cited alongside IS 1554 in 18 of 31 comparable tenders
IS 3043,IS 1554,31,31,18,0.581,3.016,Cited alongside IS 3043 in 18 of 31 comparable tenders
IS 875,IS 5082,19,18,11,0.579,5.178,Cited alongside IS 875 in 11 of 19 comparable tenders
IS 875,IS 8623,19,20,11,0.579,4.661,Cited alongside IS 875 in 11 of 19 comparable tenders
IS 7098,IS 5831,33,31,19,0.576,2.99,Cited alongside IS 7098 in 19 of 33 comparable tenders
IS 2062,IS 1554,28,31,16,0.571,2.968,Cited alongside IS 2062 in 16 of 28 comparable tenders
IS 2062,IS 8130,28,35,16,0.571,2.629,Cited alongside IS 2062 in 16 of 28 comparable tenders
IS 2062,IS 875,28,19,16,0.571,4.842,Cited alongside IS 2062 in 16 of 28 comparable tenders
IS 1239,IS 2062,21,28,12,0.571,3.286,Cited alongside IS 1239 in 12 of 21 comparable tenders
IS 1239,IS 3589,21,15,12,0.571,6.133,Cited alongside IS 1239 in 12 of 21 comparable tenders
IS 1255,IS 10418,14,17,8,0.571,5.412,Cited alongside IS 1255 in 8 of 14 comparable tenders
IS 1255,IS 3975,14,16,8,0.571,5.75,Cited alongside IS 1255 in 8 of 14 comparable tenders
IS 1255,IS 2551,14,11,8,0.571,8.364,Cited alongside IS 1255 in 8 of 14 comparable tenders
IS 1255,IS 5578,14,10,8,0.571,9.2,Cited alongside IS 1255 in 8 of 14 comparable tenders
IS 1255,IS 732,14,15,8,0.571,6.133,Cited alongside IS 1255 in 8 of 14 comparable tenders
IS 2026,IS 1239,14,21,8,0.571,4.381,Cited alongside IS 2026 in 8 of 14 comparable tenders
IS 2026,IS 2633,14,13,8,0.571,7.077,Cited alongside IS 2026 in 8 of 14 comparable tenders
IS 2026,IS 3427,14,9,8,0.571,10.222,Cited alongside IS 2026 in 8 of 14 comparable tenders
IS 2026,IS 5578,14,10,8,0.571,9.2,Cited alongside IS 2026 in 8 of 14 comparable tenders
IS 2026,IS 732,14,15,8,0.571,6.133,Cited alongside IS 2026 in 8 of 14 comparable tenders
IS 2705,IS 2551,14,11,8,0.571,8.364,Cited alongside IS 2705 in 8 of 14 comparable tenders
IS 2705,IS 2629,14,17,8,0.571,5.412,Cited alongside IS 2705 in 8 of 14 comparable tenders
IS 2705,IS 3427,14,9,8,0.571,10.222,Cited alongside IS 2705 in 8 of 14 comparable tenders
IS 2705,IS 5578,14,10,8,0.571,9.2,Cited alongside IS 2705 in 8 of 14 comparable tenders
IS 2705,IS 6005,14,9,8,0.571,10.222,Cited alongside IS 2705 in 8 of 14 comparable tenders
IS 2705,IS 875,14,19,8,0.571,4.842,Cited alongside IS 2705 in 8 of 14 comparable tenders
IS 4759,IS 5082,14,18,8,0.571,5.111,Cited alongside IS 4759 in 8 of 14 comparable tenders
IS 4759,IS 5831,14,31,8,0.571,2.968,Cited alongside IS 4759 in 8 of 14 comparable tenders
IS 4759,IS 875,14,19,8,0.571,4.842,Cited alongside IS 4759 in 8 of 14 comparable tenders
IS 1255,IS 335,14,13,8,0.571,7.077,Cited alongside IS 1255 in 8 of 14 comparable tenders
IS 4759,IS 8623,14,20,8,0.571,4.6,Cited alongside IS 4759 in 8 of 14 comparable tenders
IS 2026,IS 3961,14,15,8,0.571,6.133,Cited alongside IS 2026 in 8 of 14 comparable tenders
IS 2705,IS 1893,14,11,8,0.571,8.364,Cited alongside IS 2705 in 8 of 14 comparable tenders
IS 2705,IS 3975,14,16,8,0.571,5.75,Cited alongside IS 2705 in 8 of 14 comparable tenders
IS 3975,IS 10810,16,15,9,0.562,6.038,Cited alongside IS 3975 in 9 of 16 comparable tenders
IS 1786,IS 269,16,11,9,0.562,8.233,Cited alongside IS 1786 in 9 of 16 comparable tenders
IS 277,IS 1554,16,31,9,0.562,2.921,Cited alongside IS 277 in 9 of 16 comparable tenders
IS 277,IS 3589,16,15,9,0.562,6.038,Cited alongside IS 277 in 9 of 16 comparable tenders
IS 383,IS 3043,16,31,9,0.562,2.921,Cited alongside IS 383 in 9 of 16 comparable tenders
IS 383,IS 8112,16,12,9,0.562,7.547,Cited alongside IS 383 in 9 of 16 comparable tenders
IS 3975,IS 2062,16,28,9,0.562,3.234,Cited alongside IS 3975 in 9 of 16 comparable tenders
IS 3975,IS 3043,16,31,9,0.562,2.921,Cited alongside IS 3975 in 9 of 16 comparable tenders
IS 3975,IS 8623,16,20,9,0.562,4.528,Cited alongside IS 3975 in 9 of 16 comparable tenders
IS 5082,IS 1248,18,12,10,0.556,7.454,Cited alongside IS 5082 in 10 of 18 comparable tenders
IS 5082,IS 2099,18,12,10,0.556,7.454,Cited alongside IS 5082 in 10 of 18 comparable tenders
IS 5082,IS 2629,18,17,10,0.556,5.261,Cited alongside IS 5082 in 10 of 18 comparable tenders
IS 5082,IS 2633,18,13,10,0.556,6.88,Cited alongside IS 5082 in 10 of 18 comparable tenders
IS 5082,IS 3156,18,12,10,0.556,7.454,Cited alongside IS 5082 in 10 of 18 comparable tenders
IS 16107,IS 10322 (Part 5),18,21,10,0.556,4.259,Cited alongside IS 16107 in 10 of 18 comparable tenders
IS 1538,IS 1161,9,12,5,0.556,7.454,Cited alongside IS 1538 in 5 of 9 comparable tenders
IS 1538,IS 13947,9,17,5,0.556,5.261,Cited alongside IS 1538 in 5 of 9 comparable tenders
IS 1538,IS 1489,9,13,5,0.556,6.88,Cited alongside IS 1538 in 5 of 9 comparable tenders
IS 1538,IS 2099,9,12,5,0.556,7.454,Cited alongside IS 1538 in 5 of 9 comparable tenders
IS 1538,IS 210,9,10,5,0.556,8.944,Cited alongside IS 1538 in 5 of 9 comparable tenders
IS 1538,IS 269,9,11,5,0.556,8.131,Cited alongside IS 1538 in 5 of 9 comparable tenders
IS 1538,IS 2705,9,14,5,0.556,6.389,Cited alongside IS 1538 in 5 of 9 comparable tenders
IS 1538,IS 3043,9,31,5,0.556,2.885,Cited alongside IS 1538 in 5 of 9 comparable tenders
IS 1538,IS 383,9,16,5,0.556,5.59,Cited alongside IS 1538 in 5 of 9 comparable tenders
IS 1538,IS 5082,9,18,5,0.556,4.969,Cited alongside IS 1538 in 5 of 9 comparable tenders
IS 1538,IS 5312,9,7,5,0.556,12.778,Cited alongside IS 1538 in 5 of 9 comparable tenders
IS 1538,IS 554,9,9,5,0.556,9.938,Cited alongside IS 1538 in 5 of 9 comparable tenders
IS 1538,IS 638,9,5,5,0.556,17.889,Cited alongside IS 1538 in 5 of 9 comparable tenders
IS 1538,IS 6392,9,7,5,0.556,12.778,Cited alongside IS 1538 in 5 of 9 comparable tenders
IS 1538,IS 7205,9,6,5,0.556,14.907,Cited alongside IS 1538 in 5 of 9 comparable tenders
IS 1538,IS 778,9,9,5,0.556,9.938,Cited alongside IS 1538 in 5 of 9 comparable tenders
IS 1538,IS 800,9,12,5,0.556,7.454,Cited alongside IS 1538 in 5 of 9 comparable tenders
IS 1538,IS 814,9,6,5,0.556,14.907,Cited alongside IS 1538 in 5 of 9 comparable tenders
IS 1538,IS 875,9,19,5,0.556,4.708,Cited alongside IS 1538 in 5 of 9 comparable tenders
IS 16101,IS 16103,9,12,5,0.556,7.454,Cited alongside IS 16101 in 5 of 9 comparable tenders
IS 16101,IS 16108,9,13,5,0.556,6.88,Cited alongside IS 16101 in 5 of 9 comparable tenders
IS 3427,IS 10810,9,15,5,0.556,5.963,Cited alongside IS 3427 in 5 of 9 comparable tenders
IS 3427,IS 1239,9,21,5,0.556,4.259,Cited alongside IS 3427 in 5 of 9 comparable tenders
IS 3427,IS 2551,9,11,5,0.556,8.131,Cited alongside IS 3427 in 5 of 9 comparable tenders
IS 3427,IS 2629,9,17,5,0.556,5.261,Cited alongside IS 3427 in 5 of 9 comparable tenders
IS 3427,IS 2633,9,13,5,0.556,6.88,Cited alongside IS 3427 in 5 of 9 comparable tenders
IS 3427,IS 325,9,11,5,0.556,8.131,Cited alongside IS 3427 in 5 of 9 comparable tenders
IS 3427,IS 4759,9,14,5,0.556,6.389,Cited alongside IS 3427 in 5 of 9 comparable tenders
IS 3427,IS 5578,9,10,5,0.556,8.944,Cited alongside IS 3427 in 5 of 9 comparable tenders
IS 3427,IS 732,9,15,5,0.556,5.963,Cited alongside IS 3427 in 5 of 9 comparable tenders
IS 3854,IS 10322,9,32,5,0.556,2.795,Cited alongside IS 3854 in 5 of 9 comparable tenders
IS 3854,IS 1248,9,12,5,0.556,7.454,Cited alongside IS 3854 in 5 of 9 comparable tenders
IS 3854,IS 13947,9,17,5,0.556,5.261,Cited alongside IS 3854 in 5 of 9 comparable tenders
IS 3854,IS 1913,9,7,5,0.556,12.778,Cited alongside IS 3854 in 5 of 9 comparable tenders
IS 3854,IS 2312,9,7,5,0.556,12.778,Cited alongside IS 3854 in 5 of 9 comparable tenders
IS 3854,IS 2551,9,11,5,0.556,8.131,Cited alongside IS 3854 in 5 of 9 comparable tenders
IS 3854,IS 2667,9,7,5,0.556,12.778,Cited alongside IS 3854 in 5 of 9 comparable tenders
IS 3854,IS 277,9,16,5,0.556,5.59,Cited alongside IS 3854 in 5 of 9 comparable tenders
IS 3854,IS 3231,9,11,5,0.556,8.131,Cited alongside IS 3854 in 5 of 9 comparable tenders
IS 3854,IS 5578,9,10,5,0.556,8.944,Cited alongside IS 3854 in 5 of 9 comparable tenders
IS 3854,IS 7098,9,33,5,0.556,2.71,Cited alongside IS 3854 in 5 of 9 comparable tenders
IS 5382,IS 1489,9,13,5,0.556,6.88,Cited alongside IS 5382 in 5 of 9 comparable tenders
IS 5382,IS 8329,9,13,5,0.556,6.88,Cited alongside IS 5382 in 5 of 9 comparable tenders
IS 554,IS 10221,9,8,5,0.556,11.181,Cited alongside IS 554 in 5 of 9 comparable tenders
IS 554,IS 1248,9,12,5,0.556,7.454,Cited alongside IS 554 in 5 of 9 comparable tenders
IS 554,IS 13592,9,15,5,0.556,5.963,Cited alongside IS 554 in 5 of 9 comparable tenders
IS 554,IS 1363,9,8,5,0.556,11.181,Cited alongside IS 554 in 5 of 9 comparable tenders
IS 554,IS 1489,9,13,5,0.556,6.88,Cited alongside IS 554 in 5 of 9 comparable tenders
IS 554,IS 1538,9,9,5,0.556,9.938,Cited alongside IS 554 in 5 of 9 comparable tenders
IS 554,IS 1852,9,8,5,0.556,11.181,Cited alongside IS 554 in 5 of 9 comparable tenders
IS 554,IS 2074,9,7,5,0.556,12.778,Cited alongside IS 554 in 5 of 9 comparable tenders
IS 554,IS 2556,9,8,5,0.556,11.181,Cited alongside IS 554 in 5 of 9 comparable tenders
IS 554,IS 2629,9,17,5,0.556,5.261,Cited alongside IS 554 in 5 of 9 comparable tenders
IS 554,IS 2834,9,7,5,0.556,12.778,Cited alongside IS 554 in 5 of 9 comparable tenders
IS 554,IS 3156,9,12,5,0.556,7.454,Cited alongside IS 554 in 5 of 9 comparable tenders
IS 554,IS 3231,9,11,5,0.556,8.131,Cited alongside IS 554 in 5 of 9 comparable tenders
IS 554,IS 455,9,6,5,0.556,14.907,Cited alongside IS 554 in 5 of 9 comparable tenders
IS 554,IS 6005,9,9,5,0.556,9.938,Cited alongside IS 554 in 5 of 9 comparable tenders
IS 554,IS 780,9,10,5,0.556,8.944,Cited alongside IS 554 in 5 of 9 comparable tenders
IS 554,IS 781,9,6,5,0.556,14.907,Cited alongside IS 554 in 5 of 9 comparable tenders
IS 554,IS 783,9,8,5,0.556,11.181,Cited alongside IS 554 in 5 of 9 comparable tenders
IS 554,IS 808,9,10,5,0.556,8.944,Cited alongside IS 554 in 5 of 9 comparable tenders
IS 554,IS 814,9,6,5,0.556,14.907,Cited alongside IS 554 in 5 of 9 comparable tenders
IS 554,IS 875,9,19,5,0.556,4.708,Cited alongside IS 554 in 5 of 9 comparable tenders
IS 554,IS 9595,9,8,5,0.556,11.181,Cited alongside IS 554 in 5 of 9 comparable tenders
IS 6005,IS 1239,9,21,5,0.556,4.259,Cited alongside IS 6005 in 5 of 9 comparable tenders
IS 6005,IS 1293,9,12,5,0.556,7.454,Cited alongside IS 6005 in 5 of 9 comparable tenders
IS 6005,IS 1363,9,8,5,0.556,11.181,Cited alongside IS 6005 in 5 of 9 comparable tenders
IS 6005,IS 1367,9,8,5,0.556,11.181,Cited alongside IS 6005 in 5 of 9 comparable tenders
IS 6005,IS 13703,9,5,5,0.556,17.889,Cited alongside IS 6005 in 5 of 9 comparable tenders
IS 6005,IS 2312,9,7,5,0.556,12.778,Cited alongside IS 6005 in 5 of 9 comparable tenders
IS 6005,IS 2544,9,6,5,0.556,14.907,Cited alongside IS 6005 in 5 of 9 comparable tenders
IS 6005,IS 269,9,11,5,0.556,8.131,Cited alongside IS 6005 in 5 of 9 comparable tenders
IS 6005,IS 277,9,16,5,0.556,5.59,Cited alongside IS 6005 in 5 of 9 comparable tenders
IS 6005,IS 554,9,9,5,0.556,9.938,Cited alongside IS 6005 in 5 of 9 comparable tenders
IS 6005,IS 722,9,7,5,0.556,12.778,Cited alongside IS 6005 in 5 of 9 comparable tenders
IS 6005,IS 732,9,15,5,0.556,5.963,Cited alongside IS 6005 in 5 of 9 comparable tenders
IS 6005,IS 808,9,10,5,0.556,8.944,Cited alongside IS 6005 in 5 of 9 comparable tenders
IS 6005,IS 875,9,19,5,0.556,4.708,Cited alongside IS 6005 in 5 of 9 comparable tenders
IS 6005,IS 9537,9,13,5,0.556,6.88,Cited alongside IS 6005 in 5 of 9 comparable tenders
IS 778,IS 10221,9,8,5,0.556,11.181,Cited alongside IS 778 in 5 of 9 comparable tenders
IS 778,IS 13947,9,17,5,0.556,5.261,Cited alongside IS 778 in 5 of 9 comparable tenders
IS 778,IS 1538,9,9,5,0.556,9.938,Cited alongside IS 778 in 5 of 9 comparable tenders
IS 778,IS 1554,9,31,5,0.556,2.885,Cited alongside IS 778 in 5 of 9 comparable tenders
IS 778,IS 1703,9,5,5,0.556,17.889,Cited alongside IS 778 in 5 of 9 comparable tenders
IS 778,IS 2026,9,14,5,0.556,6.389,Cited alongside IS 778 in 5 of 9 comparable tenders
IS 778,IS 2099,9,12,5,0.556,7.454,Cited alongside IS 778 in 5 of 9 comparable tenders
IS 778,IS 2379,9,5,5,0.556,17.889,Cited alongside IS 778 in 5 of 9 comparable tenders
IS 778,IS 2556,9,8,5,0.556,11.181,Cited alongside IS 778 in 5 of 9 comparable tenders
IS 778,IS 2705,9,14,5,0.556,6.389,Cited alongside IS 778 in 5 of 9 comparable tenders
IS 778,IS 277,9,16,5,0.556,5.59,Cited alongside IS 778 in 5 of 9 comparable tenders
IS 778,IS 3025,9,5,5,0.556,17.889,Cited alongside IS 778 in 5 of 9 comparable tenders
IS 778,IS 4038,9,6,5,0.556,14.907,Cited alongside IS 778 in 5 of 9 comparable tenders
IS 778,IS 458,9,11,5,0.556,8.131,Cited alongside IS 778 in 5 of 9 comparable tenders
IS 778,IS 4985,9,20,5,0.556,4.472,Cited alongside IS 778 in 5 of 9 comparable tenders
IS 778,IS 516,9,12,5,0.556,7.454,Cited alongside IS 778 in 5 of 9 comparable tenders
IS 778,IS 5831,9,31,5,0.556,2.885,Cited alongside IS 778 in 5 of 9 comparable tenders
IS 778,IS 6392,9,7,5,0.556,12.778,Cited alongside IS 778 in 5 of 9 comparable tenders
IS 778,IS 7098,9,33,5,0.556,2.71,Cited alongside IS 778 in 5 of 9 comparable tenders
IS 778,IS 781,9,6,5,0.556,14.907,Cited alongside IS 778 in 5 of 9 comparable tenders
IS 778,IS 783,9,8,5,0.556,11.181,Cited alongside IS 778 in 5 of 9 comparable tenders
IS 778,IS 800,9,12,5,0.556,7.454,Cited alongside IS 778 in 5 of 9 comparable tenders
IS 778,IS 8112,9,12,5,0.556,7.454,Cited alongside IS 778 in 5 of 9 comparable tenders
IS 778,IS 8130,9,35,5,0.556,2.556,Cited alongside IS 778 in 5 of 9 comparable tenders
IS 778,IS 814,9,6,5,0.556,14.907,Cited alongside IS 778 in 5 of 9 comparable tenders
IS 778,IS 875,9,19,5,0.556,4.708,Cited alongside IS 778 in 5 of 9 comparable tenders
IS 778,IS 9595,9,8,5,0.556,11.181,Cited alongside IS 778 in 5 of 9 comparable tenders
IS 816,IS 10322,9,32,5,0.556,2.795,Cited alongside IS 816 in 5 of 9 comparable tenders
IS 816,IS 11149,9,6,5,0.556,14.907,Cited alongside IS 816 in 5 of 9 comparable tenders
IS 816,IS 1182,9,5,5,0.556,17.889,Cited alongside IS 816 in 5 of 9 comparable tenders
IS 816,IS 1239,9,21,5,0.556,4.259,Cited alongside IS 816 in 5 of 9 comparable tenders
IS 816,IS 1248,9,12,5,0.556,7.454,Cited alongside IS 816 in 5 of 9 comparable tenders
IS 816,IS 1255,9,14,5,0.556,6.389,Cited alongside IS 816 in 5 of 9 comparable tenders
IS 816,IS 1293,9,12,5,0.556,7.454,Cited alongside IS 816 in 5 of 9 comparable tenders
IS 816,IS 1363,9,8,5,0.556,11.181,Cited alongside IS 816 in 5 of 9 comparable tenders
IS 816,IS 210,9,10,5,0.556,8.944,Cited alongside IS 816 in 5 of 9 comparable tenders
IS 816,IS 2595,9,5,5,0.556,17.889,Cited alongside IS 816 in 5 of 9 comparable tenders
IS 816,IS 2667,9,7,5,0.556,12.778,Cited alongside IS 816 in 5 of 9 comparable tenders
IS 816,IS 3156,9,12,5,0.556,7.454,Cited alongside IS 816 in 5 of 9 comparable tenders
IS 816,IS 3231,9,11,5,0.556,8.131,Cited alongside IS 816 in 5 of 9 comparable tenders
IS 816,IS 383,9,16,5,0.556,5.59,Cited alongside IS 816 in 5 of 9 comparable tenders
IS 816,IS 516,9,12,5,0.556,7.454,Cited alongside IS 816 in 5 of 9 comparable tenders
IS 816,IS 5312,9,7,5,0.556,12.778,Cited alongside IS 816 in 5 of 9 comparable tenders
IS 816,IS 5578,9,10,5,0.556,8.944,Cited alongside IS 816 in 5 of 9 comparable tenders
IS 816,IS 5831,9,31,5,0.556,2.885,Cited alongside IS 816 in 5 of 9 comparable tenders
IS 816,IS 6392,9,7,5,0.556,12.778,Cited alongside IS 816 in 5 of 9 comparable tenders
IS 816,IS 780,9,10,5,0.556,8.944,Cited alongside IS 816 in 5 of 9 comparable tenders
IS 816,IS 808,9,10,5,0.556,8.944,Cited alongside IS 816 in 5 of 9 comparable tenders
IS 816,IS 814,9,6,5,0.556,14.907,Cited alongside IS 816 in 5 of 9 comparable tenders
IS 816,IS 8183,9,5,5,0.556,17.889,Cited alongside IS 816 in 5 of 9 comparable tenders
IS 100,IS 2062,9,28,5,0.556,3.194,Cited alongside IS 100 in 5 of 9 comparable tenders
IS 100,IS 458,9,11,5,0.556,8.131,Cited alongside IS 100 in 5 of 9 comparable tenders
IS 100,IS 554,9,9,5,0.556,9.938,Cited alongside IS 100 in 5 of 9 comparable tenders
IS 554,IS 100,9,9,5,0.556,9.938,Cited alongside IS 554 in 5 of 9 comparable tenders
IS 16102 (Part 2),IS 694,9,72,5,0.556,1.242,Cited alongside IS 16102 (Part 2) in 5 of 9 comparable tenders
IS 733,IS 694,9,72,5,0.556,1.242,Cited alongside IS 733 in 5 of 9 comparable tenders
IS 2309,IS 13947,9,17,5,0.556,5.261,Cited alongside IS 2309 in 5 of 9 comparable tenders
IS 2309,IS 2099,9,12,5,0.556,7.454,Cited alongside IS 2309 in 5 of 9 comparable tenders
IS 2309,IS 5082,9,18,5,0.556,4.969,Cited alongside IS 2309 in 5 of 9 comparable tenders
IS 2309,IS 875,9,19,5,0.556,4.708,Cited alongside IS 2309 in 5 of 9 comparable tenders
IS 2713,IS 10322,9,32,5,0.556,2.795,Cited alongside IS 2713 in 5 of 9 comparable tenders
IS 2713,IS 1255,9,14,5,0.556,6.389,Cited alongside IS 2713 in 5 of 9 comparable tenders
IS 2713,IS 13118,9,8,5,0.556,11.181,Cited alongside IS 2713 in 5 of 9 comparable tenders
IS 2713,IS 60947,9,10,5,0.556,8.944,Cited alongside IS 2713 in 5 of 9 comparable tenders
IS 2713,IS 617,9,9,5,0.556,9.938,Cited alongside IS 2713 in 5 of 9 comparable tenders
IS 2713,IS 6792,9,6,5,0.556,14.907,Cited alongside IS 2713 in 5 of 9 comparable tenders
IS 2713,IS 732,9,15,5,0.556,5.963,Cited alongside IS 2713 in 5 of 9 comparable tenders
IS 2713,IS 808,9,10,5,0.556,8.944,Cited alongside IS 2713 in 5 of 9 comparable tenders
IS 3427,IS 10028,9,6,5,0.556,14.907,Cited alongside IS 3427 in 5 of 9 comparable tenders
IS 398,IS 13118,9,8,5,0.556,11.181,Cited alongside IS 398 in 5 of 9 comparable tenders
IS 398,IS 383,9,16,5,0.556,5.59,Cited alongside IS 398 in 5 of 9 comparable tenders
IS 398,IS 456,9,22,5,0.556,4.066,Cited alongside IS 398 in 5 of 9 comparable tenders
IS 398,IS 4759,9,14,5,0.556,6.389,Cited alongside IS 398 in 5 of 9 comparable tenders
IS 398,IS 800,9,12,5,0.556,7.454,Cited alongside IS 398 in 5 of 9 comparable tenders
IS 398,IS 808,9,10,5,0.556,8.944,Cited alongside IS 398 in 5 of 9 comparable tenders
IS 617,IS 1255,9,14,5,0.556,6.389,Cited alongside IS 617 in 5 of 9 comparable tenders
IS 617,IS 2026,9,14,5,0.556,6.389,Cited alongside IS 617 in 5 of 9 comparable tenders
IS 617,IS 2099,9,12,5,0.556,7.454,Cited alongside IS 617 in 5 of 9 comparable tenders
IS 617,IS 2705,9,14,5,0.556,6.389,Cited alongside IS 617 in 5 of 9 comparable tenders
IS 617,IS 2713,9,9,5,0.556,9.938,Cited alongside IS 617 in 5 of 9 comparable tenders
IS 617,IS 3156,9,12,5,0.556,7.454,Cited alongside IS 617 in 5 of 9 comparable tenders
IS 617,IS 3231,9,11,5,0.556,8.131,Cited alongside IS 617 in 5 of 9 comparable tenders
IS 617,IS 383,9,16,5,0.556,5.59,Cited alongside IS 617 in 5 of 9 comparable tenders
IS 617,IS 456,9,22,5,0.556,4.066,Cited alongside IS 617 in 5 of 9 comparable tenders
IS 617,IS 800,9,12,5,0.556,7.454,Cited alongside IS 617 in 5 of 9 comparable tenders
IS 617,IS 808,9,10,5,0.556,8.944,Cited alongside IS 617 in 5 of 9 comparable tenders
IS 617,IS 875,9,19,5,0.556,4.708,Cited alongside IS 617 in 5 of 9 comparable tenders
IS 816,IS 335,9,13,5,0.556,6.88,Cited alongside IS 816 in 5 of 9 comparable tenders
IS 209,IS 10322,9,32,5,0.556,2.795,Cited alongside IS 209 in 5 of 9 comparable tenders
IS 209,IS 1363,9,8,5,0.556,11.181,Cited alongside IS 209 in 5 of 9 comparable tenders
IS 209,IS 1521,9,5,5,0.556,17.889,Cited alongside IS 209 in 5 of 9 comparable tenders
IS 209,IS 2121,9,6,5,0.556,14.907,Cited alongside IS 209 in 5 of 9 comparable tenders
IS 209,IS 398,9,9,5,0.556,9.938,Cited alongside IS 209 in 5 of 9 comparable tenders
IS 209,IS 4826,9,6,5,0.556,14.907,Cited alongside IS 209 in 5 of 9 comparable tenders
IS 209,IS 5561,9,7,5,0.556,12.778,Cited alongside IS 209 in 5 of 9 comparable tenders
IS 209,IS 617,9,9,5,0.556,9.938,Cited alongside IS 209 in 5 of 9 comparable tenders
IS 209,IS 6792,9,6,5,0.556,14.907,Cited alongside IS 209 in 5 of 9 comparable tenders
IS 398,IS 1363,9,8,5,0.556,11.181,Cited alongside IS 398 in 5 of 9 comparable tenders
IS 398,IS 1521,9,5,5,0.556,17.889,Cited alongside IS 398 in 5 of 9 comparable tenders
IS 398,IS 209,9,9,5,0.556,9.938,Cited alongside IS 398 in 5 of 9 comparable tenders
IS 398,IS 2486,9,5,5,0.556,17.889,Cited alongside IS 398 in 5 of 9 comparable tenders
IS 398,IS 2544,9,6,5,0.556,14.907,Cited alongside IS 398 in 5 of 9 comparable tenders
IS 398,IS 280,9,8,5,0.556,11.181,Cited alongside IS 398 in 5 of 9 comparable tenders
IS 398,IS 6745,9,8,5,0.556,11.181,Cited alongside IS 398 in 5 of 9 comparable tenders
IS 617,IS 1363,9,8,5,0.556,11.181,Cited alongside IS 617 in 5 of 9 comparable tenders
IS 617,IS 1521,9,5,5,0.556,17.889,Cited alongside IS 617 in 5 of 9 comparable tenders
IS 617,IS 209,9,9,5,0.556,9.938,Cited alongside IS 617 in 5 of 9 comparable tenders
IS 617,IS 2121,9,6,5,0.556,14.907,Cited alongside IS 617 in 5 of 9 comparable tenders
IS 617,IS 280,9,8,5,0.556,11.181,Cited alongside IS 617 in 5 of 9 comparable tenders
IS 617,IS 4826,9,6,5,0.556,14.907,Cited alongside IS 617 in 5 of 9 comparable tenders
IS 617,IS 5561,9,7,5,0.556,12.778,Cited alongside IS 617 in 5 of 9 comparable tenders
IS 617,IS 6745,9,8,5,0.556,11.181,Cited alongside IS 617 in 5 of 9 comparable tenders
IS 617,IS 731,9,6,5,0.556,14.907,Cited alongside IS 617 in 5 of 9 comparable tenders
IS 209,IS 2026,9,14,5,0.556,6.389,Cited alongside IS 209 in 5 of 9 comparable tenders
IS 209,IS 2071,9,6,5,0.556,14.907,Cited alongside IS 209 in 5 of 9 comparable tenders
IS 209,IS 5216,9,9,5,0.556,9.938,Cited alongside IS 209 in 5 of 9 comparable tenders
IS 209,IS 5578,9,10,5,0.556,8.944,Cited alongside IS 209 in 5 of 9 comparable tenders
IS 2309,IS 1293,9,12,5,0.556,7.454,Cited alongside IS 2309 in 5 of 9 comparable tenders
IS 2309,IS 1646,9,8,5,0.556,11.181,Cited alongside IS 2309 in 5 of 9 comparable tenders
IS 2309,IS 4146,9,5,5,0.556,17.889,Cited alongside IS 2309 in 5 of 9 comparable tenders
IS 2309,IS 5216,9,9,5,0.556,9.938,Cited alongside IS 2309 in 5 of 9 comparable tenders
IS 2309,IS 5578,9,10,5,0.556,8.944,Cited alongside IS 2309 in 5 of 9 comparable tenders
IS 2309,IS 5831,9,31,5,0.556,2.885,Cited alongside IS 2309 in 5 of 9 comparable tenders
IS 2309,IS 9537,9,13,5,0.556,6.88,Cited alongside IS 2309 in 5 of 9 comparable tenders
IS 3427,IS 10418,9,17,5,0.556,5.261,Cited alongside IS 3427 in 5 of 9 comparable tenders
IS 5216,IS 10418,9,17,5,0.556,5.261,Cited alongside IS 5216 in 5 of 9 comparable tenders
IS 5216,IS 1258,9,5,5,0.556,17.889,Cited alongside IS 5216 in 5 of 9 comparable tenders
IS 5216,IS 12640,9,8,5,0.556,11.181,Cited alongside IS 5216 in 5 of 9 comparable tenders
IS 5216,IS 1913,9,7,5,0.556,12.778,Cited alongside IS 5216 in 5 of 9 comparable tenders
IS 5216,IS 2026,9,14,5,0.556,6.389,Cited alongside IS 5216 in 5 of 9 comparable tenders
IS 5216,IS 209,9,9,5,0.556,9.938,Cited alongside IS 5216 in 5 of 9 comparable tenders
IS 5216,IS 2309,9,9,5,0.556,9.938,Cited alongside IS 5216 in 5 of 9 comparable tenders
IS 5216,IS 2633,9,13,5,0.556,6.88,Cited alongside IS 5216 in 5 of 9 comparable tenders
IS 5216,IS 4615,9,5,5,0.556,17.889,Cited alongside IS 5216 in 5 of 9 comparable tenders
IS 5216,IS 875,9,19,5,0.556,4.708,Cited alongside IS 5216 in 5 of 9 comparable tenders
IS 617,IS 8130,9,35,5,0.556,2.556,Cited alongside IS 617 in 5 of 9 comparable tenders
IS 554,IS 10418,9,17,5,0.556,5.261,Cited alongside IS 554 in 5 of 9 comparable tenders
IS 554,IS 3961,9,15,5,0.556,5.963,Cited alongside IS 554 in 5 of 9 comparable tenders
IS 554,IS 4736,9,11,5,0.556,8.131,Cited alongside IS 554 in 5 of 9 comparable tenders
IS 778,IS 8623,9,20,5,0.556,4.472,Cited alongside IS 778 in 5 of 9 comparable tenders
IS 3427,IS 375,9,8,5,0.556,11.181,Cited alongside IS 3427 in 5 of 9 comparable tenders
IS 1285,IS 456,9,22,5,0.556,4.066,Cited alongside IS 1285 in 5 of 9 comparable tenders
IS 1538,IS 1893,9,11,5,0.556,8.131,Cited alongside IS 1538 in 5 of 9 comparable tenders
IS 1538,IS 8623,9,20,5,0.556,4.472,Cited alongside IS 1538 in 5 of 9 comparable tenders
IS 2309,IS 1239,9,21,5,0.556,4.259,Cited alongside IS 2309 in 5 of 9 comparable tenders
IS 5216,IS 2705,9,14,5,0.556,6.389,Cited alongside IS 5216 in 5 of 9 comparable tenders
IS 5216,IS 277,9,16,5,0.556,5.59,Cited alongside IS 5216 in 5 of 9 comparable tenders
IS 733,IS 456,9,22,5,0.556,4.066,Cited alongside IS 733 in 5 of 9 comparable tenders
IS 816,IS 1893,9,11,5,0.556,8.131,Cited alongside IS 816 in 5 of 9 comparable tenders
IS 398,IS 1778,9,5,5,0.556,17.889,Cited alongside IS 398 in 5 of 9 comparable tenders
IS 398,IS 1893,9,11,5,0.556,8.131,Cited alongside IS 398 in 5 of 9 comparable tenders
IS 398,IS 3639,9,6,5,0.556,14.907,Cited alongside IS 398 in 5 of 9 comparable tenders
IS 398,IS 3961,9,15,5,0.556,5.963,Cited alongside IS 398 in 5 of 9 comparable tenders
IS 398,IS 3975,9,16,5,0.556,5.59,Cited alongside IS 398 in 5 of 9 comparable tenders
IS 398,IS 5831,9,31,5,0.556,2.885,Cited alongside IS 398 in 5 of 9 comparable tenders
IS 398,IS 6005,9,9,5,0.556,9.938,Cited alongside IS 398 in 5 of 9 comparable tenders
IS 398,IS 6600,9,7,5,0.556,12.778,Cited alongside IS 398 in 5 of 9 comparable tenders
IS 4237,IS 13118,9,8,5,0.556,11.181,Cited alongside IS 4237 in 5 of 9 comparable tenders
IS 4237,IS 3202,9,7,5,0.556,12.778,Cited alongside IS 4237 in 5 of 9 comparable tenders
IS 4237,IS 5082,9,18,5,0.556,4.969,Cited alongside IS 4237 in 5 of 9 comparable tenders
IS 4237,IS 5578,9,10,5,0.556,8.944,Cited alongside IS 4237 in 5 of 9 comparable tenders
IS 4237,IS 7098,9,33,5,0.556,2.71,Cited alongside IS 4237 in 5 of 9 comparable tenders
IS 4237,IS 732,9,15,5,0.556,5.963,Cited alongside IS 4237 in 5 of 9 comparable tenders
IS 5216,IS 3231,9,11,5,0.556,8.131,Cited alongside IS 5216 in 5 of 9 comparable tenders
IS 5216,IS 3975,9,16,5,0.556,5.59,Cited alongside IS 5216 in 5 of 9 comparable tenders
IS 6005,IS 1778,9,5,5,0.556,17.889,Cited alongside IS 6005 in 5 of 9 comparable tenders
IS 6005,IS 2121,9,6,5,0.556,14.907,Cited alongside IS 6005 in 5 of 9 comparable tenders
IS 6005,IS 3639,9,6,5,0.556,14.907,Cited alongside IS 6005 in 5 of 9 comparable tenders
IS 6005,IS 398,9,9,5,0.556,9.938,Cited alongside IS 6005 in 5 of 9 comparable tenders
IS 6005,IS 4826,9,6,5,0.556,14.907,Cited alongside IS 6005 in 5 of 9 comparable tenders
IS 6005,IS 6600,9,7,5,0.556,12.778,Cited alongside IS 6005 in 5 of 9 comparable tenders
IS 209,IS 2147,9,11,5,0.556,8.131,Cited alongside IS 209 in 5 of 9 comparable tenders
IS 209,IS 3231,9,11,5,0.556,8.131,Cited alongside IS 209 in 5 of 9 comparable tenders
IS 209,IS 3975,9,16,5,0.556,5.59,Cited alongside IS 209 in 5 of 9 comparable tenders
IS 2713,IS 1893,9,11,5,0.556,8.131,Cited alongside IS 2713 in 5 of 9 comparable tenders
IS 2713,IS 2551,9,11,5,0.556,8.131,Cited alongside IS 2713 in 5 of 9 comparable tenders
IS 2713,IS 277,9,16,5,0.556,5.59,Cited alongside IS 2713 in 5 of 9 comparable tenders
IS 2713,IS 280,9,8,5,0.556,11.181,Cited alongside IS 2713 in 5 of 9 comparable tenders
IS 2713,IS 325,9,11,5,0.556,8.131,Cited alongside IS 2713 in 5 of 9 comparable tenders
IS 2713,IS 3961,9,15,5,0.556,5.963,Cited alongside IS 2713 in 5 of 9 comparable tenders
IS 2713,IS 3975,9,16,5,0.556,5.59,Cited alongside IS 2713 in 5 of 9 comparable tenders
IS 2713,IS 5039,9,5,5,0.556,17.889,Cited alongside IS 2713 in 5 of 9 comparable tenders
IS 2713,IS 5578,9,10,5,0.556,8.944,Cited alongside IS 2713 in 5 of 9 comparable tenders
IS 2713,IS 5831,9,31,5,0.556,2.885,Cited alongside IS 2713 in 5 of 9 comparable tenders
IS 2713,IS 6600,9,7,5,0.556,12.778,Cited alongside IS 2713 in 5 of 9 comparable tenders
IS 3854,IS 2147,9,11,5,0.556,8.131,Cited alongside IS 3854 in 5 of 9 comparable tenders
IS 3854,IS 2148,9,5,5,0.556,17.889,Cited alongside IS 3854 in 5 of 9 comparable tenders
IS 3854,IS 3837,9,10,5,0.556,8.944,Cited alongside IS 3854 in 5 of 9 comparable tenders
IS 3854,IS 5216,9,9,5,0.556,9.938,Cited alongside IS 3854 in 5 of 9 comparable tenders
IS 3854,IS 8828,9,10,5,0.556,8.944,Cited alongside IS 3854 in 5 of 9 comparable tenders
IS 398,IS 5039,9,5,5,0.556,17.889,Cited alongside IS 398 in 5 of 9 comparable tenders
IS 5216,IS 3854,9,9,5,0.556,9.938,Cited alongside IS 5216 in 5 of 9 comparable tenders
IS 554,IS 1893,9,11,5,0.556,8.131,Cited alongside IS 554 in 5 of 9 comparable tenders
IS 554,IS 335,9,13,5,0.556,6.88,Cited alongside IS 554 in 5 of 9 comparable tenders
IS 554,IS 3975,9,16,5,0.556,5.59,Cited alongside IS 554 in 5 of 9 comparable tenders
IS 6005,IS 375,9,8,5,0.556,11.181,Cited alongside IS 6005 in 5 of 9 comparable tenders
IS 6005,IS 617,9,9,5,0.556,9.938,Cited alongside IS 6005 in 5 of 9 comparable tenders
IS 617,IS 6005,9,9,5,0.556,9.938,Cited alongside IS 617 in 5 of 9 comparable tenders
IS 1285,IS 15622,9,11,5,0.556,8.131,Cited alongside IS 1285 in 5 of 9 comparable tenders
IS 100,IS 8130,9,35,5,0.556,2.556,Cited alongside IS 100 in 5 of 9 comparable tenders
IS 3427,IS 2147,9,11,5,0.556,8.131,Cited alongside IS 3427 in 5 of 9 comparable tenders
IS 4237,IS 1248,9,12,5,0.556,7.454,Cited alongside IS 4237 in 5 of 9 comparable tenders
IS 4237,IS 4736,9,11,5,0.556,8.131,Cited alongside IS 4237 in 5 of 9 comparable tenders
IS 3854,IS 12640,9,8,5,0.556,11.181,Cited alongside IS 3854 in 5 of 9 comparable tenders
IS 8623,IS 2629,20,17,11,0.55,5.209,Cited alongside IS 8623 in 11 of 20 comparable tenders
IS 8623,IS 732,20,15,11,0.55,5.903,Cited alongside IS 8623 in 11 of 20 comparable tenders
IS 8623,IS 875,20,19,11,0.55,4.661,Cited alongside IS 8623 in 11 of 20 comparable tenders
IS 8623,IS 3961,20,15,11,0.55,5.903,Cited alongside IS 8623 in 11 of 20 comparable tenders
IS 8623,IS 5831,20,31,11,0.55,2.856,Cited alongside IS 8623 in 11 of 20 comparable tenders
IS 8623,IS 2147,20,11,11,0.55,8.05,Cited alongside IS 8623 in 11 of 20 comparable tenders
IS 1554,IS 5831,31,31,17,0.548,2.848,Cited alongside IS 1554 in 17 of 31 comparable tenders
IS 5831,IS 1554,31,31,17,0.548,2.848,Cited alongside IS 5831 in 17 of 31 comparable tenders
IS 16106,IS 16105,22,12,12,0.545,7.318,Cited alongside IS 16106 in 12 of 22 comparable tenders
IS 16106,IS 16108,22,13,12,0.545,6.755,Cited alongside IS 16106 in 12 of 22 comparable tenders
IS 456,IS 1489,22,13,12,0.545,6.755,Cited alongside IS 456 in 12 of 22 comparable tenders
IS 456,IS 2062,22,28,12,0.545,3.136,Cited alongside IS 456 in 12 of 22 comparable tenders
IS 456,IS 3043,22,31,12,0.545,2.833,Cited alongside IS 456 in 12 of 22 comparable tenders
IS 456,IS 8112,22,12,12,0.545,7.318,Cited alongside IS 456 in 12 of 22 comparable tenders
IS 456,IS 9103,22,15,12,0.545,5.855,Cited alongside IS 456 in 12 of 22 comparable tenders
IS 13095,IS 10221,11,8,6,0.545,10.977,Cited alongside IS 13095 in 6 of 11 comparable tenders
IS 13095,IS 13592,11,15,6,0.545,5.855,Cited alongside IS 13095 in 6 of 11 comparable tenders
IS 13095,IS 1538,11,9,6,0.545,9.758,Cited alongside IS 13095 in 6 of 11 comparable tenders
IS 13095,IS 1554,11,31,6,0.545,2.833,Cited alongside IS 13095 in 6 of 11 comparable tenders
IS 13095,IS 1786,11,16,6,0.545,5.489,Cited alongside IS 13095 in 6 of 11 comparable tenders
IS 13095,IS 210,11,10,6,0.545,8.782,Cited alongside IS 13095 in 6 of 11 comparable tenders
IS 13095,IS 2556,11,8,6,0.545,10.977,Cited alongside IS 13095 in 6 of 11 comparable tenders
IS 13095,IS 277,11,16,6,0.545,5.489,Cited alongside IS 13095 in 6 of 11 comparable tenders
IS 13095,IS 325,11,11,6,0.545,7.983,Cited alongside IS 13095 in 6 of 11 comparable tenders
IS 13095,IS 456,11,22,6,0.545,3.992,Cited alongside IS 13095 in 6 of 11 comparable tenders
IS 13095,IS 4985,11,20,6,0.545,4.391,Cited alongside IS 13095 in 6 of 11 comparable tenders
IS 13095,IS 554,11,9,6,0.545,9.758,Cited alongside IS 13095 in 6 of 11 comparable tenders
IS 13095,IS 7098,11,33,6,0.545,2.661,Cited alongside IS 13095 in 6 of 11 comparable tenders
IS 13095,IS 780,11,10,6,0.545,8.782,Cited alongside IS 13095 in 6 of 11 comparable tenders
IS 2551,IS 10322,11,32,6,0.545,2.744,Cited alongside IS 2551 in 6 of 11 comparable tenders
IS 2551,IS 10810,11,15,6,0.545,5.855,Cited alongside IS 2551 in 6 of 11 comparable tenders
IS 2551,IS 1239,11,21,6,0.545,4.182,Cited alongside IS 2551 in 6 of 11 comparable tenders
IS 2551,IS 1248,11,12,6,0.545,7.318,Cited alongside IS 2551 in 6 of 11 comparable tenders
IS 2551,IS 1913,11,7,6,0.545,12.545,Cited alongside IS 2551 in 6 of 11 comparable tenders
IS 2551,IS 6005,11,9,6,0.545,9.758,Cited alongside IS 2551 in 6 of 11 comparable tenders
IS 269,IS 1367,11,8,6,0.545,10.977,Cited alongside IS 269 in 6 of 11 comparable tenders
IS 269,IS 1489,11,13,6,0.545,6.755,Cited alongside IS 269 in 6 of 11 comparable tenders
IS 269,IS 2026,11,14,6,0.545,6.273,Cited alongside IS 269 in 6 of 11 comparable tenders
IS 269,IS 2099,11,12,6,0.545,7.318,Cited alongside IS 269 in 6 of 11 comparable tenders
IS 269,IS 2629,11,17,6,0.545,5.166,Cited alongside IS 269 in 6 of 11 comparable tenders
IS 269,IS 2705,11,14,6,0.545,6.273,Cited alongside IS 269 in 6 of 11 comparable tenders
IS 269,IS 325,11,11,6,0.545,7.983,Cited alongside IS 269 in 6 of 11 comparable tenders
IS 269,IS 5831,11,31,6,0.545,2.833,Cited alongside IS 269 in 6 of 11 comparable tenders
IS 269,IS 7098,11,33,6,0.545,2.661,Cited alongside IS 269 in 6 of 11 comparable tenders
IS 269,IS 778,11,9,6,0.545,9.758,Cited alongside IS 269 in 6 of 11 comparable tenders
IS 269,IS 783,11,8,6,0.545,10.977,Cited alongside IS 269 in 6 of 11 comparable tenders
IS 269,IS 8130,11,35,6,0.545,2.509,Cited alongside IS 269 in 6 of 11 comparable tenders
IS 269,IS 8329,11,13,6,0.545,6.755,Cited alongside IS 269 in 6 of 11 comparable tenders
IS 269,IS 9103,11,15,6,0.545,5.855,Cited alongside IS 269 in 6 of 11 comparable tenders
IS 3231,IS 1786,11,16,6,0.545,5.489,Cited alongside IS 3231 in 6 of 11 comparable tenders
IS 3231,IS 277,11,16,6,0.545,5.489,Cited alongside IS 3231 in 6 of 11 comparable tenders
IS 3231,IS 6005,11,9,6,0.545,9.758,Cited alongside IS 3231 in 6 of 11 comparable tenders
IS 3231,IS 6875,11,8,6,0.545,10.977,Cited alongside IS 3231 in 6 of 11 comparable tenders
IS 3231,IS 722,11,7,6,0.545,12.545,Cited alongside IS 3231 in 6 of 11 comparable tenders
IS 3231,IS 808,11,10,6,0.545,8.782,Cited alongside IS 3231 in 6 of 11 comparable tenders
IS 3231,IS 9537,11,13,6,0.545,6.755,Cited alongside IS 3231 in 6 of 11 comparable tenders
IS 325,IS 1161,11,12,6,0.545,7.318,Cited alongside IS 325 in 6 of 11 comparable tenders
IS 325,IS 1255,11,14,6,0.545,6.273,Cited alongside IS 325 in 6 of 11 comparable tenders
IS 325,IS 13095,11,11,6,0.545,7.983,Cited alongside IS 325 in 6 of 11 comparable tenders
IS 325,IS 1363,11,8,6,0.545,10.977,Cited alongside IS 325 in 6 of 11 comparable tenders
IS 325,IS 1367,11,8,6,0.545,10.977,Cited alongside IS 325 in 6 of 11 comparable tenders
IS 325,IS 1538,11,9,6,0.545,9.758,Cited alongside IS 325 in 6 of 11 comparable tenders
IS 325,IS 1852,11,8,6,0.545,10.977,Cited alongside IS 325 in 6 of 11 comparable tenders
IS 325,IS 269,11,11,6,0.545,7.983,Cited alongside IS 325 in 6 of 11 comparable tenders
IS 325,IS 5578,11,10,6,0.545,8.782,Cited alongside IS 325 in 6 of 11 comparable tenders
IS 325,IS 6005,11,9,6,0.545,9.758,Cited alongside IS 325 in 6 of 11 comparable tenders
IS 325,IS 6392,11,7,6,0.545,12.545,Cited alongside IS 325 in 6 of 11 comparable tenders
IS 325,IS 7205,11,6,6,0.545,14.636,Cited alongside IS 325 in 6 of 11 comparable tenders
IS 325,IS 778,11,9,6,0.545,9.758,Cited alongside IS 325 in 6 of 11 comparable tenders
IS 325,IS 780,11,10,6,0.545,8.782,Cited alongside IS 325 in 6 of 11 comparable tenders
IS 325,IS 808,11,10,6,0.545,8.782,Cited alongside IS 325 in 6 of 11 comparable tenders
IS 325,IS 814,11,6,6,0.545,14.636,Cited alongside IS 325 in 6 of 11 comparable tenders
IS 325,IS 816,11,9,6,0.545,9.758,Cited alongside IS 325 in 6 of 11 comparable tenders
IS 458,IS 456,11,22,6,0.545,3.992,Cited alongside IS 458 in 6 of 11 comparable tenders
IS 458,IS 4985,11,20,6,0.545,4.391,Cited alongside IS 458 in 6 of 11 comparable tenders
IS 458,IS 554,11,9,6,0.545,9.758,Cited alongside IS 458 in 6 of 11 comparable tenders
IS 458,IS 783,11,8,6,0.545,10.977,Cited alongside IS 458 in 6 of 11 comparable tenders
IS 15622,IS 13592,11,15,6,0.545,5.855,Cited alongside IS 15622 in 6 of 11 comparable tenders
IS 15622,IS 456,11,22,6,0.545,3.992,Cited alongside IS 15622 in 6 of 11 comparable tenders
IS 9968,IS 694,11,72,6,0.545,1.22,Cited alongside IS 9968 in 6 of 11 comparable tenders
IS 15622,IS 3043,11,31,6,0.545,2.833,Cited alongside IS 15622 in 6 of 11 comparable tenders
IS 3231,IS 13118,11,8,6,0.545,10.977,Cited alongside IS 3231 in 6 of 11 comparable tenders
IS 3231,IS 2713,11,9,6,0.545,9.758,Cited alongside IS 3231 in 6 of 11 comparable tenders
IS 3231,IS 398,11,9,6,0.545,9.758,Cited alongside IS 3231 in 6 of 11 comparable tenders
IS 269,IS 335,11,13,6,0.545,6.755,Cited alongside IS 269 in 6 of 11 comparable tenders
IS 269,IS 8623,11,20,6,0.545,4.391,Cited alongside IS 269 in 6 of 11 comparable tenders
IS 2551,IS 2071,11,6,6,0.545,14.636,Cited alongside IS 2551 in 6 of 11 comparable tenders
IS 2551,IS 209,11,9,6,0.545,9.758,Cited alongside IS 2551 in 6 of 11 comparable tenders
IS 2551,IS 3480,11,6,6,0.545,14.636,Cited alongside IS 2551 in 6 of 11 comparable tenders
IS 2551,IS 3837,11,10,6,0.545,8.782,Cited alongside IS 2551 in 6 of 11 comparable tenders
IS 2551,IS 3961,11,15,6,0.545,5.855,Cited alongside IS 2551 in 6 of 11 comparable tenders
IS 2551,IS 6745,11,8,6,0.545,10.977,Cited alongside IS 2551 in 6 of 11 comparable tenders
IS 13095,IS 8623,11,20,6,0.545,4.391,Cited alongside IS 13095 in 6 of 11 comparable tenders
IS 4736,IS 1239,11,21,6,0.545,4.182,Cited alongside IS 4736 in 6 of 11 comparable tenders
IS 4736,IS 7098,11,33,6,0.545,2.661,Cited alongside IS 4736 in 6 of 11 comparable tenders
IS 1893,IS 1255,11,14,6,0.545,6.273,Cited alongside IS 1893 in 6 of 11 comparable tenders
IS 1893,IS 1786,11,16,6,0.545,5.489,Cited alongside IS 1893 in 6 of 11 comparable tenders
IS 1893,IS 2551,11,11,6,0.545,7.983,Cited alongside IS 1893 in 6 of 11 comparable tenders
IS 1893,IS 2629,11,17,6,0.545,5.166,Cited alongside IS 1893 in 6 of 11 comparable tenders
IS 1893,IS 277,11,16,6,0.545,5.489,Cited alongside IS 1893 in 6 of 11 comparable tenders
IS 1893,IS 3589,11,15,6,0.545,5.855,Cited alongside IS 1893 in 6 of 11 comparable tenders
IS 1893,IS 5578,11,10,6,0.545,8.782,Cited alongside IS 1893 in 6 of 11 comparable tenders
IS 1893,IS 732,11,15,6,0.545,5.855,Cited alongside IS 1893 in 6 of 11 comparable tenders
IS 2551,IS 1893,11,11,6,0.545,7.983,Cited alongside IS 2551 in 6 of 11 comparable tenders
IS 1893,IS 2147,11,11,6,0.545,7.983,Cited alongside IS 1893 in 6 of 11 comparable tenders
IS 1893,IS 3156,11,12,6,0.545,7.318,Cited alongside IS 1893 in 6 of 11 comparable tenders
IS 1893,IS 3231,11,11,6,0.545,7.983,Cited alongside IS 1893 in 6 of 11 comparable tenders
IS 1893,IS 3961,11,15,6,0.545,5.855,Cited alongside IS 1893 in 6 of 11 comparable tenders
IS 1893,IS 5561,11,7,6,0.545,12.545,Cited alongside IS 1893 in 6 of 11 comparable tenders
IS 1893,IS 6005,11,9,6,0.545,9.758,Cited alongside IS 1893 in 6 of 11 comparable tenders
IS 1893,IS 6600,11,7,6,0.545,12.545,Cited alongside IS 1893 in 6 of 11 comparable tenders
IS 2147,IS 1255,11,14,6,0.545,6.273,Cited alongside IS 2147 in 6 of 11 comparable tenders
IS 2147,IS 13118,11,8,6,0.545,10.977,Cited alongside IS 2147 in 6 of 11 comparable tenders
IS 2147,IS 1893,11,11,6,0.545,7.983,Cited alongside IS 2147 in 6 of 11 comparable tenders
IS 2147,IS 3202,11,7,6,0.545,12.545,Cited alongside IS 2147 in 6 of 11 comparable tenders
IS 2147,IS 3639,11,6,6,0.545,14.636,Cited alongside IS 2147 in 6 of 11 comparable tenders
IS 2147,IS 398,11,9,6,0.545,9.758,Cited alongside IS 2147 in 6 of 11 comparable tenders
IS 2147,IS 5216,11,9,6,0.545,9.758,Cited alongside IS 2147 in 6 of 11 comparable tenders
IS 2147,IS 6005,11,9,6,0.545,9.758,Cited alongside IS 2147 in 6 of 11 comparable tenders
IS 2147,IS 6600,11,7,6,0.545,12.545,Cited alongside IS 2147 in 6 of 11 comparable tenders
IS 2147,IS 6875,11,8,6,0.545,10.977,Cited alongside IS 2147 in 6 of 11 comparable tenders
IS 2147,IS 722,11,7,6,0.545,12.545,Cited alongside IS 2147 in 6 of 11 comparable tenders
IS 2147,IS 8828,11,10,6,0.545,8.782,Cited alongside IS 2147 in 6 of 11 comparable tenders
IS 2551,IS 335,11,13,6,0.545,6.755,Cited alongside IS 2551 in 6 of 11 comparable tenders
IS 2551,IS 3639,11,6,6,0.545,14.636,Cited alongside IS 2551 in 6 of 11 comparable tenders
IS 2551,IS 398,11,9,6,0.545,9.758,Cited alongside IS 2551 in 6 of 11 comparable tenders
IS 2551,IS 4237,11,9,6,0.545,9.758,Cited alongside IS 2551 in 6 of 11 comparable tenders
IS 3231,IS 1893,11,11,6,0.545,7.983,Cited alongside IS 3231 in 6 of 11 comparable tenders
IS 3231,IS 3202,11,7,6,0.545,12.545,Cited alongside IS 3231 in 6 of 11 comparable tenders
IS 3231,IS 3639,11,6,6,0.545,14.636,Cited alongside IS 3231 in 6 of 11 comparable tenders
IS 3231,IS 4237,11,9,6,0.545,9.758,Cited alongside IS 3231 in 6 of 11 comparable tenders
IS 3231,IS 6600,11,7,6,0.545,12.545,Cited alongside IS 3231 in 6 of 11 comparable tenders
IS 1893,IS 1248,11,12,6,0.545,7.318,Cited alongside IS 1893 in 6 of 11 comparable tenders
IS 1893,IS 875,11,19,6,0.545,4.622,Cited alongside IS 1893 in 6 of 11 comparable tenders
IS 2147,IS 10418,11,17,6,0.545,5.166,Cited alongside IS 2147 in 6 of 11 comparable tenders
IS 2147,IS 1293,11,12,6,0.545,7.318,Cited alongside IS 2147 in 6 of 11 comparable tenders
IS 2147,IS 2713,11,9,6,0.545,9.758,Cited alongside IS 2147 in 6 of 11 comparable tenders
IS 2147,IS 325,11,11,6,0.545,7.983,Cited alongside IS 2147 in 6 of 11 comparable tenders
IS 2147,IS 375,11,8,6,0.545,10.977,Cited alongside IS 2147 in 6 of 11 comparable tenders
IS 2147,IS 875,11,19,6,0.545,4.622,Cited alongside IS 2147 in 6 of 11 comparable tenders
IS 3231,IS 10418,11,17,6,0.545,5.166,Cited alongside IS 3231 in 6 of 11 comparable tenders
IS 325,IS 2147,11,11,6,0.545,7.983,Cited alongside IS 325 in 6 of 11 comparable tenders
IS 325,IS 3961,11,15,6,0.545,5.855,Cited alongside IS 325 in 6 of 11 comparable tenders
IS 325,IS 3975,11,16,6,0.545,5.489,Cited alongside IS 325 in 6 of 11 comparable tenders
IS 269,IS 3370,11,8,6,0.545,10.977,Cited alongside IS 269 in 6 of 11 comparable tenders
IS 10322 (Part 1),IS 16107,11,18,6,0.545,4.879,Cited alongside IS 10322 (Part 1) in 6 of 11 comparable tenders
IS 10322 (Part 1),IS 16107 (Part 2),11,8,6,0.545,10.977,Cited alongside IS 10322 (Part 1) in 6 of 11 comparable tenders
IS 15885 (Part 2),IS 10322 (Part 5),11,21,6,0.545,4.182,Cited alongside IS 15885 (Part 2) in 6 of 11 comparable tenders
IS 10322 (Part 1),IS 10322 (Part 5),11,21,6,0.545,4.182,Cited alongside IS 10322 (Part 1) in 6 of 11 comparable tenders
IS 8130,IS 1554,35,31,19,0.543,2.819,Cited alongside IS 8130 in 19 of 35 comparable tenders
IS 1489,IS 8112,13,12,7,0.538,7.224,Cited alongside IS 1489 in 7 of 13 comparable tenders
IS 16108,IS 15885 (Part 2),13,11,7,0.538,7.881,Cited alongside IS 16108 in 7 of 13 comparable tenders
IS 2633,IS 10322,13,32,7,0.538,2.709,Cited alongside IS 2633 in 7 of 13 comparable tenders
IS 2633,IS 1161,13,12,7,0.538,7.224,Cited alongside IS 2633 in 7 of 13 comparable tenders
IS 2633,IS 2099,13,12,7,0.538,7.224,Cited alongside IS 2633 in 7 of 13 comparable tenders
IS 2633,IS 2551,13,11,7,0.538,7.881,Cited alongside IS 2633 in 7 of 13 comparable tenders
IS 2633,IS 2705,13,14,7,0.538,6.192,Cited alongside IS 2633 in 7 of 13 comparable tenders
IS 2633,IS 3156,13,12,7,0.538,7.224,Cited alongside IS 2633 in 7 of 13 comparable tenders
IS 2633,IS 3231,13,11,7,0.538,7.881,Cited alongside IS 2633 in 7 of 13 comparable tenders
IS 2633,IS 5578,13,10,7,0.538,8.669,Cited alongside IS 2633 in 7 of 13 comparable tenders
IS 8329,IS 1239,13,21,7,0.538,4.128,Cited alongside IS 8329 in 7 of 13 comparable tenders
IS 8329,IS 1536,13,8,7,0.538,10.837,Cited alongside IS 8329 in 7 of 13 comparable tenders
IS 9537,IS 10322,13,32,7,0.538,2.709,Cited alongside IS 9537 in 7 of 13 comparable tenders
IS 9537,IS 1255,13,14,7,0.538,6.192,Cited alongside IS 9537 in 7 of 13 comparable tenders
IS 9537,IS 1913,13,7,7,0.538,12.385,Cited alongside IS 9537 in 7 of 13 comparable tenders
IS 9537,IS 2026,13,14,7,0.538,6.192,Cited alongside IS 9537 in 7 of 13 comparable tenders
IS 9537,IS 2705,13,14,7,0.538,6.192,Cited alongside IS 9537 in 7 of 13 comparable tenders
IS 9537,IS 5578,13,10,7,0.538,8.669,Cited alongside IS 9537 in 7 of 13 comparable tenders
IS 9537,IS 875,13,19,7,0.538,4.563,Cited alongside IS 9537 in 7 of 13 comparable tenders
IS 2633,IS 398,13,9,7,0.538,9.632,Cited alongside IS 2633 in 7 of 13 comparable tenders
IS 335,IS 13118,13,8,7,0.538,10.837,Cited alongside IS 335 in 7 of 13 comparable tenders
IS 335,IS 398,13,9,7,0.538,9.632,Cited alongside IS 335 in 7 of 13 comparable tenders
IS 2633,IS 209,13,9,7,0.538,9.632,Cited alongside IS 2633 in 7 of 13 comparable tenders
IS 2633,IS 6745,13,8,7,0.538,10.837,Cited alongside IS 2633 in 7 of 13 comparable tenders
IS 335,IS 1239,13,21,7,0.538,4.128,Cited alongside IS 335 in 7 of 13 comparable tenders
IS 335,IS 5561,13,7,7,0.538,12.385,Cited alongside IS 335 in 7 of 13 comparable tenders
IS 2633,IS 3961,13,15,7,0.538,5.779,Cited alongside IS 2633 in 7 of 13 comparable tenders
IS 9537,IS 5216,13,9,7,0.538,9.632,Cited alongside IS 9537 in 7 of 13 comparable tenders
IS 335,IS 6600,13,7,7,0.538,12.385,Cited alongside IS 335 in 7 of 13 comparable tenders
IS 335,IS 2147,13,11,7,0.538,7.881,Cited alongside IS 335 in 7 of 13 comparable tenders
IS 9537,IS 2147,13,11,7,0.538,7.881,Cited alongside IS 9537 in 7 of 13 comparable tenders
IS 335,IS 325,13,11,7,0.538,7.881,Cited alongside IS 335 in 7 of 13 comparable tenders
IS 2062,IS 2629,28,17,15,0.536,5.074,Cited alongside IS 2062 in 15 of 28 comparable tenders
IS 2062,IS 8623,28,20,15,0.536,4.312,Cited alongside IS 2062 in 15 of 28 comparable tenders
IS 13592,IS 694,15,72,8,0.533,1.193,Cited alongside IS 13592 in 8 of 15 comparable tenders
IS 3589,IS 10221,15,8,8,0.533,10.733,Cited alongside IS 3589 in 8 of 15 comparable tenders
IS 3589,IS 13095,15,11,8,0.533,7.806,Cited alongside IS 3589 in 8 of 15 comparable tenders
IS 3589,IS 13947,15,17,8,0.533,5.051,Cited alongside IS 3589 in 8 of 15 comparable tenders
IS 3589,IS 1538,15,9,8,0.533,9.541,Cited alongside IS 3589 in 8 of 15 comparable tenders
IS 3589,IS 1554,15,31,8,0.533,2.77,Cited alongside IS 3589 in 8 of 15 comparable tenders
IS 3589,IS 1786,15,16,8,0.533,5.367,Cited alongside IS 3589 in 8 of 15 comparable tenders
IS 3589,IS 269,15,11,8,0.533,7.806,Cited alongside IS 3589 in 8 of 15 comparable tenders
IS 3589,IS 5082,15,18,8,0.533,4.77,Cited alongside IS 3589 in 8 of 15 comparable tenders
IS 3589,IS 8130,15,35,8,0.533,2.453,Cited alongside IS 3589 in 8 of 15 comparable tenders
IS 3589,IS 8329,15,13,8,0.533,6.605,Cited alongside IS 3589 in 8 of 15 comparable tenders
IS 732,IS 1255,15,14,8,0.533,6.133,Cited alongside IS 732 in 8 of 15 comparable tenders
IS 732,IS 2026,15,14,8,0.533,6.133,Cited alongside IS 732 in 8 of 15 comparable tenders
IS 732,IS 2551,15,11,8,0.533,7.806,Cited alongside IS 732 in 8 of 15 comparable tenders
IS 732,IS 277,15,16,8,0.533,5.367,Cited alongside IS 732 in 8 of 15 comparable tenders
IS 732,IS 3156,15,12,8,0.533,7.156,Cited alongside IS 732 in 8 of 15 comparable tenders
IS 732,IS 3231,15,11,8,0.533,7.806,Cited alongside IS 732 in 8 of 15 comparable tenders
IS 732,IS 5578,15,10,8,0.533,8.587,Cited alongside IS 732 in 8 of 15 comparable tenders
IS 732,IS 875,15,19,8,0.533,4.519,Cited alongside IS 732 in 8 of 15 comparable tenders
IS 9103,IS 1489,15,13,8,0.533,6.605,Cited alongside IS 9103 in 8 of 15 comparable tenders
IS 9103,IS 1786,15,16,8,0.533,5.367,Cited alongside IS 9103 in 8 of 15 comparable tenders
IS 9103,IS 2062,15,28,8,0.533,3.067,Cited alongside IS 9103 in 8 of 15 comparable tenders
IS 9103,IS 3043,15,31,8,0.533,2.77,Cited alongside IS 9103 in 8 of 15 comparable tenders
IS 9103,IS 383,15,16,8,0.533,5.367,Cited alongside IS 9103 in 8 of 15 comparable tenders
IS 9103,IS 516,15,12,8,0.533,7.156,Cited alongside IS 9103 in 8 of 15 comparable tenders
IS 9103,IS 694,15,72,8,0.533,1.193,Cited alongside IS 9103 in 8 of 15 comparable tenders
IS 3961,IS 2026,15,14,8,0.533,6.133,Cited alongside IS 3961 in 8 of 15 comparable tenders
IS 732,IS 5216,15,9,8,0.533,9.541,Cited alongside IS 732 in 8 of 15 comparable tenders
IS 732,IS 8828,15,10,8,0.533,8.587,Cited alongside IS 732 in 8 of 15 comparable tenders
IS 3961,IS 1248,15,12,8,0.533,7.156,Cited alongside IS 3961 in 8 of 15 comparable tenders
IS 3961,IS 335,15,13,8,0.533,6.605,Cited alongside IS 3961 in 8 of 15 comparable tenders
IS 3961,IS 2147,15,11,8,0.533,7.806,Cited alongside IS 3961 in 8 of 15 comparable tenders
IS 732,IS 2147,15,11,8,0.533,7.806,Cited alongside IS 732 in 8 of 15 comparable tenders
IS 10418,IS 10810,17,15,9,0.529,5.682,Cited alongside IS 10418 in 9 of 17 comparable tenders
IS 13947,IS 1239,17,21,9,0.529,4.059,Cited alongside IS 13947 in 9 of 17 comparable tenders
IS 13947,IS 1255,17,14,9,0.529,6.088,Cited alongside IS 13947 in 9 of 17 comparable tenders
IS 13947,IS 2099,17,12,9,0.529,7.103,Cited alongside IS 13947 in 9 of 17 comparable tenders
IS 13947,IS 2551,17,11,9,0.529,7.749,Cited alongside IS 13947 in 9 of 17 comparable tenders
IS 13947,IS 2629,17,17,9,0.529,5.014,Cited alongside IS 13947 in 9 of 17 comparable tenders
IS 13947,IS 325,17,11,9,0.529,7.749,Cited alongside IS 13947 in 9 of 17 comparable tenders
IS 13947,IS 5831,17,31,9,0.529,2.75,Cited alongside IS 13947 in 9 of 17 comparable tenders
IS 13947,IS 875,17,19,9,0.529,4.486,Cited alongside IS 13947 in 9 of 17 comparable tenders
IS 2629,IS 1161,17,12,9,0.529,7.103,Cited alongside IS 2629 in 9 of 17 comparable tenders
IS 2629,IS 13947,17,17,9,0.529,5.014,Cited alongside IS 2629 in 9 of 17 comparable tenders
IS 2629,IS 2026,17,14,9,0.529,6.088,Cited alongside IS 2629 in 9 of 17 comparable tenders
IS 13947,IS 335,17,13,9,0.529,6.557,Cited alongside IS 13947 in 9 of 17 comparable tenders
IS 10418,IS 2062,17,28,9,0.529,3.044,Cited alongside IS 10418 in 9 of 17 comparable tenders
IS 10418,IS 3043,17,31,9,0.529,2.75,Cited alongside IS 10418 in 9 of 17 comparable tenders
IS 10418,IS 8623,17,20,9,0.529,4.262,Cited alongside IS 10418 in 9 of 17 comparable tenders
IS 13947,IS 2147,17,11,9,0.529,7.749,Cited alongside IS 13947 in 9 of 17 comparable tenders
IS 875,IS 1554,19,31,10,0.526,2.733,Cited alongside IS 875 in 10 of 19 comparable tenders
IS 875,IS 2026,19,14,10,0.526,6.053,Cited alongside IS 875 in 10 of 19 comparable tenders
IS 875,IS 2629,19,17,10,0.526,4.985,Cited alongside IS 875 in 10 of 19 comparable tenders
IS 875,IS 8130,19,35,10,0.526,2.421,Cited alongside IS 875 in 10 of 19 comparable tenders
IS 10322 (Part 5),IS 10322,21,32,11,0.524,2.635,Cited alongside IS 10322 (Part 5) in 11 of 21 comparable tenders
IS 5831,IS 10418,31,17,16,0.516,4.888,Cited alongside IS 5831 in 16 of 31 comparable tenders
IS 5831,IS 3975,31,16,16,0.516,5.194,Cited alongside IS 5831 in 16 of 31 comparable tenders
IS 1554,IS 2062,31,28,16,0.516,2.968,Cited alongside IS 1554 in 16 of 31 comparable tenders
IS 3043,IS 13947,31,17,16,0.516,4.888,Cited alongside IS 3043 in 16 of 31 comparable tenders
IS 3043,IS 5082,31,18,16,0.516,4.616,Cited alongside IS 3043 in 16 of 31 comparable tenders
IS 3043,IS 7098,31,33,16,0.516,2.518,Cited alongside IS 3043 in 16 of 31 comparable tenders
IS 7098,IS 2062,33,28,17,0.515,2.962,Cited alongside IS 7098 in 17 of 33 comparable tenders
IS 2062,IS 5082,28,18,14,0.5,4.472,Cited alongside IS 2062 in 14 of 28 comparable tenders
IS 16106,IS 15885 (Part 2),22,11,11,0.5,7.318,Cited alongside IS 16106 in 11 of 22 comparable tenders
IS 456,IS 694,22,72,11,0.5,1.118,Cited alongside IS 456 in 11 of 22 comparable tenders
IS 4985,IS 1239,20,21,10,0.5,3.833,Cited alongside IS 4985 in 10 of 20 comparable tenders
IS 8623,IS 1255,20,14,10,0.5,5.75,Cited alongside IS 8623 in 10 of 20 comparable tenders
IS 8623,IS 2099,20,12,10,0.5,6.708,Cited alongside IS 8623 in 10 of 20 comparable tenders
IS 8623,IS 2633,20,13,10,0.5,6.192,Cited alongside IS 8623 in 10 of 20 comparable tenders
IS 8623,IS 3156,20,12,10,0.5,6.708,Cited alongside IS 8623 in 10 of 20 comparable tenders
IS 8623,IS 3231,20,11,10,0.5,7.318,Cited alongside IS 8623 in 10 of 20 comparable tenders
IS 8623,IS 1239,20,21,10,0.5,3.833,Cited alongside IS 8623 in 10 of 20 comparable tenders
IS 8623,IS 2551,20,11,10,0.5,7.318,Cited alongside IS 8623 in 10 of 20 comparable tenders
IS 8623,IS 8828,20,10,10,0.5,8.05,Cited alongside IS 8623 in 10 of 20 comparable tenders
IS 8623,IS 9537,20,13,10,0.5,6.192,Cited alongside IS 8623 in 10 of 20 comparable tenders
IS 8623,IS 277,20,16,10,0.5,5.031,Cited alongside IS 8623 in 10 of 20 comparable tenders
IS 8623,IS 1248,20,12,10,0.5,6.708,Cited alongside IS 8623 in 10 of 20 comparable tenders
IS 5082,IS 1239,18,21,9,0.5,3.833,Cited alongside IS 5082 in 9 of 18 comparable tenders
IS 5082,IS 1255,18,14,9,0.5,5.75,Cited alongside IS 5082 in 9 of 18 comparable tenders
IS 5082,IS 3231,18,11,9,0.5,7.318,Cited alongside IS 5082 in 9 of 18 comparable tenders
IS 5082,IS 732,18,15,9,0.5,5.367,Cited alongside IS 5082 in 9 of 18 comparable tenders
IS 5082,IS 3961,18,15,9,0.5,5.367,Cited alongside IS 5082 in 9 of 18 comparable tenders
IS 3975,IS 5082,16,18,8,0.5,4.472,Cited alongside IS 3975 in 8 of 16 comparable tenders
IS 3975,IS 1255,16,14,8,0.5,5.75,Cited alongside IS 3975 in 8 of 16 comparable tenders
IS 1786,IS 13947,16,17,8,0.5,4.735,Cited alongside IS 1786 in 8 of 16 comparable tenders
IS 1786,IS 277,16,16,8,0.5,5.031,Cited alongside IS 1786 in 8 of 16 comparable tenders
IS 1786,IS 3589,16,15,8,0.5,5.367,Cited alongside IS 1786 in 8 of 16 comparable tenders
IS 1786,IS 432,16,8,8,0.5,10.063,Cited alongside IS 1786 in 8 of 16 comparable tenders
IS 1786,IS 7098,16,33,8,0.5,2.439,Cited alongside IS 1786 in 8 of 16 comparable tenders
IS 1786,IS 875,16,19,8,0.5,4.237,Cited alongside IS 1786 in 8 of 16 comparable tenders
IS 1786,IS 9103,16,15,8,0.5,5.367,Cited alongside IS 1786 in 8 of 16 comparable tenders
IS 277,IS 1239,16,21,8,0.5,3.833,Cited alongside IS 277 in 8 of 16 comparable tenders
IS 277,IS 1786,16,16,8,0.5,5.031,Cited alongside IS 277 in 8 of 16 comparable tenders
IS 277,IS 5082,16,18,8,0.5,4.472,Cited alongside IS 277 in 8 of 16 comparable tenders
IS 277,IS 732,16,15,8,0.5,5.367,Cited alongside IS 277 in 8 of 16 comparable tenders
IS 277,IS 8130,16,35,8,0.5,2.3,Cited alongside IS 277 in 8 of 16 comparable tenders
IS 277,IS 875,16,19,8,0.5,4.237,Cited alongside IS 277 in 8 of 16 comparable tenders
IS 277,IS 9537,16,13,8,0.5,6.192,Cited alongside IS 277 in 8 of 16 comparable tenders
IS 383,IS 1489,16,13,8,0.5,6.192,Cited alongside IS 383 in 8 of 16 comparable tenders
IS 383,IS 269,16,11,8,0.5,7.318,Cited alongside IS 383 in 8 of 16 comparable tenders
IS 383,IS 432,16,8,8,0.5,10.063,Cited alongside IS 383 in 8 of 16 comparable tenders
IS 383,IS 800,16,12,8,0.5,6.708,Cited alongside IS 383 in 8 of 16 comparable tenders
IS 383,IS 9103,16,15,8,0.5,5.367,Cited alongside IS 383 in 8 of 16 comparable tenders
IS 1786,IS 8623,16,20,8,0.5,4.025,Cited alongside IS 1786 in 8 of 16 comparable tenders
IS 3975,IS 2705,16,14,8,0.5,5.75,Cited alongside IS 3975 in 8 of 16 comparable tenders
IS 3975,IS 335,16,13,8,0.5,6.192,Cited alongside IS 3975 in 8 of 16 comparable tenders
IS 1255,IS 10810,14,15,7,0.5,5.367,Cited alongside IS 1255 in 7 of 14 comparable tenders
IS 1255,IS 10322,14,32,7,0.5,2.516,Cited alongside IS 1255 in 7 of 14 comparable tenders
IS 1255,IS 1248,14,12,7,0.5,6.708,Cited alongside IS 1255 in 7 of 14 comparable tenders
IS 1255,IS 3231,14,11,7,0.5,7.318,Cited alongside IS 1255 in 7 of 14 comparable tenders
IS 1255,IS 4759,14,14,7,0.5,5.75,Cited alongside IS 1255 in 7 of 14 comparable tenders
IS 1255,IS 6005,14,9,7,0.5,8.944,Cited alongside IS 1255 in 7 of 14 comparable tenders
IS 1255,IS 875,14,19,7,0.5,4.237,Cited alongside IS 1255 in 7 of 14 comparable tenders
IS 1255,IS 9537,14,13,7,0.5,6.192,Cited alongside IS 1255 in 7 of 14 comparable tenders
IS 2026,IS 10810,14,15,7,0.5,5.367,Cited alongside IS 2026 in 7 of 14 comparable tenders
IS 2026,IS 1786,14,16,7,0.5,5.031,Cited alongside IS 2026 in 7 of 14 comparable tenders
IS 2026,IS 277,14,16,7,0.5,5.031,Cited alongside IS 2026 in 7 of 14 comparable tenders
IS 2026,IS 3589,14,15,7,0.5,5.367,Cited alongside IS 2026 in 7 of 14 comparable tenders
IS 2026,IS 456,14,22,7,0.5,3.659,Cited alongside IS 2026 in 7 of 14 comparable tenders
IS 2026,IS 6005,14,9,7,0.5,8.944,Cited alongside IS 2026 in 7 of 14 comparable tenders
IS 2026,IS 816,14,9,7,0.5,8.944,Cited alongside IS 2026 in 7 of 14 comparable tenders
IS 2026,IS 9537,14,13,7,0.5,6.192,Cited alongside IS 2026 in 7 of 14 comparable tenders
IS 2705,IS 1239,14,21,7,0.5,3.833,Cited alongside IS 2705 in 7 of 14 comparable tenders
IS 2705,IS 1786,14,16,7,0.5,5.031,Cited alongside IS 2705 in 7 of 14 comparable tenders
IS 2705,IS 2633,14,13,7,0.5,6.192,Cited alongside IS 2705 in 7 of 14 comparable tenders
IS 2705,IS 277,14,16,7,0.5,5.031,Cited alongside IS 2705 in 7 of 14 comparable tenders
IS 2705,IS 456,14,22,7,0.5,3.659,Cited alongside IS 2705 in 7 of 14 comparable tenders
IS 2705,IS 6875,14,8,7,0.5,10.062,Cited alongside IS 2705 in 7 of 14 comparable tenders
IS 2705,IS 722,14,7,7,0.5,11.5,Cited alongside IS 2705 in 7 of 14 comparable tenders
IS 2705,IS 816,14,9,7,0.5,8.944,Cited alongside IS 2705 in 7 of 14 comparable tenders
IS 2705,IS 9537,14,13,7,0.5,6.192,Cited alongside IS 2705 in 7 of 14 comparable tenders
IS 4759,IS 10322,14,32,7,0.5,2.516,Cited alongside IS 4759 in 7 of 14 comparable tenders
IS 4759,IS 1255,14,14,7,0.5,5.75,Cited alongside IS 4759 in 7 of 14 comparable tenders
IS 4759,IS 1554,14,31,7,0.5,2.597,Cited alongside IS 4759 in 7 of 14 comparable tenders
IS 4759,IS 7098,14,33,7,0.5,2.439,Cited alongside IS 4759 in 7 of 14 comparable tenders
IS 4759,IS 8130,14,35,7,0.5,2.3,Cited alongside IS 4759 in 7 of 14 comparable tenders
IS 2026,IS 13118,14,8,7,0.5,10.062,Cited alongside IS 2026 in 7 of 14 comparable tenders
IS 2705,IS 13118,14,8,7,0.5,10.062,Cited alongside IS 2705 in 7 of 14 comparable tenders
IS 2026,IS 6600,14,7,7,0.5,11.5,Cited alongside IS 2026 in 7 of 14 comparable tenders
IS 2705,IS 375,14,8,7,0.5,10.062,Cited alongside IS 2705 in 7 of 14 comparable tenders
IS 2705,IS 6600,14,7,7,0.5,11.5,Cited alongside IS 2705 in 7 of 14 comparable tenders
IS 2026,IS 2147,14,11,7,0.5,7.318,Cited alongside IS 2026 in 7 of 14 comparable tenders
IS 2026,IS 3975,14,16,7,0.5,5.031,Cited alongside IS 2026 in 7 of 14 comparable tenders
IS 1161,IS 1239,12,21,6,0.5,3.833,Cited alongside IS 1161 in 6 of 12 comparable tenders
IS 1161,IS 1248,12,12,6,0.5,6.708,Cited alongside IS 1161 in 6 of 12 comparable tenders
IS 1161,IS 1786,12,16,6,0.5,5.031,Cited alongside IS 1161 in 6 of 12 comparable tenders
IS 1161,IS 2026,12,14,6,0.5,5.75,Cited alongside IS 1161 in 6 of 12 comparable tenders
IS 1161,IS 325,12,11,6,0.5,7.318,Cited alongside IS 1161 in 6 of 12 comparable tenders
IS 1161,IS 456,12,22,6,0.5,3.659,Cited alongside IS 1161 in 6 of 12 comparable tenders
IS 1161,IS 7098,12,33,6,0.5,2.439,Cited alongside IS 1161 in 6 of 12 comparable tenders
IS 1161,IS 800,12,12,6,0.5,6.708,Cited alongside IS 1161 in 6 of 12 comparable tenders
IS 1161,IS 8130,12,35,6,0.5,2.3,Cited alongside IS 1161 in 6 of 12 comparable tenders
IS 1161,IS 816,12,9,6,0.5,8.944,Cited alongside IS 1161 in 6 of 12 comparable tenders
IS 1161,IS 875,12,19,6,0.5,4.237,Cited alongside IS 1161 in 6 of 12 comparable tenders
IS 1248,IS 1161,12,12,6,0.5,6.708,Cited alongside IS 1248 in 6 of 12 comparable tenders
IS 1248,IS 1239,12,21,6,0.5,3.833,Cited alongside IS 1248 in 6 of 12 comparable tenders
IS 1248,IS 1293,12,12,6,0.5,6.708,Cited alongside IS 1248 in 6 of 12 comparable tenders
IS 1248,IS 1363,12,8,6,0.5,10.062,Cited alongside IS 1248 in 6 of 12 comparable tenders
IS 1248,IS 2551,12,11,6,0.5,7.318,Cited alongside IS 1248 in 6 of 12 comparable tenders
IS 1248,IS 2629,12,17,6,0.5,4.735,Cited alongside IS 1248 in 6 of 12 comparable tenders
IS 1248,IS 2633,12,13,6,0.5,6.192,Cited alongside IS 1248 in 6 of 12 comparable tenders
IS 1248,IS 5578,12,10,6,0.5,8.05,Cited alongside IS 1248 in 6 of 12 comparable tenders
IS 1248,IS 6005,12,9,6,0.5,8.944,Cited alongside IS 1248 in 6 of 12 comparable tenders
IS 1248,IS 6392,12,7,6,0.5,11.5,Cited alongside IS 1248 in 6 of 12 comparable tenders
IS 1248,IS 6875,12,8,6,0.5,10.062,Cited alongside IS 1248 in 6 of 12 comparable tenders
IS 1248,IS 722,12,7,6,0.5,11.5,Cited alongside IS 1248 in 6 of 12 comparable tenders
IS 1248,IS 732,12,15,6,0.5,5.367,Cited alongside IS 1248 in 6 of 12 comparable tenders
IS 1248,IS 9537,12,13,6,0.5,6.192,Cited alongside IS 1248 in 6 of 12 comparable tenders
IS 1293,IS 10322,12,32,6,0.5,2.516,Cited alongside IS 1293 in 6 of 12 comparable tenders
IS 1293,IS 1248,12,12,6,0.5,6.708,Cited alongside IS 1293 in 6 of 12 comparable tenders
IS 1293,IS 1255,12,14,6,0.5,5.75,Cited alongside IS 1293 in 6 of 12 comparable tenders
IS 1293,IS 2062,12,28,6,0.5,2.875,Cited alongside IS 1293 in 6 of 12 comparable tenders
IS 1293,IS 2629,12,17,6,0.5,4.735,Cited alongside IS 1293 in 6 of 12 comparable tenders
IS 1293,IS 2705,12,14,6,0.5,5.75,Cited alongside IS 1293 in 6 of 12 comparable tenders
IS 1293,IS 374,12,10,6,0.5,8.05,Cited alongside IS 1293 in 6 of 12 comparable tenders
IS 1293,IS 5082,12,18,6,0.5,4.472,Cited alongside IS 1293 in 6 of 12 comparable tenders
IS 1293,IS 8130,12,35,6,0.5,2.3,Cited alongside IS 1293 in 6 of 12 comparable tenders
IS 16103,IS 16102,12,19,6,0.5,4.237,Cited alongside IS 16103 in 6 of 12 comparable tenders
IS 2099,IS 10322,12,32,6,0.5,2.516,Cited alongside IS 2099 in 6 of 12 comparable tenders
IS 2099,IS 10810,12,15,6,0.5,5.367,Cited alongside IS 2099 in 6 of 12 comparable tenders
IS 2099,IS 269,12,11,6,0.5,7.318,Cited alongside IS 2099 in 6 of 12 comparable tenders
IS 2099,IS 277,12,16,6,0.5,5.031,Cited alongside IS 2099 in 6 of 12 comparable tenders
IS 2099,IS 3589,12,15,6,0.5,5.367,Cited alongside IS 2099 in 6 of 12 comparable tenders
IS 2099,IS 554,12,9,6,0.5,8.944,Cited alongside IS 2099 in 6 of 12 comparable tenders
IS 2099,IS 808,12,10,6,0.5,8.05,Cited alongside IS 2099 in 6 of 12 comparable tenders
IS 2099,IS 816,12,9,6,0.5,8.944,Cited alongside IS 2099 in 6 of 12 comparable tenders
IS 2099,IS 9537,12,13,6,0.5,6.192,Cited alongside IS 2099 in 6 of 12 comparable tenders
IS 2099,IS 9595,12,8,6,0.5,10.062,Cited alongside IS 2099 in 6 of 12 comparable tenders
IS 3156,IS 277,12,16,6,0.5,5.031,Cited alongside IS 3156 in 6 of 12 comparable tenders
IS 3156,IS 808,12,10,6,0.5,8.05,Cited alongside IS 3156 in 6 of 12 comparable tenders
IS 3156,IS 9537,12,13,6,0.5,6.192,Cited alongside IS 3156 in 6 of 12 comparable tenders
IS 516,IS 1554,12,31,6,0.5,2.597,Cited alongside IS 516 in 6 of 12 comparable tenders
IS 516,IS 7098,12,33,6,0.5,2.439,Cited alongside IS 516 in 6 of 12 comparable tenders
IS 516,IS 800,12,12,6,0.5,6.708,Cited alongside IS 516 in 6 of 12 comparable tenders
IS 800,IS 1161,12,12,6,0.5,6.708,Cited alongside IS 800 in 6 of 12 comparable tenders
IS 800,IS 1239,12,21,6,0.5,3.833,Cited alongside IS 800 in 6 of 12 comparable tenders
IS 800,IS 1363,12,8,6,0.5,10.062,Cited alongside IS 800 in 6 of 12 comparable tenders
IS 800,IS 1554,12,31,6,0.5,2.597,Cited alongside IS 800 in 6 of 12 comparable tenders
IS 800,IS 2026,12,14,6,0.5,5.75,Cited alongside IS 800 in 6 of 12 comparable tenders
IS 800,IS 2629,12,17,6,0.5,4.735,Cited alongside IS 800 in 6 of 12 comparable tenders
IS 800,IS 277,12,16,6,0.5,5.031,Cited alongside IS 800 in 6 of 12 comparable tenders
IS 800,IS 516,12,12,6,0.5,6.708,Cited alongside IS 800 in 6 of 12 comparable tenders
IS 800,IS 6392,12,7,6,0.5,11.5,Cited alongside IS 800 in 6 of 12 comparable tenders
IS 800,IS 780,12,10,6,0.5,8.05,Cited alongside IS 800 in 6 of 12 comparable tenders
IS 800,IS 816,12,9,6,0.5,8.944,Cited alongside IS 800 in 6 of 12 comparable tenders
IS 800,IS 9103,12,15,6,0.5,5.367,Cited alongside IS 800 in 6 of 12 comparable tenders
IS 8112,IS 1199,12,10,6,0.5,8.05,Cited alongside IS 8112 in 6 of 12 comparable tenders
IS 8112,IS 12330,12,6,6,0.5,13.417,Cited alongside IS 8112 in 6 of 12 comparable tenders
IS 8112,IS 1239,12,21,6,0.5,3.833,Cited alongside IS 8112 in 6 of 12 comparable tenders
IS 8112,IS 2062,12,28,6,0.5,2.875,Cited alongside IS 8112 in 6 of 12 comparable tenders
IS 8112,IS 3043,12,31,6,0.5,2.597,Cited alongside IS 8112 in 6 of 12 comparable tenders
IS 8112,IS 5382,12,9,6,0.5,8.944,Cited alongside IS 8112 in 6 of 12 comparable tenders
IS 8112,IS 783,12,8,6,0.5,10.062,Cited alongside IS 8112 in 6 of 12 comparable tenders
IS 2099,IS 10028,12,6,6,0.5,13.417,Cited alongside IS 2099 in 6 of 12 comparable tenders
IS 2099,IS 2713,12,9,6,0.5,8.944,Cited alongside IS 2099 in 6 of 12 comparable tenders
IS 2099,IS 398,12,9,6,0.5,8.944,Cited alongside IS 2099 in 6 of 12 comparable tenders
IS 3156,IS 10028,12,6,6,0.5,13.417,Cited alongside IS 3156 in 6 of 12 comparable tenders
IS 3156,IS 2713,12,9,6,0.5,8.944,Cited alongside IS 3156 in 6 of 12 comparable tenders
IS 3156,IS 398,12,9,6,0.5,8.944,Cited alongside IS 3156 in 6 of 12 comparable tenders
IS 800,IS 335,12,13,6,0.5,6.192,Cited alongside IS 800 in 6 of 12 comparable tenders
IS 800,IS 8623,12,20,6,0.5,4.025,Cited alongside IS 800 in 6 of 12 comparable tenders
IS 1293,IS 3480,12,6,6,0.5,13.417,Cited alongside IS 1293 in 6 of 12 comparable tenders
IS 1248,IS 6600,12,7,6,0.5,11.5,Cited alongside IS 1248 in 6 of 12 comparable tenders
IS 2099,IS 3639,12,6,6,0.5,13.417,Cited alongside IS 2099 in 6 of 12 comparable tenders
IS 2099,IS 5561,12,7,6,0.5,11.5,Cited alongside IS 2099 in 6 of 12 comparable tenders
IS 3156,IS 1893,12,11,6,0.5,7.318,Cited alongside IS 3156 in 6 of 12 comparable tenders
IS 3156,IS 3202,12,7,6,0.5,11.5,Cited alongside IS 3156 in 6 of 12 comparable tenders
IS 3156,IS 3639,12,6,6,0.5,13.417,Cited alongside IS 3156 in 6 of 12 comparable tenders
IS 3156,IS 4237,12,9,6,0.5,8.944,Cited alongside IS 3156 in 6 of 12 comparable tenders
IS 1248,IS 10418,12,17,6,0.5,4.735,Cited alongside IS 1248 in 6 of 12 comparable tenders
IS 1248,IS 1893,12,11,6,0.5,7.318,Cited alongside IS 1248 in 6 of 12 comparable tenders
IS 1248,IS 2713,12,9,6,0.5,8.944,Cited alongside IS 1248 in 6 of 12 comparable tenders
IS 1248,IS 3975,12,16,6,0.5,5.031,Cited alongside IS 1248 in 6 of 12 comparable tenders
IS 1293,IS 2147,12,11,6,0.5,7.318,Cited alongside IS 1293 in 6 of 12 comparable tenders
IS 3156,IS 10418,12,17,6,0.5,4.735,Cited alongside IS 3156 in 6 of 12 comparable tenders
IS 16105,IS 16107 (Part 2),12,8,6,0.5,10.062,Cited alongside IS 16105 in 6 of 12 comparable tenders
IS 1199,IS 1554,10,31,5,0.5,2.597,Cited alongside IS 1199 in 5 of 10 comparable tenders
IS 1199,IS 1786,10,16,5,0.5,5.031,Cited alongside IS 1199 in 5 of 10 comparable tenders
IS 1199,IS 269,10,11,5,0.5,7.318,Cited alongside IS 1199 in 5 of 10 comparable tenders
IS 1199,IS 3989,10,6,5,0.5,13.417,Cited alongside IS 1199 in 5 of 10 comparable tenders
IS 1199,IS 4985,10,20,5,0.5,4.025,Cited alongside IS 1199 in 5 of 10 comparable tenders
IS 210,IS 13592,10,15,5,0.5,5.367,Cited alongside IS 210 in 5 of 10 comparable tenders
IS 210,IS 14846,10,6,5,0.5,13.417,Cited alongside IS 210 in 5 of 10 comparable tenders
IS 210,IS 1538,10,9,5,0.5,8.944,Cited alongside IS 210 in 5 of 10 comparable tenders
IS 210,IS 1726,10,5,5,0.5,16.1,Cited alongside IS 210 in 5 of 10 comparable tenders
IS 210,IS 2026,10,14,5,0.5,5.75,Cited alongside IS 210 in 5 of 10 comparable tenders
IS 210,IS 269,10,11,5,0.5,7.318,Cited alongside IS 210 in 5 of 10 comparable tenders
IS 210,IS 3025,10,5,5,0.5,16.1,Cited alongside IS 210 in 5 of 10 comparable tenders
IS 210,IS 432,10,8,5,0.5,10.062,Cited alongside IS 210 in 5 of 10 comparable tenders
IS 210,IS 458,10,11,5,0.5,7.318,Cited alongside IS 210 in 5 of 10 comparable tenders
IS 210,IS 5082,10,18,5,0.5,4.472,Cited alongside IS 210 in 5 of 10 comparable tenders
IS 210,IS 516,10,12,5,0.5,6.708,Cited alongside IS 210 in 5 of 10 comparable tenders
IS 210,IS 800,10,12,5,0.5,6.708,Cited alongside IS 210 in 5 of 10 comparable tenders
IS 210,IS 8112,10,12,5,0.5,6.708,Cited alongside IS 210 in 5 of 10 comparable tenders
IS 210,IS 816,10,9,5,0.5,8.944,Cited alongside IS 210 in 5 of 10 comparable tenders
IS 210,IS 8329,10,13,5,0.5,6.192,Cited alongside IS 210 in 5 of 10 comparable tenders
IS 210,IS 875,10,19,5,0.5,4.237,Cited alongside IS 210 in 5 of 10 comparable tenders
IS 374,IS 277,10,16,5,0.5,5.031,Cited alongside IS 374 in 5 of 10 comparable tenders
IS 374,IS 3043,10,31,5,0.5,2.597,Cited alongside IS 374 in 5 of 10 comparable tenders
IS 374,IS 7098,10,33,5,0.5,2.439,Cited alongside IS 374 in 5 of 10 comparable tenders
IS 374,IS 9537,10,13,5,0.5,6.192,Cited alongside IS 374 in 5 of 10 comparable tenders
IS 5578,IS 1161,10,12,5,0.5,6.708,Cited alongside IS 5578 in 5 of 10 comparable tenders
IS 5578,IS 1239,10,21,5,0.5,3.833,Cited alongside IS 5578 in 5 of 10 comparable tenders
IS 5578,IS 1363,10,8,5,0.5,10.062,Cited alongside IS 5578 in 5 of 10 comparable tenders
IS 5578,IS 13703,10,5,5,0.5,16.1,Cited alongside IS 5578 in 5 of 10 comparable tenders
IS 5578,IS 1913,10,7,5,0.5,11.5,Cited alongside IS 5578 in 5 of 10 comparable tenders
IS 5578,IS 2544,10,6,5,0.5,13.417,Cited alongside IS 5578 in 5 of 10 comparable tenders
IS 5578,IS 2667,10,7,5,0.5,11.5,Cited alongside IS 5578 in 5 of 10 comparable tenders
IS 5578,IS 3427,10,9,5,0.5,8.944,Cited alongside IS 5578 in 5 of 10 comparable tenders
IS 5578,IS 3589,10,15,5,0.5,5.367,Cited alongside IS 5578 in 5 of 10 comparable tenders
IS 5578,IS 3854,10,9,5,0.5,8.944,Cited alongside IS 5578 in 5 of 10 comparable tenders
IS 5578,IS 4759,10,14,5,0.5,5.75,Cited alongside IS 5578 in 5 of 10 comparable tenders
IS 5578,IS 722,10,7,5,0.5,11.5,Cited alongside IS 5578 in 5 of 10 comparable tenders
IS 5578,IS 808,10,10,5,0.5,8.05,Cited alongside IS 5578 in 5 of 10 comparable tenders
IS 5578,IS 816,10,9,5,0.5,8.944,Cited alongside IS 5578 in 5 of 10 comparable tenders
IS 780,IS 10262,10,6,5,0.5,13.417,Cited alongside IS 780 in 5 of 10 comparable tenders
IS 780,IS 11149,10,6,5,0.5,13.417,Cited alongside IS 780 in 5 of 10 comparable tenders
IS 780,IS 1161,10,12,5,0.5,6.708,Cited alongside IS 780 in 5 of 10 comparable tenders
IS 780,IS 1248,10,12,5,0.5,6.708,Cited alongside IS 780 in 5 of 10 comparable tenders
IS 780,IS 1554,10,31,5,0.5,2.597,Cited alongside IS 780 in 5 of 10 comparable tenders
IS 780,IS 2099,10,12,5,0.5,6.708,Cited alongside IS 780 in 5 of 10 comparable tenders
IS 780,IS 2379,10,5,5,0.5,16.1,Cited alongside IS 780 in 5 of 10 comparable tenders
IS 780,IS 269,10,11,5,0.5,7.318,Cited alongside IS 780 in 5 of 10 comparable tenders
IS 780,IS 2705,10,14,5,0.5,5.75,Cited alongside IS 780 in 5 of 10 comparable tenders
IS 780,IS 4038,10,6,5,0.5,13.417,Cited alongside IS 780 in 5 of 10 comparable tenders
IS 780,IS 432,10,8,5,0.5,10.062,Cited alongside IS 780 in 5 of 10 comparable tenders
IS 780,IS 458,10,11,5,0.5,7.318,Cited alongside IS 780 in 5 of 10 comparable tenders
IS 780,IS 5082,10,18,5,0.5,4.472,Cited alongside IS 780 in 5 of 10 comparable tenders
IS 780,IS 516,10,12,5,0.5,6.708,Cited alongside IS 780 in 5 of 10 comparable tenders
IS 780,IS 5312,10,7,5,0.5,11.5,Cited alongside IS 780 in 5 of 10 comparable tenders
IS 780,IS 554,10,9,5,0.5,8.944,Cited alongside IS 780 in 5 of 10 comparable tenders
IS 780,IS 638,10,5,5,0.5,16.1,Cited alongside IS 780 in 5 of 10 comparable tenders
IS 780,IS 7098,10,33,5,0.5,2.439,Cited alongside IS 780 in 5 of 10 comparable tenders
IS 780,IS 732,10,15,5,0.5,5.367,Cited alongside IS 780 in 5 of 10 comparable tenders
IS 780,IS 8112,10,12,5,0.5,6.708,Cited alongside IS 780 in 5 of 10 comparable tenders
IS 780,IS 8130,10,35,5,0.5,2.3,Cited alongside IS 780 in 5 of 10 comparable tenders
IS 780,IS 816,10,9,5,0.5,8.944,Cited alongside IS 780 in 5 of 10 comparable tenders
IS 780,IS 875,10,19,5,0.5,4.237,Cited alongside IS 780 in 5 of 10 comparable tenders
IS 780,IS 9595,10,8,5,0.5,10.062,Cited alongside IS 780 in 5 of 10 comparable tenders
IS 808,IS 1161,10,12,5,0.5,6.708,Cited alongside IS 808 in 5 of 10 comparable tenders
IS 808,IS 1248,10,12,5,0.5,6.708,Cited alongside IS 808 in 5 of 10 comparable tenders
IS 808,IS 1367,10,8,5,0.5,10.062,Cited alongside IS 808 in 5 of 10 comparable tenders
IS 808,IS 13703,10,5,5,0.5,16.1,Cited alongside IS 808 in 5 of 10 comparable tenders
IS 808,IS 2074,10,7,5,0.5,11.5,Cited alongside IS 808 in 5 of 10 comparable tenders
IS 808,IS 2551,10,11,5,0.5,7.318,Cited alongside IS 808 in 5 of 10 comparable tenders
IS 808,IS 383,10,16,5,0.5,5.031,Cited alongside IS 808 in 5 of 10 comparable tenders
IS 808,IS 456,10,22,5,0.5,3.659,Cited alongside IS 808 in 5 of 10 comparable tenders
IS 808,IS 554,10,9,5,0.5,8.944,Cited alongside IS 808 in 5 of 10 comparable tenders
IS 808,IS 5578,10,10,5,0.5,8.05,Cited alongside IS 808 in 5 of 10 comparable tenders
IS 808,IS 5831,10,31,5,0.5,2.597,Cited alongside IS 808 in 5 of 10 comparable tenders
IS 808,IS 6005,10,9,5,0.5,8.944,Cited alongside IS 808 in 5 of 10 comparable tenders
IS 808,IS 800,10,12,5,0.5,6.708,Cited alongside IS 808 in 5 of 10 comparable tenders
IS 808,IS 8130,10,35,5,0.5,2.3,Cited alongside IS 808 in 5 of 10 comparable tenders
IS 808,IS 816,10,9,5,0.5,8.944,Cited alongside IS 808 in 5 of 10 comparable tenders
IS 808,IS 875,10,19,5,0.5,4.237,Cited alongside IS 808 in 5 of 10 comparable tenders
IS 808,IS 1364,10,5,5,0.5,16.1,Cited alongside IS 808 in 5 of 10 comparable tenders
IS 60947,IS 10322,10,32,5,0.5,2.516,Cited alongside IS 60947 in 5 of 10 comparable tenders
IS 60947,IS 2062,10,28,5,0.5,2.875,Cited alongside IS 60947 in 5 of 10 comparable tenders
IS 60947,IS 2629,10,17,5,0.5,4.735,Cited alongside IS 60947 in 5 of 10 comparable tenders
IS 60947,IS 2633,10,13,5,0.5,6.192,Cited alongside IS 60947 in 5 of 10 comparable tenders
IS 60947,IS 2713,10,9,5,0.5,8.944,Cited alongside IS 60947 in 5 of 10 comparable tenders
IS 808,IS 2713,10,9,5,0.5,8.944,Cited alongside IS 808 in 5 of 10 comparable tenders
IS 808,IS 335,10,13,5,0.5,6.192,Cited alongside IS 808 in 5 of 10 comparable tenders
IS 808,IS 398,10,9,5,0.5,8.944,Cited alongside IS 808 in 5 of 10 comparable tenders
IS 808,IS 617,10,9,5,0.5,8.944,Cited alongside IS 808 in 5 of 10 comparable tenders
IS 808,IS 6792,10,6,5,0.5,13.417,Cited alongside IS 808 in 5 of 10 comparable tenders
IS 808,IS 8623,10,20,5,0.5,4.025,Cited alongside IS 808 in 5 of 10 comparable tenders
IS 2878,IS 1161,10,12,5,0.5,6.708,Cited alongside IS 2878 in 5 of 10 comparable tenders
IS 2878,IS 1239,10,21,5,0.5,3.833,Cited alongside IS 2878 in 5 of 10 comparable tenders
IS 2878,IS 2171,10,5,5,0.5,16.1,Cited alongside IS 2878 in 5 of 10 comparable tenders
IS 2878,IS 2629,10,17,5,0.5,4.735,Cited alongside IS 2878 in 5 of 10 comparable tenders
IS 2878,IS 335,10,13,5,0.5,6.192,Cited alongside IS 2878 in 5 of 10 comparable tenders
IS 2878,IS 3589,10,15,5,0.5,5.367,Cited alongside IS 2878 in 5 of 10 comparable tenders
IS 3837,IS 10418,10,17,5,0.5,4.735,Cited alongside IS 3837 in 5 of 10 comparable tenders
IS 3837,IS 1255,10,14,5,0.5,5.75,Cited alongside IS 3837 in 5 of 10 comparable tenders
IS 3837,IS 1258,10,5,5,0.5,16.1,Cited alongside IS 3837 in 5 of 10 comparable tenders
IS 3837,IS 12640,10,8,5,0.5,10.062,Cited alongside IS 3837 in 5 of 10 comparable tenders
IS 3837,IS 1885,10,6,5,0.5,13.417,Cited alongside IS 3837 in 5 of 10 comparable tenders
IS 3837,IS 1913,10,7,5,0.5,11.5,Cited alongside IS 3837 in 5 of 10 comparable tenders
IS 3837,IS 2026,10,14,5,0.5,5.75,Cited alongside IS 3837 in 5 of 10 comparable tenders
IS 3837,IS 4615,10,5,5,0.5,16.1,Cited alongside IS 3837 in 5 of 10 comparable tenders
IS 3837,IS 5082,10,18,5,0.5,4.472,Cited alongside IS 3837 in 5 of 10 comparable tenders
IS 3837,IS 5831,10,31,5,0.5,2.597,Cited alongside IS 3837 in 5 of 10 comparable tenders
IS 3837,IS 875,10,19,5,0.5,4.237,Cited alongside IS 3837 in 5 of 10 comparable tenders
IS 5578,IS 1258,10,5,5,0.5,16.1,Cited alongside IS 5578 in 5 of 10 comparable tenders
IS 5578,IS 209,10,9,5,0.5,8.944,Cited alongside IS 5578 in 5 of 10 comparable tenders
IS 5578,IS 2309,10,9,5,0.5,8.944,Cited alongside IS 5578 in 5 of 10 comparable tenders
IS 5578,IS 3480,10,6,5,0.5,13.417,Cited alongside IS 5578 in 5 of 10 comparable tenders
IS 5578,IS 5133,10,7,5,0.5,11.5,Cited alongside IS 5578 in 5 of 10 comparable tenders
IS 5578,IS 6745,10,8,5,0.5,10.062,Cited alongside IS 5578 in 5 of 10 comparable tenders
IS 8828,IS 1258,10,5,5,0.5,16.1,Cited alongside IS 8828 in 5 of 10 comparable tenders
IS 8828,IS 12640,10,8,5,0.5,10.062,Cited alongside IS 8828 in 5 of 10 comparable tenders
IS 8828,IS 1646,10,8,5,0.5,10.062,Cited alongside IS 8828 in 5 of 10 comparable tenders
IS 8828,IS 2026,10,14,5,0.5,5.75,Cited alongside IS 8828 in 5 of 10 comparable tenders
IS 8828,IS 2633,10,13,5,0.5,6.192,Cited alongside IS 8828 in 5 of 10 comparable tenders
IS 8828,IS 5133,10,7,5,0.5,11.5,Cited alongside IS 8828 in 5 of 10 comparable tenders
IS 8828,IS 5831,10,31,5,0.5,2.597,Cited alongside IS 8828 in 5 of 10 comparable tenders
IS 2878,IS 10418,10,17,5,0.5,4.735,Cited alongside IS 2878 in 5 of 10 comparable tenders
IS 2878,IS 277,10,16,5,0.5,5.031,Cited alongside IS 2878 in 5 of 10 comparable tenders
IS 2878,IS 3961,10,15,5,0.5,5.367,Cited alongside IS 2878 in 5 of 10 comparable tenders
IS 2878,IS 5831,10,31,5,0.5,2.597,Cited alongside IS 2878 in 5 of 10 comparable tenders
IS 8828,IS 3589,10,15,5,0.5,5.367,Cited alongside IS 8828 in 5 of 10 comparable tenders
IS 2878,IS 1554,10,31,5,0.5,2.597,Cited alongside IS 2878 in 5 of 10 comparable tenders
IS 2878,IS 2026,10,14,5,0.5,5.75,Cited alongside IS 2878 in 5 of 10 comparable tenders
IS 2878,IS 2099,10,12,5,0.5,6.708,Cited alongside IS 2878 in 5 of 10 comparable tenders
IS 2878,IS 2551,10,11,5,0.5,7.318,Cited alongside IS 2878 in 5 of 10 comparable tenders
IS 2878,IS 325,10,11,5,0.5,7.318,Cited alongside IS 2878 in 5 of 10 comparable tenders
IS 2878,IS 5578,10,10,5,0.5,8.05,Cited alongside IS 2878 in 5 of 10 comparable tenders
IS 3837,IS 3589,10,15,5,0.5,5.367,Cited alongside IS 3837 in 5 of 10 comparable tenders
IS 5578,IS 2878,10,10,5,0.5,8.05,Cited alongside IS 5578 in 5 of 10 comparable tenders
IS 780,IS 1893,10,11,5,0.5,7.318,Cited alongside IS 780 in 5 of 10 comparable tenders
IS 780,IS 8623,10,20,5,0.5,4.025,Cited alongside IS 780 in 5 of 10 comparable tenders
IS 8828,IS 10322,10,32,5,0.5,2.516,Cited alongside IS 8828 in 5 of 10 comparable tenders
IS 8828,IS 2705,10,14,5,0.5,5.75,Cited alongside IS 8828 in 5 of 10 comparable tenders
IS 5578,IS 1778,10,5,5,0.5,16.1,Cited alongside IS 5578 in 5 of 10 comparable tenders
IS 5578,IS 2121,10,6,5,0.5,13.417,Cited alongside IS 5578 in 5 of 10 comparable tenders
IS 5578,IS 3202,10,7,5,0.5,11.5,Cited alongside IS 5578 in 5 of 10 comparable tenders
IS 5578,IS 335,10,13,5,0.5,6.192,Cited alongside IS 5578 in 5 of 10 comparable tenders
IS 5578,IS 3639,10,6,5,0.5,13.417,Cited alongside IS 5578 in 5 of 10 comparable tenders
IS 5578,IS 4237,10,9,5,0.5,8.944,Cited alongside IS 5578 in 5 of 10 comparable tenders
IS 5578,IS 4826,10,6,5,0.5,13.417,Cited alongside IS 5578 in 5 of 10 comparable tenders
IS 5578,IS 5561,10,7,5,0.5,11.5,Cited alongside IS 5578 in 5 of 10 comparable tenders
IS 5578,IS 6600,10,7,5,0.5,11.5,Cited alongside IS 5578 in 5 of 10 comparable tenders
IS 2878,IS 1248,10,12,5,0.5,6.708,Cited alongside IS 2878 in 5 of 10 comparable tenders
IS 2878,IS 2147,10,11,5,0.5,7.318,Cited alongside IS 2878 in 5 of 10 comparable tenders
IS 2878,IS 3156,10,12,5,0.5,6.708,Cited alongside IS 2878 in 5 of 10 comparable tenders
IS 2878,IS 3231,10,11,5,0.5,7.318,Cited alongside IS 2878 in 5 of 10 comparable tenders
IS 3837,IS 11353,10,5,5,0.5,16.1,Cited alongside IS 3837 in 5 of 10 comparable tenders
IS 3837,IS 1248,10,12,5,0.5,6.708,Cited alongside IS 3837 in 5 of 10 comparable tenders
IS 3837,IS 2208,10,5,5,0.5,16.1,Cited alongside IS 3837 in 5 of 10 comparable tenders
IS 3837,IS 2312,10,7,5,0.5,11.5,Cited alongside IS 3837 in 5 of 10 comparable tenders
IS 3837,IS 3156,10,12,5,0.5,6.708,Cited alongside IS 3837 in 5 of 10 comparable tenders
IS 3837,IS 3231,10,11,5,0.5,7.318,Cited alongside IS 3837 in 5 of 10 comparable tenders
IS 3837,IS 375,10,8,5,0.5,10.062,Cited alongside IS 3837 in 5 of 10 comparable tenders
IS 3837,IS 3854,10,9,5,0.5,8.944,Cited alongside IS 3837 in 5 of 10 comparable tenders
IS 3837,IS 722,10,7,5,0.5,11.5,Cited alongside IS 3837 in 5 of 10 comparable tenders
IS 5578,IS 12063,10,6,5,0.5,13.417,Cited alongside IS 5578 in 5 of 10 comparable tenders
IS 5578,IS 2713,10,9,5,0.5,8.944,Cited alongside IS 5578 in 5 of 10 comparable tenders
IS 5578,IS 5039,10,5,5,0.5,16.1,Cited alongside IS 5578 in 5 of 10 comparable tenders
IS 60947,IS 9537,10,13,5,0.5,6.192,Cited alongside IS 60947 in 5 of 10 comparable tenders
IS 8828,IS 3854,10,9,5,0.5,8.944,Cited alongside IS 8828 in 5 of 10 comparable tenders
IS 8130,IS 10418,35,17,17,0.486,4.6,Cited alongside IS 8130 in 17 of 35 comparable tenders
IS 7098,IS 3043,33,31,16,0.485,2.518,Cited alongside IS 7098 in 16 of 33 comparable tenders
IS 3043,IS 1239,31,21,15,0.484,3.71,Cited alongside IS 3043 in 15 of 31 comparable tenders
IS 3043,IS 8130,31,35,15,0.484,2.226,Cited alongside IS 3043 in 15 of 31 comparable tenders
IS 1239,IS 13095,21,11,10,0.476,6.97,Cited alongside IS 1239 in 10 of 21 comparable tenders
IS 1239,IS 1786,21,16,10,0.476,4.792,Cited alongside IS 1239 in 10 of 21 comparable tenders
IS 1239,IS 456,21,22,10,0.476,3.485,Cited alongside IS 1239 in 10 of 21 comparable tenders
IS 1239,IS 4985,21,20,10,0.476,3.833,Cited alongside IS 1239 in 10 of 21 comparable tenders
IS 1239,IS 8623,21,20,10,0.476,3.833,Cited alongside IS 1239 in 10 of 21 comparable tenders
IS 10322 (Part 5),IS 16106,21,22,10,0.476,3.485,Cited alongside IS 10322 (Part 5) in 10 of 21 comparable tenders
IS 10322 (Part 5),IS 16107,21,18,10,0.476,4.259,Cited alongside IS 10322 (Part 5) in 10 of 21 comparable tenders
IS 875,IS 13947,19,17,9,0.474,4.486,Cited alongside IS 875 in 9 of 19 comparable tenders
IS 875,IS 2633,19,13,9,0.474,5.866,Cited alongside IS 875 in 9 of 19 comparable tenders
IS 875,IS 456,19,22,9,0.474,3.467,Cited alongside IS 875 in 9 of 19 comparable tenders
IS 875,IS 335,19,13,9,0.474,5.866,Cited alongside IS 875 in 9 of 19 comparable tenders
IS 10418,IS 5082,17,18,8,0.471,4.209,Cited alongside IS 10418 in 8 of 17 comparable tenders
IS 10418,IS 1255,17,14,8,0.471,5.412,Cited alongside IS 10418 in 8 of 17 comparable tenders
IS 13947,IS 1293,17,12,8,0.471,6.314,Cited alongside IS 13947 in 8 of 17 comparable tenders
IS 13947,IS 1786,17,16,8,0.471,4.735,Cited alongside IS 13947 in 8 of 17 comparable tenders
IS 13947,IS 2633,17,13,8,0.471,5.828,Cited alongside IS 13947 in 8 of 17 comparable tenders
IS 13947,IS 3427,17,9,8,0.471,8.418,Cited alongside IS 13947 in 8 of 17 comparable tenders
IS 13947,IS 3589,17,15,8,0.471,5.051,Cited alongside IS 13947 in 8 of 17 comparable tenders
IS 13947,IS 5578,17,10,8,0.471,7.576,Cited alongside IS 13947 in 8 of 17 comparable tenders
IS 13947,IS 9537,17,13,8,0.471,5.828,Cited alongside IS 13947 in 8 of 17 comparable tenders
IS 2629,IS 2099,17,12,8,0.471,6.314,Cited alongside IS 2629 in 8 of 17 comparable tenders
IS 2629,IS 2551,17,11,8,0.471,6.888,Cited alongside IS 2629 in 8 of 17 comparable tenders
IS 2629,IS 2705,17,14,8,0.471,5.412,Cited alongside IS 2629 in 8 of 17 comparable tenders
IS 2629,IS 5578,17,10,8,0.471,7.576,Cited alongside IS 2629 in 8 of 17 comparable tenders
IS 2629,IS 5831,17,31,8,0.471,2.444,Cited alongside IS 2629 in 8 of 17 comparable tenders
IS 2629,IS 9537,17,13,8,0.471,5.828,Cited alongside IS 2629 in 8 of 17 comparable tenders
IS 2629,IS 335,17,13,8,0.471,5.828,Cited alongside IS 2629 in 8 of 17 comparable tenders
IS 13947,IS 2878,17,10,8,0.471,7.576,Cited alongside IS 13947 in 8 of 17 comparable tenders
IS 2629,IS 209,17,9,8,0.471,8.418,Cited alongside IS 2629 in 8 of 17 comparable tenders
IS 10418,IS 13947,17,17,8,0.471,4.457,Cited alongside IS 10418 in 8 of 17 comparable tenders
IS 13947,IS 10418,17,17,8,0.471,4.457,Cited alongside IS 13947 in 8 of 17 comparable tenders
IS 13947,IS 3837,17,10,8,0.471,7.576,Cited alongside IS 13947 in 8 of 17 comparable tenders
IS 10810,IS 5082,15,18,7,0.467,4.174,Cited alongside IS 10810 in 7 of 15 comparable tenders
IS 10810,IS 1255,15,14,7,0.467,5.367,Cited alongside IS 10810 in 7 of 15 comparable tenders
IS 13592,IS 277,15,16,7,0.467,4.696,Cited alongside IS 13592 in 7 of 15 comparable tenders
IS 10810,IS 2026,15,14,7,0.467,5.367,Cited alongside IS 10810 in 7 of 15 comparable tenders
IS 10810,IS 2062,15,28,7,0.467,2.683,Cited alongside IS 10810 in 7 of 15 comparable tenders
IS 10810,IS 3043,15,31,7,0.467,2.424,Cited alongside IS 10810 in 7 of 15 comparable tenders
IS 13592,IS 1239,15,21,7,0.467,3.578,Cited alongside IS 13592 in 7 of 15 comparable tenders
IS 13592,IS 15778,15,11,7,0.467,6.83,Cited alongside IS 13592 in 7 of 15 comparable tenders
IS 13592,IS 2556,15,8,7,0.467,9.392,Cited alongside IS 13592 in 7 of 15 comparable tenders
IS 13592,IS 3043,15,31,7,0.467,2.424,Cited alongside IS 13592 in 7 of 15 comparable tenders
IS 13592,IS 778,15,9,7,0.467,8.348,Cited alongside IS 13592 in 7 of 15 comparable tenders
IS 3589,IS 1161,15,12,7,0.467,6.261,Cited alongside IS 3589 in 7 of 15 comparable tenders
IS 3589,IS 1536,15,8,7,0.467,9.392,Cited alongside IS 3589 in 7 of 15 comparable tenders
IS 3589,IS 2026,15,14,7,0.467,5.367,Cited alongside IS 3589 in 7 of 15 comparable tenders
IS 3589,IS 325,15,11,7,0.467,6.83,Cited alongside IS 3589 in 7 of 15 comparable tenders
IS 3589,IS 5312,15,7,7,0.467,10.733,Cited alongside IS 3589 in 7 of 15 comparable tenders
IS 3589,IS 800,15,12,7,0.467,6.261,Cited alongside IS 3589 in 7 of 15 comparable tenders
IS 3589,IS 816,15,9,7,0.467,8.348,Cited alongside IS 3589 in 7 of 15 comparable tenders
IS 3589,IS 875,15,19,7,0.467,3.954,Cited alongside IS 3589 in 7 of 15 comparable tenders
IS 3589,IS 9595,15,8,7,0.467,9.392,Cited alongside IS 3589 in 7 of 15 comparable tenders
IS 732,IS 10322,15,32,7,0.467,2.348,Cited alongside IS 732 in 7 of 15 comparable tenders
IS 732,IS 1786,15,16,7,0.467,4.696,Cited alongside IS 732 in 7 of 15 comparable tenders
IS 732,IS 2099,15,12,7,0.467,6.261,Cited alongside IS 732 in 7 of 15 comparable tenders
IS 732,IS 2629,15,17,7,0.467,4.42,Cited alongside IS 732 in 7 of 15 comparable tenders
IS 732,IS 456,15,22,7,0.467,3.415,Cited alongside IS 732 in 7 of 15 comparable tenders
IS 732,IS 516,15,12,7,0.467,6.261,Cited alongside IS 732 in 7 of 15 comparable tenders
IS 732,IS 5831,15,31,7,0.467,2.424,Cited alongside IS 732 in 7 of 15 comparable tenders
IS 732,IS 722,15,7,7,0.467,10.733,Cited alongside IS 732 in 7 of 15 comparable tenders
IS 732,IS 800,15,12,7,0.467,6.261,Cited alongside IS 732 in 7 of 15 comparable tenders
IS 9103,IS 2629,15,17,7,0.467,4.42,Cited alongside IS 9103 in 7 of 15 comparable tenders
IS 9103,IS 8112,15,12,7,0.467,6.261,Cited alongside IS 9103 in 7 of 15 comparable tenders
IS 732,IS 2309,15,9,7,0.467,8.348,Cited alongside IS 732 in 7 of 15 comparable tenders
IS 3961,IS 2629,15,17,7,0.467,4.42,Cited alongside IS 3961 in 7 of 15 comparable tenders
IS 3961,IS 2633,15,13,7,0.467,5.779,Cited alongside IS 3961 in 7 of 15 comparable tenders
IS 3961,IS 5578,15,10,7,0.467,7.513,Cited alongside IS 3961 in 7 of 15 comparable tenders
IS 3961,IS 732,15,15,7,0.467,5.009,Cited alongside IS 3961 in 7 of 15 comparable tenders
IS 732,IS 3961,15,15,7,0.467,5.009,Cited alongside IS 732 in 7 of 15 comparable tenders
IS 3961,IS 2099,15,12,7,0.467,6.261,Cited alongside IS 3961 in 7 of 15 comparable tenders
IS 3961,IS 375,15,8,7,0.467,9.392,Cited alongside IS 3961 in 7 of 15 comparable tenders
IS 3961,IS 6600,15,7,7,0.467,10.733,Cited alongside IS 3961 in 7 of 15 comparable tenders
IS 3961,IS 3202,15,7,7,0.467,10.733,Cited alongside IS 3961 in 7 of 15 comparable tenders
IS 3961,IS 3231,15,11,7,0.467,6.83,Cited alongside IS 3961 in 7 of 15 comparable tenders
IS 3961,IS 6875,15,8,7,0.467,9.392,Cited alongside IS 3961 in 7 of 15 comparable tenders
IS 2062,IS 13947,28,17,13,0.464,4.397,Cited alongside IS 2062 in 13 of 28 comparable tenders
IS 2062,IS 2026,28,14,13,0.464,5.339,Cited alongside IS 2062 in 13 of 28 comparable tenders
IS 1489,IS 1786,13,16,6,0.462,4.644,Cited alongside IS 1489 in 6 of 13 comparable tenders
IS 1489,IS 269,13,11,6,0.462,6.755,Cited alongside IS 1489 in 6 of 13 comparable tenders
IS 1489,IS 455,13,6,6,0.462,12.385,Cited alongside IS 1489 in 6 of 13 comparable tenders
IS 1489,IS 8329,13,13,6,0.462,5.716,Cited alongside IS 1489 in 6 of 13 comparable tenders
IS 2633,IS 1248,13,12,6,0.462,6.192,Cited alongside IS 2633 in 6 of 13 comparable tenders
IS 2633,IS 1363,13,8,6,0.462,9.288,Cited alongside IS 2633 in 6 of 13 comparable tenders
IS 2633,IS 2544,13,6,6,0.462,12.385,Cited alongside IS 2633 in 6 of 13 comparable tenders
IS 2633,IS 6005,13,9,6,0.462,8.256,Cited alongside IS 2633 in 6 of 13 comparable tenders
IS 2633,IS 732,13,15,6,0.462,4.954,Cited alongside IS 2633 in 6 of 13 comparable tenders
IS 2633,IS 808,13,10,6,0.462,7.431,Cited alongside IS 2633 in 6 of 13 comparable tenders
IS 2633,IS 9537,13,13,6,0.462,5.716,Cited alongside IS 2633 in 6 of 13 comparable tenders
IS 8329,IS 10221,13,8,6,0.462,9.288,Cited alongside IS 8329 in 6 of 13 comparable tenders
IS 8329,IS 1489,13,13,6,0.462,5.716,Cited alongside IS 8329 in 6 of 13 comparable tenders
IS 8329,IS 1538,13,9,6,0.462,8.256,Cited alongside IS 8329 in 6 of 13 comparable tenders
IS 8329,IS 269,13,11,6,0.462,6.755,Cited alongside IS 8329 in 6 of 13 comparable tenders
IS 8329,IS 4985,13,20,6,0.462,3.715,Cited alongside IS 8329 in 6 of 13 comparable tenders
IS 8329,IS 9523,13,8,6,0.462,9.288,Cited alongside IS 8329 in 6 of 13 comparable tenders
IS 9537,IS 1248,13,12,6,0.462,6.192,Cited alongside IS 9537 in 6 of 13 comparable tenders
IS 9537,IS 2099,13,12,6,0.462,6.192,Cited alongside IS 9537 in 6 of 13 comparable tenders
IS 9537,IS 2633,13,13,6,0.462,5.716,Cited alongside IS 9537 in 6 of 13 comparable tenders
IS 9537,IS 3156,13,12,6,0.462,6.192,Cited alongside IS 9537 in 6 of 13 comparable tenders
IS 9537,IS 3231,13,11,6,0.462,6.755,Cited alongside IS 9537 in 6 of 13 comparable tenders
IS 9537,IS 3589,13,15,6,0.462,4.954,Cited alongside IS 9537 in 6 of 13 comparable tenders
IS 9537,IS 3854,13,9,6,0.462,8.256,Cited alongside IS 9537 in 6 of 13 comparable tenders
IS 9537,IS 5831,13,31,6,0.462,2.397,Cited alongside IS 9537 in 6 of 13 comparable tenders
IS 9537,IS 722,13,7,6,0.462,10.615,Cited alongside IS 9537 in 6 of 13 comparable tenders
IS 2633,IS 2713,13,9,6,0.462,8.256,Cited alongside IS 2633 in 6 of 13 comparable tenders
IS 2633,IS 617,13,9,6,0.462,8.256,Cited alongside IS 2633 in 6 of 13 comparable tenders
IS 2633,IS 6792,13,6,6,0.462,12.385,Cited alongside IS 2633 in 6 of 13 comparable tenders
IS 335,IS 10028,13,6,6,0.462,12.385,Cited alongside IS 335 in 6 of 13 comparable tenders
IS 335,IS 10322,13,32,6,0.462,2.322,Cited alongside IS 335 in 6 of 13 comparable tenders
IS 335,IS 1786,13,16,6,0.462,4.644,Cited alongside IS 335 in 6 of 13 comparable tenders
IS 335,IS 2713,13,9,6,0.462,8.256,Cited alongside IS 335 in 6 of 13 comparable tenders
IS 335,IS 3427,13,9,6,0.462,8.256,Cited alongside IS 335 in 6 of 13 comparable tenders
IS 335,IS 456,13,22,6,0.462,3.378,Cited alongside IS 335 in 6 of 13 comparable tenders
IS 335,IS 4759,13,14,6,0.462,5.308,Cited alongside IS 335 in 6 of 13 comparable tenders
IS 335,IS 617,13,9,6,0.462,8.256,Cited alongside IS 335 in 6 of 13 comparable tenders
IS 335,IS 6792,13,6,6,0.462,12.385,Cited alongside IS 335 in 6 of 13 comparable tenders
IS 335,IS 800,13,12,6,0.462,6.192,Cited alongside IS 335 in 6 of 13 comparable tenders
IS 2633,IS 2121,13,6,6,0.462,12.385,Cited alongside IS 2633 in 6 of 13 comparable tenders
IS 2633,IS 280,13,8,6,0.462,9.288,Cited alongside IS 2633 in 6 of 13 comparable tenders
IS 2633,IS 4826,13,6,6,0.462,12.385,Cited alongside IS 2633 in 6 of 13 comparable tenders
IS 2633,IS 5561,13,7,6,0.462,10.615,Cited alongside IS 2633 in 6 of 13 comparable tenders
IS 335,IS 1363,13,8,6,0.462,9.288,Cited alongside IS 335 in 6 of 13 comparable tenders
IS 335,IS 209,13,9,6,0.462,8.256,Cited alongside IS 335 in 6 of 13 comparable tenders
IS 335,IS 2121,13,6,6,0.462,12.385,Cited alongside IS 335 in 6 of 13 comparable tenders
IS 335,IS 269,13,11,6,0.462,6.755,Cited alongside IS 335 in 6 of 13 comparable tenders
IS 335,IS 280,13,8,6,0.462,9.288,Cited alongside IS 335 in 6 of 13 comparable tenders
IS 335,IS 3589,13,15,6,0.462,4.954,Cited alongside IS 335 in 6 of 13 comparable tenders
IS 335,IS 4826,13,6,6,0.462,12.385,Cited alongside IS 335 in 6 of 13 comparable tenders
IS 2633,IS 10418,13,17,6,0.462,4.371,Cited alongside IS 2633 in 6 of 13 comparable tenders
IS 9537,IS 12640,13,8,6,0.462,9.288,Cited alongside IS 9537 in 6 of 13 comparable tenders
IS 9537,IS 1646,13,8,6,0.462,9.288,Cited alongside IS 9537 in 6 of 13 comparable tenders
IS 9537,IS 3480,13,6,6,0.462,12.385,Cited alongside IS 9537 in 6 of 13 comparable tenders
IS 9537,IS 3961,13,15,6,0.462,4.954,Cited alongside IS 9537 in 6 of 13 comparable tenders
IS 2633,IS 3975,13,16,6,0.462,4.644,Cited alongside IS 2633 in 6 of 13 comparable tenders
IS 335,IS 2551,13,11,6,0.462,6.755,Cited alongside IS 335 in 6 of 13 comparable tenders
IS 335,IS 3639,13,6,6,0.462,12.385,Cited alongside IS 335 in 6 of 13 comparable tenders
IS 335,IS 6005,13,9,6,0.462,8.256,Cited alongside IS 335 in 6 of 13 comparable tenders
IS 335,IS 10418,13,17,6,0.462,4.371,Cited alongside IS 335 in 6 of 13 comparable tenders
IS 9537,IS 2713,13,9,6,0.462,8.256,Cited alongside IS 9537 in 6 of 13 comparable tenders
IS 16108,IS 10322 (Part 5),13,21,6,0.462,3.538,Cited alongside IS 16108 in 6 of 13 comparable tenders
IS 8130,IS 3975,35,16,16,0.457,4.6,Cited alongside IS 8130 in 16 of 35 comparable tenders
IS 8130,IS 2062,35,28,16,0.457,2.629,Cited alongside IS 8130 in 16 of 35 comparable tenders
IS 7098,IS 10418,33,17,15,0.455,4.305,Cited alongside IS 7098 in 15 of 33 comparable tenders
IS 7098,IS 3975,33,16,15,0.455,4.574,Cited alongside IS 7098 in 15 of 33 comparable tenders
IS 7098,IS 8623,33,20,15,0.455,3.659,Cited alongside IS 7098 in 15 of 33 comparable tenders
IS 16106,IS 16103,22,12,10,0.455,6.098,Cited alongside IS 16106 in 10 of 22 comparable tenders
IS 16106,IS 16104,22,11,10,0.455,6.653,Cited alongside IS 16106 in 10 of 22 comparable tenders
IS 456,IS 1239,22,21,10,0.455,3.485,Cited alongside IS 456 in 10 of 22 comparable tenders
IS 456,IS 269,22,11,10,0.455,6.653,Cited alongside IS 456 in 10 of 22 comparable tenders
IS 456,IS 516,22,12,10,0.455,6.098,Cited alongside IS 456 in 10 of 22 comparable tenders
IS 16106,IS 10322 (Part 5),22,21,10,0.455,3.485,Cited alongside IS 16106 in 10 of 22 comparable tenders
IS 9968,IS 7098,11,33,5,0.455,2.218,Cited alongside IS 9968 in 5 of 11 comparable tenders
IS 7098 (Part 1),IS 1255,11,14,5,0.455,5.227,Cited alongside IS 7098 (Part 1) in 5 of 11 comparable tenders
IS 7098 (Part 1),IS 1554,11,31,5,0.455,2.361,Cited alongside IS 7098 (Part 1) in 5 of 11 comparable tenders
IS 7098 (Part 1),IS 7098,11,33,5,0.455,2.218,Cited alongside IS 7098 (Part 1) in 5 of 11 comparable tenders
IS 13095,IS 13947,11,17,5,0.455,4.305,Cited alongside IS 13095 in 5 of 11 comparable tenders
IS 13095,IS 14846,11,6,5,0.455,12.197,Cited alongside IS 13095 in 5 of 11 comparable tenders
IS 13095,IS 2026,11,14,5,0.455,5.227,Cited alongside IS 13095 in 5 of 11 comparable tenders
IS 13095,IS 2099,11,12,5,0.455,6.098,Cited alongside IS 13095 in 5 of 11 comparable tenders
IS 13095,IS 269,11,11,5,0.455,6.653,Cited alongside IS 13095 in 5 of 11 comparable tenders
IS 13095,IS 2705,11,14,5,0.455,5.227,Cited alongside IS 13095 in 5 of 11 comparable tenders
IS 13095,IS 458,11,11,5,0.455,6.653,Cited alongside IS 13095 in 5 of 11 comparable tenders
IS 13095,IS 5082,11,18,5,0.455,4.066,Cited alongside IS 13095 in 5 of 11 comparable tenders
IS 13095,IS 781,11,6,5,0.455,12.197,Cited alongside IS 13095 in 5 of 11 comparable tenders
IS 13095,IS 783,11,8,5,0.455,9.148,Cited alongside IS 13095 in 5 of 11 comparable tenders
IS 13095,IS 8130,11,35,5,0.455,2.091,Cited alongside IS 13095 in 5 of 11 comparable tenders
IS 13095,IS 8329,11,13,5,0.455,5.629,Cited alongside IS 13095 in 5 of 11 comparable tenders
IS 13095,IS 875,11,19,5,0.455,3.852,Cited alongside IS 13095 in 5 of 11 comparable tenders
IS 13095,IS 9523,11,8,5,0.455,9.148,Cited alongside IS 13095 in 5 of 11 comparable tenders
IS 13095,IS 9595,11,8,5,0.455,9.148,Cited alongside IS 13095 in 5 of 11 comparable tenders
IS 15778,IS 2556,11,8,5,0.455,9.148,Cited alongside IS 15778 in 5 of 11 comparable tenders
IS 15778,IS 694,11,72,5,0.455,1.016,Cited alongside IS 15778 in 5 of 11 comparable tenders
IS 15885 (Part 2),IS 16103,11,12,5,0.455,6.098,Cited alongside IS 15885 (Part 2) in 5 of 11 comparable tenders
IS 15885 (Part 2),IS 16104,11,11,5,0.455,6.653,Cited alongside IS 15885 (Part 2) in 5 of 11 comparable tenders
IS 16104,IS 15885 (Part 2),11,11,5,0.455,6.653,Cited alongside IS 16104 in 5 of 11 comparable tenders
IS 2551,IS 1161,11,12,5,0.455,6.098,Cited alongside IS 2551 in 5 of 11 comparable tenders
IS 2551,IS 1363,11,8,5,0.455,9.148,Cited alongside IS 2551 in 5 of 11 comparable tenders
IS 2551,IS 13703,11,5,5,0.455,14.636,Cited alongside IS 2551 in 5 of 11 comparable tenders
IS 2551,IS 1786,11,16,5,0.455,4.574,Cited alongside IS 2551 in 5 of 11 comparable tenders
IS 2551,IS 2544,11,6,5,0.455,12.197,Cited alongside IS 2551 in 5 of 11 comparable tenders
IS 2551,IS 3427,11,9,5,0.455,8.131,Cited alongside IS 2551 in 5 of 11 comparable tenders
IS 2551,IS 3589,11,15,5,0.455,4.879,Cited alongside IS 2551 in 5 of 11 comparable tenders
IS 2551,IS 3854,11,9,5,0.455,8.131,Cited alongside IS 2551 in 5 of 11 comparable tenders
IS 2551,IS 4759,11,14,5,0.455,5.227,Cited alongside IS 2551 in 5 of 11 comparable tenders
IS 2551,IS 6875,11,8,5,0.455,9.148,Cited alongside IS 2551 in 5 of 11 comparable tenders
IS 2551,IS 808,11,10,5,0.455,7.318,Cited alongside IS 2551 in 5 of 11 comparable tenders
IS 269,IS 10221,11,8,5,0.455,9.148,Cited alongside IS 269 in 5 of 11 comparable tenders
IS 269,IS 1161,11,12,5,0.455,6.098,Cited alongside IS 269 in 5 of 11 comparable tenders
IS 269,IS 1199,11,10,5,0.455,7.318,Cited alongside IS 269 in 5 of 11 comparable tenders
IS 269,IS 13095,11,11,5,0.455,6.653,Cited alongside IS 269 in 5 of 11 comparable tenders
IS 269,IS 1363,11,8,5,0.455,9.148,Cited alongside IS 269 in 5 of 11 comparable tenders
IS 269,IS 13947,11,17,5,0.455,4.305,Cited alongside IS 269 in 5 of 11 comparable tenders
IS 269,IS 1536,11,8,5,0.455,9.148,Cited alongside IS 269 in 5 of 11 comparable tenders
IS 269,IS 1538,11,9,5,0.455,8.131,Cited alongside IS 269 in 5 of 11 comparable tenders
IS 269,IS 1852,11,8,5,0.455,9.148,Cited alongside IS 269 in 5 of 11 comparable tenders
IS 269,IS 210,11,10,5,0.455,7.318,Cited alongside IS 269 in 5 of 11 comparable tenders
IS 269,IS 2544,11,6,5,0.455,12.197,Cited alongside IS 269 in 5 of 11 comparable tenders
IS 269,IS 2633,11,13,5,0.455,5.629,Cited alongside IS 269 in 5 of 11 comparable tenders
IS 269,IS 277,11,16,5,0.455,4.574,Cited alongside IS 269 in 5 of 11 comparable tenders
IS 269,IS 3156,11,12,5,0.455,6.098,Cited alongside IS 269 in 5 of 11 comparable tenders
IS 269,IS 3231,11,11,5,0.455,6.653,Cited alongside IS 269 in 5 of 11 comparable tenders
IS 269,IS 455,11,6,5,0.455,12.197,Cited alongside IS 269 in 5 of 11 comparable tenders
IS 269,IS 458,11,11,5,0.455,6.653,Cited alongside IS 269 in 5 of 11 comparable tenders
IS 269,IS 4985,11,20,5,0.455,3.659,Cited alongside IS 269 in 5 of 11 comparable tenders
IS 269,IS 516,11,12,5,0.455,6.098,Cited alongside IS 269 in 5 of 11 comparable tenders
IS 269,IS 6005,11,9,5,0.455,8.131,Cited alongside IS 269 in 5 of 11 comparable tenders
IS 269,IS 780,11,10,5,0.455,7.318,Cited alongside IS 269 in 5 of 11 comparable tenders
IS 269,IS 800,11,12,5,0.455,6.098,Cited alongside IS 269 in 5 of 11 comparable tenders
IS 269,IS 8112,11,12,5,0.455,6.098,Cited alongside IS 269 in 5 of 11 comparable tenders
IS 269,IS 814,11,6,5,0.455,12.197,Cited alongside IS 269 in 5 of 11 comparable tenders
IS 269,IS 875,11,19,5,0.455,3.852,Cited alongside IS 269 in 5 of 11 comparable tenders
IS 269,IS 9595,11,8,5,0.455,9.148,Cited alongside IS 269 in 5 of 11 comparable tenders
IS 3231,IS 10322,11,32,5,0.455,2.287,Cited alongside IS 3231 in 5 of 11 comparable tenders
IS 3231,IS 10810,11,15,5,0.455,4.879,Cited alongside IS 3231 in 5 of 11 comparable tenders
IS 3231,IS 1239,11,21,5,0.455,3.485,Cited alongside IS 3231 in 5 of 11 comparable tenders
IS 3231,IS 1293,11,12,5,0.455,6.098,Cited alongside IS 3231 in 5 of 11 comparable tenders
IS 3231,IS 1363,11,8,5,0.455,9.148,Cited alongside IS 3231 in 5 of 11 comparable tenders
IS 3231,IS 13703,11,5,5,0.455,14.636,Cited alongside IS 3231 in 5 of 11 comparable tenders
IS 3231,IS 2544,11,6,5,0.455,12.197,Cited alongside IS 3231 in 5 of 11 comparable tenders
IS 3231,IS 269,11,11,5,0.455,6.653,Cited alongside IS 3231 in 5 of 11 comparable tenders
IS 3231,IS 3854,11,9,5,0.455,8.131,Cited alongside IS 3231 in 5 of 11 comparable tenders
IS 3231,IS 456,11,22,5,0.455,3.326,Cited alongside IS 3231 in 5 of 11 comparable tenders
IS 3231,IS 458,11,11,5,0.455,6.653,Cited alongside IS 3231 in 5 of 11 comparable tenders
IS 3231,IS 4759,11,14,5,0.455,5.227,Cited alongside IS 3231 in 5 of 11 comparable tenders
IS 3231,IS 554,11,9,5,0.455,8.131,Cited alongside IS 3231 in 5 of 11 comparable tenders
IS 3231,IS 6392,11,7,5,0.455,10.455,Cited alongside IS 3231 in 5 of 11 comparable tenders
IS 3231,IS 800,11,12,5,0.455,6.098,Cited alongside IS 3231 in 5 of 11 comparable tenders
IS 3231,IS 816,11,9,5,0.455,8.131,Cited alongside IS 3231 in 5 of 11 comparable tenders
IS 3231,IS 9103,11,15,5,0.455,4.879,Cited alongside IS 3231 in 5 of 11 comparable tenders
IS 325,IS 104,11,5,5,0.455,14.636,Cited alongside IS 325 in 5 of 11 comparable tenders
IS 325,IS 10810,11,15,5,0.455,4.879,Cited alongside IS 325 in 5 of 11 comparable tenders
IS 325,IS 1182,11,5,5,0.455,14.636,Cited alongside IS 325 in 5 of 11 comparable tenders
IS 325,IS 13703,11,5,5,0.455,14.636,Cited alongside IS 325 in 5 of 11 comparable tenders
IS 325,IS 1489,11,13,5,0.455,5.629,Cited alongside IS 325 in 5 of 11 comparable tenders
IS 325,IS 2074,11,7,5,0.455,10.455,Cited alongside IS 325 in 5 of 11 comparable tenders
IS 325,IS 2595,11,5,5,0.455,14.636,Cited alongside IS 325 in 5 of 11 comparable tenders
IS 325,IS 2633,11,13,5,0.455,5.629,Cited alongside IS 325 in 5 of 11 comparable tenders
IS 325,IS 3427,11,9,5,0.455,8.131,Cited alongside IS 325 in 5 of 11 comparable tenders
IS 325,IS 383,11,16,5,0.455,4.574,Cited alongside IS 325 in 5 of 11 comparable tenders
IS 325,IS 432,11,8,5,0.455,9.148,Cited alongside IS 325 in 5 of 11 comparable tenders
IS 325,IS 455,11,6,5,0.455,12.197,Cited alongside IS 325 in 5 of 11 comparable tenders
IS 325,IS 458,11,11,5,0.455,6.653,Cited alongside IS 325 in 5 of 11 comparable tenders
IS 325,IS 4722,11,6,5,0.455,12.197,Cited alongside IS 325 in 5 of 11 comparable tenders
IS 325,IS 6875,11,8,5,0.455,9.148,Cited alongside IS 325 in 5 of 11 comparable tenders
IS 325,IS 732,11,15,5,0.455,4.879,Cited alongside IS 325 in 5 of 11 comparable tenders
IS 325,IS 800,11,12,5,0.455,6.098,Cited alongside IS 325 in 5 of 11 comparable tenders
IS 325,IS 8183,11,5,5,0.455,14.636,Cited alongside IS 325 in 5 of 11 comparable tenders
IS 325,IS 9537,11,13,5,0.455,5.629,Cited alongside IS 325 in 5 of 11 comparable tenders
IS 458,IS 13095,11,11,5,0.455,6.653,Cited alongside IS 458 in 5 of 11 comparable tenders
IS 458,IS 13592,11,15,5,0.455,4.879,Cited alongside IS 458 in 5 of 11 comparable tenders
IS 458,IS 13947,11,17,5,0.455,4.305,Cited alongside IS 458 in 5 of 11 comparable tenders
IS 458,IS 1536,11,8,5,0.455,9.148,Cited alongside IS 458 in 5 of 11 comparable tenders
IS 458,IS 1554,11,31,5,0.455,2.361,Cited alongside IS 458 in 5 of 11 comparable tenders
IS 458,IS 210,11,10,5,0.455,7.318,Cited alongside IS 458 in 5 of 11 comparable tenders
IS 458,IS 2629,11,17,5,0.455,4.305,Cited alongside IS 458 in 5 of 11 comparable tenders
IS 458,IS 269,11,11,5,0.455,6.653,Cited alongside IS 458 in 5 of 11 comparable tenders
IS 458,IS 277,11,16,5,0.455,4.574,Cited alongside IS 458 in 5 of 11 comparable tenders
IS 458,IS 3231,11,11,5,0.455,6.653,Cited alongside IS 458 in 5 of 11 comparable tenders
IS 458,IS 325,11,11,5,0.455,6.653,Cited alongside IS 458 in 5 of 11 comparable tenders
IS 458,IS 3589,11,15,5,0.455,4.879,Cited alongside IS 458 in 5 of 11 comparable tenders
IS 458,IS 383,11,16,5,0.455,4.574,Cited alongside IS 458 in 5 of 11 comparable tenders
IS 458,IS 432,11,8,5,0.455,9.148,Cited alongside IS 458 in 5 of 11 comparable tenders
IS 458,IS 778,11,9,5,0.455,8.131,Cited alongside IS 458 in 5 of 11 comparable tenders
IS 458,IS 780,11,10,5,0.455,7.318,Cited alongside IS 458 in 5 of 11 comparable tenders
IS 458,IS 8130,11,35,5,0.455,2.091,Cited alongside IS 458 in 5 of 11 comparable tenders
IS 458,IS 8329,11,13,5,0.455,5.629,Cited alongside IS 458 in 5 of 11 comparable tenders
IS 15622,IS 1786,11,16,5,0.455,4.574,Cited alongside IS 15622 in 5 of 11 comparable tenders
IS 15622,IS 277,11,16,5,0.455,4.574,Cited alongside IS 15622 in 5 of 11 comparable tenders
IS 15622,IS 3989,11,6,5,0.455,12.197,Cited alongside IS 15622 in 5 of 11 comparable tenders
IS 15622,IS 516,11,12,5,0.455,6.098,Cited alongside IS 15622 in 5 of 11 comparable tenders
IS 15622,IS 694,11,72,5,0.455,1.016,Cited alongside IS 15622 in 5 of 11 comparable tenders
IS 325,IS 1364,11,5,5,0.455,14.636,Cited alongside IS 325 in 5 of 11 comparable tenders
IS 458,IS 100,11,9,5,0.455,8.131,Cited alongside IS 458 in 5 of 11 comparable tenders
IS 3231,IS 10028,11,6,5,0.455,12.197,Cited alongside IS 3231 in 5 of 11 comparable tenders
IS 3231,IS 617,11,9,5,0.455,8.131,Cited alongside IS 3231 in 5 of 11 comparable tenders
IS 3231,IS 6792,11,6,5,0.455,12.197,Cited alongside IS 3231 in 5 of 11 comparable tenders
IS 269,IS 5561,11,7,5,0.455,10.455,Cited alongside IS 269 in 5 of 11 comparable tenders
IS 2551,IS 10418,11,17,5,0.455,4.305,Cited alongside IS 2551 in 5 of 11 comparable tenders
IS 2551,IS 1258,11,5,5,0.455,14.636,Cited alongside IS 2551 in 5 of 11 comparable tenders
IS 2551,IS 1651,11,8,5,0.455,9.148,Cited alongside IS 2551 in 5 of 11 comparable tenders
IS 2551,IS 5133,11,7,5,0.455,10.455,Cited alongside IS 2551 in 5 of 11 comparable tenders
IS 9968,IS 1554,11,31,5,0.455,2.361,Cited alongside IS 9968 in 5 of 11 comparable tenders
IS 4736,IS 13947,11,17,5,0.455,4.305,Cited alongside IS 4736 in 5 of 11 comparable tenders
IS 4736,IS 554,11,9,5,0.455,8.131,Cited alongside IS 4736 in 5 of 11 comparable tenders
IS 4736,IS 5831,11,31,5,0.455,2.361,Cited alongside IS 4736 in 5 of 11 comparable tenders
IS 4736,IS 8130,11,35,5,0.455,2.091,Cited alongside IS 4736 in 5 of 11 comparable tenders
IS 1893,IS 10810,11,15,5,0.455,4.879,Cited alongside IS 1893 in 5 of 11 comparable tenders
IS 1893,IS 1161,11,12,5,0.455,6.098,Cited alongside IS 1893 in 5 of 11 comparable tenders
IS 1893,IS 1180,11,7,5,0.455,10.455,Cited alongside IS 1893 in 5 of 11 comparable tenders
IS 1893,IS 1520,11,6,5,0.455,12.197,Cited alongside IS 1893 in 5 of 11 comparable tenders
IS 1893,IS 1538,11,9,5,0.455,8.131,Cited alongside IS 1893 in 5 of 11 comparable tenders
IS 1893,IS 1651,11,8,5,0.455,9.148,Cited alongside IS 1893 in 5 of 11 comparable tenders
IS 1893,IS 2071,11,6,5,0.455,12.197,Cited alongside IS 1893 in 5 of 11 comparable tenders
IS 1893,IS 780,11,10,5,0.455,7.318,Cited alongside IS 1893 in 5 of 11 comparable tenders
IS 1893,IS 816,11,9,5,0.455,8.131,Cited alongside IS 1893 in 5 of 11 comparable tenders
IS 1893,IS 9537,11,13,5,0.455,5.629,Cited alongside IS 1893 in 5 of 11 comparable tenders
IS 1893,IS 9595,11,8,5,0.455,9.148,Cited alongside IS 1893 in 5 of 11 comparable tenders
IS 2551,IS 2878,11,10,5,0.455,7.318,Cited alongside IS 2551 in 5 of 11 comparable tenders
IS 325,IS 1520,11,6,5,0.455,12.197,Cited alongside IS 325 in 5 of 11 comparable tenders
IS 325,IS 2071,11,6,5,0.455,12.197,Cited alongside IS 325 in 5 of 11 comparable tenders
IS 325,IS 2878,11,10,5,0.455,7.318,Cited alongside IS 325 in 5 of 11 comparable tenders
IS 1893,IS 1778,11,5,5,0.455,14.636,Cited alongside IS 1893 in 5 of 11 comparable tenders
IS 1893,IS 2121,11,6,5,0.455,12.197,Cited alongside IS 1893 in 5 of 11 comparable tenders
IS 1893,IS 2633,11,13,5,0.455,5.629,Cited alongside IS 1893 in 5 of 11 comparable tenders
IS 1893,IS 269,11,11,5,0.455,6.653,Cited alongside IS 1893 in 5 of 11 comparable tenders
IS 1893,IS 3202,11,7,5,0.455,10.455,Cited alongside IS 1893 in 5 of 11 comparable tenders
IS 1893,IS 3639,11,6,5,0.455,12.197,Cited alongside IS 1893 in 5 of 11 comparable tenders
IS 1893,IS 398,11,9,5,0.455,8.131,Cited alongside IS 1893 in 5 of 11 comparable tenders
IS 1893,IS 4826,11,6,5,0.455,12.197,Cited alongside IS 1893 in 5 of 11 comparable tenders
IS 2147,IS 1778,11,5,5,0.455,14.636,Cited alongside IS 2147 in 5 of 11 comparable tenders
IS 2147,IS 2121,11,6,5,0.455,12.197,Cited alongside IS 2147 in 5 of 11 comparable tenders
IS 2147,IS 2629,11,17,5,0.455,4.305,Cited alongside IS 2147 in 5 of 11 comparable tenders
IS 2147,IS 2633,11,13,5,0.455,5.629,Cited alongside IS 2147 in 5 of 11 comparable tenders
IS 2147,IS 4826,11,6,5,0.455,12.197,Cited alongside IS 2147 in 5 of 11 comparable tenders
IS 2147,IS 5561,11,7,5,0.455,10.455,Cited alongside IS 2147 in 5 of 11 comparable tenders
IS 2551,IS 13118,11,8,5,0.455,9.148,Cited alongside IS 2551 in 5 of 11 comparable tenders
IS 2551,IS 1778,11,5,5,0.455,14.636,Cited alongside IS 2551 in 5 of 11 comparable tenders
IS 2551,IS 2121,11,6,5,0.455,12.197,Cited alongside IS 2551 in 5 of 11 comparable tenders
IS 2551,IS 3975,11,16,5,0.455,4.574,Cited alongside IS 2551 in 5 of 11 comparable tenders
IS 2551,IS 4826,11,6,5,0.455,12.197,Cited alongside IS 2551 in 5 of 11 comparable tenders
IS 2551,IS 5561,11,7,5,0.455,10.455,Cited alongside IS 2551 in 5 of 11 comparable tenders
IS 2551,IS 6600,11,7,5,0.455,10.455,Cited alongside IS 2551 in 5 of 11 comparable tenders
IS 269,IS 1893,11,11,5,0.455,6.653,Cited alongside IS 269 in 5 of 11 comparable tenders
IS 269,IS 3975,11,16,5,0.455,4.574,Cited alongside IS 269 in 5 of 11 comparable tenders
IS 3231,IS 1778,11,5,5,0.455,14.636,Cited alongside IS 3231 in 5 of 11 comparable tenders
IS 3231,IS 2121,11,6,5,0.455,12.197,Cited alongside IS 3231 in 5 of 11 comparable tenders
IS 3231,IS 4826,11,6,5,0.455,12.197,Cited alongside IS 3231 in 5 of 11 comparable tenders
IS 3231,IS 5216,11,9,5,0.455,8.131,Cited alongside IS 3231 in 5 of 11 comparable tenders
IS 3231,IS 5561,11,7,5,0.455,10.455,Cited alongside IS 3231 in 5 of 11 comparable tenders
IS 1893,IS 10418,11,17,5,0.455,4.305,Cited alongside IS 1893 in 5 of 11 comparable tenders
IS 1893,IS 1363,11,8,5,0.455,9.148,Cited alongside IS 1893 in 5 of 11 comparable tenders
IS 1893,IS 228,11,5,5,0.455,14.636,Cited alongside IS 1893 in 5 of 11 comparable tenders
IS 1893,IS 2713,11,9,5,0.455,8.131,Cited alongside IS 1893 in 5 of 11 comparable tenders
IS 1893,IS 383,11,16,5,0.455,4.574,Cited alongside IS 1893 in 5 of 11 comparable tenders
IS 1893,IS 554,11,9,5,0.455,8.131,Cited alongside IS 1893 in 5 of 11 comparable tenders
IS 1893,IS 800,11,12,5,0.455,6.098,Cited alongside IS 1893 in 5 of 11 comparable tenders
IS 2147,IS 11353,11,5,5,0.455,14.636,Cited alongside IS 2147 in 5 of 11 comparable tenders
IS 2147,IS 12063,11,6,5,0.455,12.197,Cited alongside IS 2147 in 5 of 11 comparable tenders
IS 2147,IS 209,11,9,5,0.455,8.131,Cited alongside IS 2147 in 5 of 11 comparable tenders
IS 2147,IS 2208,11,5,5,0.455,14.636,Cited alongside IS 2147 in 5 of 11 comparable tenders
IS 2147,IS 2878,11,10,5,0.455,7.318,Cited alongside IS 2147 in 5 of 11 comparable tenders
IS 2147,IS 3842,11,5,5,0.455,14.636,Cited alongside IS 2147 in 5 of 11 comparable tenders
IS 2147,IS 3854,11,9,5,0.455,8.131,Cited alongside IS 2147 in 5 of 11 comparable tenders
IS 2147,IS 5039,11,5,5,0.455,14.636,Cited alongside IS 2147 in 5 of 11 comparable tenders
IS 2147,IS 6745,11,8,5,0.455,9.148,Cited alongside IS 2147 in 5 of 11 comparable tenders
IS 2551,IS 2713,11,9,5,0.455,8.131,Cited alongside IS 2551 in 5 of 11 comparable tenders
IS 2551,IS 3842,11,5,5,0.455,14.636,Cited alongside IS 2551 in 5 of 11 comparable tenders
IS 2551,IS 5039,11,5,5,0.455,14.636,Cited alongside IS 2551 in 5 of 11 comparable tenders
IS 3231,IS 12063,11,6,5,0.455,12.197,Cited alongside IS 3231 in 5 of 11 comparable tenders
IS 3231,IS 209,11,9,5,0.455,8.131,Cited alongside IS 3231 in 5 of 11 comparable tenders
IS 3231,IS 2878,11,10,5,0.455,7.318,Cited alongside IS 3231 in 5 of 11 comparable tenders
IS 3231,IS 375,11,8,5,0.455,9.148,Cited alongside IS 3231 in 5 of 11 comparable tenders
IS 3231,IS 3837,11,10,5,0.455,7.318,Cited alongside IS 3231 in 5 of 11 comparable tenders
IS 3231,IS 3842,11,5,5,0.455,14.636,Cited alongside IS 3231 in 5 of 11 comparable tenders
IS 3231,IS 6745,11,8,5,0.455,9.148,Cited alongside IS 3231 in 5 of 11 comparable tenders
IS 325,IS 10418,11,17,5,0.455,4.305,Cited alongside IS 325 in 5 of 11 comparable tenders
IS 325,IS 2713,11,9,5,0.455,8.131,Cited alongside IS 325 in 5 of 11 comparable tenders
IS 325,IS 3202,11,7,5,0.455,10.455,Cited alongside IS 325 in 5 of 11 comparable tenders
IS 325,IS 3639,11,6,5,0.455,12.197,Cited alongside IS 325 in 5 of 11 comparable tenders
IS 325,IS 3842,11,5,5,0.455,14.636,Cited alongside IS 325 in 5 of 11 comparable tenders
IS 325,IS 5561,11,7,5,0.455,10.455,Cited alongside IS 325 in 5 of 11 comparable tenders
IS 325,IS 6600,11,7,5,0.455,10.455,Cited alongside IS 325 in 5 of 11 comparable tenders
IS 15622,IS 1285,11,9,5,0.455,8.131,Cited alongside IS 15622 in 5 of 11 comparable tenders
IS 15622,IS 1868,11,7,5,0.455,10.455,Cited alongside IS 15622 in 5 of 11 comparable tenders
IS 2147,IS 1239,11,21,5,0.455,3.485,Cited alongside IS 2147 in 5 of 11 comparable tenders
IS 2147,IS 3427,11,9,5,0.455,8.131,Cited alongside IS 2147 in 5 of 11 comparable tenders
IS 2147,IS 4736,11,11,5,0.455,6.653,Cited alongside IS 2147 in 5 of 11 comparable tenders
IS 4736,IS 1554,11,31,5,0.455,2.361,Cited alongside IS 4736 in 5 of 11 comparable tenders
IS 4736,IS 16102,11,19,5,0.455,3.852,Cited alongside IS 4736 in 5 of 11 comparable tenders
IS 4736,IS 2147,11,11,5,0.455,6.653,Cited alongside IS 4736 in 5 of 11 comparable tenders
IS 4736,IS 4237,11,9,5,0.455,8.131,Cited alongside IS 4736 in 5 of 11 comparable tenders
IS 16104,IS 10322 (Part 5),11,21,5,0.455,3.485,Cited alongside IS 16104 in 5 of 11 comparable tenders
IS 10322 (Part 1),IS 15885 (Part 2),11,11,5,0.455,6.653,Cited alongside IS 10322 (Part 1) in 5 of 11 comparable tenders
IS 10322 (Part 1),IS 16105,11,12,5,0.455,6.098,Cited alongside IS 10322 (Part 1) in 5 of 11 comparable tenders
IS 10322 (Part 1),IS 16108,11,13,5,0.455,5.629,Cited alongside IS 10322 (Part 1) in 5 of 11 comparable tenders
IS 15885 (Part 2),IS 10322 (Part 1),11,11,5,0.455,6.653,Cited alongside IS 15885 (Part 2) in 5 of 11 comparable tenders
IS 15885 (Part 2),IS 16107 (Part 2),11,8,5,0.455,9.148,Cited alongside IS 15885 (Part 2) in 5 of 11 comparable tenders
IS 16104,IS 16107 (Part 2),11,8,5,0.455,9.148,Cited alongside IS 16104 in 5 of 11 comparable tenders
IS 5831,IS 10810,31,15,14,0.452,4.847,Cited alongside IS 5831 in 14 of 31 comparable tenders
IS 1554,IS 3961,31,15,14,0.452,4.847,Cited alongside IS 1554 in 14 of 31 comparable tenders
IS 3043,IS 732,31,15,14,0.452,4.847,Cited alongside IS 3043 in 14 of 31 comparable tenders
IS 1554,IS 8623,31,20,14,0.452,3.635,Cited alongside IS 1554 in 14 of 31 comparable tenders
IS 4985,IS 3043,20,31,9,0.45,2.337,Cited alongside IS 4985 in 9 of 20 comparable tenders
IS 4985,IS 456,20,22,9,0.45,3.293,Cited alongside IS 4985 in 9 of 20 comparable tenders
IS 4985,IS 694,20,72,9,0.45,1.006,Cited alongside IS 4985 in 9 of 20 comparable tenders
IS 8623,IS 3589,20,15,9,0.45,4.83,Cited alongside IS 8623 in 9 of 20 comparable tenders
IS 8623,IS 10418,20,17,9,0.45,4.262,Cited alongside IS 8623 in 9 of 20 comparable tenders
IS 8623,IS 1293,20,12,9,0.45,6.037,Cited alongside IS 8623 in 9 of 20 comparable tenders
IS 8623,IS 3837,20,10,9,0.45,7.245,Cited alongside IS 8623 in 9 of 20 comparable tenders
IS 8623,IS 5216,20,9,9,0.45,8.05,Cited alongside IS 8623 in 9 of 20 comparable tenders
IS 8623,IS 5578,20,10,9,0.45,7.245,Cited alongside IS 8623 in 9 of 20 comparable tenders
IS 8623,IS 1893,20,11,9,0.45,6.586,Cited alongside IS 8623 in 9 of 20 comparable tenders
IS 8623,IS 3975,20,16,9,0.45,4.528,Cited alongside IS 8623 in 9 of 20 comparable tenders
IS 5082,IS 10418,18,17,8,0.444,4.209,Cited alongside IS 5082 in 8 of 18 comparable tenders
IS 5082,IS 3975,18,16,8,0.444,4.472,Cited alongside IS 5082 in 8 of 18 comparable tenders
IS 16107,IS 16101,18,9,8,0.444,7.951,Cited alongside IS 16107 in 8 of 18 comparable tenders
IS 16107,IS 16105,18,12,8,0.444,5.963,Cited alongside IS 16107 in 8 of 18 comparable tenders
IS 5082,IS 2551,18,11,8,0.444,6.505,Cited alongside IS 5082 in 8 of 18 comparable tenders
IS 5082,IS 277,18,16,8,0.444,4.472,Cited alongside IS 5082 in 8 of 18 comparable tenders
IS 5082,IS 325,18,11,8,0.444,6.505,Cited alongside IS 5082 in 8 of 18 comparable tenders
IS 5082,IS 3589,18,15,8,0.444,4.77,Cited alongside IS 5082 in 8 of 18 comparable tenders
IS 5082,IS 456,18,22,8,0.444,3.253,Cited alongside IS 5082 in 8 of 18 comparable tenders
IS 5082,IS 4759,18,14,8,0.444,5.111,Cited alongside IS 5082 in 8 of 18 comparable tenders
IS 5082,IS 6005,18,9,8,0.444,7.951,Cited alongside IS 5082 in 8 of 18 comparable tenders
IS 5082,IS 800,18,12,8,0.444,5.963,Cited alongside IS 5082 in 8 of 18 comparable tenders
IS 5082,IS 9537,18,13,8,0.444,5.504,Cited alongside IS 5082 in 8 of 18 comparable tenders
IS 5082,IS 398,18,9,8,0.444,7.951,Cited alongside IS 5082 in 8 of 18 comparable tenders
IS 5082,IS 1893,18,11,8,0.444,6.505,Cited alongside IS 5082 in 8 of 18 comparable tenders
IS 5082,IS 2147,18,11,8,0.444,6.505,Cited alongside IS 5082 in 8 of 18 comparable tenders
IS 277,IS 13592,16,15,7,0.438,4.696,Cited alongside IS 277 in 7 of 16 comparable tenders
IS 1786,IS 1554,16,31,7,0.438,2.272,Cited alongside IS 1786 in 7 of 16 comparable tenders
IS 1786,IS 2026,16,14,7,0.438,5.031,Cited alongside IS 1786 in 7 of 16 comparable tenders
IS 1786,IS 2099,16,12,7,0.438,5.87,Cited alongside IS 1786 in 7 of 16 comparable tenders
IS 1786,IS 2629,16,17,7,0.438,4.143,Cited alongside IS 1786 in 7 of 16 comparable tenders
IS 1786,IS 2705,16,14,7,0.438,5.031,Cited alongside IS 1786 in 7 of 16 comparable tenders
IS 1786,IS 325,16,11,7,0.438,6.403,Cited alongside IS 1786 in 7 of 16 comparable tenders
IS 1786,IS 458,16,11,7,0.438,6.403,Cited alongside IS 1786 in 7 of 16 comparable tenders
IS 1786,IS 4985,16,20,7,0.438,3.522,Cited alongside IS 1786 in 7 of 16 comparable tenders
IS 1786,IS 5082,16,18,7,0.438,3.913,Cited alongside IS 1786 in 7 of 16 comparable tenders
IS 1786,IS 516,16,12,7,0.438,5.87,Cited alongside IS 1786 in 7 of 16 comparable tenders
IS 1786,IS 554,16,9,7,0.438,7.826,Cited alongside IS 1786 in 7 of 16 comparable tenders
IS 1786,IS 732,16,15,7,0.438,4.696,Cited alongside IS 1786 in 7 of 16 comparable tenders
IS 1786,IS 778,16,9,7,0.438,7.826,Cited alongside IS 1786 in 7 of 16 comparable tenders
IS 1786,IS 780,16,10,7,0.438,7.044,Cited alongside IS 1786 in 7 of 16 comparable tenders
IS 1786,IS 783,16,8,7,0.438,8.805,Cited alongside IS 1786 in 7 of 16 comparable tenders
IS 1786,IS 800,16,12,7,0.438,5.87,Cited alongside IS 1786 in 7 of 16 comparable tenders
IS 1786,IS 8112,16,12,7,0.438,5.87,Cited alongside IS 1786 in 7 of 16 comparable tenders
IS 277,IS 1161,16,12,7,0.438,5.87,Cited alongside IS 277 in 7 of 16 comparable tenders
IS 277,IS 1248,16,12,7,0.438,5.87,Cited alongside IS 277 in 7 of 16 comparable tenders
IS 277,IS 1293,16,12,7,0.438,5.87,Cited alongside IS 277 in 7 of 16 comparable tenders
IS 277,IS 2026,16,14,7,0.438,5.031,Cited alongside IS 277 in 7 of 16 comparable tenders
IS 277,IS 2551,16,11,7,0.438,6.403,Cited alongside IS 277 in 7 of 16 comparable tenders
IS 277,IS 2705,16,14,7,0.438,5.031,Cited alongside IS 277 in 7 of 16 comparable tenders
IS 277,IS 325,16,11,7,0.438,6.403,Cited alongside IS 277 in 7 of 16 comparable tenders
IS 277,IS 456,16,22,7,0.438,3.202,Cited alongside IS 277 in 7 of 16 comparable tenders
IS 383,IS 1239,16,21,7,0.438,3.354,Cited alongside IS 383 in 7 of 16 comparable tenders
IS 383,IS 210,16,10,7,0.438,7.044,Cited alongside IS 383 in 7 of 16 comparable tenders
IS 383,IS 5082,16,18,7,0.438,3.913,Cited alongside IS 383 in 7 of 16 comparable tenders
IS 383,IS 516,16,12,7,0.438,5.87,Cited alongside IS 383 in 7 of 16 comparable tenders
IS 383,IS 7098,16,33,7,0.438,2.134,Cited alongside IS 383 in 7 of 16 comparable tenders
IS 383,IS 875,16,19,7,0.438,3.707,Cited alongside IS 383 in 7 of 16 comparable tenders
IS 277,IS 8828,16,10,7,0.438,7.044,Cited alongside IS 277 in 7 of 16 comparable tenders
IS 277,IS 3837,16,10,7,0.438,7.044,Cited alongside IS 277 in 7 of 16 comparable tenders
IS 3975,IS 1893,16,11,7,0.438,6.403,Cited alongside IS 3975 in 7 of 16 comparable tenders
IS 3975,IS 2026,16,14,7,0.438,5.031,Cited alongside IS 3975 in 7 of 16 comparable tenders
IS 3975,IS 2099,16,12,7,0.438,5.87,Cited alongside IS 3975 in 7 of 16 comparable tenders
IS 3975,IS 2147,16,11,7,0.438,6.403,Cited alongside IS 3975 in 7 of 16 comparable tenders
IS 3975,IS 3156,16,12,7,0.438,5.87,Cited alongside IS 3975 in 7 of 16 comparable tenders
IS 3975,IS 3231,16,11,7,0.438,6.403,Cited alongside IS 3975 in 7 of 16 comparable tenders
IS 277,IS 2147,16,11,7,0.438,6.403,Cited alongside IS 277 in 7 of 16 comparable tenders
IS 8130,IS 10810,35,15,15,0.429,4.6,Cited alongside IS 8130 in 15 of 35 comparable tenders
IS 8130,IS 3043,35,31,15,0.429,2.226,Cited alongside IS 8130 in 15 of 35 comparable tenders
IS 2062,IS 10322,28,32,12,0.429,2.156,Cited alongside IS 2062 in 12 of 28 comparable tenders
IS 2062,IS 1239,28,21,12,0.429,3.286,Cited alongside IS 2062 in 12 of 28 comparable tenders
IS 2062,IS 456,28,22,12,0.429,3.136,Cited alongside IS 2062 in 12 of 28 comparable tenders
IS 2062,IS 5831,28,31,12,0.429,2.226,Cited alongside IS 2062 in 12 of 28 comparable tenders
IS 2062,IS 335,28,13,12,0.429,5.308,Cited alongside IS 2062 in 12 of 28 comparable tenders
IS 1239,IS 13947,21,17,9,0.429,4.059,Cited alongside IS 1239 in 9 of 21 comparable tenders
IS 1239,IS 1554,21,31,9,0.429,2.226,Cited alongside IS 1239 in 9 of 21 comparable tenders
IS 1239,IS 458,21,11,9,0.429,6.273,Cited alongside IS 1239 in 9 of 21 comparable tenders
IS 1239,IS 5082,21,18,9,0.429,3.833,Cited alongside IS 1239 in 9 of 21 comparable tenders
IS 1239,IS 7098,21,33,9,0.429,2.091,Cited alongside IS 1239 in 9 of 21 comparable tenders
IS 1255,IS 1293,14,12,6,0.429,5.75,Cited alongside IS 1255 in 6 of 14 comparable tenders
IS 1255,IS 277,14,16,6,0.429,4.312,Cited alongside IS 1255 in 6 of 14 comparable tenders
IS 1255,IS 325,14,11,6,0.429,6.273,Cited alongside IS 1255 in 6 of 14 comparable tenders
IS 1255,IS 3427,14,9,6,0.429,7.667,Cited alongside IS 1255 in 6 of 14 comparable tenders
IS 1255,IS 6875,14,8,6,0.429,8.625,Cited alongside IS 1255 in 6 of 14 comparable tenders
IS 1255,IS 808,14,10,6,0.429,6.9,Cited alongside IS 1255 in 6 of 14 comparable tenders
IS 2026,IS 10322,14,32,6,0.429,2.156,Cited alongside IS 2026 in 6 of 14 comparable tenders
IS 2026,IS 1161,14,12,6,0.429,5.75,Cited alongside IS 2026 in 6 of 14 comparable tenders
IS 2026,IS 1363,14,8,6,0.429,8.625,Cited alongside IS 2026 in 6 of 14 comparable tenders
IS 2026,IS 1538,14,9,6,0.429,7.667,Cited alongside IS 2026 in 6 of 14 comparable tenders
IS 2026,IS 269,14,11,6,0.429,6.273,Cited alongside IS 2026 in 6 of 14 comparable tenders
IS 2026,IS 4759,14,14,6,0.429,4.929,Cited alongside IS 2026 in 6 of 14 comparable tenders
IS 2026,IS 554,14,9,6,0.429,7.667,Cited alongside IS 2026 in 6 of 14 comparable tenders
IS 2026,IS 6392,14,7,6,0.429,9.857,Cited alongside IS 2026 in 6 of 14 comparable tenders
IS 2026,IS 780,14,10,6,0.429,6.9,Cited alongside IS 2026 in 6 of 14 comparable tenders
IS 2026,IS 800,14,12,6,0.429,5.75,Cited alongside IS 2026 in 6 of 14 comparable tenders
IS 2026,IS 808,14,10,6,0.429,6.9,Cited alongside IS 2026 in 6 of 14 comparable tenders
IS 2026,IS 9595,14,8,6,0.429,8.625,Cited alongside IS 2026 in 6 of 14 comparable tenders
IS 2705,IS 10322,14,32,6,0.429,2.156,Cited alongside IS 2705 in 6 of 14 comparable tenders
IS 2705,IS 10810,14,15,6,0.429,4.6,Cited alongside IS 2705 in 6 of 14 comparable tenders
IS 2705,IS 1293,14,12,6,0.429,5.75,Cited alongside IS 2705 in 6 of 14 comparable tenders
IS 2705,IS 269,14,11,6,0.429,6.273,Cited alongside IS 2705 in 6 of 14 comparable tenders
IS 2705,IS 3589,14,15,6,0.429,4.6,Cited alongside IS 2705 in 6 of 14 comparable tenders
IS 2705,IS 554,14,9,6,0.429,7.667,Cited alongside IS 2705 in 6 of 14 comparable tenders
IS 2705,IS 808,14,10,6,0.429,6.9,Cited alongside IS 2705 in 6 of 14 comparable tenders
IS 2705,IS 9595,14,8,6,0.429,8.625,Cited alongside IS 2705 in 6 of 14 comparable tenders
IS 4759,IS 13947,14,17,6,0.429,4.059,Cited alongside IS 4759 in 6 of 14 comparable tenders
IS 4759,IS 2026,14,14,6,0.429,4.929,Cited alongside IS 4759 in 6 of 14 comparable tenders
IS 4759,IS 9103,14,15,6,0.429,4.6,Cited alongside IS 4759 in 6 of 14 comparable tenders
IS 1255,IS 398,14,9,6,0.429,7.667,Cited alongside IS 1255 in 6 of 14 comparable tenders
IS 2026,IS 10028,14,6,6,0.429,11.5,Cited alongside IS 2026 in 6 of 14 comparable tenders
IS 2026,IS 1180,14,7,6,0.429,9.857,Cited alongside IS 2026 in 6 of 14 comparable tenders
IS 2026,IS 2309,14,9,6,0.429,7.667,Cited alongside IS 2026 in 6 of 14 comparable tenders
IS 2026,IS 2713,14,9,6,0.429,7.667,Cited alongside IS 2026 in 6 of 14 comparable tenders
IS 2026,IS 398,14,9,6,0.429,7.667,Cited alongside IS 2026 in 6 of 14 comparable tenders
IS 2705,IS 10028,14,6,6,0.429,11.5,Cited alongside IS 2705 in 6 of 14 comparable tenders
IS 2705,IS 2309,14,9,6,0.429,7.667,Cited alongside IS 2705 in 6 of 14 comparable tenders
IS 2705,IS 2713,14,9,6,0.429,7.667,Cited alongside IS 2705 in 6 of 14 comparable tenders
IS 2705,IS 398,14,9,6,0.429,7.667,Cited alongside IS 2705 in 6 of 14 comparable tenders
IS 4759,IS 335,14,13,6,0.429,5.308,Cited alongside IS 4759 in 6 of 14 comparable tenders
IS 4759,IS 209,14,9,6,0.429,7.667,Cited alongside IS 4759 in 6 of 14 comparable tenders
IS 1255,IS 2071,14,6,6,0.429,11.5,Cited alongside IS 1255 in 6 of 14 comparable tenders
IS 1255,IS 209,14,9,6,0.429,7.667,Cited alongside IS 1255 in 6 of 14 comparable tenders
IS 1255,IS 5216,14,9,6,0.429,7.667,Cited alongside IS 1255 in 6 of 14 comparable tenders
IS 1255,IS 8828,14,10,6,0.429,6.9,Cited alongside IS 1255 in 6 of 14 comparable tenders
IS 2026,IS 10418,14,17,6,0.429,4.059,Cited alongside IS 2026 in 6 of 14 comparable tenders
IS 2026,IS 1651,14,8,6,0.429,8.625,Cited alongside IS 2026 in 6 of 14 comparable tenders
IS 2026,IS 2071,14,6,6,0.429,11.5,Cited alongside IS 2026 in 6 of 14 comparable tenders
IS 1255,IS 6600,14,7,6,0.429,9.857,Cited alongside IS 1255 in 6 of 14 comparable tenders
IS 1255,IS 1893,14,11,6,0.429,6.273,Cited alongside IS 1255 in 6 of 14 comparable tenders
IS 2705,IS 2878,14,10,6,0.429,6.9,Cited alongside IS 2705 in 6 of 14 comparable tenders
IS 2705,IS 3837,14,10,6,0.429,6.9,Cited alongside IS 2705 in 6 of 14 comparable tenders
IS 1255,IS 2147,14,11,6,0.429,6.273,Cited alongside IS 1255 in 6 of 14 comparable tenders
IS 2026,IS 3639,14,6,6,0.429,11.5,Cited alongside IS 2026 in 6 of 14 comparable tenders
IS 2026,IS 5561,14,7,6,0.429,9.857,Cited alongside IS 2026 in 6 of 14 comparable tenders
IS 2705,IS 3202,14,7,6,0.429,9.857,Cited alongside IS 2705 in 6 of 14 comparable tenders
IS 2705,IS 3639,14,6,6,0.429,11.5,Cited alongside IS 2705 in 6 of 14 comparable tenders
IS 2705,IS 4237,14,9,6,0.429,7.667,Cited alongside IS 2705 in 6 of 14 comparable tenders
IS 2705,IS 5561,14,7,6,0.429,9.857,Cited alongside IS 2705 in 6 of 14 comparable tenders
IS 2705,IS 10418,14,17,6,0.429,4.059,Cited alongside IS 2705 in 6 of 14 comparable tenders
IS 7098,IS 5082,33,18,14,0.424,3.795,Cited alongside IS 7098 in 14 of 33 comparable tenders
IS 7098,IS 875,33,19,14,0.424,3.595,Cited alongside IS 7098 in 14 of 33 comparable tenders
IS 875,IS 1786,19,16,8,0.421,4.237,Cited alongside IS 875 in 8 of 19 comparable tenders
IS 875,IS 2099,19,12,8,0.421,5.649,Cited alongside IS 875 in 8 of 19 comparable tenders
IS 875,IS 2705,19,14,8,0.421,4.842,Cited alongside IS 875 in 8 of 19 comparable tenders
IS 875,IS 277,19,16,8,0.421,4.237,Cited alongside IS 875 in 8 of 19 comparable tenders
IS 875,IS 4759,19,14,8,0.421,4.842,Cited alongside IS 875 in 8 of 19 comparable tenders
IS 875,IS 5831,19,31,8,0.421,2.187,Cited alongside IS 875 in 8 of 19 comparable tenders
IS 875,IS 732,19,15,8,0.421,4.519,Cited alongside IS 875 in 8 of 19 comparable tenders
IS 1554,IS 3975,31,16,13,0.419,4.22,Cited alongside IS 1554 in 13 of 31 comparable tenders
IS 3043,IS 2629,31,17,13,0.419,3.972,Cited alongside IS 3043 in 13 of 31 comparable tenders
IS 3043,IS 2705,31,14,13,0.419,4.823,Cited alongside IS 3043 in 13 of 31 comparable tenders
IS 3043,IS 5831,31,31,13,0.419,2.178,Cited alongside IS 3043 in 13 of 31 comparable tenders
IS 3043,IS 875,31,19,13,0.419,3.553,Cited alongside IS 3043 in 13 of 31 comparable tenders
IS 5831,IS 3043,31,31,13,0.419,2.178,Cited alongside IS 5831 in 13 of 31 comparable tenders
IS 1161,IS 10322,12,32,5,0.417,2.096,Cited alongside IS 1161 in 5 of 12 comparable tenders
IS 1161,IS 11149,12,6,5,0.417,11.181,Cited alongside IS 1161 in 5 of 12 comparable tenders
IS 1161,IS 1255,12,14,5,0.417,4.792,Cited alongside IS 1161 in 5 of 12 comparable tenders
IS 1161,IS 1293,12,12,5,0.417,5.59,Cited alongside IS 1161 in 5 of 12 comparable tenders
IS 1161,IS 1367,12,8,5,0.417,8.385,Cited alongside IS 1161 in 5 of 12 comparable tenders
IS 1161,IS 1538,12,9,5,0.417,7.454,Cited alongside IS 1161 in 5 of 12 comparable tenders
IS 1161,IS 1852,12,8,5,0.417,8.385,Cited alongside IS 1161 in 5 of 12 comparable tenders
IS 1161,IS 1913,12,7,5,0.417,9.583,Cited alongside IS 1161 in 5 of 12 comparable tenders
IS 1161,IS 1944,12,7,5,0.417,9.583,Cited alongside IS 1161 in 5 of 12 comparable tenders
IS 1161,IS 2099,12,12,5,0.417,5.59,Cited alongside IS 1161 in 5 of 12 comparable tenders
IS 1161,IS 2551,12,11,5,0.417,6.098,Cited alongside IS 1161 in 5 of 12 comparable tenders
IS 1161,IS 269,12,11,5,0.417,6.098,Cited alongside IS 1161 in 5 of 12 comparable tenders
IS 1161,IS 2705,12,14,5,0.417,4.792,Cited alongside IS 1161 in 5 of 12 comparable tenders
IS 1161,IS 383,12,16,5,0.417,4.193,Cited alongside IS 1161 in 5 of 12 comparable tenders
IS 1161,IS 432,12,8,5,0.417,8.385,Cited alongside IS 1161 in 5 of 12 comparable tenders
IS 1161,IS 4759,12,14,5,0.417,4.792,Cited alongside IS 1161 in 5 of 12 comparable tenders
IS 1161,IS 5312,12,7,5,0.417,9.583,Cited alongside IS 1161 in 5 of 12 comparable tenders
IS 1161,IS 5578,12,10,5,0.417,6.708,Cited alongside IS 1161 in 5 of 12 comparable tenders
IS 1161,IS 6392,12,7,5,0.417,9.583,Cited alongside IS 1161 in 5 of 12 comparable tenders
IS 1161,IS 7205,12,6,5,0.417,11.181,Cited alongside IS 1161 in 5 of 12 comparable tenders
IS 1161,IS 780,12,10,5,0.417,6.708,Cited alongside IS 1161 in 5 of 12 comparable tenders
IS 1161,IS 806,12,5,5,0.417,13.417,Cited alongside IS 1161 in 5 of 12 comparable tenders
IS 1161,IS 808,12,10,5,0.417,6.708,Cited alongside IS 1161 in 5 of 12 comparable tenders
IS 1161,IS 8183,12,5,5,0.417,13.417,Cited alongside IS 1161 in 5 of 12 comparable tenders
IS 1161,IS 9537,12,13,5,0.417,5.16,Cited alongside IS 1161 in 5 of 12 comparable tenders
IS 1161,IS 9595,12,8,5,0.417,8.385,Cited alongside IS 1161 in 5 of 12 comparable tenders
IS 1248,IS 13703,12,5,5,0.417,13.417,Cited alongside IS 1248 in 5 of 12 comparable tenders
IS 1248,IS 2667,12,7,5,0.417,9.583,Cited alongside IS 1248 in 5 of 12 comparable tenders
IS 1248,IS 2834,12,7,5,0.417,9.583,Cited alongside IS 1248 in 5 of 12 comparable tenders
IS 1248,IS 3589,12,15,5,0.417,4.472,Cited alongside IS 1248 in 5 of 12 comparable tenders
IS 1248,IS 3854,12,9,5,0.417,7.454,Cited alongside IS 1248 in 5 of 12 comparable tenders
IS 1248,IS 554,12,9,5,0.417,7.454,Cited alongside IS 1248 in 5 of 12 comparable tenders
IS 1248,IS 655,12,5,5,0.417,13.417,Cited alongside IS 1248 in 5 of 12 comparable tenders
IS 1248,IS 780,12,10,5,0.417,6.708,Cited alongside IS 1248 in 5 of 12 comparable tenders
IS 1248,IS 800,12,12,5,0.417,5.59,Cited alongside IS 1248 in 5 of 12 comparable tenders
IS 1248,IS 808,12,10,5,0.417,6.708,Cited alongside IS 1248 in 5 of 12 comparable tenders
IS 1248,IS 816,12,9,5,0.417,7.454,Cited alongside IS 1248 in 5 of 12 comparable tenders
IS 1293,IS 1161,12,12,5,0.417,5.59,Cited alongside IS 1293 in 5 of 12 comparable tenders
IS 1293,IS 2026,12,14,5,0.417,4.792,Cited alongside IS 1293 in 5 of 12 comparable tenders
IS 1293,IS 2633,12,13,5,0.417,5.16,Cited alongside IS 1293 in 5 of 12 comparable tenders
IS 1293,IS 2667,12,7,5,0.417,9.583,Cited alongside IS 1293 in 5 of 12 comparable tenders
IS 1293,IS 3156,12,12,5,0.417,5.59,Cited alongside IS 1293 in 5 of 12 comparable tenders
IS 1293,IS 3231,12,11,5,0.417,6.098,Cited alongside IS 1293 in 5 of 12 comparable tenders
IS 1293,IS 3589,12,15,5,0.417,4.472,Cited alongside IS 1293 in 5 of 12 comparable tenders
IS 1293,IS 5831,12,31,5,0.417,2.164,Cited alongside IS 1293 in 5 of 12 comparable tenders
IS 1293,IS 6005,12,9,5,0.417,7.454,Cited alongside IS 1293 in 5 of 12 comparable tenders
IS 1293,IS 655,12,5,5,0.417,13.417,Cited alongside IS 1293 in 5 of 12 comparable tenders
IS 1293,IS 722,12,7,5,0.417,9.583,Cited alongside IS 1293 in 5 of 12 comparable tenders
IS 1293,IS 816,12,9,5,0.417,7.454,Cited alongside IS 1293 in 5 of 12 comparable tenders
IS 1293,IS 875,12,19,5,0.417,3.531,Cited alongside IS 1293 in 5 of 12 comparable tenders
IS 16103,IS 15885 (Part 2),12,11,5,0.417,6.098,Cited alongside IS 16103 in 5 of 12 comparable tenders
IS 16103,IS 16101,12,9,5,0.417,7.454,Cited alongside IS 16103 in 5 of 12 comparable tenders
IS 16103,IS 16105,12,12,5,0.417,5.59,Cited alongside IS 16103 in 5 of 12 comparable tenders
IS 16105,IS 16103,12,12,5,0.417,5.59,Cited alongside IS 16105 in 5 of 12 comparable tenders
IS 2099,IS 1161,12,12,5,0.417,5.59,Cited alongside IS 2099 in 5 of 12 comparable tenders
IS 2099,IS 13095,12,11,5,0.417,6.098,Cited alongside IS 2099 in 5 of 12 comparable tenders
IS 2099,IS 1363,12,8,5,0.417,8.385,Cited alongside IS 2099 in 5 of 12 comparable tenders
IS 2099,IS 1367,12,8,5,0.417,8.385,Cited alongside IS 2099 in 5 of 12 comparable tenders
IS 2099,IS 13703,12,5,5,0.417,13.417,Cited alongside IS 2099 in 5 of 12 comparable tenders
IS 2099,IS 1538,12,9,5,0.417,7.454,Cited alongside IS 2099 in 5 of 12 comparable tenders
IS 2099,IS 1852,12,8,5,0.417,8.385,Cited alongside IS 2099 in 5 of 12 comparable tenders
IS 2099,IS 2074,12,7,5,0.417,9.583,Cited alongside IS 2099 in 5 of 12 comparable tenders
IS 2099,IS 2544,12,6,5,0.417,11.181,Cited alongside IS 2099 in 5 of 12 comparable tenders
IS 2099,IS 383,12,16,5,0.417,4.193,Cited alongside IS 2099 in 5 of 12 comparable tenders
IS 2099,IS 4722,12,6,5,0.417,11.181,Cited alongside IS 2099 in 5 of 12 comparable tenders
IS 2099,IS 4759,12,14,5,0.417,4.792,Cited alongside IS 2099 in 5 of 12 comparable tenders
IS 2099,IS 6392,12,7,5,0.417,9.583,Cited alongside IS 2099 in 5 of 12 comparable tenders
IS 2099,IS 6875,12,8,5,0.417,8.385,Cited alongside IS 2099 in 5 of 12 comparable tenders
IS 2099,IS 7205,12,6,5,0.417,11.181,Cited alongside IS 2099 in 5 of 12 comparable tenders
IS 2099,IS 722,12,7,5,0.417,9.583,Cited alongside IS 2099 in 5 of 12 comparable tenders
IS 2099,IS 778,12,9,5,0.417,7.454,Cited alongside IS 2099 in 5 of 12 comparable tenders
IS 2099,IS 780,12,10,5,0.417,6.708,Cited alongside IS 2099 in 5 of 12 comparable tenders
IS 2099,IS 800,12,12,5,0.417,5.59,Cited alongside IS 2099 in 5 of 12 comparable tenders
IS 2099,IS 814,12,6,5,0.417,11.181,Cited alongside IS 2099 in 5 of 12 comparable tenders
IS 3156,IS 10322,12,32,5,0.417,2.096,Cited alongside IS 3156 in 5 of 12 comparable tenders
IS 3156,IS 10810,12,15,5,0.417,4.472,Cited alongside IS 3156 in 5 of 12 comparable tenders
IS 3156,IS 1239,12,21,5,0.417,3.194,Cited alongside IS 3156 in 5 of 12 comparable tenders
IS 3156,IS 1293,12,12,5,0.417,5.59,Cited alongside IS 3156 in 5 of 12 comparable tenders
IS 3156,IS 1363,12,8,5,0.417,8.385,Cited alongside IS 3156 in 5 of 12 comparable tenders
IS 3156,IS 13703,12,5,5,0.417,13.417,Cited alongside IS 3156 in 5 of 12 comparable tenders
IS 3156,IS 1786,12,16,5,0.417,4.193,Cited alongside IS 3156 in 5 of 12 comparable tenders
IS 3156,IS 2544,12,6,5,0.417,11.181,Cited alongside IS 3156 in 5 of 12 comparable tenders
IS 3156,IS 269,12,11,5,0.417,6.098,Cited alongside IS 3156 in 5 of 12 comparable tenders
IS 3156,IS 2834,12,7,5,0.417,9.583,Cited alongside IS 3156 in 5 of 12 comparable tenders
IS 3156,IS 456,12,22,5,0.417,3.049,Cited alongside IS 3156 in 5 of 12 comparable tenders
IS 3156,IS 4759,12,14,5,0.417,4.792,Cited alongside IS 3156 in 5 of 12 comparable tenders
IS 3156,IS 554,12,9,5,0.417,7.454,Cited alongside IS 3156 in 5 of 12 comparable tenders
IS 3156,IS 6392,12,7,5,0.417,9.583,Cited alongside IS 3156 in 5 of 12 comparable tenders
IS 3156,IS 655,12,5,5,0.417,13.417,Cited alongside IS 3156 in 5 of 12 comparable tenders
IS 3156,IS 800,12,12,5,0.417,5.59,Cited alongside IS 3156 in 5 of 12 comparable tenders
IS 3156,IS 816,12,9,5,0.417,7.454,Cited alongside IS 3156 in 5 of 12 comparable tenders
IS 3156,IS 9103,12,15,5,0.417,4.472,Cited alongside IS 3156 in 5 of 12 comparable tenders
IS 516,IS 12330,12,6,5,0.417,11.181,Cited alongside IS 516 in 5 of 12 comparable tenders
IS 516,IS 1239,12,21,5,0.417,3.194,Cited alongside IS 516 in 5 of 12 comparable tenders
IS 516,IS 13947,12,17,5,0.417,3.946,Cited alongside IS 516 in 5 of 12 comparable tenders
IS 516,IS 210,12,10,5,0.417,6.708,Cited alongside IS 516 in 5 of 12 comparable tenders
IS 516,IS 2629,12,17,5,0.417,3.946,Cited alongside IS 516 in 5 of 12 comparable tenders
IS 516,IS 269,12,11,5,0.417,6.098,Cited alongside IS 516 in 5 of 12 comparable tenders
IS 516,IS 3989,12,6,5,0.417,11.181,Cited alongside IS 516 in 5 of 12 comparable tenders
IS 516,IS 432,12,8,5,0.417,8.385,Cited alongside IS 516 in 5 of 12 comparable tenders
IS 516,IS 4985,12,20,5,0.417,3.354,Cited alongside IS 516 in 5 of 12 comparable tenders
IS 516,IS 5082,12,18,5,0.417,3.727,Cited alongside IS 516 in 5 of 12 comparable tenders
IS 516,IS 778,12,9,5,0.417,7.454,Cited alongside IS 516 in 5 of 12 comparable tenders
IS 516,IS 780,12,10,5,0.417,6.708,Cited alongside IS 516 in 5 of 12 comparable tenders
IS 516,IS 783,12,8,5,0.417,8.385,Cited alongside IS 516 in 5 of 12 comparable tenders
IS 516,IS 7969,12,6,5,0.417,11.181,Cited alongside IS 516 in 5 of 12 comparable tenders
IS 516,IS 8130,12,35,5,0.417,1.917,Cited alongside IS 516 in 5 of 12 comparable tenders
IS 516,IS 816,12,9,5,0.417,7.454,Cited alongside IS 516 in 5 of 12 comparable tenders
IS 516,IS 875,12,19,5,0.417,3.531,Cited alongside IS 516 in 5 of 12 comparable tenders
IS 800,IS 10322,12,32,5,0.417,2.096,Cited alongside IS 800 in 5 of 12 comparable tenders
IS 800,IS 11149,12,6,5,0.417,11.181,Cited alongside IS 800 in 5 of 12 comparable tenders
IS 800,IS 1248,12,12,5,0.417,5.59,Cited alongside IS 800 in 5 of 12 comparable tenders
IS 800,IS 1538,12,9,5,0.417,7.454,Cited alongside IS 800 in 5 of 12 comparable tenders
IS 800,IS 1742,12,5,5,0.417,13.417,Cited alongside IS 800 in 5 of 12 comparable tenders
IS 800,IS 2099,12,12,5,0.417,5.59,Cited alongside IS 800 in 5 of 12 comparable tenders
IS 800,IS 210,12,10,5,0.417,6.708,Cited alongside IS 800 in 5 of 12 comparable tenders
IS 800,IS 2633,12,13,5,0.417,5.16,Cited alongside IS 800 in 5 of 12 comparable tenders
IS 800,IS 269,12,11,5,0.417,6.098,Cited alongside IS 800 in 5 of 12 comparable tenders
IS 800,IS 2705,12,14,5,0.417,4.792,Cited alongside IS 800 in 5 of 12 comparable tenders
IS 800,IS 3156,12,12,5,0.417,5.59,Cited alongside IS 800 in 5 of 12 comparable tenders
IS 800,IS 3231,12,11,5,0.417,6.098,Cited alongside IS 800 in 5 of 12 comparable tenders
IS 800,IS 325,12,11,5,0.417,6.098,Cited alongside IS 800 in 5 of 12 comparable tenders
IS 800,IS 4038,12,6,5,0.417,11.181,Cited alongside IS 800 in 5 of 12 comparable tenders
IS 800,IS 432,12,8,5,0.417,8.385,Cited alongside IS 800 in 5 of 12 comparable tenders
IS 800,IS 5831,12,31,5,0.417,2.164,Cited alongside IS 800 in 5 of 12 comparable tenders
IS 800,IS 778,12,9,5,0.417,7.454,Cited alongside IS 800 in 5 of 12 comparable tenders
IS 800,IS 806,12,5,5,0.417,13.417,Cited alongside IS 800 in 5 of 12 comparable tenders
IS 800,IS 808,12,10,5,0.417,6.708,Cited alongside IS 800 in 5 of 12 comparable tenders
IS 800,IS 814,12,6,5,0.417,11.181,Cited alongside IS 800 in 5 of 12 comparable tenders
IS 800,IS 9595,12,8,5,0.417,8.385,Cited alongside IS 800 in 5 of 12 comparable tenders
IS 8112,IS 10262,12,6,5,0.417,11.181,Cited alongside IS 8112 in 5 of 12 comparable tenders
IS 8112,IS 12288,12,5,5,0.417,13.417,Cited alongside IS 8112 in 5 of 12 comparable tenders
IS 8112,IS 13592,12,15,5,0.417,4.472,Cited alongside IS 8112 in 5 of 12 comparable tenders
IS 8112,IS 210,12,10,5,0.417,6.708,Cited alongside IS 8112 in 5 of 12 comparable tenders
IS 8112,IS 269,12,11,5,0.417,6.098,Cited alongside IS 8112 in 5 of 12 comparable tenders
IS 8112,IS 3025,12,5,5,0.417,13.417,Cited alongside IS 8112 in 5 of 12 comparable tenders
IS 8112,IS 3989,12,6,5,0.417,11.181,Cited alongside IS 8112 in 5 of 12 comparable tenders
IS 8112,IS 432,12,8,5,0.417,8.385,Cited alongside IS 8112 in 5 of 12 comparable tenders
IS 8112,IS 4985,12,20,5,0.417,3.354,Cited alongside IS 8112 in 5 of 12 comparable tenders
IS 8112,IS 694,12,72,5,0.417,0.932,Cited alongside IS 8112 in 5 of 12 comparable tenders
IS 8112,IS 778,12,9,5,0.417,7.454,Cited alongside IS 8112 in 5 of 12 comparable tenders
IS 8112,IS 780,12,10,5,0.417,6.708,Cited alongside IS 8112 in 5 of 12 comparable tenders
IS 8112,IS 7969,12,6,5,0.417,11.181,Cited alongside IS 8112 in 5 of 12 comparable tenders
IS 8112,IS 8329,12,13,5,0.417,5.16,Cited alongside IS 8112 in 5 of 12 comparable tenders
IS 516,IS 15622,12,11,5,0.417,6.098,Cited alongside IS 516 in 5 of 12 comparable tenders
IS 2099,IS 1180,12,7,5,0.417,9.583,Cited alongside IS 2099 in 5 of 12 comparable tenders
IS 2099,IS 2309,12,9,5,0.417,7.454,Cited alongside IS 2099 in 5 of 12 comparable tenders
IS 2099,IS 617,12,9,5,0.417,7.454,Cited alongside IS 2099 in 5 of 12 comparable tenders
IS 2099,IS 6792,12,6,5,0.417,11.181,Cited alongside IS 2099 in 5 of 12 comparable tenders
IS 3156,IS 617,12,9,5,0.417,7.454,Cited alongside IS 3156 in 5 of 12 comparable tenders
IS 3156,IS 6792,12,6,5,0.417,11.181,Cited alongside IS 3156 in 5 of 12 comparable tenders
IS 800,IS 398,12,9,5,0.417,7.454,Cited alongside IS 800 in 5 of 12 comparable tenders
IS 800,IS 617,12,9,5,0.417,7.454,Cited alongside IS 800 in 5 of 12 comparable tenders
IS 1161,IS 2878,12,10,5,0.417,6.708,Cited alongside IS 1161 in 5 of 12 comparable tenders
IS 1161,IS 335,12,13,5,0.417,5.16,Cited alongside IS 1161 in 5 of 12 comparable tenders
IS 1161,IS 6745,12,8,5,0.417,8.385,Cited alongside IS 1161 in 5 of 12 comparable tenders
IS 1293,IS 1258,12,5,5,0.417,13.417,Cited alongside IS 1293 in 5 of 12 comparable tenders
IS 1293,IS 1646,12,8,5,0.417,8.385,Cited alongside IS 1293 in 5 of 12 comparable tenders
IS 1293,IS 1885,12,6,5,0.417,11.181,Cited alongside IS 1293 in 5 of 12 comparable tenders
IS 1293,IS 2309,12,9,5,0.417,7.454,Cited alongside IS 1293 in 5 of 12 comparable tenders
IS 1293,IS 3961,12,15,5,0.417,4.472,Cited alongside IS 1293 in 5 of 12 comparable tenders
IS 1293,IS 4615,12,5,5,0.417,13.417,Cited alongside IS 1293 in 5 of 12 comparable tenders
IS 8112,IS 2386,12,7,5,0.417,9.583,Cited alongside IS 8112 in 5 of 12 comparable tenders
IS 1248,IS 13118,12,8,5,0.417,8.385,Cited alongside IS 1248 in 5 of 12 comparable tenders
IS 2099,IS 375,12,8,5,0.417,8.385,Cited alongside IS 2099 in 5 of 12 comparable tenders
IS 1161,IS 1893,12,11,5,0.417,6.098,Cited alongside IS 1161 in 5 of 12 comparable tenders
IS 2099,IS 1520,12,6,5,0.417,11.181,Cited alongside IS 2099 in 5 of 12 comparable tenders
IS 2099,IS 2071,12,6,5,0.417,11.181,Cited alongside IS 2099 in 5 of 12 comparable tenders
IS 2099,IS 2878,12,10,5,0.417,6.708,Cited alongside IS 2099 in 5 of 12 comparable tenders
IS 2099,IS 1778,12,5,5,0.417,13.417,Cited alongside IS 2099 in 5 of 12 comparable tenders
IS 2099,IS 2121,12,6,5,0.417,11.181,Cited alongside IS 2099 in 5 of 12 comparable tenders
IS 2099,IS 3202,12,7,5,0.417,9.583,Cited alongside IS 2099 in 5 of 12 comparable tenders
IS 2099,IS 4826,12,6,5,0.417,11.181,Cited alongside IS 2099 in 5 of 12 comparable tenders
IS 3156,IS 1778,12,5,5,0.417,13.417,Cited alongside IS 3156 in 5 of 12 comparable tenders
IS 3156,IS 2121,12,6,5,0.417,11.181,Cited alongside IS 3156 in 5 of 12 comparable tenders
IS 3156,IS 4826,12,6,5,0.417,11.181,Cited alongside IS 3156 in 5 of 12 comparable tenders
IS 3156,IS 5561,12,7,5,0.417,9.583,Cited alongside IS 3156 in 5 of 12 comparable tenders
IS 1248,IS 12063,12,6,5,0.417,11.181,Cited alongside IS 1248 in 5 of 12 comparable tenders
IS 1248,IS 1651,12,8,5,0.417,8.385,Cited alongside IS 1248 in 5 of 12 comparable tenders
IS 1248,IS 2878,12,10,5,0.417,6.708,Cited alongside IS 1248 in 5 of 12 comparable tenders
IS 1248,IS 3202,12,7,5,0.417,9.583,Cited alongside IS 1248 in 5 of 12 comparable tenders
IS 1248,IS 3639,12,6,5,0.417,11.181,Cited alongside IS 1248 in 5 of 12 comparable tenders
IS 1248,IS 3837,12,10,5,0.417,6.708,Cited alongside IS 1248 in 5 of 12 comparable tenders
IS 1248,IS 3842,12,5,5,0.417,13.417,Cited alongside IS 1248 in 5 of 12 comparable tenders
IS 1293,IS 2148,12,5,5,0.417,13.417,Cited alongside IS 1293 in 5 of 12 comparable tenders
IS 2099,IS 10418,12,17,5,0.417,3.946,Cited alongside IS 2099 in 5 of 12 comparable tenders
IS 2099,IS 3842,12,5,5,0.417,13.417,Cited alongside IS 2099 in 5 of 12 comparable tenders
IS 3156,IS 12063,12,6,5,0.417,11.181,Cited alongside IS 3156 in 5 of 12 comparable tenders
IS 3156,IS 2878,12,10,5,0.417,6.708,Cited alongside IS 3156 in 5 of 12 comparable tenders
IS 3156,IS 3837,12,10,5,0.417,6.708,Cited alongside IS 3156 in 5 of 12 comparable tenders
IS 3156,IS 3842,12,5,5,0.417,13.417,Cited alongside IS 3156 in 5 of 12 comparable tenders
IS 800,IS 1893,12,11,5,0.417,6.098,Cited alongside IS 800 in 5 of 12 comparable tenders
IS 1248,IS 4237,12,9,5,0.417,7.454,Cited alongside IS 1248 in 5 of 12 comparable tenders
IS 16105,IS 10322 (Part 1),12,11,5,0.417,6.098,Cited alongside IS 16105 in 5 of 12 comparable tenders
IS 16105,IS 10322 (Part 5),12,21,5,0.417,3.194,Cited alongside IS 16105 in 5 of 12 comparable tenders
IS 13947,IS 1161,17,12,7,0.412,5.525,Cited alongside IS 13947 in 7 of 17 comparable tenders
IS 13947,IS 1363,17,8,7,0.412,8.287,Cited alongside IS 13947 in 7 of 17 comparable tenders
IS 13947,IS 456,17,22,7,0.412,3.013,Cited alongside IS 13947 in 7 of 17 comparable tenders
IS 13947,IS 6875,17,8,7,0.412,8.287,Cited alongside IS 13947 in 7 of 17 comparable tenders
IS 13947,IS 800,17,12,7,0.412,5.525,Cited alongside IS 13947 in 7 of 17 comparable tenders
IS 13947,IS 816,17,9,7,0.412,7.366,Cited alongside IS 13947 in 7 of 17 comparable tenders
IS 2629,IS 1363,17,8,7,0.412,8.287,Cited alongside IS 2629 in 7 of 17 comparable tenders
IS 2629,IS 1786,17,16,7,0.412,4.143,Cited alongside IS 2629 in 7 of 17 comparable tenders
IS 2629,IS 1852,17,8,7,0.412,8.287,Cited alongside IS 2629 in 7 of 17 comparable tenders
IS 2629,IS 3156,17,12,7,0.412,5.525,Cited alongside IS 2629 in 7 of 17 comparable tenders
IS 2629,IS 3231,17,11,7,0.412,6.027,Cited alongside IS 2629 in 7 of 17 comparable tenders
IS 2629,IS 325,17,11,7,0.412,6.027,Cited alongside IS 2629 in 7 of 17 comparable tenders
IS 2629,IS 456,17,22,7,0.412,3.013,Cited alongside IS 2629 in 7 of 17 comparable tenders
IS 2629,IS 732,17,15,7,0.412,4.42,Cited alongside IS 2629 in 7 of 17 comparable tenders
IS 2629,IS 808,17,10,7,0.412,6.629,Cited alongside IS 2629 in 7 of 17 comparable tenders
IS 2629,IS 9103,17,15,7,0.412,4.42,Cited alongside IS 2629 in 7 of 17 comparable tenders
IS 2629,IS 2713,17,9,7,0.412,7.366,Cited alongside IS 2629 in 7 of 17 comparable tenders
IS 2629,IS 398,17,9,7,0.412,7.366,Cited alongside IS 2629 in 7 of 17 comparable tenders
IS 13947,IS 209,17,9,7,0.412,7.366,Cited alongside IS 13947 in 7 of 17 comparable tenders
IS 13947,IS 6745,17,8,7,0.412,8.287,Cited alongside IS 13947 in 7 of 17 comparable tenders
IS 2629,IS 280,17,8,7,0.412,8.287,Cited alongside IS 2629 in 7 of 17 comparable tenders
IS 2629,IS 6745,17,8,7,0.412,8.287,Cited alongside IS 2629 in 7 of 17 comparable tenders
IS 10418,IS 2629,17,17,7,0.412,3.9,Cited alongside IS 10418 in 7 of 17 comparable tenders
IS 13947,IS 1651,17,8,7,0.412,8.287,Cited alongside IS 13947 in 7 of 17 comparable tenders
IS 13947,IS 8828,17,10,7,0.412,6.629,Cited alongside IS 13947 in 7 of 17 comparable tenders
IS 2629,IS 10418,17,17,7,0.412,3.9,Cited alongside IS 2629 in 7 of 17 comparable tenders
IS 2629,IS 3961,17,15,7,0.412,4.42,Cited alongside IS 2629 in 7 of 17 comparable tenders
IS 13947,IS 1893,17,11,7,0.412,6.027,Cited alongside IS 13947 in 7 of 17 comparable tenders
IS 13947,IS 4237,17,9,7,0.412,7.366,Cited alongside IS 13947 in 7 of 17 comparable tenders
IS 456,IS 3589,22,15,9,0.409,4.391,Cited alongside IS 456 in 9 of 22 comparable tenders
IS 456,IS 4985,22,20,9,0.409,3.293,Cited alongside IS 456 in 9 of 22 comparable tenders
IS 456,IS 7098,22,33,9,0.409,1.996,Cited alongside IS 456 in 9 of 22 comparable tenders
IS 456,IS 800,22,12,9,0.409,5.489,Cited alongside IS 456 in 9 of 22 comparable tenders
IS 456,IS 875,22,19,9,0.409,3.467,Cited alongside IS 456 in 9 of 22 comparable tenders
IS 10322,IS 16106,32,22,13,0.406,2.973,Cited alongside IS 10322 in 13 of 32 comparable tenders
IS 10322,IS 16107,32,18,13,0.406,3.634,Cited alongside IS 10322 in 13 of 32 comparable tenders
IS 8623,IS 10322,20,32,8,0.4,2.013,Cited alongside IS 8623 in 8 of 20 comparable tenders
IS 8623,IS 1786,20,16,8,0.4,4.025,Cited alongside IS 8623 in 8 of 20 comparable tenders
IS 8623,IS 2309,20,9,8,0.4,7.156,Cited alongside IS 8623 in 8 of 20 comparable tenders
IS 8623,IS 2713,20,9,8,0.4,7.156,Cited alongside IS 8623 in 8 of 20 comparable tenders
IS 8623,IS 398,20,9,8,0.4,7.156,Cited alongside IS 8623 in 8 of 20 comparable tenders
IS 8623,IS 4759,20,14,8,0.4,4.6,Cited alongside IS 8623 in 8 of 20 comparable tenders
IS 8623,IS 209,20,9,8,0.4,7.156,Cited alongside IS 8623 in 8 of 20 comparable tenders
IS 8623,IS 2878,20,10,8,0.4,6.44,Cited alongside IS 8623 in 8 of 20 comparable tenders
IS 8623,IS 325,20,11,8,0.4,5.855,Cited alongside IS 8623 in 8 of 20 comparable tenders
IS 8623,IS 4237,20,9,8,0.4,7.156,Cited alongside IS 8623 in 8 of 20 comparable tenders
IS 13592,IS 2062,15,28,6,0.4,2.3,Cited alongside IS 13592 in 6 of 15 comparable tenders
IS 10810,IS 13947,15,17,6,0.4,3.788,Cited alongside IS 10810 in 6 of 15 comparable tenders
IS 10810,IS 2099,15,12,6,0.4,5.367,Cited alongside IS 10810 in 6 of 15 comparable tenders
IS 10810,IS 2551,15,11,6,0.4,5.855,Cited alongside IS 10810 in 6 of 15 comparable tenders
IS 10810,IS 2629,15,17,6,0.4,3.788,Cited alongside IS 10810 in 6 of 15 comparable tenders
IS 10810,IS 2705,15,14,6,0.4,4.6,Cited alongside IS 10810 in 6 of 15 comparable tenders
IS 10810,IS 5578,15,10,6,0.4,6.44,Cited alongside IS 10810 in 6 of 15 comparable tenders
IS 13592,IS 13095,15,11,6,0.4,5.855,Cited alongside IS 13592 in 6 of 15 comparable tenders
IS 13592,IS 456,15,22,6,0.4,2.927,Cited alongside IS 13592 in 6 of 15 comparable tenders
IS 13592,IS 4985,15,20,6,0.4,3.22,Cited alongside IS 13592 in 6 of 15 comparable tenders
IS 13592,IS 5382,15,9,6,0.4,7.156,Cited alongside IS 13592 in 6 of 15 comparable tenders
IS 13592,IS 780,15,10,6,0.4,6.44,Cited alongside IS 13592 in 6 of 15 comparable tenders
IS 3589,IS 10322,15,32,6,0.4,2.013,Cited alongside IS 3589 in 6 of 15 comparable tenders
IS 3589,IS 1363,15,8,6,0.4,8.05,Cited alongside IS 3589 in 6 of 15 comparable tenders
IS 3589,IS 14846,15,6,6,0.4,10.733,Cited alongside IS 3589 in 6 of 15 comparable tenders
IS 3589,IS 2099,15,12,6,0.4,5.367,Cited alongside IS 3589 in 6 of 15 comparable tenders
IS 3589,IS 210,15,10,6,0.4,6.44,Cited alongside IS 3589 in 6 of 15 comparable tenders
IS 3589,IS 2629,15,17,6,0.4,3.788,Cited alongside IS 3589 in 6 of 15 comparable tenders
IS 3589,IS 2705,15,14,6,0.4,4.6,Cited alongside IS 3589 in 6 of 15 comparable tenders
IS 3589,IS 383,15,16,6,0.4,4.025,Cited alongside IS 3589 in 6 of 15 comparable tenders
IS 3589,IS 4985,15,20,6,0.4,3.22,Cited alongside IS 3589 in 6 of 15 comparable tenders
IS 3589,IS 554,15,9,6,0.4,7.156,Cited alongside IS 3589 in 6 of 15 comparable tenders
IS 3589,IS 5831,15,31,6,0.4,2.077,Cited alongside IS 3589 in 6 of 15 comparable tenders
IS 3589,IS 6392,15,7,6,0.4,9.2,Cited alongside IS 3589 in 6 of 15 comparable tenders
IS 3589,IS 7205,15,6,6,0.4,10.733,Cited alongside IS 3589 in 6 of 15 comparable tenders
IS 3589,IS 732,15,15,6,0.4,4.293,Cited alongside IS 3589 in 6 of 15 comparable tenders
IS 3589,IS 778,15,9,6,0.4,7.156,Cited alongside IS 3589 in 6 of 15 comparable tenders
IS 3589,IS 780,15,10,6,0.4,6.44,Cited alongside IS 3589 in 6 of 15 comparable tenders
IS 3589,IS 814,15,6,6,0.4,10.733,Cited alongside IS 3589 in 6 of 15 comparable tenders
IS 3589,IS 9537,15,13,6,0.4,4.954,Cited alongside IS 3589 in 6 of 15 comparable tenders
IS 732,IS 1248,15,12,6,0.4,5.367,Cited alongside IS 732 in 6 of 15 comparable tenders
IS 732,IS 1913,15,7,6,0.4,9.2,Cited alongside IS 732 in 6 of 15 comparable tenders
IS 732,IS 2633,15,13,6,0.4,4.954,Cited alongside IS 732 in 6 of 15 comparable tenders
IS 732,IS 3589,15,15,6,0.4,4.293,Cited alongside IS 732 in 6 of 15 comparable tenders
IS 732,IS 3854,15,9,6,0.4,7.156,Cited alongside IS 732 in 6 of 15 comparable tenders
IS 732,IS 816,15,9,6,0.4,7.156,Cited alongside IS 732 in 6 of 15 comparable tenders
IS 9103,IS 1199,15,10,6,0.4,6.44,Cited alongside IS 9103 in 6 of 15 comparable tenders
IS 9103,IS 1239,15,21,6,0.4,3.067,Cited alongside IS 9103 in 6 of 15 comparable tenders
IS 9103,IS 269,15,11,6,0.4,5.855,Cited alongside IS 9103 in 6 of 15 comparable tenders
IS 9103,IS 4759,15,14,6,0.4,4.6,Cited alongside IS 9103 in 6 of 15 comparable tenders
IS 9103,IS 800,15,12,6,0.4,5.367,Cited alongside IS 9103 in 6 of 15 comparable tenders
IS 13592,IS 15622,15,11,6,0.4,5.855,Cited alongside IS 13592 in 6 of 15 comparable tenders
IS 732,IS 398,15,9,6,0.4,7.156,Cited alongside IS 732 in 6 of 15 comparable tenders
IS 3589,IS 335,15,13,6,0.4,4.954,Cited alongside IS 3589 in 6 of 15 comparable tenders
IS 10810,IS 3961,15,15,6,0.4,4.293,Cited alongside IS 10810 in 6 of 15 comparable tenders
IS 10810,IS 8623,15,20,6,0.4,3.22,Cited alongside IS 10810 in 6 of 15 comparable tenders
IS 3961,IS 10810,15,15,6,0.4,4.293,Cited alongside IS 3961 in 6 of 15 comparable tenders
IS 3961,IS 209,15,9,6,0.4,7.156,Cited alongside IS 3961 in 6 of 15 comparable tenders
IS 3961,IS 2551,15,11,6,0.4,5.855,Cited alongside IS 3961 in 6 of 15 comparable tenders
IS 3961,IS 3427,15,9,6,0.4,7.156,Cited alongside IS 3961 in 6 of 15 comparable tenders
IS 3961,IS 3837,15,10,6,0.4,6.44,Cited alongside IS 3961 in 6 of 15 comparable tenders
IS 3961,IS 5216,15,9,6,0.4,7.156,Cited alongside IS 3961 in 6 of 15 comparable tenders
IS 3961,IS 875,15,19,6,0.4,3.389,Cited alongside IS 3961 in 6 of 15 comparable tenders
IS 3961,IS 8828,15,10,6,0.4,6.44,Cited alongside IS 3961 in 6 of 15 comparable tenders
IS 3961,IS 9537,15,13,6,0.4,4.954,Cited alongside IS 3961 in 6 of 15 comparable tenders
IS 732,IS 1646,15,8,6,0.4,8.05,Cited alongside IS 732 in 6 of 15 comparable tenders
IS 732,IS 3480,15,6,6,0.4,10.733,Cited alongside IS 732 in 6 of 15 comparable tenders
IS 732,IS 5133,15,7,6,0.4,9.2,Cited alongside IS 732 in 6 of 15 comparable tenders
IS 3961,IS 277,15,16,6,0.4,4.025,Cited alongside IS 3961 in 6 of 15 comparable tenders
IS 3961,IS 6380,15,7,6,0.4,9.2,Cited alongside IS 3961 in 6 of 15 comparable tenders
IS 3589,IS 1520,15,6,6,0.4,10.733,Cited alongside IS 3589 in 6 of 15 comparable tenders
IS 3589,IS 1893,15,11,6,0.4,5.855,Cited alongside IS 3589 in 6 of 15 comparable tenders
IS 732,IS 1893,15,11,6,0.4,5.855,Cited alongside IS 732 in 6 of 15 comparable tenders
IS 3961,IS 1893,15,11,6,0.4,5.855,Cited alongside IS 3961 in 6 of 15 comparable tenders
IS 3961,IS 4237,15,9,6,0.4,7.156,Cited alongside IS 3961 in 6 of 15 comparable tenders
IS 3961,IS 6005,15,9,6,0.4,7.156,Cited alongside IS 3961 in 6 of 15 comparable tenders
IS 3961,IS 722,15,7,6,0.4,9.2,Cited alongside IS 3961 in 6 of 15 comparable tenders
IS 3961,IS 325,15,11,6,0.4,5.855,Cited alongside IS 3961 in 6 of 15 comparable tenders
