query,expected_is,source,family
18Watt LED flood light fitting complete. LED Luminaire conformity to IS:10322/Part 5/Section 5/2012 latest. Photo biological safety of LEDs used shall be as per IS:16108/2012. Ingress Protection IP66.,IS 10322 (Part 5/Sec 5),GeM specification_2026-02-24 (label taken from the clause itself),
"Supply and delivery of unplasticized PVC rigid pipes for potable water supply, conforming to ISI mark, working pressure class 4",IS 4985,TWAD Chenna Kuppam Well No.4 Schedule A,
Photo biological safety of lamps and lamp systems used in LED luminaires,IS 16108,GeM specification_2026-02-24,
PVC insulation and sheath of electric cables for rated voltages up to 1100 V,IS 5831,standards_master Full Title (self-retrieval control),
Conductors for insulated electric cables and flexible cords,IS 8130,standards_master Full Title (self-retrieval control),
Residual current operated circuit breakers for house hold and similar uses Part 1 Circuit breakers without integral overcurrent protection (RCCBs),IS 12640 (Part 1),"QCO product description, 2. Electrical Wires, Cables, Appliances and Protection Devic",
Residual current operated circuit breakers for household and similar uses Part 2 Circuit breakers with integral overcurrent protection(RCVOs),IS 12640 (Part 2),"QCO product description, nan",
"AC watt-hour meters, class 0.5, 1 & 2",IS 13010,"QCO product description, nan",
"AC static watt-hour meters, class 1 & 2",IS 13779,"QCO product description, nan",
"AC static transformer operated watt-hour and VAR-hour meters, class 0.2S & 0.5S",IS 14697,"QCO product description, nan",
Self Ballasted Lamps for General Lighting Services Part 1 : Safety Requirements & Part 2 : Performance Requirements,IS 15111 (Part 1 & 2),"QCO product description, nan",
Tungsten filament general service electric lamps (upto100 W ),IS 418,"QCO product description, nan",
PVC insulated cables for working voltages up to and including 1100V,IS 694,"QCO product description, nan",
Electrical Accessories-Circuit breakers for overcurrent protection for household and similar installations,IS 8828 *,"QCO product description, nan",
Elastomer insulated cables (Part.1): For working voltages up to and including1100 V,IS 9968 (Part 1),"QCO product description, nan",
Power Capacitors of Self-healing Type for AC Power Systems having Rated Voltage up to 650V,IS 13340,"QCO product description, nan",
"Shunt Power Capacitors of the Non-Self-Healing Type for AC System having a Rated Voltage up to and Including 1000V Part-1 General Performance, Testing amd Rating Safety Requirements Guide for Installation and Operation",IS 13585 Part 1,"QCO product description, nan",
Specification for PVC Insulated (Heavy Duty) Electric Cables Part 1 For Working Voltages up to and Including 1100 V,IS 1554(Part 1) : 1988,"QCO product description, 49. Cables (Quality Control) Order, 2020 (S.O. 294 (E) dated",
Specification for PVC Insulated (Heavy Duty) Electric Cables Part 2 For Working Voltages from 3.3 kV up to and Including 11 kV,IS 1554(Part 2) : 1988,"QCO product description, nan",
Specification for Crosslinked Polyethylene Insulated PVC Sheathed Cables Part 1 for working voltages up to and including 1100 V,IS 7098 (Part 1) : 1988,"QCO product description, nan",
Crosslinked polyethylene insulated Thermoplastics sheathed cables - Specification Part 2 for working voltages from 3.3 kV up to and including 33 kV,IS 7098 (Part 2) : 2011,"QCO product description, nan",
Cross-Linked Polyethylene Insulated Thermoplastics Sheathed Cables Part 3 For Working Voltages from 66 kV Up to and Including 220 kV,IS 7098 (Part 3) : 1993,"QCO product description, nan",
Aerial Bunched Cables - For Working Voltages Up to and Including 1100 Volts - Specification,IS 14255 : 1995,"QCO product description, nan",
Specification for Elastomer Insulated Cables Part 2 For Working Voltages form 3.3 kV Up to and Including 33 kV,IS 9968 (Part 2) : 2002,"QCO product description, nan",
Specification for Thermocouple Compensating Cables,IS 8784 : 1987,"QCO product description, nan",
Welding Cables - Specification,IS 9857 : 1990,"QCO product description, nan",
Elastomer Insulated Flexible Cables for Use in Mines - Specification,IS 14494 : 2019,"QCO product description, nan",
Specification for Flexible Cables for Miner’s Cap-Lamps,IS 2593 : 1984,"QCO product description, nan",
Specification for Shot Firing Cables (for use other than in shafts),IS 5950 : 1984,"QCO product description, nan",
Halogen Free Flame Retardant (HFFR) Cables for Working Voltages Up to and Including 1100 V - Specification,IS 17048 : 2018,"QCO product description, nan",
Industrial and protective rubber knee and ankle boots,IS 5557: 2004,"QCO product description, Footwear made from all-Rubber and all Polymeric material and",
All rubber gum boots and ankle boots,IS 5557 (Part 2): 2018,"QCO product description, nan",
Moulded solid rubber soles and heels,IS 5676: 1995,"QCO product description, nan",
Rubber microcellular sheets for soles and heels,IS 6664: 1992,"QCO product description, nan",
Solid PVC soles and heels,IS 6719: 1972,"QCO product description, nan",
Polyvinyl chloride(PVC) industrial boots,IS 12254: 1993,"QCO product description, nan",
"Polyurethane sole, semirigid",IS 13893: 1994,"QCO product description, nan",
Unlined moulded rubber boots,IS 13995: 1995,"QCO product description, nan",
Moulded plastics footwear- Lined or Unlined polyurethane boots for general industrial use,IS 16645: 2018,"QCO product description, nan",
Footwear for men and women for municipal scavenging work,IS 16994: 2018,"QCO product description, nan",
Leather safety boots and shoes for miners,IS 1989 (Part 1): 1986,"QCO product description, Footwear made from Leather and other materials (Quality Cont",
Leather safety boots and shoes for heavy metal industries,IS 1989 (Part.2): 1986,"QCO product description, nan",
Canvas Shoes Rubber Sole,IS 3735: 1996,"QCO product description, nan",
Canvas Boots Rubber Sole,IS 3736: 1995,"QCO product description, nan",
Safety Rubber Canvas Boots for Miners,IS 3976: 2018,"QCO product description, nan",
Leather safety footwear having direct moulded rubber sole,IS 11226: 1993,"QCO product description, nan",
Leather safety footwear with direct moulded polyvinyl chloride (PVC) sole,IS 14544: 1998,"QCO product description, nan",
Sports Footwear for General Purpose,IS 15844(Part-1): 2023,"QCO product description, nan",
Sports Footwear for Performance Sports Footwear,IS 15844(Part-2): 2023,"QCO product description, nan",
Sports Footwear for Professional Sports Footwear,IS 15844(Part 3): 2024,"QCO product description, nan",
High ankle tactical boots with PU - Rubber sole,IS 17012: 2018,"QCO product description, nan",
Shoes for General Purpose,IS 17043 (Part-2): 2024,"QCO product description, nan",
Personal protective equipment Part 2 Safety Footwear,IS 15298 (Part 2): 2016,"QCO product description, 63. Personal Protective Equipment - Footwear (Quality Contro",
Personal protective equipment Part 3 Protective Footwear,IS 15298 ( Part 3) : 2019,"QCO product description, nan",
Personal protective equipment Part 4 Occupational Footwear,IS 15298 (Part 4) : 2017,"QCO product description, nan",
"Centrifugally cast (Spun) iron pressure pipes for water, gas and sewage",IS 1536: 2001,"QCO product description, 67. Centrifugally Cast (Spun) Iron Pipes (Quality Control) O",
"Centrifugally cast (Spun) iron spigot and socket soil, waste, ventilating and rainwater pipes, fittings and accessories",IS 3989: 2009,"QCO product description, nan",
"Hubless centrifugally cast (Spun) iron pipes, fittings and accessories - Spigot series",IS 15905: 2011,"QCO product description, nan",
Protective clothing for firefighters,IS 16890 : 2018,"QCO product description, nan",
Protective gloves for firefighters,IS 16874 : 2018,"QCO product description, nan",
Protective clothing for industrial workers exposed to heat,IS 15748 : 2022,"QCO product description, nan",
Clothing made of limited flame spread materials and material assemblies affording protection against heat and flame,IS 15742 : 2007,"QCO product description, nan",
High visibility Warning Clothes,IS 15809 : 2017,"QCO product description, nan",
Protective Clothing for use in welding and allied processes,IS 16655 : 2017,"QCO product description, nan",
Tactical 3 point sling,IS 16725 : 2018,"QCO product description, nan",
Pouch for ammunition and grenades made of disruptive pattern nylon-66,IS 16726 : 2018,"QCO product description, nan",
Bullet resistant jackets,IS 17051 : 2018,"QCO product description, nan",
Water-proof multipurpose rain poncho,IS 17286 : 2019,"QCO product description, nan",
Non-metal helmet for firemen and civil defence personnel,IS 2745:1983,"QCO product description, 101. Helmet for Police Force, Civil Defence and Personal Pro",
Industrial safety helmets,IS 2925:1984,"QCO product description, nan",
Non- metal helmet for Police Force,IS 9562:1980,"QCO product description, nan",
Sulphate Resisting Portland Cement,IS 12330,"BIS Product Certification (ISI Mark, Scheme I) product description, 1. Cement (Quality Control)Order, 2003 S.O. No. 191(",Cement (any variety of cement manufactured or so
Low heat Portland Cement,IS 12600,"BIS Product Certification (ISI Mark, Scheme I) product description, 1. Cement (Quality Control)Order, 2003 S.O. No. 191(",Cement (any variety of cement manufactured or so
Portland Pozzolana Cement Part 1 Fly-ash based,IS 1489 (Part 1),"BIS Product Certification (ISI Mark, Scheme I) product description, 1. Cement (Quality Control)Order, 2003 S.O. No. 191(",Cement (any variety of cement manufactured or so
Portland Pozzolana Cement Part 2 Calcined clay based,IS 1489 (Part 2),"BIS Product Certification (ISI Mark, Scheme I) product description, 1. Cement (Quality Control)Order, 2003 S.O. No. 191(",Cement (any variety of cement manufactured or so
Ordinary Portland Cement,IS 269,"BIS Product Certification (ISI Mark, Scheme I) product description, 1. Cement (Quality Control)Order, 2003 S.O. No. 191(",Cement (any variety of cement manufactured or so
High Alumina Cement for Structural use,IS 6452,"BIS Product Certification (ISI Mark, Scheme I) product description, 1. Cement (Quality Control)Order, 2003 S.O. No. 191(",Cement (any variety of cement manufactured or so
Super sulphated cement,IS 6909,"BIS Product Certification (ISI Mark, Scheme I) product description, 1. Cement (Quality Control)Order, 2003 S.O. No. 191(",Cement (any variety of cement manufactured or so
Rapid hardening Portland cement,IS 8041,"BIS Product Certification (ISI Mark, Scheme I) product description, 1. Cement (Quality Control)Order, 2003 S.O. No. 191(",Cement (any variety of cement manufactured or so
Hydrophobic Portland Cement,IS 8043,"BIS Product Certification (ISI Mark, Scheme I) product description, 1. Cement (Quality Control)Order, 2003 S.O. No. 191(",Cement (any variety of cement manufactured or so
Composite Cement- Specification.,IS 16415: 2015,"BIS Product Certification (ISI Mark, Scheme I) product description, 1. Cement (Quality Control)Order, 2003 S.O. No. 191(",Cement (any variety of cement manufactured or so
Microfine Ordinary Portland Cement- Specification.,IS 16993: 2018,"BIS Product Certification (ISI Mark, Scheme I) product description, 1. Cement (Quality Control)Order, 2003 S.O. No. 191(",Cement (any variety of cement manufactured or so
High Alumina Refractory Cement.,IS 15895: 2018,"BIS Product Certification (ISI Mark, Scheme I) product description, 1. Cement (Quality Control)Order, 2003 S.O. No. 191(",Cement (any variety of cement manufactured or so
Multi-Purpose dry batteries,IS 8144,"BIS Product Certification (ISI Mark, Scheme I) product description, 3. SO 516(E), dated 25th May 1987",Batteries
Follow - up formula - complimentary foods De-notified from compulsory BIS certification,IS 15757,"BIS Product Certification (ISI Mark, Scheme I) product description, 3. SO 516(E), dated 25th May 1987",Food & Related Products De-notified from compuls
Milk-powder De-notified from compulsory BIS certification,IS 1165,"BIS Product Certification (ISI Mark, Scheme I) product description, 3. SO 516(E), dated 25th May 1987",Food & Related Products De-notified from compuls
"Condensed milk, partly skimmed and skimmed condensed milk De-notified from compulsory BIS certification",IS 1166,"BIS Product Certification (ISI Mark, Scheme I) product description, 3. SO 516(E), dated 25th May 1987",Food & Related Products De-notified from compuls
Sweetened ultra high temperature treated condensed milk De-notified from compulsory BIS certification,IS 12176,"BIS Product Certification (ISI Mark, Scheme I) product description, 3. SO 516(E), dated 25th May 1987",Food & Related Products De-notified from compuls
"Skimmed milk-powder, standard grade De-notified from compulsory BIS certification",IS 13334 (Part 1),"BIS Product Certification (ISI Mark, Scheme I) product description, 3. SO 516(E), dated 25th May 1987",Food & Related Products De-notified from compuls
"Skimmed milk-powder, extra grade De-notified from compulsory BIS certification",IS 13334 (Part 2),"BIS Product Certification (ISI Mark, Scheme I) product description, 3. SO 516(E), dated 25th May 1987",Food & Related Products De-notified from compuls
Packaged Natural Mineral Water De-notified from compulsory BIS certification,IS 13428,"BIS Product Certification (ISI Mark, Scheme I) product description, 3. SO 516(E), dated 25th May 1987",Food & Related Products De-notified from compuls
Infant milk substitutes De-notified from compulsory BIS certification,IS 14433,"BIS Product Certification (ISI Mark, Scheme I) product description, 3. SO 516(E), dated 25th May 1987",Food & Related Products De-notified from compuls
Food for Special Medical Purpose intended for Infants De-notified from compulsory BIS certification,IS 17945: 2022,"BIS Product Certification (ISI Mark, Scheme I) product description, 3. SO 516(E), dated 25th May 1987",Food & Related Products De-notified from compuls
Partly skimmed milk powder De-notified from compulsory BIS certification,IS 14542,"BIS Product Certification (ISI Mark, Scheme I) product description, 3. SO 516(E), dated 25th May 1987",Food & Related Products De-notified from compuls
Packaged Drinking Water (Other than Packaged Natural Mineral Water) De-notified from compulsory BIS certification,IS 14543,"BIS Product Certification (ISI Mark, Scheme I) product description, 3. SO 516(E), dated 25th May 1987",Food & Related Products De-notified from compuls
Milk- cereal Based Complementary foods De-notified from compulsory BIS certification,IS 1656,"BIS Product Certification (ISI Mark, Scheme I) product description, 3. SO 516(E), dated 25th May 1987",Food & Related Products De-notified from compuls
Plastic Feeding Bottles,IS 14625,"BIS Product Certification (ISI Mark, Scheme I) product description, 3. SO 516(E), dated 25th May 1987",Feeding Bottles
"Oil pressure stove, offset burner type",IS 10109,"BIS Product Certification (ISI Mark, Scheme I) product description, 5. Oil Pressure Stoves (Q.C) Order, 1997 SO 451(E) d",Oil Pressure Stoves
Multi-burner oil pressure stoves,IS 2787,"BIS Product Certification (ISI Mark, Scheme I) product description, 5. Oil Pressure Stoves (Q.C) Order, 1997 SO 451(E) d",Oil Pressure Stoves
Automotive vehicles - Tubes for pneumatic tyres,IS 13098,"BIS Product Certification (ISI Mark, Scheme I) product description, 6. Pneumatic Tyres and Tubes for Automotive Vehicles",Automobile Accessories
Automotive vehicles-Pneumatic tyres for passenger car vehicles - Diagonal and radial ply,IS 15633,"BIS Product Certification (ISI Mark, Scheme I) product description, 6. Pneumatic Tyres and Tubes for Automotive Vehicles",Automobile Accessories
Automotive vehicles- Pneumatic tyres for commercial vehicles-Diagonal and radial ply,IS 15636,"BIS Product Certification (ISI Mark, Scheme I) product description, 6. Pneumatic Tyres and Tubes for Automotive Vehicles",Automobile Accessories
Liquefied petroleum gas containers for automotive use,IS 14899,"BIS Product Certification (ISI Mark, Scheme I) product description, 6. Pneumatic Tyres and Tubes for Automotive Vehicles","Cylinder, Valves and Regulator"
Multifunction valve assembly for permanently fixed liquefied petroleum gas (LPG) containers for automotive use,IS 15100,"BIS Product Certification (ISI Mark, Scheme I) product description, 6. Pneumatic Tyres and Tubes for Automotive Vehicles","Cylinder, Valves and Regulator"
Welded low carbon steel gas cylinder exceeding 5 litre water capacity for low pressure liquefiable gases Part1 Cylinders for liquefied petroleum gas (LPG),IS 3196 (Part 1),"BIS Product Certification (ISI Mark, Scheme I) product description, 6. Pneumatic Tyres and Tubes for Automotive Vehicles","Cylinder, Valves and Regulator"
Welded low carbon steel gas cylinder exceeding 5-litre water capacity for low pressure liquefiable gases Part 2 Cylinders for liquefiable gases other than LPG.,IS 3196 (Part 2),"BIS Product Certification (ISI Mark, Scheme I) product description, 6. Pneumatic Tyres and Tubes for Automotive Vehicles","Cylinder, Valves and Regulator"
Valve fittings for compressed gas cylinder excluding liquefied petroleum gas cylinders,IS 3224,"BIS Product Certification (ISI Mark, Scheme I) product description, 6. Pneumatic Tyres and Tubes for Automotive Vehicles","Cylinder, Valves and Regulator"
Yoke Type Valve Connection for Small Medical Gas Cylinders,IS 3745,"BIS Product Certification (ISI Mark, Scheme I) product description, 6. Pneumatic Tyres and Tubes for Automotive Vehicles","Cylinder, Valves and Regulator"
Refillable Seamless steel gas cylinders Part 2 Quenched and tempered steel cylinders with tensile strength less than 1100 MPa (112 kgf/mm 2 ),IS 7285 (Part 2),"BIS Product Certification (ISI Mark, Scheme I) product description, 6. Pneumatic Tyres and Tubes for Automotive Vehicles","Cylinder, Valves and Regulator"
Valve fittings for gas cylinder valves for use with breathing apparatus,IS 7302,"BIS Product Certification (ISI Mark, Scheme I) product description, 6. Pneumatic Tyres and Tubes for Automotive Vehicles","Cylinder, Valves and Regulator"
Clinical thermometers :Part1 Solid stem type,IS 3055 (Part 1),"BIS Product Certification (ISI Mark, Scheme I) product description, 8. Clinical Thermometers (Quality Control), 2001 GSR",Medical Equipment
Clinical thermometers :Part 2 Enclosed scale type,IS 3055 (Part 2),"BIS Product Certification (ISI Mark, Scheme I) product description, 8. Clinical Thermometers (Quality Control), 2001 GSR",Medical Equipment
Diagnostic Medical X-Ray Equipment,IS 7620 (Part 1),"BIS Product Certification (ISI Mark, Scheme I) product description, 8. Clinical Thermometers (Quality Control), 2001 GSR",Medical Equipment
Plain Hard-drawn Steel Wire For Pre-stressed Concrete: Part 1 Cold Drawn Stress-relieved Wire,IS 1785 (Part 1) : 1983,"BIS Product Certification (ISI Mark, Scheme I) product description, 10. Steel and Steel Products (Quality Control) Order",Steel and Iron Products
Plain hard-drawn steel wire for pre-stressed concrete Part 2: As drawn wire,IS 1785 (Part 2) : 1983,"BIS Product Certification (ISI Mark, Scheme I) product description, 10. Steel and Steel Products (Quality Control) Order",Steel and Iron Products
Indented wire for Pre-stressed concrete,IS 6003:2010,"BIS Product Certification (ISI Mark, Scheme I) product description, 10. Steel and Steel Products (Quality Control) Order",Steel and Iron Products
Uncoated stress relieved strand for Pre-stressed concrete.,IS 6006:2014,"BIS Product Certification (ISI Mark, Scheme I) product description, 10. Steel and Steel Products (Quality Control) Order",Steel and Iron Products
Fusion bonded epoxy coated reinforcing bars,IS 13620:1993,"BIS Product Certification (ISI Mark, Scheme I) product description, 10. Steel and Steel Products (Quality Control) Order",Steel and Iron Products
Uncoated Stress Relieved Low Relaxation Seven-ply Strand For Pre-stressed Concrete.,IS 14268:1995,"BIS Product Certification (ISI Mark, Scheme I) product description, 10. Steel and Steel Products (Quality Control) Order",Steel and Iron Products
Galvanized steel sheets ( plain and corrugated).,IS 277:2003,"BIS Product Certification (ISI Mark, Scheme I) product description, 10. Steel and Steel Products (Quality Control) Order",Steel and Iron Products
Steel plates for pressure vessels for intermediate and high temperature service including boilers.,IS 2002:2009,"BIS Product Certification (ISI Mark, Scheme I) product description, 10. Steel and Steel Products (Quality Control) Order",Steel and Iron Products
Steel plates for pressure vessels used at moderate and low temperature,IS 2041:2009,"BIS Product Certification (ISI Mark, Scheme I) product description, 10. Steel and Steel Products (Quality Control) Order",Steel and Iron Products
"Carbon steel cast billet ingots ,billets, blooms and slabs for rerolling into steel for general structural purpose",IS 2830:2012,"BIS Product Certification (ISI Mark, Scheme I) product description, 10. Steel and Steel Products (Quality Control) Order",Steel and Iron Products
High strength deformed steel bars and wires for concrete reinforcement,IS 1786:2008,"BIS Product Certification (ISI Mark, Scheme I) product description, 10. Steel and Steel Products (Quality Control) Order",Steel and Iron Products
Cold rolled non-oriented electrical steel sheets and strip-fully processed type (CRNO),IS 648:2006,"BIS Product Certification (ISI Mark, Scheme I) product description, 10. Steel and Steel Products (Quality Control) Order",Steel and Iron Products
Grain oriented electrical steel sheet & strip (CRGO),IS 3024:2015,"BIS Product Certification (ISI Mark, Scheme I) product description, 10. Steel and Steel Products (Quality Control) Order",Steel and Iron Products
Oriented Electrical Steel Sheet and Strip- Semi-Processed Type- Specification.,IS 15391:2003,"BIS Product Certification (ISI Mark, Scheme I) product description, 10. Steel and Steel Products (Quality Control) Order",Steel and Iron Products
Hot rolled medium and high tensile structural steel,IS 2062:2011,"BIS Product Certification (ISI Mark, Scheme I) product description, 10. Steel and Steel Products (Quality Control) Order",Steel and Iron Products
Mild Steel and Medium Tensile Steel Bars and Hard-Drawn Steel Wire for Concrete Reinforcement: Part 1 Mild steel and medium tensile steel bars,IS 432 : Part 1:1982,"BIS Product Certification (ISI Mark, Scheme I) product description, 10. Steel and Steel Products (Quality Control) Order",Steel and Iron Products
Mild steel and Medium Tensile steel bars and Hard-Drawn Steel Wire for Concrete Reinforcement: Part 2 Hard- Drawn Steel Wire,IS 432 : Part 2:1982,"BIS Product Certification (ISI Mark, Scheme I) product description, 10. Steel and Steel Products (Quality Control) Order",Steel and Iron Products
Cold reduced carbon steel sheets and strips Part 1 Cold Forming and Drawing Purpose,IS 513 (Part-1): 2016,"BIS Product Certification (ISI Mark, Scheme I) product description, 10. Steel and Steel Products (Quality Control) Order",Steel and Iron Products
Cold reduced carbon steel sheets and strips Part 2 High Tensile and Multi-phase Steel,IS 513(Part-2):2016,"BIS Product Certification (ISI Mark, Scheme I) product description, 10. Steel and Steel Products (Quality Control) Order",Steel and Iron Products
"Hot Rolled Carbon Steel Sheet, Plate and Strip - Specification.",IS 1079: 2017,"BIS Product Certification (ISI Mark, Scheme I) product description, 10. Steel and Steel Products (Quality Control) Order",Steel and Iron Products
"Carbon steel billets, blooms, slabs and bars for forgings.",IS 1875:1992,"BIS Product Certification (ISI Mark, Scheme I) product description, 10. Steel and Steel Products (Quality Control) Order",Steel and Iron Products
Mild steel for metal arc welding electrodes.,IS 2879:1998,"BIS Product Certification (ISI Mark, Scheme I) product description, 10. Steel and Steel Products (Quality Control) Order",Steel and Iron Products
Steel Chequered Plates,IS 3502:2009,"BIS Product Certification (ISI Mark, Scheme I) product description, 10. Steel and Steel Products (Quality Control) Order",Steel and Iron Products
Cold Rolled Steel Strips (Box Strappings).,IS 5872:1990,"BIS Product Certification (ISI Mark, Scheme I) product description, 10. Steel and Steel Products (Quality Control) Order",Steel and Iron Products
"Hot Rolled Steel Sheet, Plate and Strip for Forming and Flanging Purposes - Specification.",IS 5986: 2017,"BIS Product Certification (ISI Mark, Scheme I) product description, 10. Steel and Steel Products (Quality Control) Order",Steel and Iron Products
Hot Rolled Steel Plate (up to 6 mm) Sheet and Strip for the Manufacture of Low Pressure Liquefiable Gas Cylinders,IS 6240:2008,"BIS Product Certification (ISI Mark, Scheme I) product description, 10. Steel and Steel Products (Quality Control) Order",Steel and Iron Products
Hot Rolled bars for production of bright bars and machined parts for engineering applications.,IS 7283:1992,"BIS Product Certification (ISI Mark, Scheme I) product description, 10. Steel and Steel Products (Quality Control) Order",Steel and Iron Products
Mild steel wire rods for general engineering purposes.,IS 7887:1992,"BIS Product Certification (ISI Mark, Scheme I) product description, 10. Steel and Steel Products (Quality Control) Order",Steel and Iron Products
Hot Rolled Steel Strip for Welded Tubes and Pipes.,IS 10748:2004,"BIS Product Certification (ISI Mark, Scheme I) product description, 10. Steel and Steel Products (Quality Control) Order",Steel and Iron Products
Hot Rolled Carbon Steel Strip for Cold Rolling Purposes - Specification,IS 11513:2017,"BIS Product Certification (ISI Mark, Scheme I) product description, 10. Steel and Steel Products (Quality Control) Order",Steel and Iron Products
Hot rolled steel narrow width strip for welded tubes and pipes,IS 15647:2006,"BIS Product Certification (ISI Mark, Scheme I) product description, 10. Steel and Steel Products (Quality Control) Order",Steel and Iron Products
High carbon steel wire rods- Specification,IS 7904:2017,"BIS Product Certification (ISI Mark, Scheme I) product description, 10. Steel and Steel Products (Quality Control) Order",Steel and Iron Products
Continuously pre-painted galvanized steel sheets and coils,IS 14246:2013,"BIS Product Certification (ISI Mark, Scheme I) product description, 10. Steel and Steel Products (Quality Control) Order",Steel and Iron Products
Pre-painted aluminium zinc alloy metallic coated steel strip and sheet (Plain).,IS 15965:2012,"BIS Product Certification (ISI Mark, Scheme I) product description, 10. Steel and Steel Products (Quality Control) Order",Steel and Iron Products
Mild steel wire for General Engineering purposes.,IS 280: 2006,"BIS Product Certification (ISI Mark, Scheme I) product description, 10. Steel and Steel Products (Quality Control) Order",Steel and Iron Products
Round Steel wire for ropes,IS 1835:1976,"BIS Product Certification (ISI Mark, Scheme I) product description, 10. Steel and Steel Products (Quality Control) Order",Steel and Iron Products
Low Carbon Galvanized steel wires formed wires and Tapes for armouring of Cables,IS 3975:1999,"BIS Product Certification (ISI Mark, Scheme I) product description, 10. Steel and Steel Products (Quality Control) Order",Steel and Iron Products
"Alloy Steel billets, blooms and slabs for forging for general engineering purposes.",IS 4368:1967,"BIS Product Certification (ISI Mark, Scheme I) product description, 10. Steel and Steel Products (Quality Control) Order",Steel and Iron Products
Steel wire for mechanical springs Part-1 cold drawn unalloyed steel wire.,IS 4454 (Part 1) : 2001,"BIS Product Certification (ISI Mark, Scheme I) product description, 10. Steel and Steel Products (Quality Control) Order",Steel and Iron Products
Steel wire for mechanical springs Part-2 oil hardened and tempered steel wire.,IS 4454 (Part 2): 2001,"BIS Product Certification (ISI Mark, Scheme I) product description, 10. Steel and Steel Products (Quality Control) Order",Steel and Iron Products
Steels for Cold Heading/Cold extrusion application Part-1 Wrought carbon and low alloy steels,IS 11169 (Part 1): 1984,"BIS Product Certification (ISI Mark, Scheme I) product description, 10. Steel and Steel Products (Quality Control) Order",Steel and Iron Products
Structural Weather resistant steel.,IS 11587:1986,"BIS Product Certification (ISI Mark, Scheme I) product description, 10. Steel and Steel Products (Quality Control) Order",Steel and Iron Products
Fire resistant Steel- Specification,IS 15103: 2002,"BIS Product Certification (ISI Mark, Scheme I) product description, 10. Steel and Steel Products (Quality Control) Order",Steel and Iron Products
"High Tensile Strength Flat Rolled Steel Plate (Up to 6 mm), Sheet and Strip for the Manufacture of Welded Gas Cylinder.",IS 15914:2011,"BIS Product Certification (ISI Mark, Scheme I) product description, 10. Steel and Steel Products (Quality Control) Order",Steel and Iron Products
Hot Dip aluminium- Zinc alloy metallic coated steel strip and sheet (Plain),IS 15961:2012,"BIS Product Certification (ISI Mark, Scheme I) product description, 10. Steel and Steel Products (Quality Control) Order",Steel and Iron Products
Structural Steel for Building for Structures with improved seismic Resistance,IS 15962:2012,"BIS Product Certification (ISI Mark, Scheme I) product description, 10. Steel and Steel Products (Quality Control) Order",Steel and Iron Products
Stainless Steel wire Rod,IS 6527:1995,"BIS Product Certification (ISI Mark, Scheme I) product description, 10. Steel and Steel Products (Quality Control) Order",Steel and Iron Products
Stainless Steel Bars and Flats,IS 6603:2001,"BIS Product Certification (ISI Mark, Scheme I) product description, 10. Steel and Steel Products (Quality Control) Order",Steel and Iron Products
6Stainless Steel sheets and strips for utensils- Specification &nbsp;,IS 5522:2014,"BIS Product Certification (ISI Mark, Scheme I) product description, 10. Steel and Steel Products (Quality Control) Order",Steel and Iron Products
"Stainless Steel Plate, Sheet and Strip- Specification",IS 6911:2017,"BIS Product Certification (ISI Mark, Scheme I) product description, 10. Steel and Steel Products (Quality Control) Order",Steel and Iron Products
Low Nickel Austenitic Stainless Steel Sheet and Strip For Utensils and Kitchen Applications- Specification,IS 15997:2012,"BIS Product Certification (ISI Mark, Scheme I) product description, 10. Steel and Steel Products (Quality Control) Order",Steel and Iron Products
Ferrosilicon - Specification,IS 1110 : 1990,"BIS Product Certification (ISI Mark, Scheme I) product description, 10. Steel and Steel Products (Quality Control) Order",Steel and Iron Products
Specification for Ferronickel,IS 4409 : 1973,"BIS Product Certification (ISI Mark, Scheme I) product description, 10. Steel and Steel Products (Quality Control) Order",Steel and Iron Products
Specification for Hot rolled steel strip (bailing),IS 1029 : 1970,"BIS Product Certification (ISI Mark, Scheme I) product description, 10. Steel and Steel Products (Quality Control) Order",Steel and Iron Products
Specification for Hot-rolled mild steel sheet and strip in coil form for cold-reduced tinplate and cold-reduced black plate,IS 2385 : 1977,"BIS Product Certification (ISI Mark, Scheme I) product description, 10. Steel and Steel Products (Quality Control) Order",Steel and Iron Products
Specification for Structural steel for construction of hulls of ships,IS 3039 : 1988,"BIS Product Certification (ISI Mark, Scheme I) product description, 10. Steel and Steel Products (Quality Control) Order",Steel and Iron Products
Tool and die steels - Specification,IS 3748 : 1990,"BIS Product Certification (ISI Mark, Scheme I) product description, 10. Steel and Steel Products (Quality Control) Order",Steel and Iron Products
Steel for hardening and tempering - Specification,IS 5517 : 1993,"BIS Product Certification (ISI Mark, Scheme I) product description, 10. Steel and Steel Products (Quality Control) Order",Steel and Iron Products
Galvanized Structural Steel - Specification,IS 16732: 2019,"BIS Product Certification (ISI Mark, Scheme I) product description, 10. Steel and Steel Products (Quality Control) Order",Steel and Iron Products
Specification for Steel for valves for internal combustion engines,IS 7494 : 1981,"BIS Product Certification (ISI Mark, Scheme I) product description, 10. Steel and Steel Products (Quality Control) Order",Steel and Iron Products
Specification for Carbon manganese steel forgings for pressure vessels,IS 12146 : 1987,"BIS Product Certification (ISI Mark, Scheme I) product description, 10. Steel and Steel Products (Quality Control) Order",Steel and Iron Products
Magnetic materials - specification for individual material - Fe based amorphous strip delivered in the semi-processed state.,IS 16585 : 2016,"BIS Product Certification (ISI Mark, Scheme I) product description, 10. Steel and Steel Products (Quality Control) Order",Steel and Iron Products
"Carbon steel cast billet ingots, billets, blooms and slabs for re-rolling into structural steel (ordinary quality) - Specification",IS 2831 : 2012,"BIS Product Certification (ISI Mark, Scheme I) product description, 10. Steel and Steel Products (Quality Control) Order",Steel and Iron Products
Steel Rivet Bars (medium And High Tensile) - For Structural Purposes,IS 1148: 2009,"BIS Product Certification (ISI Mark, Scheme I) product description, 10. Steel and Steel Products (Quality Control) Order",Steel and Iron Products
"Specification for Mild Steel Wire, Cold Heading Quality",IS 1673: 1984,"BIS Product Certification (ISI Mark, Scheme I) product description, 10. Steel and Steel Products (Quality Control) Order",Steel and Iron Products
Specification for Carbon Steel Wire for the Manufacture of Wood Screws,IS 1812: 1982,"BIS Product Certification (ISI Mark, Scheme I) product description, 10. Steel and Steel Products (Quality Control) Order",Steel and Iron Products
Specification for Cold - rolled Steel Strips For Springs.,IS 2507: 1975,"BIS Product Certification (ISI Mark, Scheme I) product description, 10. Steel and Steel Products (Quality Control) Order",Steel and Iron Products
Specification for Mild Steel Wire Rod for the Manufacture of Machine Screws (By Cold Heading Process).,IS 2255: 1977,"BIS Product Certification (ISI Mark, Scheme I) product description, 10. Steel and Steel Products (Quality Control) Order",Steel and Iron Products
Steel For the Manufacture of Volute And Helical Springs (for Railway Rolling Stock) - Specification .,IS 3195: 1992,"BIS Product Certification (ISI Mark, Scheme I) product description, 10. Steel and Steel Products (Quality Control) Order",Steel and Iron Products
"Specification for Steel for the manufacture of volute, helical and laminated springs for automotive suspension.",IS 3431: 1982,"BIS Product Certification (ISI Mark, Scheme I) product description, 10. Steel and Steel Products (Quality Control) Order",Steel and Iron Products
Specification for Steel Wire for Umbrella Ribs .,IS 4223: 1975,"BIS Product Certification (ISI Mark, Scheme I) product description, 10. Steel and Steel Products (Quality Control) Order",Steel and Iron Products
"Specification for Steel Wire for Staples, Pins And Clips.",IS 4224: 1972,"BIS Product Certification (ISI Mark, Scheme I) product description, 10. Steel and Steel Products (Quality Control) Order",Steel and Iron Products
Cold-rolled Carbon Steel Strips for Ball and Roller Bearing Cages/ Retainers- Specification.,IS 4397: 1999,"BIS Product Certification (ISI Mark, Scheme I) product description, 10. Steel and Steel Products (Quality Control) Order",Steel and Iron Products
"Carbon-chromium Steel for the Manufacture of Balls, Rollers and Bearing Races- Specification",IS 4398: 1994,"BIS Product Certification (ISI Mark, Scheme I) product description, 10. Steel and Steel Products (Quality Control) Order",Steel and Iron Products
Specification for Steel Wire for spokes.,IS 6902: 1973,"BIS Product Certification (ISI Mark, Scheme I) product description, 10. Steel and Steel Products (Quality Control) Order",Steel and Iron Products
Specification for Steel For Electrically welded round Link Chains.,IS 6967: 1973,"BIS Product Certification (ISI Mark, Scheme I) product description, 10. Steel and Steel Products (Quality Control) Order",Steel and Iron Products
"Specification for Cold rolled medium, high carbon and low alloy steel strip for general engineering purposes.",IS 7226: 1974,"BIS Product Certification (ISI Mark, Scheme I) product description, 10. Steel and Steel Products (Quality Control) Order",Steel and Iron Products
Specification for Steel Wire: (Up to 20 mm) for the manufacture of cold-forged rivets.,IS 7557: 1982,"BIS Product Certification (ISI Mark, Scheme I) product description, 10. Steel and Steel Products (Quality Control) Order",Steel and Iron Products
"Steel ingots, billets and blooms for the production of springs, rivets and screws for general engineering applications - Specification.",IS 8052: 2006,"BIS Product Certification (ISI Mark, Scheme I) product description, 10. Steel and Steel Products (Quality Control) Order",Steel and Iron Products
"Steel Cast Billet Ingots, Billets and Blooms for production of High Carbon Steel Wire Rods- Specification",IS 8951: 2001,"BIS Product Certification (ISI Mark, Scheme I) product description, 10. Steel and Steel Products (Quality Control) Order",Steel and Iron Products
"Steel ingots, blooms and billets for production of mild steel wire rods for general engineering purposes - Specification",IS 8952: 1995,"BIS Product Certification (ISI Mark, Scheme I) product description, 10. Steel and Steel Products (Quality Control) Order",Steel and Iron Products
Specification for Cold rolled steel strips for carbon steel razor blades.,IS 9476: 1980,"BIS Product Certification (ISI Mark, Scheme I) product description, 10. Steel and Steel Products (Quality Control) Order",Steel and Iron Products
Specification for Steel Wire for Needles.,IS 9962: 1981,"BIS Product Certification (ISI Mark, Scheme I) product description, 10. Steel and Steel Products (Quality Control) Order",Steel and Iron Products
Heat-Treated Steels Alloy and Free-Cutting Steels - Ball and Roller Bearing Steels.,IS 17111: 2019 (ISO 683- 17: 2014),"BIS Product Certification (ISI Mark, Scheme I) product description, 10. Steel and Steel Products (Quality Control) Order",Steel and Iron Products
Steels for High Temperature Bolting Applications - Specification,IS 14331:1995,"BIS Product Certification (ISI Mark, Scheme I) product description, 10. Steel and Steel Products (Quality Control) Order",Steel and Iron Products
Hot-dip Zinc Coating on Structural Steel Bars for Concrete Reinforcement - Specification,IS 12594: 1988,"BIS Product Certification (ISI Mark, Scheme I) product description, 10. Steel and Steel Products (Quality Control) Order",Steel and Iron Products
"Carbon Steel Cast Billet Ingots, Billets, Blooms and Slabs for Rerolling purposes- Specification",IS 14650:1999,"BIS Product Certification (ISI Mark, Scheme I) product description, 10. Steel and Steel Products (Quality Control) Order",Steel and Iron Products
Specification for Low Carbon Steel Wire for Rivets for use in Bearing Industry,IS 4882: 1979,"BIS Product Certification (ISI Mark, Scheme I) product description, 10. Steel and Steel Products (Quality Control) Order",Steel and Iron Products
Specification for High Tensile Steel Bars used in Pre-stressed Concrete,IS 2090:1983,"BIS Product Certification (ISI Mark, Scheme I) product description, 10. Steel and Steel Products (Quality Control) Order",Steel and Iron Products
Stainless Steel Blooms Billets And Slabs For Forging,IS 6529:1996,"BIS Product Certification (ISI Mark, Scheme I) product description, 10. Steel and Steel Products (Quality Control) Order",Steel and Iron Products
Cold-Rolled Stainless Steel Strips for Razor Blades,IS 9294:1979,"BIS Product Certification (ISI Mark, Scheme I) product description, 10. Steel and Steel Products (Quality Control) Order",Steel and Iron Products
Stainless Steel for welding electrode core wire,IS 10631:1983,"BIS Product Certification (ISI Mark, Scheme I) product description, 10. Steel and Steel Products (Quality Control) Order",Steel and Iron Products
Specification for Non Magnetic stainless steel for electrical applications Part 2 Specific requirements for binding wire.,IS 10632 (Part 2):1983,"BIS Product Certification (ISI Mark, Scheme I) product description, 10. Steel and Steel Products (Quality Control) Order",Steel and Iron Products
"Specification for Non Magnetic stainless steel for electrical applications Part 3 Specific requirements for sheets, strips and plates.",IS 10632 (Part 3):1983,"BIS Product Certification (ISI Mark, Scheme I) product description, 10. Steel and Steel Products (Quality Control) Order",Steel and Iron Products
Steels for cold heading/cold extrusion applications - specification Part 2 Stainless steel,IS 11169 (Part 2): 1989,"BIS Product Certification (ISI Mark, Scheme I) product description, 10. Steel and Steel Products (Quality Control) Order",Steel and Iron Products
Steels for Pneumatic Tools,IS 5651:1987,"BIS Product Certification (ISI Mark, Scheme I) product description, 10. Steel and Steel Products (Quality Control) Order",Steel and Iron Products
Steels For Piston Pins (Gudgeon Pins),IS 11952:1986,"BIS Product Certification (ISI Mark, Scheme I) product description, 10. Steel and Steel Products (Quality Control) Order",Steel and Iron Products
Alloys Used in Electrical Resistance Metallic Heating Elements,IS 12045:1987,"BIS Product Certification (ISI Mark, Scheme I) product description, 10. Steel and Steel Products (Quality Control) Order",Steel and Iron Products
18 Percent Nickel Maraging Steel Bars and Rods,IS 14652:1999,"BIS Product Certification (ISI Mark, Scheme I) product description, 10. Steel and Steel Products (Quality Control) Order",Steel and Iron Products
Specification for Hard-drawn Steel Wire Fabric For Concrete Reinforcement,IS 1566:1982,"BIS Product Certification (ISI Mark, Scheme I) product description, 10. Steel and Steel Products (Quality Control) Order",Steel and Iron Products
Ferrochromium - Specification,IS 1170: 1992,"BIS Product Certification (ISI Mark, Scheme I) product description, 10. Steel and Steel Products (Quality Control) Order",Steel and Iron Products
Soft Magnetic Iron Strips,IS 11946:1987,"BIS Product Certification (ISI Mark, Scheme I) product description, 10. Steel and Steel Products (Quality Control) Order",Steel and Iron Products
"Soft Magnetic Iron Rods, Bars Flats and Sections",IS 11947:1987,"BIS Product Certification (ISI Mark, Scheme I) product description, 10. Steel and Steel Products (Quality Control) Order",Steel and Iron Products
Chrome molybdenum steel bars and rods for aircraft purposes,IS 963: 1958,"BIS Product Certification (ISI Mark, Scheme I) product description, 10. Steel and Steel Products (Quality Control) Order",Steel and Iron Products
Steel Wires for Mechanical Springs Part 4: Stainless Steel Wire,IS 4454 (Part 4): 2001,"BIS Product Certification (ISI Mark, Scheme I) product description, 10. Steel and Steel Products (Quality Control) Order",Steel and Iron Products
Cold-reduced Electrolytic Tin Plate,IS 1993 : 2018,"BIS Product Certification (ISI Mark, Scheme I) product description, 10. Steel and Steel Products (Quality Control) Order",Steel and Iron Products
Cold-reduced Electrolytic Chromium/Chromium oxide - coated steel,IS 12591:2018,"BIS Product Certification (ISI Mark, Scheme I) product description, 10. Steel and Steel Products (Quality Control) Order",Steel and Iron Products
Expanded Metal Steel Sheets For General Purposes,IS 412:1975,"BIS Product Certification (ISI Mark, Scheme I) product description, 10. Steel and Steel Products (Quality Control) Order",Steel and Iron Products
"Steel Billets,Bars And Sections For Boilers",IS 2100: 1970,"BIS Product Certification (ISI Mark, Scheme I) product description, 10. Steel and Steel Products (Quality Control) Order",Steel and Iron Products
Hard Drawn Steel Wire For Upholstery Springs,IS 2589: 1975,"BIS Product Certification (ISI Mark, Scheme I) product description, 10. Steel and Steel Products (Quality Control) Order",Steel and Iron Products
Mild Steel Rivet Bars For Ship Building,IS 3298: 1981,"BIS Product Certification (ISI Mark, Scheme I) product description, 10. Steel and Steel Products (Quality Control) Order",Steel and Iron Products
Steel For Spring Washers,IS 4072: 1975,"BIS Product Certification (ISI Mark, Scheme I) product description, 10. Steel and Steel Products (Quality Control) Order",Steel and Iron Products
Steel Wire For Banding Of Armatures And Rotors Part II Specific Requirements for magnetic banding wires,IS 8510 (Part II): 1977,"BIS Product Certification (ISI Mark, Scheme I) product description, 10. Steel and Steel Products (Quality Control) Order",Steel and Iron Products
Tinned Steel Wire For Banding Of Armatures And Rotors Part III Specific Requirements for non-magnetic banding wires,IS 8510 (PartIII): 1977,"BIS Product Certification (ISI Mark, Scheme I) product description, 10. Steel and Steel Products (Quality Control) Order",Steel and Iron Products
Half Round Mild Steel Wire For The Manufacture of Split Pins,IS 8563: 1977,"BIS Product Certification (ISI Mark, Scheme I) product description, 10. Steel and Steel Products (Quality Control) Order",Steel and Iron Products
Steel Wire For Nipples For Spokes,IS 8564: 1977,"BIS Product Certification (ISI Mark, Scheme I) product description, 10. Steel and Steel Products (Quality Control) Order",Steel and Iron Products
Plates For Galvanizing Pots,IS 8917: 1978,"BIS Product Certification (ISI Mark, Scheme I) product description, 10. Steel and Steel Products (Quality Control) Order",Steel and Iron Products
Hot Rolled Steel Plates Sheets And Strips For Manufacture of Agricultural Discs,IS 9442: 1980,"BIS Product Certification (ISI Mark, Scheme I) product description, 10. Steel and Steel Products (Quality Control) Order",Steel and Iron Products
Cold-Reduced And Hot-Rolled Carbon Steel Sheet For Porcelain Enamelling,IS 9485: 1980,"BIS Product Certification (ISI Mark, Scheme I) product description, 10. Steel and Steel Products (Quality Control) Order",Steel and Iron Products
Mild steel wire for cotter pins,IS 10794: 1984,"BIS Product Certification (ISI Mark, Scheme I) product description, 10. Steel and Steel Products (Quality Control) Order",Steel and Iron Products
Trapezoidal Steel Wire For Springs Washers,IS 12262:1988,"BIS Product Certification (ISI Mark, Scheme I) product description, 10. Steel and Steel Products (Quality Control) Order",Steel and Iron Products
Silicomanganese - Specification,IS 1470: 2013,"BIS Product Certification (ISI Mark, Scheme I) product description, 10. Steel and Steel Products (Quality Control) Order",Steel and Iron Products
Structural Steel (Ordinary Quality),IS 15911:2010,"BIS Product Certification (ISI Mark, Scheme I) product description, 10. Steel and Steel Products (Quality Control) Order",Steel and Iron Products
Ferromanganese - Specification,IS 1171: 2011,"BIS Product Certification (ISI Mark, Scheme I) product description, 10. Steel and Steel Products (Quality Control) Order",Steel and Iron Products
Carbon And Carbon- Manganese Free- Cutting Steels,IS 4431: 1978,"BIS Product Certification (ISI Mark, Scheme I) product description, 10. Steel and Steel Products (Quality Control) Order",Steel and Iron Products
Steels For Die Blocks For Drop Forging,IS 5518: 1996,"BIS Product Certification (ISI Mark, Scheme I) product description, 10. Steel and Steel Products (Quality Control) Order",Steel and Iron Products
Forged/Rolled CTC Segments,IS 8748: 1978,"BIS Product Certification (ISI Mark, Scheme I) product description, 10. Steel and Steel Products (Quality Control) Order",Steel and Iron Products
Quenched And Tempered Alloy Steel Forgings For Pressure Vessels,IS 12145: 1987,"BIS Product Certification (ISI Mark, Scheme I) product description, 10. Steel and Steel Products (Quality Control) Order",Steel and Iron Products
Tool Steel Forgings For Metal Forming,IS 13387: 1992,"BIS Product Certification (ISI Mark, Scheme I) product description, 10. Steel and Steel Products (Quality Control) Order",Steel and Iron Products
"Carbon And Low Alloy Billets, Blooms, Slabs And Bars For Manufacture Of Shell BodiesAnd Proof Shots Used In Defence Services",IS 14698:1999,"BIS Product Certification (ISI Mark, Scheme I) product description, 10. Steel and Steel Products (Quality Control) Order",Steel and Iron Products
Flame And Induction Hardening Steels,IS 3930: 1994,"BIS Product Certification (ISI Mark, Scheme I) product description, 10. Steel and Steel Products (Quality Control) Order",Steel and Iron Products
Thermostat Metal Sheet and Strip,IS 5478: 1969,"BIS Product Certification (ISI Mark, Scheme I) product description, 10. Steel and Steel Products (Quality Control) Order",Steel and Iron Products
"Stock for Forgings produced from Continuously Cast Blooms, Billets and Slabs",IS 13352: 1992,"BIS Product Certification (ISI Mark, Scheme I) product description, 10. Steel and Steel Products (Quality Control) Order",Steel and Iron Products
"Stress-Relieved, Low Relaxation Steel Wire for Pre-stressed Concrete",IS 16644: 2018,"BIS Product Certification (ISI Mark, Scheme I) product description, 10. Steel and Steel Products (Quality Control) Order",Steel and Iron Products
Hot Rolled and Cold Rolled Steel Strips Intended For Processing Of Semi/Fully Processed NonGrain Oriented Electrical Steel Or Fully Processed Grain Oriented Electrical Steel,IS 18316: 2023,"BIS Product Certification (ISI Mark, Scheme I) product description, 10. Steel and Steel Products (Quality Control) Order",Steel and Iron Products
"Hot-Rolled Steel Strip, Sheet and Plates for Welded Steel Pipe for Pipeline Transportation Systems",IS 18384: 2023,"BIS Product Certification (ISI Mark, Scheme I) product description, 10. Steel and Steel Products (Quality Control) Order",Steel and Iron Products
Hot- Dip galvanized/ galvannealed Steel Sheet and strips for Automotive Applications,IS 18385: 2023,"BIS Product Certification (ISI Mark, Scheme I) product description, 10. Steel and Steel Products (Quality Control) Order",Steel and Iron Products
"Hot-Dip Zinc - Aluminium - Magnesium Alloy Coated Steel Sheets, Plates and Strips",IS 18513: 2023,"BIS Product Certification (ISI Mark, Scheme I) product description, 10. Steel and Steel Products (Quality Control) Order",Steel and Iron Products
Ferromolybdenum - Specification,IS 1469: 1993,"BIS Product Certification (ISI Mark, Scheme I) product description, 10. Steel and Steel Products (Quality Control) Order",Steel and Iron Products
Specification for Ferro Vanadium,IS 1466: 1985,"BIS Product Certification (ISI Mark, Scheme I) product description, 10. Steel and Steel Products (Quality Control) Order",Steel and Iron Products
"Centrifugally cast (spun) ductile iron pressure pipes for water, gas and sewage",IS 8329 : 2000,"BIS Product Certification (ISI Mark, Scheme I) product description, 11. Ductile Iron Pressure Pipes and Fittings (Qualit",Steel and Iron Products
"Ductile iron fittings for pressure pipes for water, gas and sewage",IS 9523:2000,"BIS Product Certification (ISI Mark, Scheme I) product description, 11. Ductile Iron Pressure Pipes and Fittings (Qualit",Steel and Iron Products
Steel tubes for structural purposes,IS 1161:2014,"BIS Product Certification (ISI Mark, Scheme I) product description, Mild Steel Tubes (excluding seamless tube & tubes ac",Steel and Iron Products
"Steel Tubes, Tubulars and Other Wrought Steel Fittings Part 1 : Steel Tubes",IS 1239 (Part 1):2014,"BIS Product Certification (ISI Mark, Scheme I) product description, Mild Steel Tubes (excluding seamless tube & tubes ac",Steel and Iron Products
Steel tubes used for water-wells (upto 200 mm dia),IS 4270:2001,"BIS Product Certification (ISI Mark, Scheme I) product description, Mild Steel Tubes (excluding seamless tube & tubes ac",Steel and Iron Products
Specification for Malleable iron shots and grits for use in foundries,IS 9139:1979,"BIS Product Certification (ISI Mark, Scheme I) product description, 13. Malleable Iron Shots and Grits (Quality Control)",Steel and Iron Products
"Out door type Oil immersed Distribution Transformers upto and including 2500 kVA, 33 KV-specification Part 1 Mineral oil immersed",IS 1180 (Part 1),"BIS Product Certification (ISI Mark, Scheme I) product description, 14. Electrical transformers (Quality Control ) order",Electrical Transformers
Energy Efficient Induction Motors-Three Phase Squirrel Cage,IS 12615,"BIS Product Certification (ISI Mark, Scheme I) product description, 15. SO 178(E), dated 18th January 2017 SO 3207(E), d",Electrical Motors
Caustic Soda -Specification,IS 252:2013,"BIS Product Certification (ISI Mark, Scheme I) product description, 17. Bureau of Indian Standard (Caustic Soda) Order, ","Chemicals, Fertilizers, Polymers & Textiles"
Boric Acid - Specification,IS 10116 : 2015,"BIS Product Certification (ISI Mark, Scheme I) product description, 18. Bureau of Indian Standards (Standards for Boric ","Chemicals, Fertilizers, Polymers & Textiles"
Poly Aluminium Chloride,IS 15573,"BIS Product Certification (ISI Mark, Scheme I) product description, 19. Poly Aluminium Chloride (Quality Control) Order,","Chemicals, Fertilizers, Polymers & Textiles"
"Specification for Phthalic Anhydride, Technical",IS 5158: 1987,"BIS Product Certification (ISI Mark, Scheme I) product description, 20. Phthalic Anhydride (Quality Control) Order, 2020","Chemicals, Fertilizers, Polymers & Textiles"
"Sodium Sulphide, Technical",IS 297:2001,"BIS Product Certification (ISI Mark, Scheme I) product description, 23. Sodium Sulphide (Quality Control) Order, 2020 (S","Chemicals, Fertilizers, Polymers & Textiles"
"Potassium Carbonate, Anhydrous",IS 7129:1992,"BIS Product Certification (ISI Mark, Scheme I) product description, 24. Potassium Carbonate (Quality Control) Order, 202","Chemicals, Fertilizers, Polymers & Textiles"
"Phosphorous Trichloride, pure and Analytical Reagent",IS 4581:1978,"BIS Product Certification (ISI Mark, Scheme I) product description, 26. Phosphorous Trichloride (Quality Control) Order,","Chemicals, Fertilizers, Polymers & Textiles"
"Phosphorous Pentachloride, Technical",IS 11744:1986,"BIS Product Certification (ISI Mark, Scheme I) product description, 27. Phosphorous Pentachloride, (Quality Control) Ord","Chemicals, Fertilizers, Polymers & Textiles"
"Phosphorous Oxychloride, Technical",IS 11657:1986,"BIS Product Certification (ISI Mark, Scheme I) product description, 28. Phosphorous Oxychloride, (Quality Control) Order","Chemicals, Fertilizers, Polymers & Textiles"
Stabilized Hydrogen Peroxide,IS 2080:2021,"BIS Product Certification (ISI Mark, Scheme I) product description, 29. Hydrogen Peroxide, (Quality Control) Order, 2020","Chemicals, Fertilizers, Polymers & Textiles"
"Precipitated Barium Carbonate, Technical",IS 3205:1984,"BIS Product Certification (ISI Mark, Scheme I) product description, 30. Precipitated Barium Carbonate, (Quality Control)","Chemicals, Fertilizers, Polymers & Textiles"
Precipitated Barium for Ceramic and Glass Industry,IS 12928:1990,"BIS Product Certification (ISI Mark, Scheme I) product description, Precipitated Barium Carbonate, (Quality Control) Ord","Chemicals, Fertilizers, Polymers & Textiles"
Sodium Formaldehyde Sulphoxylate,IS 4505:2015,"BIS Product Certification (ISI Mark, Scheme I) product description, 31. Sodium Formaldehyde Sulphoxylate, (Quality Contr","Chemicals, Fertilizers, Polymers & Textiles"
"Sodium Tripolyphosphate, Anhydrous, Technical",IS 6100:1984,"BIS Product Certification (ISI Mark, Scheme I) product description, Sodium Tripolyphosphate, (Quality Control) Order, 20","Chemicals, Fertilizers, Polymers & Textiles"
Styrene (Vinyl Benzene),IS 4105:2020,"BIS Product Certification (ISI Mark, Scheme I) product description, Styrene (Vinyl Benzene) (Quality Control) Order, 202","Chemicals, Fertilizers, Polymers & Textiles"
"Maleic Anhydride, Technical",IS 5149:2020,"BIS Product Certification (ISI Mark, Scheme I) product description, Maleic Anhydride (Quality Control) Order, 2020 (S.O.","Chemicals, Fertilizers, Polymers & Textiles"
100 Percent. Polyester Spun Grey and White Yarn (PSY),IS 17265:2019,"BIS Product Certification (ISI Mark, Scheme I) product description, 100 Percent Polyester Spun Grey and White Yarn (Qual","Chemicals, Fertilizers, Polymers & Textiles"
Polyester Continuous Filament Fully Drawn Yarn (FDY),IS 17261:2019,"BIS Product Certification (ISI Mark, Scheme I) product description, Polyester Continuous Filament Fully Drawn Yarn (Qual","Chemicals, Fertilizers, Polymers & Textiles"
Polyester Industrial Yarn (IDY),IS 17264:2019,"BIS Product Certification (ISI Mark, Scheme I) product description, Polyester Industrial Yarn (Quality Control) Order, 2","Chemicals, Fertilizers, Polymers & Textiles"
Polyester Partially Oriented Yarn (POY),IS 17262:2019,"BIS Product Certification (ISI Mark, Scheme I) product description, Polyester Partially Oriented Yarn (Quality Control) ","Chemicals, Fertilizers, Polymers & Textiles"
Polyester Staple Fibres (PSF),IS 17263:2019,"BIS Product Certification (ISI Mark, Scheme I) product description, Polyester Staple Fibres (Quality Control) Order, 202","Chemicals, Fertilizers, Polymers & Textiles"
Polyethylene Material for moulding and extrusion (i) Low Density Polyethylene (LDPE) (ii) Linear Low-Density Polyethylene (LLDPE) (iii) High Density Polyethylene (HDPE),IS 7328:2020,"BIS Product Certification (ISI Mark, Scheme I) product description, Polyethylene Material for Moulding and Extrusion (Qu","Chemicals, Fertilizers, Polymers & Textiles"
Styrene-Butadiene Rubber Latex,IS 11356:2020,"BIS Product Certification (ISI Mark, Scheme I) product description, 34. Styrene-Butadiene Rubber Latex (Quality Control)","Chemicals, Fertilizers, Polymers & Textiles"
Synthetic Micro-Fibres for use in Cement Based Matrix,IS 16481:2016,"BIS Product Certification (ISI Mark, Scheme I) product description, 35. Synthetic Micro-Fibres for use in Cement Based M","Chemicals, Fertilizers, Polymers & Textiles"
Ethylene Vinyl Acetate (EVA) Copolymers,IS 13601:1993,"BIS Product Certification (ISI Mark, Scheme I) product description, Ethylene Vinyl Acetate Copolymers (Quality Control) ","Chemicals, Fertilizers, Polymers & Textiles"
"3(N, N-DiEthyl) Aminophenol",IS 7686:2020,"BIS Product Certification (ISI Mark, Scheme I) product description, 37. 3 (N, N Di-Ethyl) Aminophenol (Quality Control) ","Chemicals, Fertilizers, Polymers & Textiles"
Methylene Chloride (Dichloromethane),IS 4566:2020,"BIS Product Certification (ISI Mark, Scheme I) product description, 38. Methylene Chloride (Dichloromethane) (Quality Co","Chemicals, Fertilizers, Polymers & Textiles"
Acrylonitrile Butadiene Styrene (ABS),IS 17077 :2019/ISO 19062-1 : 2015,"BIS Product Certification (ISI Mark, Scheme I) product description, Acrylonitrile-Butadiene Styrene (ABS) (Quality Contr","Chemicals, Fertilizers, Polymers & Textiles"
Vinyl Chloride Monomer,IS 17442:2020,"BIS Product Certification (ISI Mark, Scheme I) product description, Vinyl Chloride Monomer (Quality Control) Order, 2020","Chemicals, Fertilizers, Polymers & Textiles"
Rubberseed Fatty Acids,IS 12124 : 1987,"BIS Product Certification (ISI Mark, Scheme I) product description, 41. Rubberseed Fatty Acids (Quality Control) Order, ","Chemicals, Fertilizers, Polymers & Textiles"
Hydrogenated Rice Bran Fatty Acids,IS 12361 :1988,"BIS Product Certification (ISI Mark, Scheme I) product description, Hydrogenated Rice Bran Fatty Acids (Quality Control)","Chemicals, Fertilizers, Polymers & Textiles"
Domestic Electric Food Mixer (Liquidizers and Grinders) and Centrifugal Juicer,IS 4250,"BIS Product Certification (ISI Mark, Scheme I) product description, 42. Bureau of Indian Standards Kitchen Appliances (Q",Kitchen Appliances
Instantaneous Domestic Water Heater for use with Liquefied Petroleum Gas,IS 15558,"BIS Product Certification (ISI Mark, Scheme I) product description, 43. Bureau of Indian Standards Domestic Water Heater",Domestic Water Heaters for use with LPG
Room Air Conditioners- Specification Part 1 Unitary Air Conditioners,IS 1391 (Part-1): 2017,"BIS Product Certification (ISI Mark, Scheme I) product description, 44. Air Conditioner and its related Parts, Hermetic ","Air Conditioner and its related Parts, Hermetic "
Room Air Conditioners- Specification Part 2 Split Air Conditioners,IS 1391 (Part-2): 2018,"BIS Product Certification (ISI Mark, Scheme I) product description, 44. Air Conditioner and its related Parts, Hermetic ","Air Conditioner and its related Parts, Hermetic "
Ducted and Package Air Conditioners,IS 8148:2018,"BIS Product Certification (ISI Mark, Scheme I) product description, 44. Air Conditioner and its related Parts, Hermetic ","Air Conditioner and its related Parts, Hermetic "
Finned type Heat Exchanger for Room Air Conditioner,IS 11329:2018,"BIS Product Certification (ISI Mark, Scheme I) product description, 44. Air Conditioner and its related Parts, Hermetic ","Air Conditioner and its related Parts, Hermetic "
Hermetic compressor Hermetic Compressors-Specification,IS 10617:2018,"BIS Product Certification (ISI Mark, Scheme I) product description, 44. Air Conditioner and its related Parts, Hermetic ","Air Conditioner and its related Parts, Hermetic "
Plugs and socket-outlets of Rated Voltage up to and including 250 Volts and Rated current up to and including 16 amperes,IS 1293 : 2005,"BIS Product Certification (ISI Mark, Scheme I) product description, Plugs and Socket-Outlets and Alternating Current Dir",Plugs and Socket-Outlets and Alternating Current
Alternating Current Direct Connected Static Prepayment Meters for Active Energy (Class1 and 2),IS 15884:2010,"BIS Product Certification (ISI Mark, Scheme I) product description, Plugs and Socket-Outlets and Alternating Current Dir",Plugs and Socket-Outlets and Alternating Current
Domestic Gas Stoves for use with Liquefied Petroleum Gases,IS 4246: 2002,"BIS Product Certification (ISI Mark, Scheme I) product description, 46. Domestic Gas Stoves for use with Liquefied Petro",Domestic Gas Stoves for use with Liquefied Petro
Transparent Float Glass,IS 14900: 2018,"BIS Product Certification (ISI Mark, Scheme I) product description, Transparent Float Glass (Quality Control) Order, 201",Transparent Float Glass
Domestic Pressure Cooker,IS 2347:2017,"BIS Product Certification (ISI Mark, Scheme I) product description, 48. (Quality Control) Order, 2020 (S.O. 294 (E) date",Domestic Pressure Cooker
Rubber Hose for Liquefied Petroleum Gas (LPG)- Specification Part 1 Industrial Application,IS 9573(Part 1):2017,"BIS Product Certification (ISI Mark, Scheme I) product description, 50. Rubber Hose for Liquefied Petroleum Gas (LPG) (Q",Rubber Hose for Liquefied Petroleum Gas (LPG)
Rubber Hose for Liquefied Petroleum Gas (LPG)- Specification Part 2- Domestic and Commercial Application.,IS 9573(Part 2):2017,"BIS Product Certification (ISI Mark, Scheme I) product description, 50. Rubber Hose for Liquefied Petroleum Gas (LPG) (Q",Rubber Hose for Liquefied Petroleum Gas (LPG)
Safety of Toys Part l Safety Aspects Related to Mechanical and Physical Properties.,IS 9873 (Part 1) : 2018,"BIS Product Certification (ISI Mark, Scheme I) product description, 52. Toys (Quality Control ) Order, 2020 (S.O. 853(E)",Non Electric Toys
Safety of Toys Part 2 Flammability.,IS 9873 (Part 2) : 2017,"BIS Product Certification (ISI Mark, Scheme I) product description, 52. Toys (Quality Control ) Order, 2020 (S.O. 853(E)",Non Electric Toys
Safety Requirements for Toys Part 3 Migration of Certain Elements.,IS 9873 (Part 3) : 2017,"BIS Product Certification (ISI Mark, Scheme I) product description, 52. Toys (Quality Control ) Order, 2020 (S.O. 853(E)",Non Electric Toys
"Safety of Toys Part 4 Swings, Slides and Similar Activity Toys for Indoor and Outdoor Family Domestic Use.",IS 9873 (Part 4) : 2017,"BIS Product Certification (ISI Mark, Scheme I) product description, 52. Toys (Quality Control ) Order, 2020 (S.O. 853(E)",Non Electric Toys
Safety of Toys Part 7 Requirements and Test Methods for Finger Paints.,IS 9873 (Part 7) : 2017,"BIS Product Certification (ISI Mark, Scheme I) product description, 52. Toys (Quality Control ) Order, 2020 (S.O. 853(E)",Non Electric Toys
Safety of Toys Part 9 Certain Phthalates Esters in Toys and Children’s Products.,IS 9873 (Part 9) : 2017,"BIS Product Certification (ISI Mark, Scheme I) product description, 52. Toys (Quality Control ) Order, 2020 (S.O. 853(E)",Non Electric Toys
Safety of Electric Toys.,IS 15644: 2006,"BIS Product Certification (ISI Mark, Scheme I) product description, Toys (Quality Control ) Order, 2020 (S.O. 853(E) dat",Electric Toys
Flat Transparent Sheet Glass.,IS 2835 : 1987,"BIS Product Certification (ISI Mark, Scheme I) product description, Flat Transparent Sheet Glass (Quality Control ) Orde",Flat Transparent Sheet Glass
"Safety Glass -Specification Part 1 Architectural, Building and General uses.",IS 2553 (Part 1):2018,"BIS Product Certification (ISI Mark, Scheme I) product description, 54. Safety Glass (Quality Control ) Order, 2020 (S.O",Safety Glass
Safety Glass -Specification Part 2 For Road Transport .,IS 2553 (Part 2):2019,"BIS Product Certification (ISI Mark, Scheme I) product description, 54. Safety Glass (Quality Control ) Order, 2020 (S.O",Safety Glass
Textiles -High Density Polyethylene (HDPE)/ Polypropylene (PP) Woven Sacks for packaging of 50 kilogram Foodgrains,IS 14887:2014,"BIS Product Certification (ISI Mark, Scheme I) product description, 55. The Textiles-High Density Polyethylene and Polyp",Woven Sacks
"Textiles -High Density Polyethylene (HDPE)/ Polypropylene (PP) Woven Sacks for packaging 10 kilogram, 15 kilogram, 20 kilogram, 25 kilogram, and 30 kilogram Foodgrains",IS 16208:2015,"BIS Product Certification (ISI Mark, Scheme I) product description, 55. The Textiles-High Density Polyethylene and Polyp",Woven Sacks
Textiles -High Density Polyethylene (HDPE)/ Polypropylene (PP) Woven Sacks for packaging 50 kilogram /25 kilogram Sugar,IS 14968:2015,"BIS Product Certification (ISI Mark, Scheme I) product description, 55. The Textiles-High Density Polyethylene and Polyp",Woven Sacks
Textiles -High Density Polyethylene (HDPE)/ Polypropylene (PP) Woven Sacks for filling Sand,IS 14252:2015,"BIS Product Certification (ISI Mark, Scheme I) product description, 55. The Textiles-High Density Polyethylene and Polyp",Woven Sacks
Butterfly valves for general purpose,IS 13095:1991,"BIS Product Certification (ISI Mark, Scheme I) product description, 56. Butterfly valves (Quality Control) Order, 2020. ",Butterfly Valves
Compounded Feeds for Cattle,IS 2052 : 2009,"BIS Product Certification (ISI Mark, Scheme I) product description, 58. Plain Copier Paper (Quality Control) Order, 2020",Cattle Feeds
Automotive Vehicles Wheel Rims for Two and Three Wheeled Vehicles Part 1 Light Alloy Wheel Rims Method of Tests and Requirements,IS: 16192 (Part 1),"BIS Product Certification (ISI Mark, Scheme I) product description, Automobile Wheel Rim Component (Quality Control) Ord",Automobile Wheel Rim Component
Automotive Vehicles Wheel Rims for Two and Three Wheeled Vehicles Part 2 Sheet Metal Wheel Rims Method of Tests and Requirements,IS: 16192 (Part 2),"BIS Product Certification (ISI Mark, Scheme I) product description, Automobile Wheel Rim Component (Quality Control) Ord",Automobile Wheel Rim Component
Automotive Vehicles Wheel Rims for Two and Three Wheeled Vehicles Part 3 Spoke Wheel Rims Method of Tests and Requirements,IS: 16192 (Part 3),"BIS Product Certification (ISI Mark, Scheme I) product description, Automobile Wheel Rim Component (Quality Control) Ord",Automobile Wheel Rim Component
Performance Requirements and Methods of Tests for Wheels for Passenger Cars,IS: 9436,"BIS Product Certification (ISI Mark, Scheme I) product description, Automobile Wheel Rim Component (Quality Control) Ord",Automobile Wheel Rim Component
Performance Requirements and Methods of Tests for Wheels or Rims for Trucks and Buses,IS: 9438,"BIS Product Certification (ISI Mark, Scheme I) product description, Automobile Wheel Rim Component (Quality Control) Ord",Automobile Wheel Rim Component
Tools for Pressing Part 1 Round Punches with 60 Degrees Conical Head and Straight Shank,IS 4296 (Part 1):2016,"BIS Product Certification (ISI Mark, Scheme I) product description, 64. Press Tool- Punches (Quality Control) Order, 202",Press Tool-Punches
Tools for Pressing Part 2 Punches with Cylindrical Head and Straight or Reduced Shank,IS 4296 (Part 2):2016,"BIS Product Certification (ISI Mark, Scheme I) product description, 64. Press Tool- Punches (Quality Control) Order, 202",Press Tool-Punches
Tools for Pressing Part 3 Round Punches with 60 Degrees Conical Head and Reduced Shank,IS 4296 (Part 3):2016,"BIS Product Certification (ISI Mark, Scheme I) product description, 64. Press Tool- Punches (Quality Control) Order, 202",Press Tool-Punches
Helmet for riders of Two Wheeler Motor Vehicles,IS 4151: 2015,"BIS Product Certification (ISI Mark, Scheme I) product description, 65. Helmet for riders of Two Wheeler Motor Vehicles ",Helmet for riders of Two Wheeler Motor Vehicles
Household Refrigerating Appliances- Characteristics and Test Methods part-1 General Requirements,IS 17550 (Part 1): 2021,"BIS Product Certification (ISI Mark, Scheme I) product description, Refrigerating Appliances (Quality Control) Order, 20",Refrigerating Appliances
Flux Cored (Tubular) Electrodes for Gas Shielded and Self-Shielded Metal Welding of Carbon or Carbon- Manganese Steel,IS 15769:2008,"BIS Product Certification (ISI Mark, Scheme I) product description, 68. Flux Cored (Tubular) Electrodes (Quality Control",Flux Cored (Tubular) Electrodes
Household Zig-Zag Sewing Machine Head,IS 15449 : Part 1 : 2004,"BIS Product Certification (ISI Mark, Scheme I) product description, 69. Sewing Machines (Quality Control) Order, 2021 (S",Sewing Machine
Reverse Osmosis Based Point of Use Water Treatment System for Drinking Purposes,IS 16240 : 2023,"BIS Product Certification (ISI Mark, Scheme I) product description, 69. Sewing Machines (Quality Control) Order, 2021 (S",Water Treatment System
B-twill Jute bags for packing foodgrains,IS 2566:1993,"BIS Product Certification (ISI Mark, Scheme I) product description, 71. Jute Bags (Quality Control)Order, 2022 (S.O. 260",Jute Bag
Jute bags for packing 50 Kg foodgrains,IS 12650:2018,"BIS Product Certification (ISI Mark, Scheme I) product description, 71. Jute Bags (Quality Control)Order, 2022 (S.O. 260",Jute Bag
Jute bags for packing 50 Kg sugar,IS 15138:2010,"BIS Product Certification (ISI Mark, Scheme I) product description, 71. Jute Bags (Quality Control)Order, 2022 (S.O. 260",Jute Bag
Light weight jute sacking bags for packing 50 Kg foodgrains,IS 16186:2014,"BIS Product Certification (ISI Mark, Scheme I) product description, 71. Jute Bags (Quality Control)Order, 2022 (S.O. 260",Jute Bag
Jute bags for packing up to 30 Kg foodgrains,IS 16372:2015,"BIS Product Certification (ISI Mark, Scheme I) product description, 71. Jute Bags (Quality Control)Order, 2022 (S.O. 260",Jute Bag
Laminated High Density Polyethylene (HDPE) Woven Geomembrane for Water Proof Lining,IS 15351 : 2015,"BIS Product Certification (ISI Mark, Scheme I) product description, 72. Geo Textiles (Quality Control) Order, 2022 (S.O.",Geo Textiles
Poly Vinyl Chloride (PVC) Geomembranes,IS 15909 : 2020,"BIS Product Certification (ISI Mark, Scheme I) product description, 72. Geo Textiles (Quality Control) Order, 2022 (S.O.",Geo Textiles
Needle punched non-woven geobags,IS 16653 : 2017,"BIS Product Certification (ISI Mark, Scheme I) product description, 72. Geo Textiles (Quality Control) Order, 2022 (S.O.",Geo Textiles
Polypropylene Multifilament woven geobags,IS 16654: 2017,"BIS Product Certification (ISI Mark, Scheme I) product description, 72. Geo Textiles (Quality Control) Order, 2022 (S.O.",Geo Textiles
Open Weave Coir Bhoovastra,IS 15869 : 2020,"BIS Product Certification (ISI Mark, Scheme I) product description, 72. Geo Textiles (Quality Control) Order, 2022 (S.O.",Geo Textiles
Geotextiles used in sub-grade separation in pavement structures,IS 16391 : 2015,"BIS Product Certification (ISI Mark, Scheme I) product description, 72. Geo Textiles (Quality Control) Order, 2022 (S.O.",Geo Textiles
Geotextiles used in Subsurface Drainage Application,IS 16393 : 2015,"BIS Product Certification (ISI Mark, Scheme I) product description, 72. Geo Textiles (Quality Control) Order, 2022 (S.O.",Geo Textiles
Geotextiles used in Sub-grade Stabilisation in pavement structures,IS 16362 : 2020,"BIS Product Certification (ISI Mark, Scheme I) product description, 72. Geo Textiles (Quality Control) Order, 2022 (S.O.",Geo Textiles
High Density Polyethylene (HDPE) Geomembranes for lining,IS 16352 : 2020,"BIS Product Certification (ISI Mark, Scheme I) product description, 72. Geo Textiles (Quality Control) Order, 2022 (S.O.",Geo Textiles
Geotextiles used as protection (or cushioning) materials,IS 16090:2013,"BIS Product Certification (ISI Mark, Scheme I) product description, 72. Geo Textiles (Quality Control) Order, 2022 (S.O.",Geo Textiles
Geotextiles for permanent erosion control in hard armor systems,IS 16392:2015,"BIS Product Certification (ISI Mark, Scheme I) product description, 72. Geo Textiles (Quality Control) Order, 2022 (S.O.",Geo Textiles
Geogrids for flexible pavements,IS 17371:2020,"BIS Product Certification (ISI Mark, Scheme I) product description, 72. Geo Textiles (Quality Control) Order, 2022 (S.O.",Geo Textiles
Polymeric strip or geostrip used as soil reinforcement in retaining structures,IS 17372:2020,"BIS Product Certification (ISI Mark, Scheme I) product description, 72. Geo Textiles (Quality Control) Order, 2022 (S.O.",Geo Textiles
Geogrids used in reinforced soil retaining structures,IS 17373:2020,"BIS Product Certification (ISI Mark, Scheme I) product description, 72. Geo Textiles (Quality Control) Order, 2022 (S.O.",Geo Textiles
Reinforced HDPE membrane for effluents and chemical resistance lining,IS 17374:2020,"BIS Product Certification (ISI Mark, Scheme I) product description, 72. Geo Textiles (Quality Control) Order, 2022 (S.O.",Geo Textiles
Geosynthetics - Synthetic Polymer RopeGabions for Coastal and Waterways Protection - Specification,IS 17880 :2022,"BIS Product Certification (ISI Mark, Scheme I) product description, 73. Geotextiles (Quality Control) Order, 2024 S.O. 4",Geo Textiles
Upholstered composites used for non-domestic furniture,IS 15768 : 2008,"BIS Product Certification (ISI Mark, Scheme I) product description, 75. Protective Textiles Quality Control (Upholstered",Upholstered Composites used for Non-Domestic Fur
"Potable Water Bottles (Copper, Stainless Steel, Aluminum)",IS 17803: 2022,"BIS Product Certification (ISI Mark, Scheme I) product description, 77. Potable Water Bottles (Quality Control) Order, 2",Potable Water Bottles
Covered electrodes for manual metal arc welding of carbon and carbon manganese steel,IS 814 : 2004,"BIS Product Certification (ISI Mark, Scheme I) product description, 78. Welding Rods and Electrodes (Quality Control) Or",Welding Rods and Electrodes
Welding rode and bare electrodes for gas shielded arc welding of structural steel,IS 6419 : 1996,"BIS Product Certification (ISI Mark, Scheme I) product description, 78. Welding Rods and Electrodes (Quality Control) Or",Welding Rods and Electrodes
Domestic Stainless steel vacuum flask/bottle,IS 17526 : 2021,"BIS Product Certification (ISI Mark, Scheme I) product description, 80. Insulated Flask, Bottles and Containers for Dome","Insulated Flask, Bottles and Containers for Dome"
Resin treated compressed wood laminates (compregs) - For electrical purposes,IS 3513 (Part 1) : 1989,"BIS Product Certification (ISI Mark, Scheme I) product description, 81. Resin treated compressed wood laminates (Quality",Resin Treated Compressed Wood Laminates
Resin treated compressed wood laminates (compregs) - For chemical purposes,IS 3513 (Part 2) : 1989,"BIS Product Certification (ISI Mark, Scheme I) product description, 81. Resin treated compressed wood laminates (Quality",Resin Treated Compressed Wood Laminates
Resin treated compressed wood laminates (compregs) - For general purposes,IS 3513 (Part 3) : 1989,"BIS Product Certification (ISI Mark, Scheme I) product description, 81. Resin treated compressed wood laminates (Quality",Resin Treated Compressed Wood Laminates
"Hexagon Head Bolts, Screws and Nuts of product Grade C Hexagon Head Bolts (Size Range M 5 to M 64)",IS 1363 (Part 1) :2019,"BIS Product Certification (ISI Mark, Scheme I) product description, 82. Bolts, Nuts and Fasteners (Quality Control) Orde","Bolts, Nuts and Fasteners"
Hexagon Head Screw (Size ranges from M 5 to 64),IS 1363 (Part 2) :2018,"BIS Product Certification (ISI Mark, Scheme I) product description, 82. Bolts, Nuts and Fasteners (Quality Control) Orde","Bolts, Nuts and Fasteners"
"Hexagon Head Bolts, Screws and Nuts of product Grade C - Hexagon Nuts (Size Range M5 to M64)",IS 1363 (Part 3) :2018,"BIS Product Certification (ISI Mark, Scheme I) product description, 82. Bolts, Nuts and Fasteners (Quality Control) Orde","Bolts, Nuts and Fasteners"
"Hexagon Head Bolts, Screws and Nuts of product Grades A and B - Hexagon Head Bolts (Size Range M 1.6 To M 64)",IS 1364 (Part 1) :2018,"BIS Product Certification (ISI Mark, Scheme I) product description, 82. Bolts, Nuts and Fasteners (Quality Control) Orde","Bolts, Nuts and Fasteners"
"Hexagon Head Bolts, Screws and Nuts of Product Grades A and B - Hexagon Head Screws (Size Range M 1.6 to M 64)",IS 1364 (Part 2) :2018,"BIS Product Certification (ISI Mark, Scheme I) product description, 82. Bolts, Nuts and Fasteners (Quality Control) Orde","Bolts, Nuts and Fasteners"
Indicating Bolts for use in public baths and lavatories,IS 4621:1975,"BIS Product Certification (ISI Mark, Scheme I) product description, 82. Bolts, Nuts and Fasteners (Quality Control) Orde","Bolts, Nuts and Fasteners"
Fasteners - Threaded Steel Fastener - Step Bolts for Steel Structures,IS 10238:2001,"BIS Product Certification (ISI Mark, Scheme I) product description, 82. Bolts, Nuts and Fasteners (Quality Control) Orde","Bolts, Nuts and Fasteners"
Fasteners - Threaded Steel Fasteners - Hexagon Head Transmission Tower Bolts,IS 12427 : 2001,"BIS Product Certification (ISI Mark, Scheme I) product description, 82. Bolts, Nuts and Fasteners (Quality Control) Orde","Bolts, Nuts and Fasteners"
High Strength Structural Bolts,IS 3757 : 1985,"BIS Product Certification (ISI Mark, Scheme I) product description, 82. Bolts, Nuts and Fasteners (Quality Control) Orde","Bolts, Nuts and Fasteners"
Tower Bolts- Non-ferrous metal,IS 204 (Part 2): 1992,"BIS Product Certification (ISI Mark, Scheme I) product description, 82. Bolts, Nuts and Fasteners (Quality Control) Orde","Bolts, Nuts and Fasteners"
Tower Bolts- Ferrous metals,IS 204 (Part 1): 1991,"BIS Product Certification (ISI Mark, Scheme I) product description, 82. Bolts, Nuts and Fasteners (Quality Control) Orde","Bolts, Nuts and Fasteners"
Stainless Steel Sliding Door Bolts (Aldrops) for use With Padlocks,IS 15834 : 2022,"BIS Product Certification (ISI Mark, Scheme I) product description, 82. Bolts, Nuts and Fasteners (Quality Control) Orde","Bolts, Nuts and Fasteners"
Non-ferrous metal sliding door bolts (aldrops) for use with padlocks,IS 2681 : 1993,"BIS Product Certification (ISI Mark, Scheme I) product description, 82. Bolts, Nuts and Fasteners (Quality Control) Orde","Bolts, Nuts and Fasteners"
Mild steel sliding door bolts for use with padlocks,IS 281 : 2009,"BIS Product Certification (ISI Mark, Scheme I) product description, 82. Bolts, Nuts and Fasteners (Quality Control) Orde","Bolts, Nuts and Fasteners"
Sliding locking bolts for use with padlocks,IS 7534: 1985,"BIS Product Certification (ISI Mark, Scheme I) product description, 82. Bolts, Nuts and Fasteners (Quality Control) Orde","Bolts, Nuts and Fasteners"
Wrought Aluminium Alloy Bolt and Screw Stock for General Engineering purposes,IS 1284 : 1975,"BIS Product Certification (ISI Mark, Scheme I) product description, 82. Bolts, Nuts and Fasteners (Quality Control) Orde","Bolts, Nuts and Fasteners"
Stainless steel Tower Bolts,IS 15833 : 2009,"BIS Product Certification (ISI Mark, Scheme I) product description, 82. Bolts, Nuts and Fasteners (Quality Control) Orde","Bolts, Nuts and Fasteners"
High Strength Structural Nuts,IS 6623 : 2004,"BIS Product Certification (ISI Mark, Scheme I) product description, 82. Bolts, Nuts and Fasteners (Quality Control) Orde","Bolts, Nuts and Fasteners"
Stainless Steel Cookware,IS 14756 : 2022,"BIS Product Certification (ISI Mark, Scheme I) product description, 83. Cookware and Utensils (Quality Control) Order, 2","Cookware, Utensils and Cans for food and beverag"
Wrought Aluminium Utensils,IS 1660:2024,"BIS Product Certification (ISI Mark, Scheme I) product description, 83. Cookware and Utensils (Quality Control) Order, 2","Cookware, Utensils and Cans for food and beverag"
Stainless Steel Sinks for Domestic Purposes,IS 13983:1994,"BIS Product Certification (ISI Mark, Scheme I) product description, 83. Cookware and Utensils (Quality Control) Order, 2","Cookware, Utensils and Cans for food and beverag"
Three piece round open top metal cans for foods and beverages,IS 18427:2024,"BIS Product Certification (ISI Mark, Scheme I) product description, 83. Cookware and Utensils (Quality Control) Order, 2","Cookware, Utensils and Cans for food and beverag"
Aluminium cans for beverages,IS 14407:2023,"BIS Product Certification (ISI Mark, Scheme I) product description, 83. Cookware and Utensils (Quality Control) Order, 2","Cookware, Utensils and Cans for food and beverag"
Domestic Gas Stoves for use with Piped Natural Gas (PNG),IS 17153:2019,"BIS Product Certification (ISI Mark, Scheme I) product description, 84. Domestic Gas Stoves for use with Piped Natural G",Domestic Gas Stoves for use with PNG
Portable Fire Extinguishers,IS 15683 : 2018,"BIS Product Certification (ISI Mark, Scheme I) product description, 85. Fire Extinguishers (Quality Control) Order, 2023",Fire Extinguishers
Wheeled Fire Extinguishers,IS 16018:2012,"BIS Product Certification (ISI Mark, Scheme I) product description, 85. Fire Extinguishers (Quality Control) Order, 2023",Fire Extinguishers
Electric Ceiling Type Fans,IS 374:2019,"BIS Product Certification (ISI Mark, Scheme I) product description, 86. Electric Ceiling Type Fans (Quality Control) Ord",Electric Ceiling Type Fans
Prelaminated particle boards from wood and other Lignocellulosic material,IS 12823:2015,"BIS Product Certification (ISI Mark, Scheme I) product description, 87. Wood Based Boards (Quality Control) Order, 2023 ",Wood Based Boards
Particle boards of wood and other lignocellulosic materials (medium density) for general purpose,IS 3087:2005,"BIS Product Certification (ISI Mark, Scheme I) product description, 87. Wood Based Boards (Quality Control) Order, 2023 ",Wood Based Boards
Medium density fibre boards for general purpose,IS 12406:2021,"BIS Product Certification (ISI Mark, Scheme I) product description, 87. Wood Based Boards (Quality Control) Order, 2023 ",Wood Based Boards
Veneered particle boards,IS 3097:2006,"BIS Product Certification (ISI Mark, Scheme I) product description, 87. Wood Based Boards (Quality Control) Order, 2023 ",Wood Based Boards
Cast iron man hole covers and frames,IS 1726:1991,"BIS Product Certification (ISI Mark, Scheme I) product description, 88. Cast Iron Products (Quality Control) Order, 2023",Cast Iron Products
Cast iron/ductile iron drainage pipes and pipe fittings for over ground non-pressure pipelines socket and spigot series,IS 1729:2002,"BIS Product Certification (ISI Mark, Scheme I) product description, 88. Cast Iron Products (Quality Control) Order, 2023",Cast Iron Products
Malleable cast iron pipe fittings,IS 1879:2010,"BIS Product Certification (ISI Mark, Scheme I) product description, 88. Cast Iron Products (Quality Control) Order, 2023",Cast Iron Products
Cast iron single faced thimble mounted sluice gates,IS 13349:1992,"BIS Product Certification (ISI Mark, Scheme I) product description, 88. Cast Iron Products (Quality Control) Order, 2023",Cast Iron Products
"Vertically cast - iron pressure pipes for water, gas and sewage",IS 1537:1976,"BIS Product Certification (ISI Mark, Scheme I) product description, 88. Cast Iron Products (Quality Control) Order, 2023",Cast Iron Products
Electric Cable for Photovoltic Systems for rated voltage 1500V DC,IS 17293:2020,"BIS Product Certification (ISI Mark, Scheme I) product description, 89. Solar DC Cable and Fire Survival Cable (Quality ",Solar DC Cable and Fire Survival Cable
"Thermosetting Insulated, Fire Survival Cables for working voltage upto and including 1100V AC and 1500V DC",IS 17505(Part 1): 2021,"BIS Product Certification (ISI Mark, Scheme I) product description, 89. Solar DC Cable and Fire Survival Cable (Quality ",Solar DC Cable and Fire Survival Cable
Cast aluminium and its alloys - Ingots and castings for general engineering purposes,IS 617:1994,"BIS Product Certification (ISI Mark, Scheme I) product description, Aluminium and Aluminium Alloys (Quality Control) Ord",Metals and Alloys
High purity primary aluminum ingot for remelting for special applications,IS 11890 : 1987,"BIS Product Certification (ISI Mark, Scheme I) product description, Aluminium and Aluminium Alloys (Quality Control) Ord",Metals and Alloys
Aluminum alloy ingots for remelting for general engineering purpose,IS 6754:1972,"BIS Product Certification (ISI Mark, Scheme I) product description, Aluminium and Aluminium Alloys (Quality Control) Ord",Metals and Alloys
Primary aluminium ingots for remelting for general engineering purpose,IS 2590 : 1987,"BIS Product Certification (ISI Mark, Scheme I) product description, Aluminium and Aluminium Alloys (Quality Control) Ord",Metals and Alloys
Aluminum ingots billets and wire bars (EC GRADE),IS 4026 : 2023,"BIS Product Certification (ISI Mark, Scheme I) product description, Aluminium and Aluminium Alloys (Quality Control) Ord",Metals and Alloys
Plywood for general purposes,IS 303 : 1989,"BIS Product Certification (ISI Mark, Scheme I) product description, 90. Plywood and Wooden flush door shutters (Quality ",Plywood and Wooden flush door shutters
Wooden flush door shutters (solid core type) - Plywood face panels,IS 2202 (Part 1) : 1999,"BIS Product Certification (ISI Mark, Scheme I) product description, 90. Plywood and Wooden flush door shutters (Quality ",Plywood and Wooden flush door shutters
Fire retardant plywood,IS 5509 : 2021,"BIS Product Certification (ISI Mark, Scheme I) product description, 90. Plywood and Wooden flush door shutters (Quality ",Plywood and Wooden flush door shutters
Veneered decorative plywood,IS 1328 : 1996,"BIS Product Certification (ISI Mark, Scheme I) product description, 90. Plywood and Wooden flush door shutters (Quality ",Plywood and Wooden flush door shutters
Wooden flush door shutters (cellular and hollow core type) Part icle board and hardboard face panels,IS 2191 (Part 2): 2022,"BIS Product Certification (ISI Mark, Scheme I) product description, 90. Plywood and Wooden flush door shutters (Quality ",Plywood and Wooden flush door shutters
Wooden flush door shutters (cellular and hollow core type) - Plywood face panels,IS 2191 (Part 1): 2022,"BIS Product Certification (ISI Mark, Scheme I) product description, 90. Plywood and Wooden flush door shutters (Quality ",Plywood and Wooden flush door shutters
"Wooden Flush Door Shutters (Solid core type) Part icle board, High Density Fibre Board, Medium Density Fibre Board and Fibre Hardboard Face Panels",IS 2202 (Part 2): 2022,"BIS Product Certification (ISI Mark, Scheme I) product description, 90. Plywood and Wooden flush door shutters (Quality ",Plywood and Wooden flush door shutters
Plywood for concrete shuttering works - Specification,IS 4990 : 2011,"BIS Product Certification (ISI Mark, Scheme I) product description, 90. Plywood and Wooden flush door shutters (Quality ",Plywood and Wooden flush door shutters
Structural plywood - Specification,IS 10701 : 2012,"BIS Product Certification (ISI Mark, Scheme I) product description, 90. Plywood and Wooden flush door shutters (Quality ",Plywood and Wooden flush door shutters
Flux Cored Solder Wire,IS 1921: 2005,"BIS Product Certification (ISI Mark, Scheme I) product description, Flux Cored Solder Wire (Quality Control) Order, 2023",Flux Cored Solder Wire
Bar or wire Wrapped Steel Cylinder Pipes with Mortar Lining and Coating Including Specials,IS 15155 : 2020,"BIS Product Certification (ISI Mark, Scheme I) product description, 91. Miscellaneous Steel Products (Quality Control) O",Miscellaneous Steel Products
High Strength deformed stainless steel bars and wires for concrete reinforcement,IS 16651 : 2017,"BIS Product Certification (ISI Mark, Scheme I) product description, 91. Miscellaneous Steel Products (Quality Control) O",Miscellaneous Steel Products
Stainless steel tubes for the food and beverage industry,IS 6913 : 1973,"BIS Product Certification (ISI Mark, Scheme I) product description, 91. Miscellaneous Steel Products (Quality Control) O",Miscellaneous Steel Products
Aluminium alloy tubes for irrigation purposes -welded tubes,IS 7092 (Part 1):1992,"BIS Product Certification (ISI Mark, Scheme I) product description, 92. Aluminium and Aluminium Alloy Products (Quality ",Aluminium and Aluminium Alloy Products
Aluminium alloy tube for irrigation purposes - extruded tube,IS 7092 (Part 2):1987,"BIS Product Certification (ISI Mark, Scheme I) product description, 92. Aluminium and Aluminium Alloy Products (Quality ",Aluminium and Aluminium Alloy Products
EC Grade Aluminium Rod produced by Continuous Casting and Rolling,IS 5484:1997,"BIS Product Certification (ISI Mark, Scheme I) product description, 92. Aluminium and Aluminium Alloy Products (Quality ",Aluminium and Aluminium Alloy Products
"Wrought aluminium and aluminium alloy bars, rods and sections (For General Engineering Purposes)",IS 733:1983,"BIS Product Certification (ISI Mark, Scheme I) product description, 92. Aluminium and Aluminium Alloy Products (Quality ",Aluminium and Aluminium Alloy Products
"Wrought aluminium and aluminium alloys, forging stock and forgings for general engineering purposes",IS 734:1975,"BIS Product Certification (ISI Mark, Scheme I) product description, 92. Aluminium and Aluminium Alloy Products (Quality ",Aluminium and Aluminium Alloy Products
Wrought aluminium and aluminium alloy plate for general engineering purposes,IS 736:1986,"BIS Product Certification (ISI Mark, Scheme I) product description, 92. Aluminium and Aluminium Alloy Products (Quality ",Aluminium and Aluminium Alloy Products
Wrought aluminium and aluminium alloy sheet and strip for general engineering purposes,IS 737:2008,"BIS Product Certification (ISI Mark, Scheme I) product description, 92. Aluminium and Aluminium Alloy Products (Quality ",Aluminium and Aluminium Alloy Products
Wrought aluminium and aluminium alloy wire for general engineering purposes,IS 739:1992,"BIS Product Certification (ISI Mark, Scheme I) product description, 92. Aluminium and Aluminium Alloy Products (Quality ",Aluminium and Aluminium Alloy Products
Wrought aluminium and aluminium alloy rivet stock for general engineering purposes,IS 740:1977,"BIS Product Certification (ISI Mark, Scheme I) product description, 92. Aluminium and Aluminium Alloy Products (Quality ",Aluminium and Aluminium Alloy Products
"Wrought aluminium and aluminium alloy bars, rods, tubes, sections, plates and sheets for electrical applications",IS 5082:1998,"BIS Product Certification (ISI Mark, Scheme I) product description, 92. Aluminium and Aluminium Alloy Products (Quality ",Aluminium and Aluminium Alloy Products
Aluminium and aluminium alloy foil for pharmaceutical packaging,IS 16011:2012,"BIS Product Certification (ISI Mark, Scheme I) product description, 92. Aluminium and Aluminium Alloy Products (Quality ",Aluminium and Aluminium Alloy Products
Aluminium composite panel,IS 17682:2021,"BIS Product Certification (ISI Mark, Scheme I) product description, 92. Aluminium and Aluminium Alloy Products (Quality ",Aluminium and Aluminium Alloy Products
Wrought aluminium and aluminium alloys- Extruded round tube and hollow sections for general engineering purposes,IS 1285:2002,"BIS Product Certification (ISI Mark, Scheme I) product description, 92. Aluminium and Aluminium Alloy Products (Quality ",Aluminium and Aluminium Alloy Products
Wrought Aluminium Wire for Electrical Purposes,IS 2067:1975,"BIS Product Certification (ISI Mark, Scheme I) product description, 92. Aluminium and Aluminium Alloy Products (Quality ",Aluminium and Aluminium Alloy Products
Wrought aluminium and aluminium alloys for manufacture of utensils,IS 21:1992,"BIS Product Certification (ISI Mark, Scheme I) product description, 92. Aluminium and Aluminium Alloy Products (Quality ",Aluminium and Aluminium Alloy Products
Corrugated Aluminium Sheet,IS 1254:2007,"BIS Product Certification (ISI Mark, Scheme I) product description, 92. Aluminium and Aluminium Alloy Products (Quality ",Aluminium and Aluminium Alloy Products
Aluminium alloy forging stock and forgings (Alloy 24345) for aerospace applications,IS 7902:2001,"BIS Product Certification (ISI Mark, Scheme I) product description, 92. Aluminium and Aluminium Alloy Products (Quality ",Aluminium and Aluminium Alloy Products
"Short - Pitch Transmission Precision Roller and Bush Chains, Attachments and Associated Chain Sprockets",IS 2403 :2014 / ISO 606 : 2004,"BIS Product Certification (ISI Mark, Scheme I) product description, 93. Precision Roller and Bush Chains, attachments an","Precision Roller and Bush Chains, attachments an"
Self- Contained Drinking Water Coolers - Energy Consumption and Performance,IS 1475 (Part 1) : 2001,"BIS Product Certification (ISI Mark, Scheme I) product description, 94. Self- Contained Drinking Water Coolers (Quality ",Self- Contained Drinking Water Coolers
Disposable baby diaper,IS 17509 : 2021,"BIS Product Certification (ISI Mark, Scheme I) product description, 95. Medical Textiles (Quality Control) Order, 2023 S",Medical Textiles
Reusable Sanitary pad/ Sanitary Napkin/ Period Panties,IS 17514 : 2021,"BIS Product Certification (ISI Mark, Scheme I) product description, 95. Medical Textiles (Quality Control) Order, 2023 S",Medical Textiles
Bed sheet and Pillow Cover,IS 17630 : 2021,"BIS Product Certification (ISI Mark, Scheme I) product description, 95. Medical Textiles (Quality Control) Order, 2023 S",Medical Textiles
Polypropylene Spun Bonded Non-Woven Crop Cover and Fruit Skirting Bags for Agriculture and Horticulture Applications,IS 16718 : 2021,"BIS Product Certification (ISI Mark, Scheme I) product description, 96. Agro Textiles (Quality Control) Order, 2023 S.O.",Agro Textiles
Insect nets for Agriculture and Horticulture purpose,IS 16513 : 2016,"BIS Product Certification (ISI Mark, Scheme I) product description, 96. Agro Textiles (Quality Control) Order, 2023 S.O.",Agro Textiles
Woven Ground covers for Horticulture Application,IS 16202 : 2014,"BIS Product Certification (ISI Mark, Scheme I) product description, 96. Agro Textiles (Quality Control) Order, 2023 S.O.",Agro Textiles
Jute Agro textiles for Growth of Plants and Suppression of Weeds,IS 17070 : 2019,"BIS Product Certification (ISI Mark, Scheme I) product description, 96. Agro Textiles (Quality Control) Order, 2023 S.O.",Agro Textiles
High Density Polyethylene (HDPE) woven beds for vermiculture,IS 15907 : 2010,"BIS Product Certification (ISI Mark, Scheme I) product description, 96. Agro Textiles (Quality Control) Order, 2023 S.O.",Agro Textiles
Sapling bags for growth of seedling /sapling,IS 16089 : 2013,"BIS Product Certification (ISI Mark, Scheme I) product description, 96. Agro Textiles (Quality Control) Order, 2023 S.O.",Agro Textiles
High Density Polyethylene (HDPE) laminated woven lay flat tube for irrigation purpose,IS 16190 : 2014,"BIS Product Certification (ISI Mark, Scheme I) product description, 96. Agro Textiles (Quality Control) Order, 2023 S.O.",Agro Textiles
Nylon Knitted seamless gloves for tobacco harvesters,IS 16390 : 2015,"BIS Product Certification (ISI Mark, Scheme I) product description, 96. Agro Textiles (Quality Control) Order, 2023 S.O.",Agro Textiles
High density polyethylene (HDPE) laminated woven lay flat tube for use in mains and submains of drip irrigation system,IS 16627 : 2017,"BIS Product Certification (ISI Mark, Scheme I) product description, 96. Agro Textiles (Quality Control) Order, 2023 S.O.",Agro Textiles
Propylene Spun bonded non-woven mulch mat for agriculture and horticulture applications,IS 17355 : 2020,"BIS Product Certification (ISI Mark, Scheme I) product description, 96. Agro Textiles (Quality Control) Order, 2023 S.O.",Agro Textiles
Windshield nets for agriculture and horticulture purpose,IS 17356 : 2020,"BIS Product Certification (ISI Mark, Scheme I) product description, 96. Agro Textiles (Quality Control) Order, 2023 S.O.",Agro Textiles
Harvest nets for agriculture and horticulture purposes,IS 17357 : 2020,"BIS Product Certification (ISI Mark, Scheme I) product description, 96. Agro Textiles (Quality Control) Order, 2023 S.O.",Agro Textiles
Fencing nets for agriculture and horticulture purposes - made from extruded polymer mesh,IS 17358 (Part 1) : 2020,"BIS Product Certification (ISI Mark, Scheme I) product description, 96. Agro Textiles (Quality Control) Order, 2023 S.O.",Agro Textiles
Fencing nets for agriculture and horticulture purposes -made from mono filament yarns and combination of tape and mono filament yarns,IS 17358 (Part 2) : 2020,"BIS Product Certification (ISI Mark, Scheme I) product description, 96. Agro Textiles (Quality Control) Order, 2023 S.O.",Agro Textiles
Plant Support Nets for Agriculture and Horticulture Purposes,IS 17513 : 2020,"BIS Product Certification (ISI Mark, Scheme I) product description, 96. Agro Textiles (Quality Control) Order, 2023 S.O.",Agro Textiles
High Density Polyethylene (HDPE) Laminated Woven Lay Flat Tube and Fittings for use in Rain Irrigation System,IS 17728 : 2021,"BIS Product Certification (ISI Mark, Scheme I) product description, 96. Agro Textiles (Quality Control) Order, 2023 S.O.",Agro Textiles
Flexible Water Storage Tank for Agriculture and Horticulture Purposes,IS 17729 : 2021,"BIS Product Certification (ISI Mark, Scheme I) product description, 96. Agro Textiles (Quality Control) Order, 2023 S.O.",Agro Textiles
Hail Protection Nets for Agriculture and Horticulture Purposes- Warp Knitted Hail Protection Nets,IS 17730 (Part 1) : 2021,"BIS Product Certification (ISI Mark, Scheme I) product description, 96. Agro Textiles (Quality Control) Order, 2023 S.O.",Agro Textiles
Hail Protection Nets for Agriculture and Horticulture Purposes - Woven Hail Protection Nets,IS 17730 (Part 2) : 2021,"BIS Product Certification (ISI Mark, Scheme I) product description, 96. Agro Textiles (Quality Control) Order, 2023 S.O.",Agro Textiles
Laminated Woven Orchard Protection Covers,IS 17731 : 2021,"BIS Product Certification (ISI Mark, Scheme I) product description, 96. Agro Textiles (Quality Control) Order, 2023 S.O.",Agro Textiles
Copper Wire Rods for Electrical Applications,IS 12444:2020,"BIS Product Certification (ISI Mark, Scheme I) product description, 97. Copper Products (Quality Control) Order, 2023 S.",Copper Products
Copper Rods and Bars for Electrical Purposes,IS 613:2000,"BIS Product Certification (ISI Mark, Scheme I) product description, 97. Copper Products (Quality Control) Order, 2023 S.",Copper Products
Copper strip for electrical purposes,IS 1897:2008,"BIS Product Certification (ISI Mark, Scheme I) product description, 97. Copper Products (Quality Control) Order, 2023 S.",Copper Products
Copper rods and bars for general engineering purposes,IS 4171:1983,"BIS Product Certification (ISI Mark, Scheme I) product description, 97. Copper Products (Quality Control) Order, 2023 S.",Copper Products
Solid drawn copper and copper alloy tubes for condensers and heat exchangers,IS 1545: 1994,"BIS Product Certification (ISI Mark, Scheme I) product description, 97. Copper Products (Quality Control) Order, 2023 S.",Copper Products
Solid drawn copper tubes for general engineering purposes,IS 2501: 1995,"BIS Product Certification (ISI Mark, Scheme I) product description, 97. Copper Products (Quality Control) Order, 2023 S.",Copper Products
Copper Tubes for plumbing- Specification,IS 14810: 2000,"BIS Product Certification (ISI Mark, Scheme I) product description, 97. Copper Products (Quality Control) Order, 2023 S.",Copper Products
Wrought Copper Tubes for Refrigeration and Air- Conditioning Purpose,IS 10773:1995,"BIS Product Certification (ISI Mark, Scheme I) product description, 97. Copper Products (Quality Control) Order, 2023 S.",Copper Products
Copper wires for general engineering purposes,IS 4412:1981,"BIS Product Certification (ISI Mark, Scheme I) product description, 97. Copper Products (Quality Control) Order, 2023 S.",Copper Products
"Drums Large, Fixed Ends - Grade A",IS 1783 (Part 1) :2014,"BIS Product Certification (ISI Mark, Scheme I) product description, 98. Drums and Tins (Quality Control) Order, 2023 S.O",Drums and Tins
"Drums, Large, Fixed Ends - Grade",IS 1783 (Part 2) :2014,"BIS Product Certification (ISI Mark, Scheme I) product description, 98. Drums and Tins (Quality Control) Order, 2023 S.O",Drums and Tins
Steel Drums (Galvanized and Ungalvanized),IS 2552:1989,"BIS Product Certification (ISI Mark, Scheme I) product description, 98. Drums and Tins (Quality Control) Order, 2023 S.O",Drums and Tins
Square Tins for Solid Products,IS 916:2000,"BIS Product Certification (ISI Mark, Scheme I) product description, 98. Drums and Tins (Quality Control) Order, 2023 S.O",Drums and Tins
"Square Tins - 15 Kilograms or litre for Ghee, Vanaspati, Edible Oils and Bakery",IS 10325:2000,"BIS Product Certification (ISI Mark, Scheme I) product description, 98. Drums and Tins (Quality Control) Order, 2023 S.O",Drums and Tins
Door closers (pneumatically regulated) for light doors weighing up to 40 kg,IS 6343:1982,"BIS Product Certification (ISI Mark, Scheme I) product description, 99. Door Fittings (Quality Control) Order, 2023 S.O.",Door Fittings
"Door closers, concealed type (hydraulically regulated)",IS 14912:2001,"BIS Product Certification (ISI Mark, Scheme I) product description, 99. Door Fittings (Quality Control) Order, 2023 S.O.",Door Fittings
Hydraulically Regulated Door Closers,IS 3564:1995,"BIS Product Certification (ISI Mark, Scheme I) product description, 99. Door Fittings (Quality Control) Order, 2023 S.O.",Door Fittings
Floor springs (hydraulically regulated) for heavy doors,IS 6315:1992,"BIS Product Certification (ISI Mark, Scheme I) product description, 99. Door Fittings (Quality Control) Order, 2023 S.O.",Door Fittings
Door handles for mortice lock (vertical type),IS 4992:1975,"BIS Product Certification (ISI Mark, Scheme I) product description, 99. Door Fittings (Quality Control) Order, 2023 S.O.",Door Fittings
Bottled water dispensers,IS 17681:2022,"BIS Product Certification (ISI Mark, Scheme I) product description, 100. Bottled Water Dispenser (Quality Control) Order",Bottled Water Dispenser
Steel Wire Ropes for General Engineering Purposes,IS 2266 : 2019,"BIS Product Certification (ISI Mark, Scheme I) product description, 102. Steel Wires or Strands, Nylon or Wire Ropes and","Steel Wires or Strands, Nylon or Wire Ropes and "
"Steel Wire Suspension Ropes for Lifts, Elevators and Hoists",IS 2365 : 2018,"BIS Product Certification (ISI Mark, Scheme I) product description, 102. Steel Wires or Strands, Nylon or Wire Ropes and","Steel Wires or Strands, Nylon or Wire Ropes and "
Stranded steel wire ropes for winding and man -riding haulages in mines,IS 1855:2022,"BIS Product Certification (ISI Mark, Scheme I) product description, 102. Steel Wires or Strands, Nylon or Wire Ropes and","Steel Wires or Strands, Nylon or Wire Ropes and "
Steel Wire Rope forhaulage,IS 1856:2005,"BIS Product Certification (ISI Mark, Scheme I) product description, 102. Steel Wires or Strands, Nylon or Wire Ropes and","Steel Wires or Strands, Nylon or Wire Ropes and "
Hot Dip Galvanized Stay Strand,IS 2141:20005,"BIS Product Certification (ISI Mark, Scheme I) product description, 102. Steel Wires or Strands, Nylon or Wire Ropes and","Steel Wires or Strands, Nylon or Wire Ropes and "
Wire Ropes Used in Oil Wells and Oil Well Drilling,IS 4521:2001,"BIS Product Certification (ISI Mark, Scheme I) product description, 102. Steel Wires or Strands, Nylon or Wire Ropes and","Steel Wires or Strands, Nylon or Wire Ropes and "
Braided Nylon Ropes for Mountaineering Purposes,IS 6590:1972,"BIS Product Certification (ISI Mark, Scheme I) product description, 102. Steel Wires or Strands, Nylon or Wire Ropes and","Steel Wires or Strands, Nylon or Wire Ropes and "
Galvanized Steel Barbed Wire for Fencing,IS 278:2009,"BIS Product Certification (ISI Mark, Scheme I) product description, 102. Steel Wires or Strands, Nylon or Wire Ropes and","Steel Wires or Strands, Nylon or Wire Ropes and "
"Mechanically Woven, Double- Twisted, Hexagonal Wire Mesh Gabions, Revet Mattresses and Rock Fall Netting and Other Rock Fall Netting and Other Products for Civil Engineering Purposes (Galvanized Steel Wire or Galvanized Steel Wire with polymer coating)",IS 16014:2018,"BIS Product Certification (ISI Mark, Scheme I) product description, 102. Steel Wires or Strands, Nylon or Wire Ropes and","Steel Wires or Strands, Nylon or Wire Ropes and "
Legal Metrology - Material Measure of length - Woven metallic and glass fibre tape measures,IS 1269(Part 1) : 1997,"BIS Product Certification (ISI Mark, Scheme I) product description, 103. Legal Metrology - Material Measures of Length (",Material Measure of length
Legal Metrology - Material Measure of length - Steel tape measures,IS 1269(Part 2) : 1997,"BIS Product Certification (ISI Mark, Scheme I) product description, 103. Legal Metrology - Material Measures of Length (",Material Measure of length
Textiles-High Density Polyethylene (HDPE) /Polypropylene (PP) Woven Sacks for Packaging Fertilizers,IS 9755 : 2021,"BIS Product Certification (ISI Mark, Scheme I) product description, 104. Textiles-High Density Polyethylene (HDPE) /Poly",Polyethylene Woven Sacks
Textiles - High Density Polyethylene (HDPE)/ Polypropylene (PP) Woven Sacks for Packaging of 50 kg Cement,IS 11652 : 2017,"BIS Product Certification (ISI Mark, Scheme I) product description, 105. Textiles-High Density Polyethylene (HDPE) /Poly",Polyethylene Woven Sacks
"Textiles - Polypropylene (PP) Woven, Laminated, Block Bottom Valve Sacks for Packaging of 50 kg Cement",IS 16709 : 2017,"BIS Product Certification (ISI Mark, Scheme I) product description, 106. Textiles-Polypropylene (PP) Woven, Laminated, B",Polyethylene Woven Sacks
Textiles - High Density Polyethylene (HDPE) Polypropylene (PP) Woven Sacks for Packaging of 25 kg Polymer Materials,IS 16703 : 2017,"BIS Product Certification (ISI Mark, Scheme I) product description, 107. Textiles- High Density Polyethylene (HDPE) Poly",Polyethylene Woven Sacks
"Textiles - Polypropylene (PP)/ High Density Polyethylene (HDPE) Laminated Woven Sacks for Mail Sorting, Storage, Transport and Distribution",IS 17399 : 2020,"BIS Product Certification (ISI Mark, Scheme I) product description, 108. Textiles- Polypropylene (PP)/High Density Polye",Polyethylene Woven Sacks
Safe deposit locker cabinets,IS 5244 : 2020,"BIS Product Certification (ISI Mark, Scheme I) product description, 109. Safes, Safe Deposit Locker Cabinets and key loc","Safes, Safe Deposit Locker Cabinets and key lock"
Key locks for security equipment,IS 17566 : 2021,"BIS Product Certification (ISI Mark, Scheme I) product description, 109. Safes, Safe Deposit Locker Cabinets and key loc","Safes, Safe Deposit Locker Cabinets and key lock"
Stainless steel butt hinges,IS 12817:2020,"BIS Product Certification (ISI Mark, Scheme I) product description, 110. Hinges (Quality Control) Order, 2023 S.O. 5294(",Hinges
Non-ferrous metal butt hinges,IS 205:1992,"BIS Product Certification (ISI Mark, Scheme I) product description, 110. Hinges (Quality Control) Order, 2023 S.O. 5294(",Hinges
Continuous (Piano) hinges,IS 3818:1992,"BIS Product Certification (ISI Mark, Scheme I) product description, 110. Hinges (Quality Control) Order, 2023 S.O. 5294(",Hinges
Steel back flap hinges,IS 3843:1995,"BIS Product Certification (ISI Mark, Scheme I) product description, 110. Hinges (Quality Control) Order, 2023 S.O. 5294(",Hinges
Double-acting spring hinges,IS 453:1993,"BIS Product Certification (ISI Mark, Scheme I) product description, 110. Hinges (Quality Control) Order, 2023 S.O. 5294(",Hinges
Cycle and Rickshaw Pneumatic Tyres,IS 2414:2005,"BIS Product Certification (ISI Mark, Scheme I) product description, 111. Cycle and Rickshaw Tyres and Tubes (Quality Con",Cycle and Rickshaw Tyres and Tubes
Cycle - Rubber Tubes (Moulded or Jointed),IS 2415 :2015,"BIS Product Certification (ISI Mark, Scheme I) product description, 111. Cycle and Rickshaw Tyres and Tubes (Quality Con",Cycle and Rickshaw Tyres and Tubes
Rubber Gaskets for Pressure Cookers,IS 7466 :1994,"BIS Product Certification (ISI Mark, Scheme I) product description, 112. Rubber Gaskets for Pressure Cookers (Quality Co",Rubber Gaskets for Pressure Cookers
Laboratory glassware - Graduated measuring cylinders,IS 878 :2008,"BIS Product Certification (ISI Mark, Scheme I) product description, 113. Laboratory Glassware (Quality Control) Order, 2",Laboratory Glassware
Laboratory glassware - One - Mark volumetric flasks,IS 915:2012,"BIS Product Certification (ISI Mark, Scheme I) product description, 113. Laboratory Glassware (Quality Control) Order, 2",Laboratory Glassware
Laboratory glassware - Narrow-necked boiling flasks,IS 1381 (Part 1):2003,"BIS Product Certification (ISI Mark, Scheme I) product description, 113. Laboratory Glassware (Quality Control) Order, 2",Laboratory Glassware
Laboratory glassware - Single volume pipettes,IS 1117:2018,"BIS Product Certification (ISI Mark, Scheme I) product description, 113. Laboratory Glassware (Quality Control) Order, 2",Laboratory Glassware
Boxes and Enclosures for Electrical Accessories for Household and Similar Fixed Electrical Installations,IS 14772: 2020,"BIS Product Certification (ISI Mark, Scheme I) product description, Electrical Accessories (Quality Control) Order, 2023",Electrical Accessories
Cable Trunking and Ducting Systems for Electrical Installations - Cable Trunking and Ducting Systems Intended for Mounting on Walls or Ceiling,IS 14927 (Part 2): 2001,"BIS Product Certification (ISI Mark, Scheme I) product description, Electrical Accessories (Quality Control) Order, 2023",Electrical Accessories
Switch-socket-outlets (non-interlock type),IS 15787: 2008,"BIS Product Certification (ISI Mark, Scheme I) product description, Electrical Accessories (Quality Control) Order, 2023",Electrical Accessories
Live Working Gloves of Insulating Material,IS 13774:2021,"BIS Product Certification (ISI Mark, Scheme I) product description, Electrical Accessories (Quality Control) Order, 2023",Electrical Accessories
Insulating Mats for Electrical Purposes,IS 15652:2006,"BIS Product Certification (ISI Mark, Scheme I) product description, Electrical Accessories (Quality Control) Order, 2023",Electrical Accessories
Specification for Pressure sensitive adhesive insulating tapes for electrical purposes Part 3 requirements or individual materials - Sec 1 plasticized polyvinylchloride tapes with non- Thermosetting adhesive,IS 7809 (Part3/ Sec1): 1986,"BIS Product Certification (ISI Mark, Scheme I) product description, Electrical Accessories (Quality Control) Order, 2023",Electrical Accessories
Poly- Laminated aluminium cable wrap,IS 16012: 2012,"BIS Product Certification (ISI Mark, Scheme I) product description, Electrical Accessories (Quality Control) Order, 2023",Electrical Accessories
Poly Vinyl Chloride (PVC) Homopolymers,IS 17658:2021,"BIS Product Certification (ISI Mark, Scheme I) product description, Poly Vinyl Chloride (PVC) Homopolymers (Quality Cont",Poly Vinyl Chloride (PVC) Homopolymers
Polypropylene (PP) Materials for Moulding and Extrusion,IS 10951: 2020,"BIS Product Certification (ISI Mark, Scheme I) product description, Polypropylene (PP) Materials for Moulding and Extrus",Polypropylene (PP) Materials for Moulding and Ex
Diesel Engines - NOx Reduction Agent AUS 32,IS 17042 (Part-1): 2018,"BIS Product Certification (ISI Mark, Scheme I) product description, 114. Diesel Engines - NOx Reduction Agent AUS 32 (Qu",Diesel Engines - NOx Reduction Agent AUS 32
Evaporative Air Coolers (Desert Coolers),IS 3315:2019,"BIS Product Certification (ISI Mark, Scheme I) product description, 115. Air Cooler and Air Filters (Quality Control) Or",Air Cooler and Air Filters
Air Filters for general ventilation - Technical specifications requirements and classification system based upon particulate matter efficiency (ePM),IS 17570 (Part 1): 2021 ISO 16890-2: 2016,"BIS Product Certification (ISI Mark, Scheme I) product description, 115. Air Cooler and Air Filters (Quality Control) Or",Air Cooler and Air Filters
"Safety of household and similar electrical appliances Part icular requirements - toasters, grills, roasters and similar appliances",IS 302 (Part 2/Sec 9): 2009,"BIS Product Certification (ISI Mark, Scheme I) product description, 116. Electrical Appliances for Kitchen (Quality Cont",Electrical Appliances
Safety of household and similar electrical appliances Part icular requirements - range hoods,IS 302 (Part 2/Sec 31): 2009,"BIS Product Certification (ISI Mark, Scheme I) product description, 116. Electrical Appliances for Kitchen (Quality Cont",Electrical Appliances
Safety of household and similar electrical appliances Part icular requirements - appliances for skin or hair care,IS 302 (Part 2/Sec 23): 2009,"BIS Product Certification (ISI Mark, Scheme I) product description, 117. Electrical Appliances for Skin or Hair care (Qu",Electrical Appliances
Household and similar electrical appliances - Safety Part icular requirements for fans,IS 302 (Part 2/ Sec 80): 2017,"BIS Product Certification (ISI Mark, Scheme I) product description, 118. Electrical appliance fans (Quality Control) Ord",Electrical Appliances
Safety of Household and Similar Electrical Appliances Part icular Requirements - Commercial Dispensing Appliances and Vending Machines,IS 302 (Part 2/Sec 75): 2018,"BIS Product Certification (ISI Mark, Scheme I) product description, 119. Electrical appliance for commercial dispensing ",Electrical Appliances
Safety of household and similar electrical appliances Part icular requirements - domestic electric clothes washing machines,IS 302 (Part 2/Sec 7): 2010,"BIS Product Certification (ISI Mark, Scheme I) product description, 120. Electrical appliance for domestic clothes washi",Electrical Appliances
Corrugated and Semi - Corrugated Asbestos Cement Sheets,IS 459:1992,"BIS Product Certification (ISI Mark, Scheme I) product description, 121. Asbestos or Fibre Cement based Products (Qualit",Asbestos or Fibre Cement based Products
Asbestos Cement Pressure Pipes and Joints,IS 1592:2003,"BIS Product Certification (ISI Mark, Scheme I) product description, 121. Asbestos or Fibre Cement based Products (Qualit",Asbestos or Fibre Cement based Products
Asbestos Cement Flat Sheets,IS 2096:1992,"BIS Product Certification (ISI Mark, Scheme I) product description, 121. Asbestos or Fibre Cement based Products (Qualit",Asbestos or Fibre Cement based Products
Asbestos Cement Building Boards,IS 2098:1997,"BIS Product Certification (ISI Mark, Scheme I) product description, 121. Asbestos or Fibre Cement based Products (Qualit",Asbestos or Fibre Cement based Products
Asbestos - Cement Pipes and Fittings for Sewerage and Drainage,IS 6908:1991,"BIS Product Certification (ISI Mark, Scheme I) product description, 121. Asbestos or Fibre Cement based Products (Qualit",Asbestos or Fibre Cement based Products
Silica-Asbestos-Cement Flat Sheets,IS 13000:1990,"BIS Product Certification (ISI Mark, Scheme I) product description, 121. Asbestos or Fibre Cement based Products (Qualit",Asbestos or Fibre Cement based Products
Asbestos Cement Cable Conduits and Troughs,IS 8870:1978,"BIS Product Certification (ISI Mark, Scheme I) product description, 121. Asbestos or Fibre Cement based Products (Qualit",Asbestos or Fibre Cement based Products
Asbestos Cement Pressure Pipes (Light Duty),IS 9627:1980,"BIS Product Certification (ISI Mark, Scheme I) product description, 121. Asbestos or Fibre Cement based Products (Qualit",Asbestos or Fibre Cement based Products
Shallow Corrugated Asbestos Cement Sheets,IS 13008:1990,"BIS Product Certification (ISI Mark, Scheme I) product description, 121. Asbestos or Fibre Cement based Products (Qualit",Asbestos or Fibre Cement based Products
Fibre Cement Flat Sheets,IS 14862:2000,"BIS Product Certification (ISI Mark, Scheme I) product description, 121. Asbestos or Fibre Cement based Products (Qualit",Asbestos or Fibre Cement based Products
Fibre Reinforced Cement Products - Long Corrugated or Asymmetrical Section Sheets and Fittings for Roofing and Cladding,IS 14871:2000,"BIS Product Certification (ISI Mark, Scheme I) product description, 121. Asbestos or Fibre Cement based Products (Qualit",Asbestos or Fibre Cement based Products
Water meters (bulk type),IS 2373:1981,"BIS Product Certification (ISI Mark, Scheme I) product description, 122. Water meters and accessories (Quality Control) ",Water meters and accessories
Water meters (domestic type),IS 779: 1994,"BIS Product Certification (ISI Mark, Scheme I) product description, 122. Water meters and accessories (Quality Control) ",Water meters and accessories
Ferrules for water services,IS 2692: 1989,"BIS Product Certification (ISI Mark, Scheme I) product description, 122. Water meters and accessories (Quality Control) ",Water meters and accessories
Gypsum plaster boards - Specification: Part 1 plain gypsum plaster boards,IS 2095 (Part 1):2011,"BIS Product Certification (ISI Mark, Scheme I) product description, 123. Gypsum based Building Materials (Quality Contro",Gypsum based Building Materials
Glass Fibre Reinforced Gypsum Panels,IS 17400:2021,"BIS Product Certification (ISI Mark, Scheme I) product description, 123. Gypsum based Building Materials (Quality Contro",Gypsum based Building Materials
Gypsum Plaster Boards - Coated/ Laminated Gypsum Plaster Boards,IS 2095 (Part 2): 2022,"BIS Product Certification (ISI Mark, Scheme I) product description, 123. Gypsum based Building Materials (Quality Contro",Gypsum based Building Materials
Gypsum Plaster Boards - Reinforced Gypsum Plaster Boards and Ceiling Tiles,IS 2095 (Part 3):2022,"BIS Product Certification (ISI Mark, Scheme I) product description, 123. Gypsum based Building Materials (Quality Contro",Gypsum based Building Materials
Appliances for stationary storage type electric water heaters,IS 302 (Part 2/Sec 21): 2018,"BIS Product Certification (ISI Mark, Scheme I) product description, 124. Electrical Appliances for domestic water heatin",Electrical Appliances for domestic water heating
Appliances for electric instantaneous water heaters,IS 302 (Part 2/Sec 35): 2017,"BIS Product Certification (ISI Mark, Scheme I) product description, 124. Electrical Appliances for domestic water heatin",Electrical Appliances for domestic water heating
Electric Immersion Water Heaters,IS 368: 2014,"BIS Product Certification (ISI Mark, Scheme I) product description, 124. Electrical Appliances for domestic water heatin",Electrical Appliances for domestic water heating
Stationary storage type electric water heaters,IS 2082: 2018,"BIS Product Certification (ISI Mark, Scheme I) product description, 124. Electrical Appliances for domestic water heatin",Electrical Appliances for domestic water heating
Mini domestic water heater for use with piped natural gas (PNG)s,IS 17150: 2019,"BIS Product Certification (ISI Mark, Scheme I) product description, 124. Electrical Appliances for domestic water heatin",Electrical Appliances for domestic water heating
V-Belts - Endless V-Belts for Industrial Purposes - General Purpose,IS 2494 (Part 1): 1994,"BIS Product Certification (ISI Mark, Scheme I) product description, 125. V-Belt (Quality Control) Order, 2024 S.O. 1252(",V-Belt
V-Belts - Endless V-Belts for Industrial Purposes - fire resistant and antistatic V-Belts,IS 2494 (Part 2): 1993,"BIS Product Certification (ISI Mark, Scheme I) product description, 125. V-Belt (Quality Control) Order, 2024 S.O. 1252(",V-Belt
Transmission Devices - V - Belts endless narrow V-Belts for industrial use,IS 14261: 1995,"BIS Product Certification (ISI Mark, Scheme I) product description, 125. V-Belt (Quality Control) Order, 2024 S.O. 1252(",V-Belt
Telescopic Ball Bearing Drawer Slide,IS 17954:2023,"BIS Product Certification (ISI Mark, Scheme I) product description, 126. Telescopic Ball Bearing Drawer Slide (Quality C",Telescopic Ball Bearing Drawer Slide
Fasteners - Cross Recessed Drilling Screws with Tapping Screw Thread Part 1 Pan Head,IS 18471 (Part 1) : 2023/ ISO 15481:1999,"BIS Product Certification (ISI Mark, Scheme I) product description, 127. Cross Recessed Screws (Quality Control) Order, ",Cross Recessed Screws
Fasteners - Cross Recessed Drilling Screws with Tapping Screw Thread Part 2 Countersunk Head,IS 18471 (Part 2) :2023/ ISO 15482:1999,"BIS Product Certification (ISI Mark, Scheme I) product description, 127. Cross Recessed Screws (Quality Control) Order, ",Cross Recessed Screws
Fasteners - Cross Recessed Drilling Screws with Tapping Screw Thread Part 3 Raised Countersunk Head,IS 18471 (Part 3) :2023/ ISO 15483:1999,"BIS Product Certification (ISI Mark, Scheme I) product description, 127. Cross Recessed Screws (Quality Control) Order, ",Cross Recessed Screws
Fasteners - Hexagon Washer Head Drilling Screws with Tapping Screw Thread,IS 18476 : 2023/ ISO 15480:2019,"BIS Product Certification (ISI Mark, Scheme I) product description, 127. Cross Recessed Screws (Quality Control) Order, ",Cross Recessed Screws
Cross Recessed Tapping Screws: Part 1 Pan Head,IS 18480 (Part 1) :2023/ ISO 7049 : 2011,"BIS Product Certification (ISI Mark, Scheme I) product description, 127. Cross Recessed Screws (Quality Control) Order, ",Cross Recessed Screws
Cross Recessed Tapping Screws Part 2 Countersunk Flat Head,IS 18480 (Part 2) :2023/ ISO 7050 : 2011,"BIS Product Certification (ISI Mark, Scheme I) product description, 127. Cross Recessed Screws (Quality Control) Order, ",Cross Recessed Screws
Cross Recessed Tapping Screw Part 3 Raised Countersunk Oval Head,IS 18480 (Part 3) :2023/ ISO 7051 : 2011,"BIS Product Certification (ISI Mark, Scheme I) product description, 127. Cross Recessed Screws (Quality Control) Order, ",Cross Recessed Screws
Pan Head Screws With Type H or Type Z Cross Recess - Product Grade A,IS 7483 : 2018/ ISO 7045 : 2011,"BIS Product Certification (ISI Mark, Scheme I) product description, 127. Cross Recessed Screws (Quality Control) Order, ",Cross Recessed Screws
Countersunk Flat Head Screws (Common head Style) With Type H or Type Z Cross Recess - Product Grade A Part 1 Steel Screws of Property Class 4.8,IS 7485 (Part 1) : 2018/ ISO 7046 -1 : 2011,"BIS Product Certification (ISI Mark, Scheme I) product description, 127. Cross Recessed Screws (Quality Control) Order, ",Cross Recessed Screws
Raised countersunk head screws (Common Head Style) with type H or type Z cross recess - Product grade A,IS 7486 : 2018/ ISO 7047 : 2011,"BIS Product Certification (ISI Mark, Scheme I) product description, 127. Cross Recessed Screws (Quality Control) Order, ",Cross Recessed Screws
Drywall Screws - Specification,IS 18507 : 2024,"BIS Product Certification (ISI Mark, Scheme I) product description, 127. Cross Recessed Screws (Quality Control) Order, ",Cross Recessed Screws
Chipboard Screws - Specification,IS 18508 : 2024,"BIS Product Certification (ISI Mark, Scheme I) product description, 127. Cross Recessed Screws (Quality Control) Order, ",Cross Recessed Screws
Cross-recessed Countersunk Head Wood Screws - Specification,IS 18509 : 2023,"BIS Product Certification (ISI Mark, Scheme I) product description, 127. Cross Recessed Screws (Quality Control) Order, ",Cross Recessed Screws
All Electrical Appliances Vacuum Cleaners and Water Suction Cleaning Appliances,IS 302 (Part 1) : 2024 IEC 60335-1:2020,"BIS Product Certification (ISI Mark, Scheme I) product description, 128. Safety of Household, Commercial and Similar Ele","Safety of Household, Commercial and Similar Elec"
Open Ended Slugging Wrenches (Spanners),IS 4508:1992,"BIS Product Certification (ISI Mark, Scheme I) product description, 129. Hand Tools (Quality Control) Order, 2024 S.O. 4",Hand Tools
Ring Slugging Wrenches (Spanners),IS 4509:1992,"BIS Product Certification (ISI Mark, Scheme I) product description, 129. Hand Tools (Quality Control) Order, 2024 S.O. 4",Hand Tools
Single-ended Open-jaw Adjustable Wrenches,IS 6149:1984,"BIS Product Certification (ISI Mark, Scheme I) product description, 129. Hand Tools (Quality Control) Order, 2024 S.O. 4",Hand Tools
Open-Jaw Wrenches (Spanners),IS 2028:2004,"BIS Product Certification (ISI Mark, Scheme I) product description, 129. Hand Tools (Quality Control) Order, 2024 S.O. 4",Hand Tools
Ring Wrenches (Spanners),IS 2029:1998,"BIS Product Certification (ISI Mark, Scheme I) product description, 129. Hand Tools (Quality Control) Order, 2024 S.O. 4",Hand Tools
Pipe Wrenches -General Purpose,IS 4003 (Part 1): 1978,"BIS Product Certification (ISI Mark, Scheme I) product description, 129. Hand Tools (Quality Control) Order, 2024 S.O. 4",Hand Tools
Pipe Wrenches - Heavy Duty,IS 4003 (Part 2): 1986,"BIS Product Certification (ISI Mark, Scheme I) product description, 129. Hand Tools (Quality Control) Order, 2024 S.O. 4",Hand Tools
Combination Side Cutting Pliers,IS 3650:1981,"BIS Product Certification (ISI Mark, Scheme I) product description, 129. Hand Tools (Quality Control) Order, 2024 S.O. 4",Hand Tools
Textiles - Flat woven webbing slings made of man-made fibres for general services,IS 15041:2001,"BIS Product Certification (ISI Mark, Scheme I) product description, 130. Indutech (Quality Control) Order, 2024 S.O. 432",Indutech
Textiles - Manila Ropes - Specification,IS 1084:2005,"BIS Product Certification (ISI Mark, Scheme I) product description, 131. Ropes and Cordages (Quality Control) Order, 202",Ropes and Cordages
"Fibre Ropes - Polyester - 3-, 4-, 8- and 12- Strand Ropes",IS 11066:2022,"BIS Product Certification (ISI Mark, Scheme I) product description, 131. Ropes and Cordages (Quality Control) Order, 202",Ropes and Cordages
Textiles - Composite Synthetic Fibre Ropes - Specification,IS 14928:2001,"BIS Product Certification (ISI Mark, Scheme I) product description, 131. Ropes and Cordages (Quality Control) Order, 202",Ropes and Cordages
Mixed Polyolefin Fibre Ropes,IS 14929: 2022,"BIS Product Certification (ISI Mark, Scheme I) product description, 131. Ropes and Cordages (Quality Control) Order, 202",Ropes and Cordages
Steel wire ropes - Fibre main cores - Specification,IS 1804:2004,"BIS Product Certification (ISI Mark, Scheme I) product description, 131. Ropes and Cordages (Quality Control) Order, 202",Ropes and Cordages
"Fibre Ropes - Polyamide - 3-, 4-, 8- and 12- Strand Ropes",IS 4572:2022,"BIS Product Certification (ISI Mark, Scheme I) product description, 131. Ropes and Cordages (Quality Control) Order, 202",Ropes and Cordages
"Fibre Ropes - Polypropylene Split Film, Monofilament And Multifilament ( PP2 ) and Polypropylene High-Tenacity Multifilament ( PP3 ) -3-, 4-, 8- and 12- Strand Ropes",IS 5175:2022,"BIS Product Certification (ISI Mark, Scheme I) product description, 131. Ropes and Cordages (Quality Control) Order, 202",Ropes and Cordages
Fibre Ropes - Polyethylene -3- And 4-Strand Ropes,IS 8674 : 2013,"BIS Product Certification (ISI Mark, Scheme I) product description, 131. Ropes and Cordages (Quality Control) Order, 202",Ropes and Cordages
Fibre Ropes Of Polyester / Polyolefin dual Fibres,IS 17609 : 2021,"BIS Product Certification (ISI Mark, Scheme I) product description, 131. Ropes and Cordages (Quality Control) Order, 202",Ropes and Cordages
Solar Flat Plate Collector for Solar Water Heating Systems,IS 12933 (Part 1): 2003 IS 12933 (Part 2): 2003,"BIS Product Certification (ISI Mark, Scheme I) product description, 132. Solar Thermal Systems, Devices and Components (","Solar Thermal Systems, Devices and Components"
All Glass Evacuated Tubes Solar Water Heating System,IS 16544: 2016,"BIS Product Certification (ISI Mark, Scheme I) product description, 132. Solar Thermal Systems, Devices and Components (","Solar Thermal Systems, Devices and Components"
Storage Water Tank for All Glass Evacuated Tubes Solar Water Heating Systems,IS 16542: 2016,"BIS Product Certification (ISI Mark, Scheme I) product description, 132. Solar Thermal Systems, Devices and Components (","Solar Thermal Systems, Devices and Components"
Flashlight - Specification,IS 2083:2024,"BIS Product Certification (ISI Mark, Scheme I) product description, 134. Flashlight (Quality Control) Order, 2025 S.O. 5",Flashlight
Stainless Steel Seamless pipes and tubes for general service,IS 17875: 2022,"BIS Product Certification (ISI Mark, Scheme I) product description, 135. Stainless Steel Pipes and Tubes (Quality Contro",Stainless Steel Pipes and Tubes
Stainless Steel Welded pipes and tubes for general service,IS 17876: 2022,"BIS Product Certification (ISI Mark, Scheme I) product description, 135. Stainless Steel Pipes and Tubes (Quality Contro",Stainless Steel Pipes and Tubes
General purpose chairs and stools,IS 17632: 2022,"BIS Product Certification (ISI Mark, Scheme I) product description, 136. Furniture (Quality Control) Order, 2025 S.O. 80",Furniture
General and Safety Requirements for UPS,IS 16242 (Part 1),"CRS (Compulsory Registration Scheme, Scheme II) product description, nan",nan
Safety of Lamp Control gear Part 2 Particular Requirements Section 13 d.c. or a.c. Supplied Electronic Control gear for LED Modules,IS 15885 (Part 2/Sec 13),"CRS (Compulsory Registration Scheme, Scheme II) product description, nan",nan
"Secondary Cells and Batteries containing Alkaline or other non-acid Electrolytes-Safety Requirements for Portable sealed secondary cells, and for Batteries made from them for use in portable applications",IS 16046,"CRS (Compulsory Registration Scheme, Scheme II) product description, nan",nan
Self-Ballasted LED Lamps for General Lighting Services Part 1 Safety Requirements,IS 16102(Part 1),"CRS (Compulsory Registration Scheme, Scheme II) product description, nan",nan
Mobile Phone Handsets Part 3 Indian Language Support for Mobile Phone Handsets - Specific Requirements,IS 16333 (Part-3),"CRS (Compulsory Registration Scheme, Scheme II) product description, SO No. Nil dated 24th Oct 2016 Date of Implementatio",nan
Luminaires Part 5: Particular Requirements Section 2 Recessed Luminaires,IS 10322 (Part 5/Section 2): 2012,"CRS (Compulsory Registration Scheme, Scheme II) product description, SO 2742 (E), dated 17th August 2017 Superseded by El",nan
Luminaires Part 5: Particular Requirements Section 3 Luminaires for Road and Street Lighting,IS 10322 (Part 5/Section 3): 2012,"CRS (Compulsory Registration Scheme, Scheme II) product description, SO 2742 (E), dated 17th August 2017 Superseded by El",nan
Luminaires Part 5: Particular Requirements Section 5 Flood Lights,IS 10322 (Part 5/Section 5): 2013,"CRS (Compulsory Registration Scheme, Scheme II) product description, SO 2742 (E), dated 17th August 2017 Superseded by El",nan
Luminaires Part 5: Particular Requirements Section 6 Hamp Lamps,IS 10322 (Part 5/Section 6): 2013,"CRS (Compulsory Registration Scheme, Scheme II) product description, SO 2742 (E), dated 17th August 2017 Superseded by El",nan
Luminaires Part 5: Particular Requirements Section 7 Lighting Chains,IS 10322 (Part 5/Section 7): 2013,"CRS (Compulsory Registration Scheme, Scheme II) product description, SO 2742 (E), dated 17th August 2017 Superseded by El",nan
Luminaires Part 5: Particular Requirements Section 8 Luminaires for Emergency Lighting,IS 10322 (Part 5/Section 8): 2013,"CRS (Compulsory Registration Scheme, Scheme II) product description, SO 2742 (E), dated 17th August 2017 Superseded by El",nan
Safety of Household and similar electrical appliances Part 1 General requirements,IS 302 (Part 1): 2008,"CRS (Compulsory Registration Scheme, Scheme II) product description, SO 2742 (E), dated 17th August 2017 Superseded by El",nan
LED modules for general lighting: Part 1 safety requirements,IS 16103 (Part 1): 2012,"CRS (Compulsory Registration Scheme, Scheme II) product description, SO 1236 (E) dated 01st April, 2020 Date of Implement",nan
Luminaries: Part 5 Particular Requirements Section 9 Rope Lights,IS 10322 (Part 5)Section 9: 2017,"CRS (Compulsory Registration Scheme, Scheme II) product description, SO 1236 (E) dated 01st April, 2020 Date of Implement",nan
"Safety of household and similar electrical appliances: part 2 particular requirements, section 6 cooking ranges, hobs, ovens and similar appliances",IS 302 (Part 2): Section 6: 2009,"CRS (Compulsory Registration Scheme, Scheme II) product description, SO 1236 (E) dated 01st April, 2020 Date of Implement",nan
safety of household and similar electrical appliances: part 2 particular requirements: section 15 appliances for heating liquids,IS 302 (Part 2): Section 15: 2009,"CRS (Compulsory Registration Scheme, Scheme II) product description, SO 1236 (E) dated 01st April, 2020 Date of Implement",nan
Digital Television Receiver for Satellite Broadcast Transmission - Specification,IS 18112:2022,"CRS (Compulsory Registration Scheme, Scheme II) product description, Amendment to the Electronics and Information Technol",nan
Safety of Power Converters for Use in Photovoltaic Power Systems Part 2 Part icular Requirements for Inverters,IS 16169,"CRS (Compulsory Registration Scheme, Scheme II) product description, 2. Solar Photovoltaics, Systems, Devices and Compone",nan
Test Procedure of Islanding Prevention Measures for Utility-Interconnected Photovoltaic Inverters,IS 16270,"CRS (Compulsory Registration Scheme, Scheme II) product description, 2. Solar Photovoltaics, Systems, Devices and Compone",nan
Ortho Phosphoric Acid - Specification,IS 798:2020,"CRS (Compulsory Registration Scheme, Scheme II) product description, 3. Ortho Phosphoric Acid (Quality Control) Amendment",nan
Polyphosphoric Acid - Specification,IS 17439:2020,"CRS (Compulsory Registration Scheme, Scheme II) product description, 4. Polyphosphoric Acid(Quality Control) Order, 2021 ",nan
Trimethyl Phosphite - Technical Grade,IS 17412:2020,"CRS (Compulsory Registration Scheme, Scheme II) product description, 5. Trimethyl Phosphite (Quality Control) Order, 2022",nan
Cotton Bales- Specification,IS 12171:2019,"CRS (Compulsory Registration Scheme, Scheme II) product description, 6. Cotton Bales (Quality Control) Order, 2023 S.O. 9",nan
Procedure for Recognition of Assaying and Hallmarking Center Indian Standard “IS 15820:2009 General Requirements for Establishment and Operation of Assaying and Hallmarking Centres” is the basis for recognition of Assaying and Hallmarking Centres.,IS 15820,"Hallmarking product description, See BIS Hallmarking Regulations; quoted from the BIS",Hallmarking of precious metal articles
Board for Testing and Calibration Laboratories (NABL) accreditation of their laboratories may apply for obtaining BIS license for marking the Standard Bars produced by them in accordance with IS 1417: 2016 (for 995 and 999 fineness only).,IS 1417,"Hallmarking product description, See BIS Hallmarking Regulations; quoted from the BIS",Hallmarking of precious metal articles
