IS Number,Full Title,Year,Status,Replaced By,Supersedes,Product Family,Priority,Source Link,IS Base,Is IS Standard,Flag
IS 434,Rubber-insulated cables: Part 1 With copper conductor,1964,Superseded,IS 9968,,Electrical cables and wiring,Medium,https://standards.bis.gov.in/website/standard-details?encryptedId=eyJpdiI6IkZpRUJGeVplV09oalQ4dFVSQVFkYmc9PSIsInZhbHVlIjoicWFGdEhxOVJWNERwN29VcXJpcy9EZz09IiwibWFjIjoiOGQyNzdjYWM1NTMzMzg1N2M3ZjRiYWE4ZWRhMWY0NGY5YjNjZDRlNjRkYTI3OTU4YzFjNmQ3NDYzOTQyYTFhMSIsInRhZyI6IiJ9&standardNumber=IS%20434%20(Part%201):1964,IS 434,True,
IS 375,"Marking and arrangement for switchgears bus-bars, main connections and auxiliary wiring",1963,Superseded,IS 5578; IS 11353,,Electrical cables and wiring,Medium,https://standards.bis.gov.in/website/know-your-standards?searchTerm=IS%2520375%253A1963,IS 375,True,
IS 691,Flexible Trailing Cables for use in Coal Mines,1984,Superseded,IS 14494,,Electrical cables and wiring,Medium,https://standards.bis.gov.in/website/standard-details?encryptedId=eyJpdiI6IndQb1Rhc3pPUUJJUjRLM0Nsc0orckE9PSIsInZhbHVlIjoiQkFBemoxV1FueWM5SXByLzhlcVlzdz09IiwibWFjIjoiYjNhNzNiODkzNGQ5MDYzOGJiNzU0ZGY2MTUwOWIwNTc1M2I4Y2MxNWMyMDRlYmNhZWQyNzFkZjczZWZjMTllNiIsInRhZyI6IiJ9&standardNumber=IS%20691:1984,IS 691,True,
IS 693,Varnished cambric insulated cables (revised),1965,Withdrawn,UNKNOWN,,Electrical cables and wiring,Medium,https://standards.bis.gov.in/website/standard-details?encryptedId=eyJpdiI6ImxqS01iL205c0JwYStHQVNrZXNIREE9PSIsInZhbHVlIjoiZTkya2tQaUpZYVIrNEE3VjliU0JCdz09IiwibWFjIjoiYWY1M2NiYThiOGI1YjY2OWZmYWViYzA3YmJhZWFmOTI3YzJhM2RiNzFmNDRmZjhhMDM2YzIzNTY3ZTQzY2UzOSIsInRhZyI6IiJ9&standardNumber=IS%20693:1965,IS 693,True,replacement not stated in source
IS 732,Code of practice for electrical wiring installations (Fourth Revision),2019,Current,UNKNOWN,,Electrical cables and wiring,High,https://standards.bis.gov.in/website/standard-details?encryptedId=eyJpdiI6IkhlLzdHaWMwL0ZUb2pHMHBLZUExNGc9PSIsInZhbHVlIjoiOGRCZDNvZVljZElIZ3hWWHdZcmZUQT09IiwibWFjIjoiMGJkOTMyN2ViNWFmMmVkZWM0YmQ1MDk0ZjFhNzE3MzMxZWI4ZWJiMDYyZThjY2Q2MTY0ZWFlYzZjMmU3NGFmNSIsInRhZyI6IiJ9&standardNumber=IS%20732:2019,IS 732,True,replacement not stated in source
IS 1026,Flexible trailing cables for use in quarries and metalliferous mines,1984,Superseded,IS 14494,,Electrical cables and wiring,Medium,https://standards.bis.gov.in/website/standard-details?encryptedId=eyJpdiI6IlB1Sjg3WGZMa2VRazRtTC84TkNJaGc9PSIsInZhbHVlIjoiUUZpVFNMWktSNjh1TEloZk9kQU5Kdz09IiwibWFjIjoiNTNiMmFhOTQ1NzM0MDVmMjM5ODM4ZWY5ODQzMTE4YWY1NmM5ODQxNTE0YmQyYjFmNWQ4NTZmN2FkODVhYWU4NyIsInRhZyI6IiJ9&standardNumber=IS%201026:1984,IS 1026,True,
IS 1653,Rigid steel conduits for electrical wiring,1972,Superseded,IS 9537 (Part 2),,Electrical cables and wiring,Medium,https://standards.bis.gov.in/website/standard-details?encryptedId=eyJpdiI6Impab0FxVXRpMVVVWDJxL1N4QndnVUE9PSIsInZhbHVlIjoidnJKUDNUQkw0TWNmK1RZajBENXY4QT09IiwibWFjIjoiNGRhMTc4NGQzYWIxOWIzNGQ1NzdhNjI0ZWVlZjUwMzgwMmFkMjJhODUzNjY5MmJkZTZjYWZhYThhMDJlNjhmMSIsInRhZyI6IiJ9&standardNumber=IS%201653:1972,IS 1653,True,
IS 694,Polyvinyl chloride insulated unsheathed and sheathed cables/cords with rigid and flexible conductor for rated voltages up to and including 1 100 V (Fourth Revision),2010,Current,UNKNOWN,,Electrical cables and wiring,High,https://standards.bis.gov.in/website/standard-details?encryptedId=eyJpdiI6IlNQM09jZ01XazVGL3kraStrSWZSd1E9PSIsInZhbHVlIjoiWmowUDMrVjN5YVdyWmtIRDBQMXZhZz09IiwibWFjIjoiYTNiMWVlMGQ4NDQ4NTk2Yzk3OTEwYWUwYzUxNGIzZGI5OTYyYjliZjYyY2EwM2I3OThlZDQ0NzMyMTQ1YzZiOSIsInRhZyI6IiJ9&standardNumber=IS%20694:2010,IS 694,True,replacement not stated in source
IS 2274,Code of practice for electrical wiring installations (system voltage exceeding 650 volts),1963,Superseded,IS 732,,Electrical cables and wiring,Medium,https://standards.bis.gov.in/website/standard-details?encryptedId=eyJpdiI6Imt5Y2VFN21WcjNLa2VmcWRkQnIydVE9PSIsInZhbHVlIjoiWXRkNmVQamdvM3ByeWYzcUpRWWQyQT09IiwibWFjIjoiZDQxYjBmMTZkNTBiYWI1MTczNDg0YTFlOWQwNjY2MmZhMjc5ZGU3OGQzNTg1NDgwMTkxYWQ5MWFmNGFlNTlkNSIsInRhZyI6IiJ9&standardNumber=IS%202274:1963,IS 2274,True,
IS 2412,Specification for link clips for electrical wiring (First Revision),1975,Withdrawn,UNKNOWN,,Electrical cables and wiring,Medium,https://standards.bis.gov.in/website/standard-details?encryptedId=eyJpdiI6ImRPTTQyUG9SSGhkZ1JKK21UUmx0VHc9PSIsInZhbHVlIjoidXNmNEkxQnNUR09xZDVSMW5obVBBUT09IiwibWFjIjoiZTcxMjk0Yzg2MWY3MzczYjhmMzA0YTVhODYzMzIyYWQ1MjAyOGFjMjZkNTJjYThiMjJmYzhkMDZiNGNlYWZlMSIsInRhZyI6IiJ9&standardNumber=IS%202412:1975,IS 2412,True,replacement not stated in source
IS 282,Hard-drawn copper conductors for overhead power transmission,1982,Withdrawn,UNKNOWN,,Electrical cables and wiring,Medium,https://standards.bis.gov.in/website/standard-details?encryptedId=eyJpdiI6IlZiSkE2cVV0K0tKZk10ZFdUbW9ubEE9PSIsInZhbHVlIjoiUVNZN0srZ2dTQ2p0Y3hUVEdlUXFlQT09IiwibWFjIjoiOTJmMjY4MzdiMmI4MmJkZjMwODgzMzA0ZDhlNTM0YTQwMmJlNmE3Yzk0MDVmM2VlOGJlMTc1ZGYwYWY0MjBiZiIsInRhZyI6IiJ9&standardNumber=IS%20282:1982,IS 282,True,replacement not stated in source
IS 2667,Fittings for rigid steel conduits for electrical wiring,1988,Superseded,14768:Part2,,Electrical cables and wiring,Medium,https://standards.bis.gov.in/website/standard-details?encryptedId=eyJpdiI6ImRNZ3E1WS9oeExUYVNOcjVkMnBrdWc9PSIsInZhbHVlIjoibXF2Ukcwc1ZPUjdQVWU4dGtFaW8zZz09IiwibWFjIjoiOWIwZWZjZmY3YzMxNzVhMjdlYzlhNDJhODgwNzE2NDg2ZTFiMmU0ZTkyMmVmMTgzOTgyYmY3ZTQ3ZGRjNzBlMiIsInRhZyI6IiJ9&standardNumber=IS%202667:1988,IS 2667,True,
IS 398,Aluminium conductors for overhead transmission purposes - Specification: Part 1 aluminium stranded conductors (Third Revision),1996,Current,UNKNOWN,,Electrical cables and wiring,Medium,https://standards.bis.gov.in/website/standard-details?encryptedId=eyJpdiI6IjJwTzA1T1k1SGIxYVAwN0pjUW5FOVE9PSIsInZhbHVlIjoiS21abGFoMmVEYjlEdDIxZzFoNmQ1QT09IiwibWFjIjoiMzE5YWQ1YWZiZDJiNjk1OGZmZWExNDI4ZWRlZWFlMzljNDhiMTk4MjE1NWE5MWI1YWRlNmY2YjZhNzM4NDNkYyIsInRhZyI6IiJ9&standardNumber=IS%20398%20(Part%201):1996,IS 398,True,replacement not stated in source
IS 450,Cotton Covered Round Copper Conductors,1964,Superseded,IS 7391,,Electrical cables and wiring,Medium,https://standards.bis.gov.in/website/standard-details?encryptedId=eyJpdiI6InpKZ2l4UUMwdkRZL2E5cEdNUHlFWGc9PSIsInZhbHVlIjoiV3pHM0Rab01sTFFjZUQwekRPbzBsUT09IiwibWFjIjoiMGVhNzc2MjAzMjM5ODc0ZjNkMzdjNWQ1ZjdkM2RhMDBlOWUzOGI5MjY3NTFkNTI3NTgxYTZlNThkODUyMTNhYiIsInRhZyI6IiJ9&standardNumber=IS%20450:1964,IS 450,True,
IS 3480,Specification for flexible steel conduits for electrical wiring,1966,Superseded,IS 3480:2024,,Electrical cables and wiring,Medium,https://standards.bis.gov.in/website/standard-details?encryptedId=eyJpdiI6IjJhb1NIVnVNZXQrenRXaEFZS0pqUGc9PSIsInZhbHVlIjoiMlo1TlFEQjE0VXdTdkhjTW0wYmxqUT09IiwibWFjIjoiZGYyMzViNjk0ZTQ4NjU1ODAzMTcyNjljOTA1YWNjYmYzODMzMTQzMGIwNTE1MTNlNjBkY2FiZmFiMGQyNDk4OCIsInRhZyI6IiJ9&standardNumber=IS%203480:1966,IS 3480,True,
IS 8270,"Guide for preparation of diagrams, charts and tables for electrotechnology: Part 6 unit wiring diagrams and tables",1983,Withdrawn,UNKNOWN,,Electrical cables and wiring,Medium,https://standards.bis.gov.in/website/standard-details?encryptedId=eyJpdiI6InBaN0NncmVwTFVGRjNvaGkwTXNqOFE9PSIsInZhbHVlIjoiN2xpNlZJRVRqZ1ozSzY5T3VjQUE2dz09IiwibWFjIjoiMzM0OTRkNTBlOWViYzhjNmZhNmE5NTllMDVkYzE4ZDZkZDdjMGQwOGUzYTA2NjQzODY1NmRlMzQyOTY4MTZlZSIsInRhZyI6IiJ9&standardNumber=IS%208270%20(Part%206):1983,IS 8270,True,replacement not stated in source
IS 1591,"Glossary of terms for cables, conductors and accessories",1960,Superseded,IS 1885,,Electrical cables and wiring,Medium,https://standards.bis.gov.in/website/standard-details?encryptedId=eyJpdiI6ImxHZVptdmJEdnpVcFBuYWlrcU84eUE9PSIsInZhbHVlIjoibC9lVnRDWktES2lQZnQ1ZGVZVFpxQT09IiwibWFjIjoiYzljOTVhZTZhOGIwZWExYTZkZWVjNmIxZWQzYWE0NjExZTk4YTBhYTgzMGU4ZDVlMmQ0ZWY2YTEzZmMxYzlkOSIsInRhZyI6IiJ9&standardNumber=IS%201591:1960,IS 1591,True,
IS 8395,Specification for cable terminations for automobile wiring: Part 2 bullet and tube connectors,1977,Current,UNKNOWN,,Electrical cables and wiring,Medium,https://standards.bis.gov.in/website/standard-details?encryptedId=eyJpdiI6IlNLeUN2MWk0UE5WVGhna01jWEg0dWc9PSIsInZhbHVlIjoiaE5pUms1TE9VYmUyVldOd2F6djFCZz09IiwibWFjIjoiNjE4ZDU5ZWM4MDU1YTZlZDZjNDE2NTkwY2ZkYzZkYWUyZTcxYWNiMWY5ZWUwZWUzMDA3YWE2OWMzOGI4NTgxMSIsInRhZyI6IiJ9&standardNumber=IS%208395%20(Part%202):1977,IS 8395,True,replacement not stated in source
IS 5054,Radio frequency and coaxial cable assemblies Part 4 RF coaxial connectors with inner diameter of outer conductor 16 mm 063 in with screw lock Characteristic impedance 50 type 7-16,2021,Current,UNKNOWN,,Electrical cables and wiring,Medium,https://standards.bis.gov.in/website/standard-details?encryptedId=eyJpdiI6IjlHc2lhSkVNQWFiNDFnSjg2b2VEUGc9PSIsInZhbHVlIjoiVDdGeTNmR3VjZ25JYmVLUFZKSUNvZz09IiwibWFjIjoiMzA3OTFjNTFjOGRiMWU5MjQwOWYyNTFiMjYwYTRiZGRmMjExZDFhZmMyMmIxYjNmZWYwMDBhNTJmZjFmNWE3OSIsInRhZyI6IiJ9&standardNumber=IS%205054%20(Part%204):2021,IS 5054,True,replacement not stated in source
IS 9891,Specification for edge connectors for printed wiring board and insulated board having a contact pitch of 2.54 mm: Part 1 test schedule and requirements,1981,Withdrawn,UNKNOWN,,Electrical cables and wiring,Medium,https://standards.bis.gov.in/website/standard-details?encryptedId=eyJpdiI6IjVFWnJrdktEdHhCL09XZEt6OStDMXc9PSIsInZhbHVlIjoiU2dWNlAzSEx2bEs0LzEwZDNnaENKQT09IiwibWFjIjoiY2ZmZjVhNmI5NzQ5NzAzNDc2MzBmNDBhODVmYmVhNGJiM2UyOTIzNjMzMDBlZDE1NTllMjQ5NmU5YTM0OGY5MCIsInRhZyI6IiJ9&standardNumber=IS%209891%20(Part%201):1981,IS 9891,True,replacement not stated in source
IS 1594,Metric sizes of copper wires and conductors for electrical purposes,1960,Withdrawn,UNKNOWN,,Electrical cables and wiring,Medium,https://standards.bis.gov.in/website/standard-details?encryptedId=eyJpdiI6IldSMldEVi9sR3dUakk0TVBJK3Uwc2c9PSIsInZhbHVlIjoiT2FoaTR6YS9LM3RFOE5SaGlNUTV3QT09IiwibWFjIjoiZmFjY2EzMWYyNTRkM2ViNWY0NzNlMzUyMmRmZGRiZWMwYjMyNTYzOTg1ZjI4ZDQ5MTc3N2JlN2Q5NTU4NjkxYiIsInRhZyI6IiJ9&standardNumber=IS%201594:1960,IS 1594,True,replacement not stated in source
IS 1255,Code of practice for installation and maintenance of power cables up to and including 33 kV rating (Second Revision),1983,Current,UNKNOWN,,Electrical cables and wiring,High,https://standards.bis.gov.in/website/standard-details?encryptedId=eyJpdiI6InlGMzF4NGNTSDBOS1BsZElCN1R6MEE9PSIsInZhbHVlIjoiVTFKd0o4VDdValVsdUtHcVBnSytPdz09IiwibWFjIjoiMjVjMWI4NWM4YzZmZmI2N2QzNGJmOTg2ODVhMzQ1OWI5MDJkZjdiYjI3Y2RlZWE1NjhjNDNiODIxN2Y2ZWVmOSIsInRhZyI6IiJ9&standardNumber=IS%201255:1983,IS 1255,True,replacement not stated in source
IS 13313,Automotive vehicles - Electrical wiring - Colour coding,1991,Current,UNKNOWN,,Electrical cables and wiring,Medium,https://standards.bis.gov.in/website/standard-details?encryptedId=eyJpdiI6ImdQS2l6Ulk0L2txMjN5WFVNc2tWV0E9PSIsInZhbHVlIjoiUVZwL0tONHpWVlc0cTF2a2tPdCtYUT09IiwibWFjIjoiY2NhNjZjMjMwNzQzZWQxZWJkMTQ5MjMwZTczYjFjOThlZDQ1ZjI1NmZkODFiY2JmYmE3MzM3MWQ4YmM1ZjYxZiIsInRhZyI6IiJ9&standardNumber=IS%2013313:1991,IS 13313,True,replacement not stated in source
IS 7733,Code of practice for electrical wiring installations in hospitals,1975,Withdrawn,UNKNOWN,,Electrical cables and wiring,Medium,https://standards.bis.gov.in/website/standard-details?encryptedId=eyJpdiI6IkgxNGhFcFVpYVFVYmtBU0R0NEd0RFE9PSIsInZhbHVlIjoiaVRWQUc3eHpZMHBMVWZDY1ZGTUk2Zz09IiwibWFjIjoiMDBkZjFkYzYzOGYxMjE1ZTJmMGZiNDZjNTM2MzQzOWI3MWRjMmI3MmI1MmVkODFhZDgxNzUyYWYwMzFiNTIxNSIsInRhZyI6IiJ9&standardNumber=IS%207733:1975,IS 7733,True,replacement not stated in source
IS 10242,Electrical installations in ships: Part 3 equipment: Sec 10 general construction and test requirements for low voltage shipboard power cables - Specification,1992,Withdrawn,UNKNOWN,,Electrical cables and wiring,Low,https://standards.bis.gov.in/website/standard-details?encryptedId=eyJpdiI6IktlUllVeGpNOUlaeTlZOXJRekpaVFE9PSIsInZhbHVlIjoiSEozOEhDOTVKaDIxSUNxcVloYVVBZz09IiwibWFjIjoiYzU2MTM1ZGJmN2RlMDZmYTViZmY2ODc3MjlmY2UzNDJhZjFkY2Q0ZjgxMDkzMzQwZjMzOWE5ZDI2MWM0NGI4NCIsInRhZyI6IiJ9&standardNumber=IS%2010242%20(Part%203%2FSec%2010):1992,IS 10242,True,replacement not stated in source
IS 12909,Power cables - Dimensions for moulds for cast resin based outdoor terminations for voltages above 1 100 volts and up to and including 1 1000 volts,1990,Current,UNKNOWN,,Electrical cables and wiring,Medium,https://standards.bis.gov.in/website/standard-details?encryptedId=eyJpdiI6Ijl3Y3MydnJVNnNwSmlxWVVkTTF5K3c9PSIsInZhbHVlIjoidnEwUlo2M3BXZlZoYjBZNU1nZnQ0Zz09IiwibWFjIjoiMDMyZGNlNGQ1ZGY0MDRmYzA5ZDQ0ZWQ2ZjQyY2JmMWYyNWYxNTFmMjQwODMyYzRiNTU3MTg5NzcxYjVlM2IwNiIsInRhZyI6IiJ9&standardNumber=IS%2012909:1990,IS 12909,True,replacement not stated in source
IS 13573,Cable accessories for extruded power cables - Specification: Part 1 for working voltages from 1.1 kV up to and including 3.3 kV (E) - Test methods and test requirements (First Revision),2011,Current,UNKNOWN,,Electrical cables and wiring,High,http://standards.bis.gov.in/website/standard-details?encryptedId=eyJpdiI6IkZkcXpNMWM0TzI4RFBCZWd0bVE2U0E9PSIsInZhbHVlIjoiVGNjVDVwRHpoejBlK3JKWkhYaTRLdz09IiwibWFjIjoiYTU1YzY3Yzc2ZmM4MGU3Y2JjYzFlY2I3NzkwODA1M2EzYTI0MzUyODllN2Q5NTAxMjY4YjNhYWQ0ZTM5OWM3NCIsInRhZyI6IiJ9&standardNumber=IS%2013573%20(Part%201):2011,IS 13573,True,replacement not stated in source
IS 2206,Flameproof Electric Lighting Fittings - Part 4 : Portable Flame-proof Handlamps and Approved Flexible Cables,1987,Withdrawn,UNKNOWN,,Electrical cables and wiring,Medium,https://standards.bis.gov.in/website/standard-details?encryptedId=eyJpdiI6IlNob0pRMHB6STVLbklsR2wyTGppeVE9PSIsInZhbHVlIjoiRkk3dXZXaDlHTUxPU1I2Qm5RSXo0Zz09IiwibWFjIjoiNWEzODQwNjljNzI0NzQ2YTQ2ZjNiNDA3MzRjMGI3Y2Y2ZGRkYjViM2IxNGVmNGQxYzA0YzNhZGMzYWMwNWI2MyIsInRhZyI6IiJ9&standardNumber=IS%202206%20(Part%204):1987,IS 2206,True,replacement not stated in source
IS 3837,Specification for accessories for rigid steel conduits for electrical wiring (First Revision),1976,Current,UNKNOWN,,Electrical cables and wiring,Medium,https://standards.bis.gov.in/website/standard-details?encryptedId=eyJpdiI6IlhUOVVMYWRLekZqaUtpaW5HUjE5cEE9PSIsInZhbHVlIjoicEt4a00vNnVnV2lJMVdzb0xieUNXZz09IiwibWFjIjoiN2I5MTkyMjczZjcyOGVkNjBlNDVjZTAwZjRhMDY3Y2JlZmRlNDU1NjU1NjJlNjNhYWE1ODc4OTk5ZjA1MDE2YSIsInRhZyI6IiJ9&standardNumber=IS%203837:1976,IS 3837,True,replacement not stated in source
IS 14340,Brass for current carrying parts in electrical wiring accessories - Specification,1996,Current,UNKNOWN,,Electrical cables and wiring,Medium,https://standards.bis.gov.in/website/standard-details?encryptedId=eyJpdiI6IjlSdlcyQWJNb21SdnNPemZ4VnRLeWc9PSIsInZhbHVlIjoiV2xteGhmVkd6ODNJWDBvOGdvUTUwZz09IiwibWFjIjoiM2NiMDIyOGQxMTg4YjYyZjJiYzZjZmY0NGYwMDNmNzllY2MyOWI4OGI1NTI0ODViYzVlNDY1NmMyNjhlMjI5MiIsInRhZyI6IiJ9&standardNumber=IS%2014340:1996,IS 14340,True,replacement not stated in source
IS 692,Paper insulated lead-sheathed cables for rated voltage up to and including 33 kV - Specification,1994,Current,UNKNOWN,,Electrical cables and wiring,Medium,https://archive.org/details/gov.in.is.692.1994,IS 692,True,replacement not stated in source
IS 1554 (Part 1),"PVC insulated (heavy duty) electric cables, Part 1: For working voltages up to and including 1 100 V",1988,Current,UNKNOWN,,Electrical cables and wiring,High,https://archive.org/details/gov.in.is.1554.1.1988,IS 1554,True,replacement not stated in source
IS 1554 (Part 2),"PVC insulated (heavy duty) electric cables, Part 2: For working voltages from 3.3 kV up to and including 11 kV",1988,Current,UNKNOWN,,Electrical cables and wiring,High,https://archive.org/details/gov.in.is.1554.2.1988,IS 1554,True,replacement not stated in source
IS 2465,Cables for motor vehicles,1984,Current,UNKNOWN,,Electrical cables and wiring,Low,https://archive.org/details/gov.in.is.2465.1984,IS 2465,True,replacement not stated in source
IS 2593,Flexible cables for miners' cap-lamps,1984,Current,UNKNOWN,,Electrical cables and wiring,Low,https://archive.org/details/gov.in.is.2593.1984,IS 2593,True,replacement not stated in source
IS 3961 (Part 1),"Recommended current ratings for cables, Part 1: Paper insulated lead sheathed cables",1967,Current,UNKNOWN,,Electrical cables and wiring,Medium,https://archive.org/details/gov.in.is.3961.1.1967,IS 3961,True,replacement not stated in source
IS 3961 (Part 2),"Recommended current ratings for cables, Part 2: PVC insulated and PVC sheathed heavy duty cables",1967,Current,UNKNOWN,,Electrical cables and wiring,Medium,https://archive.org/details/gov.in.is.3961.2.1967,IS 3961,True,replacement not stated in source
IS 3961 (Part 3),"Recommended current ratings for cables, Part 3: Rubber insulated cables",1968,Current,UNKNOWN,,Electrical cables and wiring,Medium,https://archive.org/details/gov.in.is.3961.3.1968,IS 3961,True,replacement not stated in source
IS 3961 (Part 5),"Recommended current ratings for cables, Part 5: PVC insulated light duty cables",1968,Current,UNKNOWN,,Electrical cables and wiring,Medium,https://archive.org/details/gov.in.is.3961.5.1968,IS 3961,True,replacement not stated in source
IS 4289 (Part 1),"Flexible cables for lifts and other flexible connections, Part 1: Elastomer insulated cables",1984,Current,UNKNOWN,,Electrical cables and wiring,Medium,https://archive.org/details/gov.in.is.4289.1.1984,IS 4289,True,replacement not stated in source
IS 4289 (Part 2),"Flexible cables for lifts and other flexible connections, Part 2: PVC insulated circular cables",2000,Current,UNKNOWN,,Electrical cables and wiring,Medium,https://archive.org/details/gov.in.is.4289.2.2000,IS 4289,True,replacement not stated in source
IS 5819,Recommended short-circuit ratings of high voltage PVC cables,1970,Current,UNKNOWN,,Electrical cables and wiring,Medium,https://archive.org/details/gov.in.is.5819.1970,IS 5819,True,replacement not stated in source
IS 5831,PVC insulation and sheath of electric cables,1984,Current,UNKNOWN,,Electrical cables and wiring,High,https://archive.org/details/gov.in.is.5831.1984,IS 5831,True,replacement not stated in source
IS 5950,Shot firing cables (for use other than in shafts),1984,Current,UNKNOWN,,Electrical cables and wiring,Medium,https://archive.org/details/gov.in.is.5950.1984,IS 5950,True,replacement not stated in source
IS 6380,Elastomeric insulation and sheath of electric cables,1984,Current,UNKNOWN,,Electrical cables and wiring,High,https://archive.org/details/gov.in.is.6380.1984,IS 6380,True,replacement not stated in source
IS 6554,Soldering ferrules of straight-through joints,1983,Current,UNKNOWN,,Electrical cables and wiring,Medium,https://archive.org/details/gov.in.is.6554.1983,IS 6554,True,replacement not stated in source
IS 7093,Straight through joint boxes and lead sleeves for paper insulated lead sheathed cables up to and including 11 kV,1973,Current,UNKNOWN,,Electrical cables and wiring,Medium,https://archive.org/details/gov.in.is.7093.1973,IS 7093,True,replacement not stated in source
IS 7098 (Part 1),"Crosslinked polyethylene insulated PVC sheathed cables, Part 1: For working voltage up to and including 1 100 V",1988,Current,UNKNOWN,,Electrical cables and wiring,High,https://archive.org/details/gov.in.is.7098.1.1988,IS 7098,True,replacement not stated in source
IS 7098 (Part 2),"Crosslinked polyethylene insulated thermoplastics sheathed cables, Part 2: For working voltages from 3.3 kV up to and including 33 kV",2011,Current,UNKNOWN,,Electrical cables and wiring,High,https://archive.org/details/gov.in.is.7098.2.2011,IS 7098,True,replacement not stated in source
IS 7098 (Part 3),"Cross-linked polyethylene insulated thermoplastic sheathed cables, Part 3: For working voltages from 66 kV up to and including 220 kV",1993,Current,UNKNOWN,,Electrical cables and wiring,High,https://archive.org/details/gov.in.is.7098.3.1993,IS 7098,True,replacement not stated in source
IS 8130,Conductors for insulated electric cables and flexible cords,2013,Current,UNKNOWN,IS 1753; IS 12982,Electrical cables and wiring,High,https://archive.org/details/gov.in.is.8130.1984,IS 8130,True,replacement not stated in source
IS 8308,Compression type tubular in-line connectors for aluminium conductors of insulated cables,1993,Current,UNKNOWN,,Electrical cables and wiring,Medium,https://archive.org/details/gov.in.is.8308.1993,IS 8308,True,replacement not stated in source
IS 8309,Compression type tubular terminal ends for aluminium conductors of insulated cables,1993,Current,UNKNOWN,,Electrical cables and wiring,Medium,https://archive.org/details/gov.in.is.8309.1993,IS 8309,True,replacement not stated in source
IS 8337,Performance requirements of compression joints of aluminium conductors in insulated cables,1976,Current,UNKNOWN,,Electrical cables and wiring,Medium,https://archive.org/details/gov.in.is.8337.1976,IS 8337,True,replacement not stated in source
IS 8394,Soldering and welding type terminal ends for conductors of insulated cables,1977,Current,UNKNOWN,,Electrical cables and wiring,Medium,https://archive.org/details/gov.in.is.8394.1977,IS 8394,True,replacement not stated in source
IS 8438,Moulds of cast resin based straight through joints for cables for voltages up to and including 1 100 V,1987,Current,UNKNOWN,,Electrical cables and wiring,Medium,https://archive.org/details/gov.in.is.8438.1987,IS 8438,True,replacement not stated in source
IS 9553,Moulds suitable for cast resin based terminations for cables for voltages up to and including 1 000 V,1987,Current,UNKNOWN,,Electrical cables and wiring,Medium,https://archive.org/details/gov.in.is.9553.1987,IS 9553,True,replacement not stated in source
IS 9646,Moulds suitable for cast resin-based joints for cables for voltages up to and including 1 100 V,1992,Current,UNKNOWN,,Electrical cables and wiring,Medium,https://archive.org/details/gov.in.is.9646.1992,IS 9646,True,replacement not stated in source
IS 9857,Welding cables,1990,Current,UNKNOWN,,Electrical cables and wiring,Medium,https://archive.org/details/gov.in.is.9857.1990,IS 9857,True,replacement not stated in source
IS 9968 (Part 1),"Elastomer insulated cables, Part 1: For working voltages up to and including 1 100 V",1988,Current,UNKNOWN,,Electrical cables and wiring,High,https://archive.org/details/gov.in.is.9968.1.1988,IS 9968,True,replacement not stated in source
IS 9968 (Part 2),"Elastomer-insulated cables, Part 2: For working voltages from 3.3 kV up to and including 33 kV",2002,Current,UNKNOWN,,Electrical cables and wiring,High,https://archive.org/details/gov.in.is.9968.2.2002,IS 9968,True,replacement not stated in source
IS 10418,Drums for electric cables,1982,Current,UNKNOWN,,Electrical cables and wiring,Medium,https://archive.org/details/gov.in.is.10418.1982,IS 10418,True,replacement not stated in source
IS 10435 (Part 1),"Inverted type cable end boxes for outdoor terminations suitable for paper insulated cables, Part 1: Belted type, multicore cables up to and including 11 kV grade",1983,Current,UNKNOWN,,Electrical cables and wiring,Medium,https://archive.org/details/gov.in.is.10435.1.1983,IS 10435,True,replacement not stated in source
IS 10462 (Part 1),"Fictitious calculation method for determination of dimensions of protective coverings of cables, Part 1: Elastomeric and thermoplastic insulated cables",1983,Current,UNKNOWN,,Electrical cables and wiring,Medium,https://archive.org/details/gov.in.is.10462.1.1983,IS 10462,True,replacement not stated in source
IS 10462 (Part 2),"Fictitious calculation method for determination of dimensions of protective coverings of cables, Part 2: Paper insulated cables",1991,Current,UNKNOWN,,Electrical cables and wiring,Medium,https://archive.org/details/gov.in.is.10462.2.1991,IS 10462,True,replacement not stated in source
IS 10606,Cast iron joint boxes for tee and branch trouser joints suitable for paper insulated cables for voltages up to and including 11 kV,1983,Current,UNKNOWN,,Electrical cables and wiring,Medium,https://archive.org/details/gov.in.is.10606.1983,IS 10606,True,replacement not stated in source
IS 10810 (Part 0),"Method of test for cables, Part 0: General",1984,Current,UNKNOWN,,Electrical cables and wiring,Medium,https://archive.org/details/gov.in.is.10810.0.1984,IS 10810,True,replacement not stated in source
IS 10810 (Part 1),"Methods of test for cables, Part 1: Annealing test for wires used in conductors",1984,Current,UNKNOWN,,Electrical cables and wiring,Medium,https://archive.org/details/gov.in.is.10810.1.1984,IS 10810,True,replacement not stated in source
IS 10810 (Part 2),"Methods of test for cables, Part 2: Tensile test for aluminium wires",1984,Current,UNKNOWN,,Electrical cables and wiring,Medium,https://archive.org/details/gov.in.is.10810.2.1984,IS 10810,True,replacement not stated in source
IS 10810 (Part 3),"Methods of test for cables, Part 3: Wrapping test for aluminium wires",1984,Current,UNKNOWN,,Electrical cables and wiring,Medium,https://archive.org/details/gov.in.is.10810.3.1984,IS 10810,True,replacement not stated in source
IS 10810 (Part 4),"Methods of test for cables, Part 4: Persulphate test of conductor",1984,Current,UNKNOWN,,Electrical cables and wiring,Medium,https://archive.org/details/gov.in.is.10810.4.1984,IS 10810,True,replacement not stated in source
IS 10810 (Part 5),"Methods of test for cables, Part 5: Conductor resistance test",1984,Current,UNKNOWN,,Electrical cables and wiring,Medium,https://archive.org/details/gov.in.is.10810.5.1984,IS 10810,True,replacement not stated in source
IS 10810 (Part 6),"Methods of test for cables, Part 6: Thickness of thermoplastic and elastomeric insulation and sheath",1984,Current,UNKNOWN,,Electrical cables and wiring,Medium,https://archive.org/details/gov.in.is.10810.6.1984,IS 10810,True,replacement not stated in source
IS 10810 (Part 7),"Methods of test for cables, Part 7: Tensile strength and elongation at break of thermoplastic and elastomeric insulation and sheath",1984,Current,UNKNOWN,,Electrical cables and wiring,Medium,https://archive.org/details/gov.in.is.10810.7.1984,IS 10810,True,replacement not stated in source
IS 10810 (Part 8),"Method of test for cables, Part 8: Breaking strength and elongation at break for impregnated paper insulation",1984,Current,UNKNOWN,,Electrical cables and wiring,Medium,https://archive.org/details/gov.in.is.10810.8.1984,IS 10810,True,replacement not stated in source
IS 10810 (Part 9),"Methods of test for cables, Part 9: Tear resistance for paper insulation",1984,Current,UNKNOWN,,Electrical cables and wiring,Medium,https://archive.org/details/gov.in.is.10810.9.1984,IS 10810,True,replacement not stated in source
IS 10810 (Part 10),"Methods of test for cables, Part 10: Loss of mass test",1984,Current,UNKNOWN,,Electrical cables and wiring,Medium,https://archive.org/details/gov.in.is.10810.10.1984,IS 10810,True,replacement not stated in source
IS 10810 (Part 11),"Methods of test for cables, Part 11: Thermal ageing in air",1984,Current,UNKNOWN,,Electrical cables and wiring,Medium,https://archive.org/details/gov.in.is.10810.11.1984,IS 10810,True,replacement not stated in source
IS 10810 (Part 12),"Methods of test for cables, Part 12: Shrinkage test",1984,Current,UNKNOWN,,Electrical cables and wiring,Medium,https://archive.org/details/gov.in.is.10810.12.1984,IS 10810,True,replacement not stated in source
IS 10810 (Part 13),"Methods of test for cables, Part 13: Ozone resistance test",1984,Current,UNKNOWN,,Electrical cables and wiring,Medium,https://archive.org/details/gov.in.is.10810.13.1984,IS 10810,True,replacement not stated in source
IS 10810 (Part 14),"Methods of test for cables, Part 14: Heat shock test",1984,Current,UNKNOWN,,Electrical cables and wiring,Medium,https://archive.org/details/gov.in.is.10810.14.1984,IS 10810,True,replacement not stated in source
IS 10810 (Part 15),"Methods of test for cables, Part 15: Hot deformation test",1984,Current,UNKNOWN,,Electrical cables and wiring,Medium,https://archive.org/details/gov.in.is.10810.15.1984,IS 10810,True,replacement not stated in source
IS 10810 (Part 16),"Methods of test for cables, Part 16: Accelerated ageing test by oxygen pressure method",1986,Current,UNKNOWN,,Electrical cables and wiring,Medium,https://archive.org/details/gov.in.is.10810.16.1986,IS 10810,True,replacement not stated in source
IS 10810 (Part 17),"Methods of test for cables, Part 17: Tear resistance test for heavy duty sheath",1986,Current,UNKNOWN,,Electrical cables and wiring,Medium,https://archive.org/details/gov.in.is.10810.17.1986,IS 10810,True,replacement not stated in source
IS 10810 (Part 19),"Methods of test for cables, Part 19: Bleeding and blooming test",1984,Current,UNKNOWN,,Electrical cables and wiring,Medium,https://archive.org/details/gov.in.is.10810.19.1984,IS 10810,True,replacement not stated in source
IS 10810 (Part 20),"Methods of test for cables, Part 20: Cold bend test",1984,Current,UNKNOWN,,Electrical cables and wiring,Medium,https://archive.org/details/gov.in.is.10810.20.1984,IS 10810,True,replacement not stated in source
IS 10810 (Part 21),"Methods of test for cables, Part 21: Cold impact test",1984,Current,UNKNOWN,,Electrical cables and wiring,Medium,https://archive.org/details/gov.in.is.10810.21.1984,IS 10810,True,replacement not stated in source
IS 10810 (Part 22),"Methods of test for cables, Part 22: Vicat softening point",1984,Current,UNKNOWN,,Electrical cables and wiring,Medium,https://archive.org/details/gov.in.is.10810.22.1984,IS 10810,True,replacement not stated in source
IS 10810 (Part 23),"Methods of test for cables, Part 23: Melt-flow index",1984,Current,UNKNOWN,,Electrical cables and wiring,Medium,https://archive.org/details/gov.in.is.10810.23.1984,IS 10810,True,replacement not stated in source
IS 10810 (Part 24),"Methods of test for cables, Part 24: Water soluble impurities test of insulating paper",1984,Current,UNKNOWN,,Electrical cables and wiring,Medium,https://archive.org/details/gov.in.is.10810.24.1984,IS 10810,True,replacement not stated in source
IS 10810 (Part 25),"Methods of test for cables, Part 25: Conductivity of water extract test of insulating paper",1984,Current,UNKNOWN,,Electrical cables and wiring,Medium,https://archive.org/details/gov.in.is.10810.25.1984,IS 10810,True,replacement not stated in source
IS 10810 (Part 26),"Methods of test for cables, Part 26: pH value of water extract test of insulating paper",1984,Current,UNKNOWN,,Electrical cables and wiring,Medium,https://archive.org/details/gov.in.is.10810.26.1984,IS 10810,True,replacement not stated in source
IS 10810 (Part 27),"Methods of test for cables, Part 27: Ash content test of insulating paper",1984,Current,UNKNOWN,,Electrical cables and wiring,Medium,https://archive.org/details/gov.in.is.10810.27.1984,IS 10810,True,replacement not stated in source
IS 10810 (Part 28),"Methods of test for cables, Part 28: Water absorption test (electrical)",1984,Current,UNKNOWN,,Electrical cables and wiring,Medium,https://archive.org/details/gov.in.is.10810.28.1984,IS 10810,True,replacement not stated in source
IS 10810 (Part 29),"Methods of test for cables, Part 29: Environmental stress cracking test",1984,Current,UNKNOWN,,Electrical cables and wiring,Medium,https://archive.org/details/gov.in.is.10810.29.1984,IS 10810,True,replacement not stated in source
IS 10810 (Part 30),"Methods of test for cables, Part 30: Hot set test",1984,Current,UNKNOWN,,Electrical cables and wiring,Medium,https://archive.org/details/gov.in.is.10810.30.1984,IS 10810,True,replacement not stated in source
IS 10810 (Part 31),"Methods of test for cables, Part 31: Oil resistance test",1984,Current,UNKNOWN,,Electrical cables and wiring,Medium,https://archive.org/details/gov.in.is.10810.31.1984,IS 10810,True,replacement not stated in source
IS 10810 (Part 32),"Methods of test for cables, Part 32: Carbon content test for polyethylene",1984,Current,UNKNOWN,,Electrical cables and wiring,Medium,https://archive.org/details/gov.in.is.10810.32.1984,IS 10810,True,replacement not stated in source
IS 10810 (Part 33),"Methods of test for cables, Part 33: Water absorption test (gravimetric)",1984,Current,UNKNOWN,,Electrical cables and wiring,Medium,https://archive.org/details/gov.in.is.10810.33.1984,IS 10810,True,replacement not stated in source
IS 10810 (Part 34),"Methods of test for cables, Part 34: Measurement of thickness of metallic sheath",1984,Current,UNKNOWN,,Electrical cables and wiring,Medium,https://archive.org/details/gov.in.is.10810.34.1984,IS 10810,True,replacement not stated in source
IS 10810 (Part 35),"Methods of test for cables, Part 35: Determination of tin in lead alloy for sheathing",1984,Current,UNKNOWN,,Electrical cables and wiring,Medium,https://archive.org/details/gov.in.is.10810.35.1984,IS 10810,True,replacement not stated in source
IS 10810 (Part 36),"Methods of test for cables, Part 36: Dimensions of armouring material",1984,Current,UNKNOWN,,Electrical cables and wiring,Medium,https://archive.org/details/gov.in.is.10810.36.1984,IS 10810,True,replacement not stated in source
IS 10810 (Part 37),"Methods of test for cables, Part 37: Tensile strength and elongation at break of armouring materials",1984,Current,UNKNOWN,,Electrical cables and wiring,Medium,https://archive.org/details/gov.in.is.10810.37.1984,IS 10810,True,replacement not stated in source
IS 10810 (Part 38),"Methods of test for cables, Part 38: Torsion test on galvanized steel wires for armouring",1984,Current,UNKNOWN,,Electrical cables and wiring,Medium,https://archive.org/details/gov.in.is.10810.38.1984,IS 10810,True,replacement not stated in source
IS 10810 (Part 39),"Methods of test for cables, Part 39: Winding test on galvanized steel strips for armouring",1984,Current,UNKNOWN,,Electrical cables and wiring,Medium,https://archive.org/details/gov.in.is.10810.39.1984,IS 10810,True,replacement not stated in source
IS 10810 (Part 40),"Methods of test for cables, Part 40: Uniformity of zinc coating on steel armour",1984,Current,UNKNOWN,,Electrical cables and wiring,Medium,https://archive.org/details/gov.in.is.10810.40.1984,IS 10810,True,replacement not stated in source
IS 10810 (Part 41),"Methods of test for cables, Part 41: Mass of zinc coating on steel armour",1984,Current,UNKNOWN,,Electrical cables and wiring,Medium,https://archive.org/details/gov.in.is.10810.41.1984,IS 10810,True,replacement not stated in source
IS 10810 (Part 42),"Methods of test for cables, Part 42: Resistivity test of armour wires and strips and conductance test of armour (wires/strips)",1984,Current,UNKNOWN,,Electrical cables and wiring,Medium,https://archive.org/details/gov.in.is.10810.42.1984,IS 10810,True,replacement not stated in source
IS 10810 (Part 43),"Methods of test for cables, Part 43: Insulation resistance",1984,Current,UNKNOWN,,Electrical cables and wiring,Medium,https://archive.org/details/gov.in.is.10810.43.1984,IS 10810,True,replacement not stated in source
IS 10810 (Part 44),"Methods of test for cables, Part 44: Spark test",1984,Current,UNKNOWN,,Electrical cables and wiring,Medium,https://archive.org/details/gov.in.is.10810.44.1984,IS 10810,True,replacement not stated in source
IS 10810 (Part 45),"Methods of test for cables, Part 45: High voltage test",1984,Current,UNKNOWN,,Electrical cables and wiring,Medium,https://archive.org/details/gov.in.is.10810.45.1984,IS 10810,True,replacement not stated in source
IS 10810 (Part 46),"Methods of test for cables, Part 46: Partial discharge test",1984,Current,UNKNOWN,,Electrical cables and wiring,Medium,https://archive.org/details/gov.in.is.10810.46.1984,IS 10810,True,replacement not stated in source
IS 10810 (Part 47),"Methods of test for cables, Part 47: Impulse test",1984,Current,UNKNOWN,,Electrical cables and wiring,Medium,https://archive.org/details/gov.in.is.10810.47.1984,IS 10810,True,replacement not stated in source
IS 10810 (Part 48),"Methods of test for cables, Part 48: Dielectric power factor test",1984,Current,UNKNOWN,,Electrical cables and wiring,Medium,https://archive.org/details/gov.in.is.10810.48.1984,IS 10810,True,replacement not stated in source
IS 10810 (Part 49),"Methods of test for cables, Part 49: Heating cycle test",1984,Current,UNKNOWN,,Electrical cables and wiring,Medium,https://archive.org/details/gov.in.is.10810.49.1984,IS 10810,True,replacement not stated in source
IS 10810 (Part 50),"Methods of test for cables, Part 50: Bending test",1984,Current,UNKNOWN,,Electrical cables and wiring,Medium,https://archive.org/details/gov.in.is.10810.50.1984,IS 10810,True,replacement not stated in source
IS 10810 (Part 51),"Methods of test for cables, Part 51: Dripping test",1984,Current,UNKNOWN,,Electrical cables and wiring,Medium,https://archive.org/details/gov.in.is.10810.51.1984,IS 10810,True,replacement not stated in source
IS 10810 (Part 52),"Methods of test for cables, Part 52: Drainage test",1984,Current,UNKNOWN,,Electrical cables and wiring,Medium,https://archive.org/details/gov.in.is.10810.52.1984,IS 10810,True,replacement not stated in source
IS 10810 (Part 53),"Methods of test for cables, Part 53: Flammability test",1984,Current,UNKNOWN,,Electrical cables and wiring,Medium,https://archive.org/details/gov.in.is.10810.53.1984,IS 10810,True,replacement not stated in source
IS 10810 (Part 54),"Methods of test for cables, Part 54: Static flexibility test",1984,Current,UNKNOWN,,Electrical cables and wiring,Medium,https://archive.org/details/gov.in.is.10810.54.1984,IS 10810,True,replacement not stated in source
IS 10810 (Part 55),"Methods of test for cables, Part 55: Abrasion test",1986,Current,UNKNOWN,,Electrical cables and wiring,Medium,https://archive.org/details/gov.in.is.10810.55.1986,IS 10810,True,replacement not stated in source
IS 10810 (Part 56),"Methods of test for cables, Part 56: Accelerated ageing by the air-pressure method",1987,Current,UNKNOWN,,Electrical cables and wiring,Medium,https://archive.org/details/gov.in.is.10810.56.1987,IS 10810,True,replacement not stated in source
IS 10810 (Part 57),"Methods of test for cables, Part 57: Flexing test",1987,Current,UNKNOWN,,Electrical cables and wiring,Medium,https://archive.org/details/gov.in.is.10810.57.1987,IS 10810,True,replacement not stated in source
IS 10810 (Part 58),"Methods of test for cables, Part 58: Oxygen index test",1998,Current,UNKNOWN,,Electrical cables and wiring,Medium,https://archive.org/details/gov.in.is.10810.58.1998,IS 10810,True,replacement not stated in source
IS 10810 (Part 59),"Methods of test for cables, Part 59: Determination of the amount of halogen acid gas evolved during combustion of polymeric materials taken from cables",1988,Current,UNKNOWN,,Electrical cables and wiring,Medium,https://archive.org/details/gov.in.is.10810.59.1988,IS 10810,True,replacement not stated in source
IS 10810 (Part 60),"Methods of test for cables, Part 60: Thermal stability of PVC insulation and sheath",1988,Current,UNKNOWN,,Electrical cables and wiring,Medium,https://archive.org/details/gov.in.is.10810.60.1988,IS 10810,True,replacement not stated in source
IS 10810 (Part 61),"Methods of test for cables, Part 61: Flame retardant test",1988,Current,UNKNOWN,,Electrical cables and wiring,Medium,https://archive.org/details/gov.in.is.10810.61.1988,IS 10810,True,replacement not stated in source
IS 10810 (Part 62),"Methods of test for cables, Part 62: Fire resistance test for bunched cables",1993,Current,UNKNOWN,,Electrical cables and wiring,Medium,https://archive.org/details/gov.in.is.10810.62.1993,IS 10810,True,replacement not stated in source
IS 10810 (Part 63),"Methods of test for cables, Part 63: Smoke density of electric cables under fire conditions",1993,Current,UNKNOWN,,Electrical cables and wiring,Medium,https://archive.org/details/gov.in.is.10810.63.1993,IS 10810,True,replacement not stated in source
IS 10810 (Part 64),"Methods of test for cables, Part 64: Measurement of temperature index",2003,Current,UNKNOWN,,Electrical cables and wiring,Medium,https://archive.org/details/gov.in.is.10810.64.2003,IS 10810,True,replacement not stated in source
IS 10877,Dimensions for moulds for cast resin based indoor terminations for cables for working voltages from 3.3 kV up to and including 11 kV,1984,Current,UNKNOWN,,Electrical cables and wiring,Medium,https://archive.org/details/gov.in.is.10877.1984,IS 10877,True,replacement not stated in source
IS 11979,Moulds for cast resin based straight through joints for cables for working voltages from 3.3 kV up to and including 11 kV,1987,Current,UNKNOWN,,Electrical cables and wiring,Medium,https://archive.org/details/gov.in.is.11979.1987,IS 11979,True,replacement not stated in source
IS 12943,Brass glands for PVC cables,1990,Current,UNKNOWN,,Electrical cables and wiring,Medium,https://archive.org/details/gov.in.is.12943.1990,IS 12943,True,replacement not stated in source
IS 13573 (Part 1),"Cable accessories for extruded power cables, Part 1: For working voltages from 1.1 kV up to and including 3.3 kV (E) - Test methods and test requirements",2011,Current,UNKNOWN,,Electrical cables and wiring,High,https://archive.org/details/gov.in.is.13573.1.2011,IS 13573,True,replacement not stated in source
IS 13573 (Part 2),"Cable accessories for extruded power cables, Part 2: For working voltages from 3.3 kV (UE) up to and including 33 kV (E) - Test requirements",2011,Current,UNKNOWN,,Electrical cables and wiring,High,https://archive.org/details/gov.in.is.13573.2.2011,IS 13573,True,replacement not stated in source
IS 13573 (Part 3),"Cable accessories for extruded power cables, Part 3: For working voltages from 3.3 kV (UE) up to and including 33 kV (E) - Test methods",2011,Current,UNKNOWN,,Electrical cables and wiring,High,https://archive.org/details/gov.in.is.13573.3.2011,IS 13573,True,replacement not stated in source
IS 13705,Transition joints of cables for working voltages from 11 kV up to and including 33 kV - Performance requirements and type tests,1993,Current,UNKNOWN,,Electrical cables and wiring,Medium,https://archive.org/details/gov.in.is.13705.1993,IS 13705,True,replacement not stated in source
IS 14255,Aerial bunched cables for working voltages up to and including 1 100 V - Specification,1995,Current,UNKNOWN,,Electrical cables and wiring,High,https://archive.org/details/gov.in.is.14255.1995,IS 14255,True,replacement not stated in source
IS 14494,Elastomer insulated flexible cables for use in mines (combined revision of IS 691 and IS 1026),1998,Current,UNKNOWN,IS 691; IS 1026,Electrical cables and wiring,Medium,https://archive.org/details/gov.in.is.14494.1998,IS 14494,True,replacement not stated in source
IS 1944 (Parts 1 and 2),"Code of practice for lighting of public thoroughfares, Parts 1 and 2: For main and secondary roads (Groups A and B)",1970,Current,UNKNOWN,,LED lighting,Medium,https://archive.org/details/gov.in.is.1944.1-2.1970,IS 1944,True,replacement not stated in source
IS 1944 (Part 5),"Code of practice for lighting of public thoroughfares, Part 5: Lighting for grade separated junctions, bridges and elevated roads (Group D)",1981,Current,UNKNOWN,,LED lighting,Medium,https://archive.org/details/gov.in.is.1944.5.1981,IS 1944,True,replacement not stated in source
IS 1944 (Part 6),"Code of practice for lighting of public thoroughfares, Part 6: Lighting for towns and city centres and areas of civic importance (Group E)",1981,Current,UNKNOWN,,LED lighting,Medium,https://archive.org/details/gov.in.is.1944.6.1981,IS 1944,True,replacement not stated in source
IS 1944 (Part 7),"Code of practice for lighting of public thoroughfares, Part 7: Lighting for roads with special requirements (Group F)",1981,Current,UNKNOWN,,LED lighting,Medium,https://archive.org/details/gov.in.is.1944.7.1981,IS 1944,True,replacement not stated in source
IS 2206 (Part 1),"Flameproof electric lighting fittings, Part 1: Well-glass and bulkhead types",1984,Current,UNKNOWN,,LED lighting,Medium,https://archive.org/details/gov.in.is.2206.1.1984,IS 2206,True,replacement not stated in source
IS 2206 (Part 3),"Flameproof electric lighting fittings, Part 3: Fittings using fluorescent lamps and plastic covers",1989,Current,UNKNOWN,,LED lighting,Medium,https://archive.org/details/gov.in.is.2206.3.1989,IS 2206,True,replacement not stated in source
IS 2672,Code of practice for library lighting,1966,Current,UNKNOWN,,LED lighting,Medium,https://archive.org/details/gov.in.is.2672.1966,IS 2672,True,replacement not stated in source
IS 3528,Waterproof electric lighting fittings,1966,Current,UNKNOWN,,LED lighting,Medium,https://archive.org/details/gov.in.is.3528.1966,IS 3528,True,replacement not stated in source
IS 3553,Watertight electric lighting fittings,1966,Current,UNKNOWN,,LED lighting,Medium,https://archive.org/details/gov.in.is.3553.1966,IS 3553,True,replacement not stated in source
IS 3646 (Part 1),"Code of practice for interior illumination, Part 1: General requirements and recommendations for working interiors",1992,Current,UNKNOWN,,LED lighting,Medium,https://archive.org/details/gov.in.is.3646.1.1992,IS 3646,True,replacement not stated in source
IS 3646 (Part 2),"Code of practice for interior illumination, Part 2: Schedule of illumination and glare index",1966,Current,UNKNOWN,,LED lighting,Medium,https://archive.org/details/gov.in.is.3646.2.1966,IS 3646,True,replacement not stated in source
IS 3646 (Part 3),"Code of practice for interior illumination, Part 3: Calculation of coefficients of utilization by the BZ method",1968,Current,UNKNOWN,,LED lighting,Medium,https://archive.org/details/gov.in.is.3646.3.1968,IS 3646,True,replacement not stated in source
IS 4347,Code of practice for hospital lighting,1967,Current,UNKNOWN,,LED lighting,Medium,https://archive.org/details/gov.in.is.4347.1967,IS 4347,True,replacement not stated in source
IS 5077,Decorative lighting outfits,1969,Current,UNKNOWN,,LED lighting,Medium,https://archive.org/details/gov.in.is.5077.1969,IS 5077,True,replacement not stated in source
IS 6665,Code of practice for industrial lighting,1972,Current,UNKNOWN,,LED lighting,Medium,https://archive.org/details/gov.in.is.6665.1972,IS 6665,True,replacement not stated in source
IS 7537,Road traffic signals,1974,Current,UNKNOWN,,LED lighting,Medium,https://archive.org/details/gov.in.is.7537.1974,IS 7537,True,replacement not stated in source
IS 7569,Cast acrylic sheets for use in luminaires,1987,Current,UNKNOWN,,LED lighting,Medium,https://archive.org/details/gov.in.is.7569.1987,IS 7569,True,replacement not stated in source
IS 7678,Method of photometric testing of incandescent type luminaires for general lighting service,1975,Current,UNKNOWN,,LED lighting,Medium,https://archive.org/details/gov.in.is.7678.1975,IS 7678,True,replacement not stated in source
IS 7785 (Part 1),"Elevated type aerodrome lighting fittings, Part 1: General requirements",1975,Current,UNKNOWN,,LED lighting,Low,https://archive.org/details/gov.in.is.7785.1.1975,IS 7785,True,replacement not stated in source
IS 7785 (Part 2),"Elevated type aerodrome lighting fittings, Part 2: Fixed focus high intensity bi-directional runway edge lighting fittings",1976,Current,UNKNOWN,,LED lighting,Low,https://archive.org/details/gov.in.is.7785.2.1976,IS 7785,True,replacement not stated in source
IS 7785 (Part 3),"Elevated type aerodrome lighting fittings, Part 3: Low intensity runway edge lighting fittings",1976,Current,UNKNOWN,,LED lighting,Low,https://archive.org/details/gov.in.is.7785.3.1976,IS 7785,True,replacement not stated in source
IS 7785 (Part 4/Sec 1),"Elevated type aerodrome lighting fittings, Part 4: Angle of approach lights, Section 1: Visual approach slope indicators",1981,Current,UNKNOWN,,LED lighting,Low,https://archive.org/details/gov.in.is.7785.4.1.1981,IS 7785,True,replacement not stated in source
IS 7785 (Part 5/Sec 1),"Elevated type aerodrome lighting fittings, Part 5: Approach lighting fittings, Section 1: High intensity elevated approach lighting fittings",1981,Current,UNKNOWN,,LED lighting,Low,https://archive.org/details/gov.in.is.7785.5.1.1981,IS 7785,True,replacement not stated in source
IS 7785 (Part 6/Sec 1),"Elevated type aerodrome lighting fittings, Part 6: Taxiway lights, Section 1: Low intensity omni-directional elevated taxiway lighting fittings",1981,Current,UNKNOWN,,LED lighting,Low,https://archive.org/details/gov.in.is.7785.6.1.1981,IS 7785,True,replacement not stated in source
IS 8030,Luminaires for hospitals,1976,Current,UNKNOWN,,LED lighting,Medium,https://archive.org/details/gov.in.is.8030.1976,IS 8030,True,replacement not stated in source
IS 9583,Emergency lighting units,1981,Current,UNKNOWN,,LED lighting,Medium,https://archive.org/details/gov.in.is.9583.1981,IS 9583,True,replacement not stated in source
IS 10322 (Part 1),"Luminaires, Part 1: General requirements",1982,Current,UNKNOWN,,LED lighting,High,https://archive.org/details/gov.in.is.10322.1.1982,IS 10322,True,replacement not stated in source
IS 10322 (Part 2),"Luminaires, Part 2: Constructional requirements",1982,Current,UNKNOWN,,LED lighting,High,https://archive.org/details/gov.in.is.10322.2.1982,IS 10322,True,replacement not stated in source
IS 10322 (Part 3),"Luminaires, Part 3: Screw and screwless terminals",1984,Current,UNKNOWN,IS 6585,LED lighting,High,https://archive.org/details/gov.in.is.10322.3.1984,IS 10322,True,replacement not stated in source
IS 10322 (Part 4),"Luminaires, Part 4: Methods of tests",1984,Current,UNKNOWN,,LED lighting,Medium,https://archive.org/details/gov.in.is.10322.4.1984,IS 10322,True,replacement not stated in source
IS 10322 (Part 5/Sec 1),"Luminaires, Part 5: Particular requirements, Section 1: General purpose luminaires",2012,Current,UNKNOWN,,LED lighting,High,https://archive.org/details/gov.in.is.10322.5.1.2012,IS 10322,True,replacement not stated in source
IS 10322 (Part 5/Sec 2),"Luminaires, Part 5: Particular requirements, Section 2: Recessed luminaires",2012,Current,UNKNOWN,,LED lighting,High,https://archive.org/details/gov.in.is.10322.5.2.2012,IS 10322,True,replacement not stated in source
IS 10322 (Part 5/Sec 3),"Luminaires, Part 5: Particular requirements, Section 3: Luminaires for road and street lighting",2012,Current,UNKNOWN,,LED lighting,High,https://archive.org/details/gov.in.is.10322.5.3.2012,IS 10322,True,replacement not stated in source
IS 10322 (Part 5/Sec 4),"Luminaires, Part 5: Particular requirements, Section 4: Portable general purpose luminaires",1987,Current,UNKNOWN,,LED lighting,High,https://archive.org/details/gov.in.is.10322.5.4.1987,IS 10322,True,replacement not stated in source
IS 10322 (Part 5/Sec 5),"Luminaires, Part 5: Particular requirements, Section 5: Flood lights",1987,Current,UNKNOWN,IS 1947,LED lighting,High,https://archive.org/details/gov.in.is.10322.5.5.1987,IS 10322,True,replacement not stated in source
IS 10894,Code of practice for lighting of educational institutions,1984,Current,UNKNOWN,,LED lighting,Medium,https://archive.org/details/gov.in.is.10894.1984,IS 10894,True,replacement not stated in source
IS 10947,Code of practice for lighting for ports and harbours,1984,Current,UNKNOWN,,LED lighting,Medium,https://archive.org/details/gov.in.is.10947.1984,IS 10947,True,replacement not stated in source
IS 11071 (Part 1),"Inset type aerodrome lighting fittings, Part 1: General requirements and tests",1984,Current,UNKNOWN,,LED lighting,Low,https://archive.org/details/gov.in.is.11071.1.1984,IS 11071,True,replacement not stated in source
IS 11071 (Part 2),"Inset type aerodrome lighting fittings, Part 2: Runway centre line lighting fittings",1984,Current,UNKNOWN,,LED lighting,Low,https://archive.org/details/gov.in.is.11071.2.1984,IS 11071,True,replacement not stated in source
IS 11071 (Part 3),"Inset type aerodrome lighting fittings, Part 3: Approach lighting fittings",1984,Current,UNKNOWN,,LED lighting,Low,https://archive.org/details/gov.in.is.11071.3.1984,IS 11071,True,replacement not stated in source
IS 11071 (Part 4),"Inset type aerodrome lighting fittings, Part 4: Touchdown zone lighting fittings",1984,Current,UNKNOWN,,LED lighting,Low,https://archive.org/details/gov.in.is.11071.4.1984,IS 11071,True,replacement not stated in source
IS 11116,Code of practice for lighting for airport aprons,1984,Current,UNKNOWN,,LED lighting,Medium,https://archive.org/details/gov.in.is.11116.1984,IS 11116,True,replacement not stated in source
IS 11472 (Part 1),"Artificial daylight for the assessment of colours, Part 1: Illuminant for colour matching and colour appraisal",1985,Current,UNKNOWN,,LED lighting,Medium,https://archive.org/details/gov.in.is.11472.1.1985,IS 11472,True,replacement not stated in source
IS 11472 (Part 2),"Artificial daylight for the assessment of colour, Part 2: Viewing conditions for graphic arts industry",1985,Current,UNKNOWN,,LED lighting,Medium,https://archive.org/details/gov.in.is.11472.2.1985,IS 11472,True,replacement not stated in source
IS 12290,Isolating transformers for airport lighting,1987,Current,UNKNOWN,,LED lighting,Medium,https://archive.org/details/gov.in.is.12290.1987,IS 12290,True,replacement not stated in source
IS 12291,Constant current regulators for airport lighting systems,1987,Current,UNKNOWN,,LED lighting,Medium,https://archive.org/details/gov.in.is.12291.1987,IS 12291,True,replacement not stated in source
IS 12309 (Part 1),"Code of practice for installation and maintenance of aerodrome lighting fittings, Part 1: Installation",1988,Current,UNKNOWN,,LED lighting,Low,https://archive.org/details/gov.in.is.12309.1.1988,IS 12309,True,replacement not stated in source
IS 12309 (Part 2),"Code of practice for installation and maintenance of aerodrome lighting fittings, Part 2: Maintenance",1988,Current,UNKNOWN,,LED lighting,Low,https://archive.org/details/gov.in.is.12309.2.1988,IS 12309,True,replacement not stated in source
IS 13383 (Part 1),"Methods of photometry of luminaires, Part 1: For use in interior lighting",1992,Current,UNKNOWN,,LED lighting,Medium,https://archive.org/details/gov.in.is.13383.1.1992,IS 13383,True,replacement not stated in source
IS 13383 (Part 2),"Methods of photometry of luminaires, Part 2: For road and street lighting",1992,Current,UNKNOWN,,LED lighting,Medium,https://archive.org/details/gov.in.is.13383.2.1992,IS 13383,True,replacement not stated in source
IS 13383 (Part 3),"Photometry of luminaires - Methods of measurement, Part 3: For floodlighting",1992,Current,UNKNOWN,,LED lighting,Medium,https://archive.org/details/gov.in.is.13383.3.1992,IS 13383,True,replacement not stated in source
IS 16107 (Part 1),"Luminaires performance, Part 1: General requirements",2012,Current,UNKNOWN,,LED lighting,High,https://archive.org/details/gov.in.is.16107.1.2012,IS 16107,True,replacement not stated in source
IS 16107 (Part 2/Sec 1),"Luminaires performance, Part 2: Particular requirements, Section 1: LED luminaire",2012,Current,UNKNOWN,,LED lighting,High,https://archive.org/details/gov.in.is.16107.2.1.2012,IS 16107,True,replacement not stated in source
SP 72,National Lighting Code,2010,Current,UNKNOWN,,LED lighting,High,https://archive.org/details/gov.in.is.sp.72.2010,SP 72,False,replacement not stated in source
IS 418,Tungsten filament lamps for domestic and similar general lighting purposes,2004,Current,UNKNOWN,,LED lighting,Medium,https://archive.org/details/gov.in.is.418.2004,IS 418,True,replacement not stated in source
IS 897,Tungsten filament electric lamps for railway rolling stock,1982,Current,UNKNOWN,,LED lighting,Low,https://archive.org/details/gov.in.is.897.1982,IS 897,True,replacement not stated in source
IS 1258,Bayonet lamp holders,2005,Current,UNKNOWN,,LED lighting,Medium,https://archive.org/details/gov.in.is.1258.2005,IS 1258,True,replacement not stated in source
IS 1534 (Part 1),"Ballasts for fluorescent lamps, Part 1: For switch start circuits",1977,Current,UNKNOWN,,LED lighting,Medium,https://archive.org/details/gov.in.is.1534.1.1977,IS 1534,True,replacement not stated in source
IS 1569,"Capacitors for use in tubular fluorescent, high pressure mercury and low pressure sodium vapour discharge lamp circuits",1976,Current,UNKNOWN,,LED lighting,Medium,https://archive.org/details/gov.in.is.1569.1976,IS 1569,True,replacement not stated in source
IS 1901,Visual indicator lamps,1978,Current,UNKNOWN,,LED lighting,Medium,https://archive.org/details/gov.in.is.1901.1978,IS 1901,True,replacement not stated in source
IS 2215,Starters for fluorescent lamps,2006,Current,UNKNOWN,,LED lighting,Medium,https://archive.org/details/gov.in.is.2215.2006,IS 2215,True,replacement not stated in source
IS 2261,Lamps for flashlights,1975,Current,UNKNOWN,,LED lighting,Low,https://archive.org/details/gov.in.is.2261.1975,IS 2261,True,replacement not stated in source
IS 2262,Transformers for high voltage luminous discharge tubes,1963,Current,UNKNOWN,,LED lighting,Medium,https://archive.org/details/gov.in.is.2262.1963,IS 2262,True,replacement not stated in source
IS 2407,Photometric integrators,1963,Current,UNKNOWN,,LED lighting,Medium,https://archive.org/details/gov.in.is.2407.1963,IS 2407,True,replacement not stated in source
IS 2418 (Part 1),"Tubular fluorescent lamps for general lighting service, Part 1: Requirements and tests",1977,Current,UNKNOWN,,LED lighting,Medium,https://archive.org/details/gov.in.is.2418.1.1977,IS 2418,True,replacement not stated in source
IS 2418 (Part 2),"Tubular fluorescent lamps for general lighting service, Part 2: Standard lamp data sheets",1977,Current,UNKNOWN,,LED lighting,Medium,https://archive.org/details/gov.in.is.2418.2.1977,IS 2418,True,replacement not stated in source
IS 2418 (Part 3),"Tubular fluorescent lamps for general lighting service, Part 3: Dimensions of G-5 and G-13 bi-pin caps",1977,Current,UNKNOWN,,LED lighting,Medium,https://archive.org/details/gov.in.is.2418.3.1977,IS 2418,True,replacement not stated in source
IS 2418 (Part 4),"Tubular fluorescent lamps for general lighting service, Part 4: Go and no-go gauges for G-5 and G-13 bi-pin caps",1977,Current,UNKNOWN,,LED lighting,Medium,https://archive.org/details/gov.in.is.2418.4.1977,IS 2418,True,replacement not stated in source
IS 2592,Lamps for lighting on board ships,1980,Current,UNKNOWN,,LED lighting,Low,https://archive.org/details/gov.in.is.2592.1980,IS 2592,True,replacement not stated in source
IS 2596,Bulbs (lamps) for miners' cap-lamps,2004,Current,UNKNOWN,,LED lighting,Low,https://archive.org/details/gov.in.is.2596.2004,IS 2596,True,replacement not stated in source
IS 6616,Ballasts for high pressure mercury vapour lamps,1982,Current,UNKNOWN,,LED lighting,Medium,https://archive.org/details/gov.in.is.6616.1982,IS 6616,True,replacement not stated in source
IS 6701,Tungsten filament miscellaneous electric lamps,1985,Current,UNKNOWN,,LED lighting,Medium,https://archive.org/details/gov.in.is.6701.1985,IS 6701,True,replacement not stated in source
IS 7013,Radio dial lamps,1981,Current,UNKNOWN,,LED lighting,Low,https://archive.org/details/gov.in.is.7013.1981,IS 7013,True,replacement not stated in source
IS 7027,Transistorized ballasts for fluorescent lamps,1984,Current,UNKNOWN,,LED lighting,Medium,https://archive.org/details/gov.in.is.7027.1984,IS 7027,True,replacement not stated in source
IS 8685,Aircraft lamps,1977,Current,UNKNOWN,,LED lighting,Low,https://archive.org/details/gov.in.is.8685.1977,IS 8685,True,replacement not stated in source
IS 8901,Lamps for aerodrome lighting fittings,1978,Current,UNKNOWN,,LED lighting,Low,https://archive.org/details/gov.in.is.8901.1978,IS 8901,True,replacement not stated in source
IS 8913,Methods of measurement of lamp cap temperature rise,1978,Current,UNKNOWN,,LED lighting,Medium,https://archive.org/details/gov.in.is.8913.1978,IS 8913,True,replacement not stated in source
IS 9206,Dimensions of caps for tungsten filament general service electric lamps,1979,Current,UNKNOWN,,LED lighting,Medium,https://archive.org/details/gov.in.is.9206.1979,IS 9206,True,replacement not stated in source
IS 9589,Electric lamps for railway signalling,1980,Current,UNKNOWN,,LED lighting,Low,https://archive.org/details/gov.in.is.9589.1980,IS 9589,True,replacement not stated in source
IS 9900 (Part 1),"High pressure mercury vapour lamps, Part 1: Requirements and tests",1981,Current,UNKNOWN,IS 2183; IS 7023,LED lighting,Medium,https://archive.org/details/gov.in.is.9900.1.1981,IS 9900,True,replacement not stated in source
IS 9900 (Part 2),"High pressure mercury vapour lamps, Part 2: Standard lamp data sheets",1981,Current,UNKNOWN,IS 2183; IS 7023,LED lighting,Medium,https://archive.org/details/gov.in.is.9900.2.1981,IS 9900,True,replacement not stated in source
IS 9900 (Part 3),"High pressure mercury vapour lamps, Part 3: Dimensions of lamp caps",1981,Current,UNKNOWN,IS 2183; IS 7023,LED lighting,Medium,https://archive.org/details/gov.in.is.9900.3.1981,IS 9900,True,replacement not stated in source
IS 9900 (Part 4),"High pressure mercury vapour lamps, Part 4: Go and no-go gauges of lamp caps",1981,Current,UNKNOWN,IS 2183; IS 7023,LED lighting,Medium,https://archive.org/details/gov.in.is.9900.4.1981,IS 9900,True,replacement not stated in source
IS 9974 (Part 1),"High pressure sodium vapour lamps, Part 1: General requirements and tests",1981,Current,UNKNOWN,,LED lighting,Medium,https://archive.org/details/gov.in.is.9974.1.1981,IS 9974,True,replacement not stated in source
IS 9974 (Part 2),"High pressure sodium vapour lamps, Part 2: Standard lamp data sheets",1981,Current,UNKNOWN,,LED lighting,Medium,https://archive.org/details/gov.in.is.9974.2.1981,IS 9974,True,replacement not stated in source
IS 10276 (Part 1),"Edison screw lampholders, Part 1: Requirements and tests",1982,Current,UNKNOWN,,LED lighting,Medium,https://archive.org/details/gov.in.is.10276.1.1982,IS 10276,True,replacement not stated in source
IS 10276 (Part 2),"Edison screw lampholders, Part 2: Standard data sheets for lampholders and gauges",1982,Current,UNKNOWN,,LED lighting,Medium,https://archive.org/details/gov.in.is.10276.2.1982,IS 10276,True,replacement not stated in source
IS 11980,Lamp (bulb) cycle dynamo,1987,Current,UNKNOWN,,LED lighting,Low,https://archive.org/details/gov.in.is.11980.1987,IS 11980,True,replacement not stated in source
IS 12449 (Part 1),"Starting devices (other than glow starters), Part 1: General and safety requirements",1988,Current,UNKNOWN,,LED lighting,Medium,https://archive.org/details/gov.in.is.12449.1.1988,IS 12449,True,replacement not stated in source
IS 12449 (Part 2),"Starting devices (other than glow starters), Part 2: Performance requirements",1988,Current,UNKNOWN,,LED lighting,Medium,https://archive.org/details/gov.in.is.12449.2.1988,IS 12449,True,replacement not stated in source
IS 12897,Filaments for general service lamps - Guide,2001,Current,UNKNOWN,,LED lighting,Medium,https://archive.org/details/gov.in.is.12897.2001,IS 12897,True,replacement not stated in source
IS 12948,Tungsten halogen lamps (non-vehicle),1990,Current,UNKNOWN,,LED lighting,Medium,https://archive.org/details/gov.in.is.12948.1990,IS 12948,True,replacement not stated in source
IS 13021 (Part 1),"AC supplied electronic ballasts for tubular fluorescent lamps, Part 1: General and safety requirements",1991,Current,UNKNOWN,,LED lighting,Medium,https://archive.org/details/gov.in.is.13021.1.1991,IS 13021,True,replacement not stated in source
IS 13021 (Part 2),"AC supplied electronic ballasts for tubular fluorescent lamps, Part 2: Performance requirements",1991,Current,UNKNOWN,,LED lighting,Medium,https://archive.org/details/gov.in.is.13021.2.1991,IS 13021,True,replacement not stated in source
IS 14897,Glass bulb designation system for lamps - Guide,2000,Current,UNKNOWN,,LED lighting,Medium,https://archive.org/details/gov.in.is.14897.2000,IS 14897,True,replacement not stated in source
IS 15111 (Part 1),"Self ballasted lamps for general lighting services, Part 1: Safety requirements",2002,Current,UNKNOWN,,LED lighting,High,https://archive.org/details/gov.in.is.15111.1.2002,IS 15111,True,replacement not stated in source
IS 15111 (Part 2),"Self ballasted lamps for general lighting services, Part 2: Performance requirements",2002,Current,UNKNOWN,,LED lighting,High,https://archive.org/details/gov.in.is.15111.2.2002,IS 15111,True,replacement not stated in source
IS 15518 (Part 1),"Safety requirements for incandescent lamps, Part 1: Tungsten filament lamps for domestic and similar general lighting purposes",2004,Current,UNKNOWN,,LED lighting,Medium,https://archive.org/details/gov.in.is.15518.1.2004,IS 15518,True,replacement not stated in source
IS 15687 (Part 1),"Single-capped fluorescent lamps, Part 1: Safety requirements",2006,Current,UNKNOWN,,LED lighting,Medium,https://archive.org/details/gov.in.is.15687.1.2006,IS 15687,True,replacement not stated in source
IS 15882,Ballasts for discharge lamps (excluding tubular fluorescent lamps) - Performance requirements,2009,Current,UNKNOWN,,LED lighting,Medium,https://archive.org/details/gov.in.is.15882.2009,IS 15882,True,replacement not stated in source
IS 15885 (Part 1),"Safety of lamp controlgear, Part 1: General requirements",2011,Current,UNKNOWN,,LED lighting,High,https://archive.org/details/gov.in.is.15885.1.2011,IS 15885,True,replacement not stated in source
IS 15885 (Part 2/Sec 1),"Safety of lamp controlgear, Part 2: Particular requirements, Section 1: Starting devices (other than glow starters)",2011,Current,UNKNOWN,,LED lighting,High,https://archive.org/details/gov.in.is.15885.2.1.2011,IS 15885,True,replacement not stated in source
IS 15885 (Part 2/Sec 3),"Safety of lamp controlgear, Part 2: Particular requirements, Section 3: AC supplied electronic ballasts for fluorescent lamps",2011,Current,UNKNOWN,,LED lighting,High,https://archive.org/details/gov.in.is.15885.2.3.2011,IS 15885,True,replacement not stated in source
IS 15885 (Part 2/Sec 8),"Safety of lamp controlgear, Part 2: Particular requirements, Section 8: Ballasts for fluorescent lamps",2011,Current,UNKNOWN,,LED lighting,High,https://archive.org/details/gov.in.is.15885.2.8.2011,IS 15885,True,replacement not stated in source
IS 15885 (Part 2/Sec 9),"Safety of lamp controlgear, Part 2: Particular requirements, Section 9: Ballasts for discharge lamps (excluding fluorescent lamps)",2011,Current,UNKNOWN,,LED lighting,High,https://archive.org/details/gov.in.is.15885.2.9.2011,IS 15885,True,replacement not stated in source
IS 15885 (Part 2/Sec 13),"Safety of lamp controlgear, Part 2: Particular requirements, Section 13: DC supplied electronic controlgear for LED modules",2012,Current,UNKNOWN,,LED lighting,High,https://archive.org/details/gov.in.is.15885.2.13.2012,IS 15885,True,replacement not stated in source
IS 15906,Measurement of mercury level in fluorescent lamps,2011,Current,UNKNOWN,,LED lighting,Medium,https://archive.org/details/gov.in.is.15906.2011,IS 15906,True,replacement not stated in source
IS 15967 (Part 1),"Capacitors for use in tubular fluorescent and other discharge lamp circuits, Part 1: Safety requirements",2013,Current,UNKNOWN,,LED lighting,Medium,https://archive.org/details/gov.in.is.15967.1.2013,IS 15967,True,replacement not stated in source
IS 15967 (Part 2),"Capacitors for use in tubular fluorescent and other discharge lamp circuits, Part 2: Performance requirements",2013,Current,UNKNOWN,,LED lighting,Medium,https://archive.org/details/gov.in.is.15967.2.2013,IS 15967,True,replacement not stated in source
IS 15968,Ballasts for tubular fluorescent lamps - Performance requirements,2013,Current,UNKNOWN,,LED lighting,Medium,https://archive.org/details/gov.in.is.15968.2013,IS 15968,True,replacement not stated in source
IS 16101,General lighting - LEDs and LED modules - Terms and definitions,2012,Current,UNKNOWN,,LED lighting,High,https://archive.org/details/gov.in.is.16101.2012,IS 16101,True,replacement not stated in source
IS 16102 (Part 1),"Self-ballasted LED lamps for general lighting services, Part 1: Safety requirements",2012,Current,UNKNOWN,,LED lighting,High,https://archive.org/details/gov.in.is.16102.1.2012,IS 16102,True,replacement not stated in source
IS 16102 (Part 2),"Self-ballasted LED lamps for general lighting services, Part 2: Performance requirements",2012,Current,UNKNOWN,,LED lighting,High,https://archive.org/details/gov.in.is.16102.2.2012,IS 16102,True,replacement not stated in source
IS 16103 (Part 1),"LED modules for general lighting, Part 1: Safety requirements",2012,Current,UNKNOWN,,LED lighting,High,https://archive.org/details/gov.in.is.16103.1.2012,IS 16103,True,replacement not stated in source
IS 16103 (Part 2),"LED modules for general lighting, Part 2: Performance requirements",2012,Current,UNKNOWN,,LED lighting,High,https://archive.org/details/gov.in.is.16103.2.2012,IS 16103,True,replacement not stated in source
IS 16104,DC or AC supplied electronic control gear for LED modules - Performance requirements,2012,Current,UNKNOWN,,LED lighting,High,https://archive.org/details/gov.in.is.16104.2012,IS 16104,True,replacement not stated in source
IS 16105,Method of measurement of lumen maintenance of solid state light (LED) sources,2012,Current,UNKNOWN,,LED lighting,High,https://archive.org/details/gov.in.is.16105.2012,IS 16105,True,replacement not stated in source
IS 16106,Method of electrical and photometric measurements of solid state lighting (LED) products,2012,Current,UNKNOWN,,LED lighting,High,https://archive.org/details/gov.in.is.16106.2012,IS 16106,True,replacement not stated in source
IS 16108,Photobiological safety of lamps and lamp systems,2012,Current,UNKNOWN,,LED lighting,Medium,https://archive.org/details/gov.in.is.16108.2012,IS 16108,True,replacement not stated in source
IS 2309,Code of practice for the protection of buildings and allied structures against lightning,1989,Current,UNKNOWN,,Electrical cables and wiring,High,https://archive.org/details/gov.in.is.2309.1989,IS 2309,True,replacement not stated in source
IS 2551,Danger notice plates,1982,Current,UNKNOWN,,Electrical cables and wiring,Medium,https://archive.org/details/gov.in.is.2551.1982,IS 2551,True,replacement not stated in source
IS 3043,Code of practice for earthing,1987,Current,UNKNOWN,,Electrical cables and wiring,High,https://archive.org/details/gov.in.is.3043.1987,IS 3043,True,replacement not stated in source
IS 4648,Guide for electrical layout in residential buildings,1968,Current,UNKNOWN,,Electrical cables and wiring,Medium,https://archive.org/details/gov.in.is.4648.1968,IS 4648,True,replacement not stated in source
IS 5216 (Part 1),"Recommendations on safety procedures and practices in electrical work, Part 1: General",1982,Current,UNKNOWN,,Electrical cables and wiring,Medium,https://archive.org/details/gov.in.is.5216.1.1982,IS 5216,True,replacement not stated in source
IS 5216 (Part 2),"Recommendations on safety procedures and practices in electrical work, Part 2: Life saving techniques",1982,Current,UNKNOWN,,Electrical cables and wiring,Medium,https://archive.org/details/gov.in.is.5216.2.1982,IS 5216,True,replacement not stated in source
IS 7689,Guide for the control of undesirable static electricity,1989,Current,UNKNOWN,,Electrical cables and wiring,Medium,https://archive.org/details/gov.in.is.7689.1989,IS 7689,True,replacement not stated in source
IS 7752 (Part 1),"Guide for improvement of power factor in consumer installations, Part 1: Low and medium supply voltages",1975,Current,UNKNOWN,,Electrical cables and wiring,Medium,https://archive.org/details/gov.in.is.7752.1.1975,IS 7752,True,replacement not stated in source
IS 8061,"Code of practice for design, installation and maintenance of service lines up to and including 650 V",1976,Current,UNKNOWN,,Electrical cables and wiring,Medium,https://archive.org/details/gov.in.is.8061.1976,IS 8061,True,replacement not stated in source
IS 8437 (Part 1),"Guide on effects of current passing through the human body, Part 1: General aspects",1992,Current,UNKNOWN,,Electrical cables and wiring,Medium,https://archive.org/details/gov.in.is.8437.1.1992,IS 8437,True,replacement not stated in source
IS 8437 (Part 2),"Guide on effects of current passing through the human body, Part 2: Special aspects",1993,Current,UNKNOWN,,Electrical cables and wiring,Medium,https://archive.org/details/gov.in.is.8437.2.1993,IS 8437,True,replacement not stated in source
IS 8884,Code of practice for the installation of electric bells and call systems,1978,Current,UNKNOWN,,Electrical cables and wiring,Medium,https://archive.org/details/gov.in.is.8884.1978,IS 8884,True,replacement not stated in source
IS 8923,Warning symbol for dangerous voltages,1978,Current,UNKNOWN,,Electrical cables and wiring,Medium,https://archive.org/details/gov.in.is.8923.1978,IS 8923,True,replacement not stated in source
IS 8969,Code of practice for installation and maintenance of impulse and electronic master and slave electric clock systems,1978,Current,UNKNOWN,,Electrical cables and wiring,Medium,https://archive.org/details/gov.in.is.8969.1978,IS 8969,True,replacement not stated in source
IS 10118 (Part 1),"Code of practice for selection, installation and maintenance of switchgear and controlgear, Part 1: General",1982,Current,UNKNOWN,,Electrical cables and wiring,Medium,https://archive.org/details/gov.in.is.10118.1.1982,IS 10118,True,replacement not stated in source
IS 10118 (Part 2),"Code of practice for selection, installation and maintenance of switchgear and controlgear, Part 2: Selection",1982,Current,UNKNOWN,,Electrical cables and wiring,Medium,https://archive.org/details/gov.in.is.10118.2.1982,IS 10118,True,replacement not stated in source
IS 10118 (Part 3),"Code of practice for selection, installation and maintenance of switchgear and controlgear, Part 3: Installation",1982,Current,UNKNOWN,,Electrical cables and wiring,Medium,https://archive.org/details/gov.in.is.10118.3.1982,IS 10118,True,replacement not stated in source
IS 10118 (Part 4),"Code of practice for selection, installation and maintenance of switchgear and controlgear, Part 4: Maintenance",1982,Current,UNKNOWN,,Electrical cables and wiring,Medium,https://archive.org/details/gov.in.is.10118.4.1982,IS 10118,True,replacement not stated in source
IS 10242 (Part 1/Sec 1),"Electrical installations in ships, Part 1: General, Section 1: Definitions and general requirements",1997,Current,UNKNOWN,,Electrical cables and wiring,Low,https://archive.org/details/gov.in.is.10242.1.1.1997,IS 10242,True,replacement not stated in source
IS 10242 (Part 2/Sec 1),"Electrical installations in ships, Part 2: System design, Section 1: General",1982,Current,UNKNOWN,,Electrical cables and wiring,Low,https://archive.org/details/gov.in.is.10242.2.1.1982,IS 10242,True,replacement not stated in source
IS 10242 (Part 2/Sec 2),"Electrical installations in ships, Part 2: System design, Section 2: Protection",1983,Current,UNKNOWN,,Electrical cables and wiring,Low,https://archive.org/details/gov.in.is.10242.2.2.1983,IS 10242,True,replacement not stated in source
IS 10242 (Part 2/Sec 4),"Electrical installations in ships, Part 2: System design, Section 4: Electric and electrohydraulic steering gear",1993,Current,UNKNOWN,,Electrical cables and wiring,Low,https://archive.org/details/gov.in.is.10242.2.4.1993,IS 10242,True,replacement not stated in source
IS 10242 (Part 3/Sec 1),"Electrical installations in ships, Part 3: Equipment, Section 1: Generators and motors",1983,Current,UNKNOWN,,Electrical cables and wiring,Low,https://archive.org/details/gov.in.is.10242.3.1.1983,IS 10242,True,replacement not stated in source
IS 10242 (Part 3/Sec 2),"Electrical installations in ships, Part 3: Equipment, Section 2: Switchgear and controlgear assemblies",1984,Current,UNKNOWN,,Electrical cables and wiring,Low,https://archive.org/details/gov.in.is.10242.3.2.1984,IS 10242,True,replacement not stated in source
IS 10242 (Part 3/Sec 3),"Electrical installations in ships, Part 3: Equipment, Section 3: Transformers for power and lighting",1984,Current,UNKNOWN,,Electrical cables and wiring,Low,https://archive.org/details/gov.in.is.10242.3.3.1984,IS 10242,True,replacement not stated in source
IS 10242 (Part 3/Sec 4),"Electrical installations in ships, Part 3: Equipment, Section 4: Semi-conductor convertors",1987,Current,UNKNOWN,,Electrical cables and wiring,Low,https://archive.org/details/gov.in.is.10242.3.4.1987,IS 10242,True,replacement not stated in source
IS 10242 (Part 3/Sec 5),"Electrical installations in ships, Part 3: Equipment, Section 5: Accumulator (storage) batteries",1990,Current,UNKNOWN,,Electrical cables and wiring,Low,https://archive.org/details/gov.in.is.10242.3.5.1990,IS 10242,True,replacement not stated in source
IS 10242 (Part 3/Sec 6),"Electrical installations in ships, Part 3: Equipment, Section 6: Luminaires and accessories",1986,Current,UNKNOWN,,Electrical cables and wiring,Low,https://archive.org/details/gov.in.is.10242.3.6.1986,IS 10242,True,replacement not stated in source
IS 10242 (Part 3/Sec 7),"Electrical installations in ships, Part 3: Equipment, Section 7: Heating and cooking appliances",1990,Current,UNKNOWN,,Electrical cables and wiring,Low,https://archive.org/details/gov.in.is.10242.3.7.1990,IS 10242,True,replacement not stated in source
IS 10242 (Part 3/Sec 10),"Electrical installations in ships, Part 3: Equipment, Section 10: General construction and test requirements for low voltage shipboard power cables",1992,Current,UNKNOWN,,Electrical cables and wiring,Low,https://archive.org/details/gov.in.is.10242.3.10.1992,IS 10242,True,replacement not stated in source
IS 10242 (Part 3/Sec 11),"Electrical installations in ships, Part 3: Equipment, Section 11: Insulating materials for shipboard power cables",1986,Current,UNKNOWN,,Electrical cables and wiring,Low,https://archive.org/details/gov.in.is.10242.3.11.1986,IS 10242,True,replacement not stated in source
IS 10242 (Part 3/Sec 12),"Electrical installations in ships, Part 3: Equipment, Section 12: Choice and installation of cables for low voltage systems",1986,Current,UNKNOWN,,Electrical cables and wiring,Low,https://archive.org/details/gov.in.is.10242.3.12.1986,IS 10242,True,replacement not stated in source
IS 10242 (Part 3/Sec 13),"Electrical installations in ships, Part 3: Equipment, Section 13: Single and multicore cables with extruded solid insulation for rated voltage 0.6/1 kV",1992,Current,UNKNOWN,,Electrical cables and wiring,Low,https://archive.org/details/gov.in.is.10242.3.13.1992,IS 10242,True,replacement not stated in source
IS 10242 (Part 3/Sec 19),"Electrical installations in ships, Part 3: Equipment, Section 19: Sheathing materials for telecommunication and power shipboard cables",1990,Current,UNKNOWN,,Electrical cables and wiring,Low,https://archive.org/details/gov.in.is.10242.3.19.1990,IS 10242,True,replacement not stated in source
IS 10242 (Part 3/Sec 23),"Electrical installations in ships, Part 3: Equipment, Section 23: Shipboard flexible coaxial cables",1987,Current,UNKNOWN,,Electrical cables and wiring,Low,https://archive.org/details/gov.in.is.10242.3.23.1987,IS 10242,True,replacement not stated in source
IS 10242 (Part 3/Sec 24),"Electrical installations in ships, Part 3: Equipment, Section 24: Telephone cables for non-essential communication services",1987,Current,UNKNOWN,,Electrical cables and wiring,Low,https://archive.org/details/gov.in.is.10242.3.24.1987,IS 10242,True,replacement not stated in source
IS 10242 (Part 3/Sec 25),"Electrical installations in ships, Part 3: Equipment, Section 25: General instrumentation, control and communication cables",1987,Current,UNKNOWN,,Electrical cables and wiring,Low,https://archive.org/details/gov.in.is.10242.3.25.1987,IS 10242,True,replacement not stated in source
IS 10242 (Part 3/Sec 26),"Electrical installations in ships, Part 3: Equipment, Section 26: Shipboard multicore cables for control circuits",1987,Current,UNKNOWN,,Electrical cables and wiring,Low,https://archive.org/details/gov.in.is.10242.3.26.1987,IS 10242,True,replacement not stated in source
IS 10242 (Part 4),"Electrical installations in ships, Part 4: Installation and test of completed installation",1992,Current,UNKNOWN,,Electrical cables and wiring,Low,https://archive.org/details/gov.in.is.10242.4.1992,IS 10242,True,replacement not stated in source
IS 10242 (Part 5/Sec 1),"Electrical installations in ships, Part 5: Special features, Section 1: Electric propulsion plant",1993,Current,UNKNOWN,,Electrical cables and wiring,Low,https://archive.org/details/gov.in.is.10242.5.1.1993,IS 10242,True,replacement not stated in source
IS 10242 (Part 5/Sec 2),"Electrical installations in ships, Part 5: Special features, Section 2: Tankers",1997,Current,UNKNOWN,,Electrical cables and wiring,Low,https://archive.org/details/gov.in.is.10242.5.2.1997,IS 10242,True,replacement not stated in source
IS 10242 (Part 5/Sec 3),"Electrical installations in ships, Part 5: Special features, Section 3: AC supply system with voltage in the range above 1 kV up to and including 11 kV",1993,Current,UNKNOWN,,Electrical cables and wiring,Low,https://archive.org/details/gov.in.is.10242.5.3.1993,IS 10242,True,replacement not stated in source
IS 10242 (Part 5/Sec 4),"Electrical installations in ships, Part 5: Special features, Section 4: Control and instruments",1998,Current,UNKNOWN,,Electrical cables and wiring,Low,https://archive.org/details/gov.in.is.10242.5.4.1998,IS 10242,True,replacement not stated in source
IS 13234,Guide for short-circuit current calculation in three-phase AC systems,1992,Current,UNKNOWN,,Electrical cables and wiring,Medium,https://archive.org/details/gov.in.is.13234.1992,IS 13234,True,replacement not stated in source
IS 13235,Calculation of the effects of short-circuit currents,1991,Current,UNKNOWN,,Electrical cables and wiring,Medium,https://archive.org/details/gov.in.is.13235.1991,IS 13235,True,replacement not stated in source
IS 14479,Electromagnetic compatibility of electrical and electronic installations in ships,1998,Current,UNKNOWN,,Electrical cables and wiring,Low,https://archive.org/details/gov.in.is.14479.1998,IS 14479,True,replacement not stated in source
SP 30,National Electrical Code,2011,Current,UNKNOWN,,Electrical cables and wiring,High,https://archive.org/details/gov.in.is.sp.30.2011,SP 30,False,replacement not stated in source
SP 31,Methods of artificial respiration,1986,Current,UNKNOWN,,Electrical cables and wiring,Medium,https://archive.org/details/gov.in.is.sp.31.1986,SP 31,False,replacement not stated in source
IS 371,Ceiling roses,1999,Current,UNKNOWN,,Electrical cables and wiring,Medium,https://archive.org/details/gov.in.is.371.1999,IS 371,True,replacement not stated in source
IS 371 (B),Ceiling roses - Specification,1999,Current,UNKNOWN,,Electrical cables and wiring,Medium,https://archive.org/details/gov.in.is.371.b.1999,IS 371 (B),True,replacement not stated in source
IS 1293,Plugs and socket-outlets of rated voltage up to and including 250 V and rated current up to 16 A,2005,Current,UNKNOWN,,Electrical cables and wiring,High,https://archive.org/details/gov.in.is.1293.2005,IS 1293,True,replacement not stated in source
IS 3010 (Part 1),"Appliance connectors and appliance inlets (non-reversible three-pin type), Part 1: Appliance connectors",1965,Current,UNKNOWN,,Electrical cables and wiring,Medium,https://archive.org/details/gov.in.is.3010.1.1965,IS 3010,True,replacement not stated in source
IS 3010 (Part 2),"Appliance connectors and appliance inlets (non-reversible three-pin type), Part 2: Appliance inlets",1965,Current,UNKNOWN,,Electrical cables and wiring,Medium,https://archive.org/details/gov.in.is.3010.2.1965,IS 3010,True,replacement not stated in source
IS 3323,Bi-pin lampholders for tubular fluorescent lamps,1980,Current,UNKNOWN,,Electrical cables and wiring,Medium,https://archive.org/details/gov.in.is.3323.1980,IS 3323,True,replacement not stated in source
IS 3324,Holders for starters for tubular fluorescent lamps,1982,Current,UNKNOWN,,Electrical cables and wiring,Medium,https://archive.org/details/gov.in.is.3324.1982,IS 3324,True,replacement not stated in source
IS 3419,Fittings for rigid non-metallic conduits,1989,Current,UNKNOWN,,Electrical cables and wiring,Medium,https://archive.org/details/gov.in.is.3419.1989,IS 3419,True,replacement not stated in source
IS 3854,Switches for domestic and similar purposes,1997,Current,UNKNOWN,,Electrical cables and wiring,High,https://archive.org/details/gov.in.is.3854.1997,IS 3854,True,replacement not stated in source
IS 4160,Interlocking switch socket outlet - Specification,2005,Current,UNKNOWN,,Electrical cables and wiring,Medium,https://archive.org/details/gov.in.is.4160.2005,IS 4160,True,replacement not stated in source
IS 4649,Adaptors for flexible steel conduits,1968,Current,UNKNOWN,,Electrical cables and wiring,Medium,https://archive.org/details/gov.in.is.4649.1968,IS 4649,True,replacement not stated in source
IS 6896,Connectors (two-way) for railway coach wiring,1973,Current,UNKNOWN,,Electrical cables and wiring,Low,https://archive.org/details/gov.in.is.6896.1973,IS 6896,True,replacement not stated in source
IS 6965,Switches for use in railway coaching stock,1979,Current,UNKNOWN,,Electrical cables and wiring,Low,https://archive.org/details/gov.in.is.6965.1979,IS 6965,True,replacement not stated in source
IS 8200,Toggle switches used in traction applications,1976,Current,UNKNOWN,,Electrical cables and wiring,Low,https://archive.org/details/gov.in.is.8200.1976,IS 8200,True,replacement not stated in source
IS 9537 (Part 1),"Conduits for electrical installations, Part 1: General requirements",1980,Current,UNKNOWN,,Electrical cables and wiring,High,https://archive.org/details/gov.in.is.9537.1.1980,IS 9537,True,replacement not stated in source
IS 9537 (Part 2),"Conduits for electrical installations, Part 2: Rigid steel conduits",1981,Current,UNKNOWN,IS 1653,Electrical cables and wiring,High,https://archive.org/details/gov.in.is.9537.2.1981,IS 9537,True,replacement not stated in source
IS 9537 (Part 3),"Conduits for electrical installations, Part 3: Rigid plain conduits of insulating materials",1983,Current,UNKNOWN,IS 2509,Electrical cables and wiring,High,https://archive.org/details/gov.in.is.9537.3.1983,IS 9537,True,replacement not stated in source
IS 9537 (Part 4),"Conduits for electrical installations, Part 4: Pliable self-recovering conduits of insulating materials",1983,Current,UNKNOWN,,Electrical cables and wiring,High,https://archive.org/details/gov.in.is.9537.4.1983,IS 9537,True,replacement not stated in source
IS 9537 (Part 5),"Conduits for electrical installations, Part 5: Pliable conduits of insulating material",2000,Current,UNKNOWN,IS 6946,Electrical cables and wiring,High,https://archive.org/details/gov.in.is.9537.5.2000,IS 9537,True,replacement not stated in source
IS 9537 (Part 6),"Conduits for electrical installations, Part 6: Pliable conduits of metal or composite materials",2000,Current,UNKNOWN,,Electrical cables and wiring,High,https://archive.org/details/gov.in.is.9537.6.2000,IS 9537,True,replacement not stated in source
IS 9537 (Part 8),"Conduits for electrical installations, Part 8: Rigid non-threadable conduits of aluminium alloy",2003,Current,UNKNOWN,,Electrical cables and wiring,High,https://archive.org/details/gov.in.is.9537.8.2003,IS 9537,True,replacement not stated in source
IS 14763,Conduits for electrical purposes - Outside diameters of conduits for electrical installations and threads for conduits and fittings,2000,Current,UNKNOWN,,Electrical cables and wiring,Medium,https://archive.org/details/gov.in.is.14763.2000,IS 14763,True,replacement not stated in source
IS 14768 (Part 1),"Conduit fittings for electrical installations, Part 1: General requirements",2000,Current,UNKNOWN,,Electrical cables and wiring,Medium,https://archive.org/details/gov.in.is.14768.1.2000,IS 14768,True,replacement not stated in source
IS 14768 (Part 2),"Conduit fittings for electrical installations, Part 2: Metal conduit fittings",2003,Current,UNKNOWN,IS 2667,Electrical cables and wiring,Medium,https://archive.org/details/gov.in.is.14768.2.2003,IS 14768,True,replacement not stated in source
IS 14772,General requirements for enclosures for accessories for household and similar fixed electrical installations,2000,Current,UNKNOWN,IS 5133 (Parts 1 and 2),Electrical cables and wiring,Medium,https://archive.org/details/gov.in.is.14772.2000,IS 14772,True,replacement not stated in source
IS 14927 (Part 1),"Cable trunking and ducting systems for electrical installations, Part 1: General requirements",2001,Current,UNKNOWN,,Electrical cables and wiring,High,https://archive.org/details/gov.in.is.14927.1.2001,IS 14927,True,replacement not stated in source
IS 14927 (Part 2),"Cable trunking and ducting systems for electrical installations, Part 2: Systems intended for mounting on walls or ceilings",2001,Current,UNKNOWN,,Electrical cables and wiring,High,https://archive.org/details/gov.in.is.14927.2.2001,IS 14927,True,replacement not stated in source
IS 14930 (Part 1),"Conduit systems for electrical installations, Part 1: General requirements",2001,Current,UNKNOWN,,Electrical cables and wiring,Medium,https://archive.org/details/gov.in.is.14930.1.2001,IS 14930,True,replacement not stated in source
IS 14930 (Part 2),"Conduit systems for electrical installations, Part 2: Particular requirements - Conduit systems buried underground",2001,Current,UNKNOWN,,Electrical cables and wiring,Medium,https://archive.org/details/gov.in.is.14930.2.2001,IS 14930,True,replacement not stated in source
IS 15368,Cable reels for household and similar purposes,2003,Current,UNKNOWN,,Electrical cables and wiring,Medium,https://archive.org/details/gov.in.is.15368.2003,IS 15368,True,replacement not stated in source
IS 15787,Switch-socket-outlets (non-interlock type),2008,Current,UNKNOWN,,Electrical cables and wiring,Medium,https://archive.org/details/gov.in.is.15787.2008,IS 15787,True,replacement not stated in source
IS/IEC 60309 (Part 1),"Plugs, socket-outlets and couplers for industrial purposes, Part 1: General requirements",2002,Current,UNKNOWN,,Electrical cables and wiring,Medium,https://archive.org/details/gov.in.is.iec.60309.1.2002,IS/IEC 60309,True,replacement not stated in source
IS/IEC 60309 (Part 2),"Plugs, socket-outlets and couplers for industrial purposes, Part 2: Dimensional interchangeability requirements for pin and contact-tube accessories",2002,Current,UNKNOWN,,Electrical cables and wiring,Medium,https://archive.org/details/gov.in.is.iec.60309.2.2002,IS/IEC 60309,True,replacement not stated in source
IS/IEC 60320 (Part 1),"Appliance couplers for household and similar general purposes, Part 1: General requirements",2001,Current,UNKNOWN,,Electrical cables and wiring,Medium,https://archive.org/details/gov.in.is.iec.60320.1.2001,IS/IEC 60320,True,replacement not stated in source
IS/IEC 60320 (Part 2/Sec 2),"Appliance couplers for household and similar general purposes, Part 2-2: Interconnection couplers for household and similar equipment",1998,Current,UNKNOWN,,Electrical cables and wiring,Medium,https://archive.org/details/gov.in.is.iec.60320.2.2.1998,IS/IEC 60320,True,replacement not stated in source
IS/IEC 60320 (Part 2/Sec 3),"Appliance couplers for household and similar general purposes, Part 2-3: Appliance couplers with a degree of protection higher than IPX0",1998,Current,UNKNOWN,,Electrical cables and wiring,Medium,https://archive.org/details/gov.in.is.iec.60320.2.3.1998,IS/IEC 60320,True,replacement not stated in source
IS/IEC 61058 (Part 1),"Switches for appliances, Part 1: General requirements",2000,Current,UNKNOWN,,Electrical cables and wiring,Medium,https://archive.org/details/gov.in.is.iec.61058.1.2000,IS/IEC 61058,True,replacement not stated in source
IS 4984,High density polyethylene pipes for potable water supplies,1995,Current,UNKNOWN,,Pipes (PVC and GI),High,https://archive.org/details/gov.in.is.4984.1995,IS 4984,True,replacement not stated in source
IS 4985,Unplasticized PVC pipes for potable water supplies - Specification,2000,Current,UNKNOWN,,Pipes (PVC and GI),High,https://archive.org/details/gov.in.is.4985.2000,IS 4985,True,replacement not stated in source
IS 7634 (Part 1),"Code of practice for plastic pipe work for potable water supplies, Part 1: Choice of materials and general recommendations",1975,Current,UNKNOWN,,Pipes (PVC and GI),High,https://archive.org/details/gov.in.is.7634.1.1975,IS 7634,True,replacement not stated in source
IS 7634 (Part 2),"Plastics pipes selection, handling, storage and installation for potable water supplies - Code of practice, Part 2: Laying and jointing of polyethylene (PE) pipes",2012,Current,UNKNOWN,,Pipes (PVC and GI),High,https://archive.org/details/gov.in.is.7634.2.2012,IS 7634,True,replacement not stated in source
IS 7634 (Part 3),"Plastics pipe selection, handling, storage and installation for potable water supplies - Code of practice, Part 3: Laying and jointing of UPVC pipes",2003,Current,UNKNOWN,,Pipes (PVC and GI),High,https://archive.org/details/gov.in.is.7634.3.2003,IS 7634,True,replacement not stated in source
IS 7834 (Part 1),"Injection moulded PVC socket fittings with solvent cement joints for water supplies, Part 1: General requirements",1987,Current,UNKNOWN,,Pipes (PVC and GI),High,https://archive.org/details/gov.in.is.7834.1.1987,IS 7834,True,replacement not stated in source
IS 7834 (Part 2),"Injection moulded PVC socket fittings with solvent cement joints for water supplies, Part 2: Specific requirements for 45 degree elbows",1987,Current,UNKNOWN,,Pipes (PVC and GI),High,https://archive.org/details/gov.in.is.7834.2.1987,IS 7834,True,replacement not stated in source
IS 7834 (Part 3),"Injection moulded PVC socket fittings with solvent cement joints for water supplies, Part 3: Specific requirements for 90 degree elbows",1987,Current,UNKNOWN,,Pipes (PVC and GI),High,https://archive.org/details/gov.in.is.7834.3.1987,IS 7834,True,replacement not stated in source
IS 7834 (Part 4),"Injection moulded PVC socket fittings with solvent cement joints for water supplies, Part 4: Specific requirements for 90 degree tees",1987,Current,UNKNOWN,,Pipes (PVC and GI),High,https://archive.org/details/gov.in.is.7834.4.1987,IS 7834,True,replacement not stated in source
IS 7834 (Part 5),"Injection moulded PVC socket fittings with solvent cement joints for water supplies, Part 5: Specific requirements for 45 degree tees",1987,Current,UNKNOWN,,Pipes (PVC and GI),High,https://archive.org/details/gov.in.is.7834.5.1987,IS 7834,True,replacement not stated in source
IS 7834 (Part 6),"Injection moulded PVC socket fittings with solvent cement joints for water supplies, Part 6: Specific requirements for sockets",1987,Current,UNKNOWN,,Pipes (PVC and GI),High,https://archive.org/details/gov.in.is.7834.6.1987,IS 7834,True,replacement not stated in source
IS 7834 (Part 7),"Injection moulded PVC socket fittings with solvent cement joints for water supplies, Part 7: Specific requirements for unions",1987,Current,UNKNOWN,,Pipes (PVC and GI),High,https://archive.org/details/gov.in.is.7834.7.1987,IS 7834,True,replacement not stated in source
IS 7834 (Part 8),"Injection moulded PVC socket fittings with solvent cement joints for water supplies, Part 8: Specific requirements for caps",1987,Current,UNKNOWN,,Pipes (PVC and GI),High,https://archive.org/details/gov.in.is.7834.8.1987,IS 7834,True,replacement not stated in source
IS 8008 (Part 1),"Injection moulded/machined high density polyethylene (HDPE) fittings for potable water supplies, Part 1: General requirements for fittings",2003,Current,UNKNOWN,,Pipes (PVC and GI),High,https://archive.org/details/gov.in.is.8008.1.2003,IS 8008,True,replacement not stated in source
IS 8008 (Part 2),"Injection moulded/machined HDPE fittings for potable water supplies, Part 2: Specific requirements for 90 degree bends",2003,Current,UNKNOWN,,Pipes (PVC and GI),High,https://archive.org/details/gov.in.is.8008.2.2003,IS 8008,True,replacement not stated in source
IS 8008 (Part 3),"Injection moulded/machined HDPE fittings for potable water supplies, Part 3: Specific requirements for 90 degree tees",2003,Current,UNKNOWN,,Pipes (PVC and GI),High,https://archive.org/details/gov.in.is.8008.3.2003,IS 8008,True,replacement not stated in source
IS 8008 (Part 4),"Injection moulded/machined HDPE fittings for potable water supplies, Part 4: Specific requirements for reducers",2003,Current,UNKNOWN,,Pipes (PVC and GI),High,https://archive.org/details/gov.in.is.8008.4.2003,IS 8008,True,replacement not stated in source
IS 8008 (Part 5),"Injection moulded/machined HDPE fittings for potable water supplies, Part 5: Specific requirements for ferrule reducers",2003,Current,UNKNOWN,,Pipes (PVC and GI),High,https://archive.org/details/gov.in.is.8008.5.2003,IS 8008,True,replacement not stated in source
IS 8008 (Part 6),"Injection moulded/machined HDPE fittings for potable water supplies, Part 6: Specific requirements for pipe ends",2003,Current,UNKNOWN,,Pipes (PVC and GI),High,https://archive.org/details/gov.in.is.8008.6.2003,IS 8008,True,replacement not stated in source
IS 8008 (Part 7),"Injection moulded/machined HDPE fittings for potable water supplies, Part 7: Specific requirements for sandwich flanges",2003,Current,UNKNOWN,,Pipes (PVC and GI),High,https://archive.org/details/gov.in.is.8008.7.2003,IS 8008,True,replacement not stated in source
IS 8008 (Part 8),"Injection moulded/machined HDPE fittings for potable water supplies, Part 8: Specific requirements for reducing tees",2003,Current,UNKNOWN,,Pipes (PVC and GI),High,https://archive.org/details/gov.in.is.8008.8.2003,IS 8008,True,replacement not stated in source
IS 8008 (Part 9),"Injection moulded/machined HDPE fittings for potable water supplies, Part 9: Specific requirements for end caps",2003,Current,UNKNOWN,,Pipes (PVC and GI),High,https://archive.org/details/gov.in.is.8008.9.2003,IS 8008,True,replacement not stated in source
IS 8360 (Part 1),"Fabricated high density polyethylene (HDPE) fittings for potable water supplies, Part 1: General requirements",1977,Current,UNKNOWN,,Pipes (PVC and GI),Medium,https://archive.org/details/gov.in.is.8360.1.1977,IS 8360,True,replacement not stated in source
IS 8360 (Part 2),"Fabricated high density polyethylene fittings for potable water supplies, Part 2: Specific requirements for 90 degree tees",1977,Current,UNKNOWN,,Pipes (PVC and GI),Medium,https://archive.org/details/gov.in.is.8360.2.1977,IS 8360,True,replacement not stated in source
IS 8360 (Part 3),"Fabricated high density polyethylene (HDPE) fittings for potable water supplies, Part 3: Specific requirements for 90 degree bends",1977,Current,UNKNOWN,,Pipes (PVC and GI),Medium,https://archive.org/details/gov.in.is.8360.3.1977,IS 8360,True,replacement not stated in source
IS 9271,Unplasticized polyvinyl chloride (UPVC) single wall corrugated pipes for drainage - Specification,2004,Current,UNKNOWN,,Pipes (PVC and GI),Medium,https://archive.org/details/gov.in.is.9271.2004,IS 9271,True,replacement not stated in source
IS 10124 (Part 1),"Fabricated PVC-U fittings for potable water supplies - Specification, Part 1: General requirements",2009,Current,UNKNOWN,,Pipes (PVC and GI),High,https://archive.org/details/gov.in.is.10124.1.2009,IS 10124,True,replacement not stated in source
IS 10124 (Part 2),"Fabricated PVC-U fittings for potable water supplies - Specification, Part 2: Specific requirements for sockets",2009,Current,UNKNOWN,,Pipes (PVC and GI),High,https://archive.org/details/gov.in.is.10124.2.2009,IS 10124,True,replacement not stated in source
IS 10124 (Part 3),"Fabricated PVC-U fittings for potable water supplies - Specification, Part 3: Specific requirements for straight reducers",2009,Current,UNKNOWN,,Pipes (PVC and GI),High,https://archive.org/details/gov.in.is.10124.3.2009,IS 10124,True,replacement not stated in source
IS 10124 (Part 4),"Fabricated PVC-U fittings for potable water supplies - Specification, Part 4: Specific requirements for caps",2009,Current,UNKNOWN,,Pipes (PVC and GI),High,https://archive.org/details/gov.in.is.10124.4.2009,IS 10124,True,replacement not stated in source
IS 10124 (Part 5),"Fabricated PVC-U fittings for potable water supplies - Specification, Part 5: Specific requirements for equal tees",2009,Current,UNKNOWN,,Pipes (PVC and GI),High,https://archive.org/details/gov.in.is.10124.5.2009,IS 10124,True,replacement not stated in source
IS 10124 (Part 6),"Fabricated PVC-U fittings for potable water supplies - Specification, Part 6: Specific requirements for flanged tail pieces with metallic flanges",2009,Current,UNKNOWN,,Pipes (PVC and GI),High,https://archive.org/details/gov.in.is.10124.6.2009,IS 10124,True,replacement not stated in source
IS 10124 (Part 7),"Fabricated PVC-U fittings for potable water supplies - Specification, Part 7: Specific requirements for threaded adaptors",2009,Current,UNKNOWN,,Pipes (PVC and GI),High,https://archive.org/details/gov.in.is.10124.7.2009,IS 10124,True,replacement not stated in source
IS 10124 (Part 8),"Fabricated PVC-U fittings for potable water supplies - Specification, Part 8: Specific requirements for 90 degree bends",2009,Current,UNKNOWN,,Pipes (PVC and GI),High,https://archive.org/details/gov.in.is.10124.8.2009,IS 10124,True,replacement not stated in source
IS 10124 (Part 9),"Fabricated PVC-U fittings for potable water supplies - Specification, Part 9: Specific requirements for 60 degree bends",2009,Current,UNKNOWN,,Pipes (PVC and GI),High,https://archive.org/details/gov.in.is.10124.9.2009,IS 10124,True,replacement not stated in source
IS 10124 (Part 10),"Fabricated PVC-U fittings for potable water supplies - Specification, Part 10: Specific requirements for 45 degree bends",2009,Current,UNKNOWN,,Pipes (PVC and GI),High,https://archive.org/details/gov.in.is.10124.10.2009,IS 10124,True,replacement not stated in source
IS 10124 (Part 11),"Fabricated PVC-U fittings for potable water supplies - Specification, Part 11: Specific requirements for 30 degree bends",2009,Current,UNKNOWN,,Pipes (PVC and GI),High,https://archive.org/details/gov.in.is.10124.11.2009,IS 10124,True,replacement not stated in source
IS 10124 (Part 12),"Fabricated PVC-U fittings for potable water supplies - Specification, Part 12: Specific requirements for 22.5 degree bends",2009,Current,UNKNOWN,,Pipes (PVC and GI),High,https://archive.org/details/gov.in.is.10124.12.2009,IS 10124,True,replacement not stated in source
IS 10124 (Part 13),"Fabricated PVC-U fittings for potable water supplies - Specification, Part 13: Specific requirements for 11.25 degree bends",2009,Current,UNKNOWN,,Pipes (PVC and GI),High,https://archive.org/details/gov.in.is.10124.13.2009,IS 10124,True,replacement not stated in source
IS 12231,Unplasticized PVC pipes for use in suction and delivery lines of agricultural pump sets,1987,Current,UNKNOWN,,Pipes (PVC and GI),Medium,https://archive.org/details/gov.in.is.12231.1987,IS 12231,True,replacement not stated in source
IS 12235 (Parts 1 to 19),Thermoplastics pipes and fittings - Methods of test,2004,Current,UNKNOWN,,Pipes (PVC and GI),Medium,https://archive.org/details/gov.in.is.12235.1-19.2004,IS 12235,True,replacement not stated in source
IS 12709,"Glass-fibre reinforced plastic (GRP) pipes, joints and fittings for use for potable water supply",1994,Current,UNKNOWN,,Pipes (PVC and GI),Medium,https://archive.org/details/gov.in.is.12709.1994,IS 12709,True,replacement not stated in source
IS 12818,Unplasticized polyvinyl chloride (PVC-U) screen and casing pipes for bore/tubewell,2010,Current,UNKNOWN,,Pipes (PVC and GI),High,https://archive.org/details/gov.in.is.12818.2010,IS 12818,True,replacement not stated in source
IS 13592,Unplasticized polyvinyl chloride (PVC-U) pipes for soil and waste discharge systems inside buildings including ventilation and rainwater system,2013,Current,UNKNOWN,,Pipes (PVC and GI),High,https://archive.org/details/gov.in.is.13592.2013,IS 13592,True,replacement not stated in source
IS 13593,UPVC pipe fittings to be used with UPVC pipes in the suction and delivery lines of agricultural pumps,1992,Current,UNKNOWN,,Pipes (PVC and GI),Medium,https://archive.org/details/gov.in.is.13593.1992,IS 13593,True,replacement not stated in source
IS 13916,Code of practice for installation of glass fibre reinforced plastic (GRP) piping system,1994,Current,UNKNOWN,,Pipes (PVC and GI),Medium,https://archive.org/details/gov.in.is.13916.1994,IS 13916,True,replacement not stated in source
IS 14333,High density polyethylene pipes for sewerage - Specification,1996,Current,UNKNOWN,,Pipes (PVC and GI),High,https://archive.org/details/gov.in.is.14333.1996,IS 14333,True,replacement not stated in source
IS 14402,"GRP pipes, joints and fittings for use for sewerage, industrial waste and water (other than potable)",1996,Current,UNKNOWN,,Pipes (PVC and GI),Medium,https://archive.org/details/gov.in.is.14402.1996,IS 14402,True,replacement not stated in source
IS 14735,Unplasticized polyvinyl chloride (UPVC) injection moulded fittings for soil and waste discharge system for inside and outside buildings including ventilation and rainwater system,1999,Current,UNKNOWN,,Pipes (PVC and GI),High,https://archive.org/details/gov.in.is.14735.1999,IS 14735,True,replacement not stated in source
IS 14787,Unplasticized PVC pipes (ducts) and fittings for underground telecommunications cable installation,2000,Current,UNKNOWN,,Pipes (PVC and GI),Medium,https://archive.org/details/gov.in.is.14787.2000,IS 14787,True,replacement not stated in source
IS 14885,Polyethylene pipes for the supply of gaseous fuels - Specification,2001,Current,UNKNOWN,,Pipes (PVC and GI),Medium,https://archive.org/details/gov.in.is.14885.2001,IS 14885,True,replacement not stated in source
IS 15265,Flexible PVC pipes or polymer reinforced thermoplastic hoses for suction and delivery lines of agricultural pumps - Specification,2003,Current,UNKNOWN,,Pipes (PVC and GI),Medium,https://archive.org/details/gov.in.is.15265.2003,IS 15265,True,replacement not stated in source
IS 15328,Unplasticized non-pressure polyvinyl chloride (PVC-U) pipes for use in underground drainage and sewerage systems - Specification,2003,Current,UNKNOWN,,Pipes (PVC and GI),High,https://archive.org/details/gov.in.is.15328.2003,IS 15328,True,replacement not stated in source
IS 15450,Polyethylene/aluminium/polyethylene composite pressure pipes for hot and cold water supplies - Specification,2004,Current,UNKNOWN,,Pipes (PVC and GI),Medium,https://archive.org/details/gov.in.is.15450.2004,IS 15450,True,replacement not stated in source
IS 15778,Chlorinated polyvinyl chloride (CPVC) pipes for potable hot and cold water distribution supplies - Specification,2007,Current,UNKNOWN,,Pipes (PVC and GI),High,https://archive.org/details/gov.in.is.15778.2007,IS 15778,True,replacement not stated in source
IS 15801,Polypropylene-random copolymer pipes for hot and cold water supplies - Specification,2008,Current,UNKNOWN,,Pipes (PVC and GI),High,https://archive.org/details/gov.in.is.15801.2008,IS 15801,True,replacement not stated in source
IS 15927 (Part 1),"Polyethylene fittings for use with polyethylene pipes for the supply of gaseous fuels - Specification, Part 1: Fittings for socket fusion using heated tools",2012,Current,UNKNOWN,,Pipes (PVC and GI),Medium,https://archive.org/details/gov.in.is.15927.1.2012,IS 15927,True,replacement not stated in source
IS 15927 (Part 2),"Polyethylene fittings for use with polyethylene pipes for the supply of gaseous fuels - Specification, Part 2: Spigot fittings for butt fusion, for socket fusion using heated tools and for use with electrofusion fittings",2012,Current,UNKNOWN,,Pipes (PVC and GI),Medium,https://archive.org/details/gov.in.is.15927.2.2012,IS 15927,True,replacement not stated in source
IS 15927 (Part 3),"Polyethylene fittings for use with polyethylene pipes for the supply of gaseous fuels, Part 3: Electrofusion fittings",2011,Current,UNKNOWN,,Pipes (PVC and GI),Medium,https://archive.org/details/gov.in.is.15927.3.2011,IS 15927,True,replacement not stated in source
IS 16098 (Part 1),"Structured-wall plastics piping systems for non-pressure drainage and sewerage - Specification, Part 1: Pipes and fittings with smooth external surface, Type A",2013,Current,UNKNOWN,,Pipes (PVC and GI),Medium,https://archive.org/details/gov.in.is.16098.1.2013,IS 16098,True,replacement not stated in source
IS 16098 (Part 2),"Structured-wall plastics piping systems for non-pressure drainage and sewerage - Specification, Part 2: Pipes and fittings with non-smooth external surface, Type B",2013,Current,UNKNOWN,,Pipes (PVC and GI),Medium,https://archive.org/details/gov.in.is.16098.2.2013,IS 16098,True,replacement not stated in source
SP 57,Handbook on pipes and fittings for drinking water supply,1993,Current,UNKNOWN,,Pipes (PVC and GI),High,https://archive.org/details/gov.in.is.sp.57.1993,SP 57,False,replacement not stated in source
