IS Number,Full Title,Year,Status,Replaced By,Supersedes,Product Family,Priority,Source Link,IS Base,Is IS Standard,Flag,Provenance,Review Due,Overdue
IS 434,Rubber-insulated cables: Part 1 With copper conductor,1964.0,Superseded,IS 9968,,Electrical cables and wiring,Medium,https://standards.bis.gov.in/website/standard-details?encryptedId=eyJpdiI6IkZpRUJGeVplV09oalQ4dFVSQVFkYmc9PSIsInZhbHVlIjoicWFGdEhxOVJWNERwN29VcXJpcy9EZz09IiwibWFjIjoiOGQyNzdjYWM1NTMzMzg1N2M3ZjRiYWE4ZWRhMWY0NGY5YjNjZDRlNjRkYTI3OTU4YzFjNmQ3NDYzOTQyYTFhMSIsInRhZyI6IiJ9&standardNumber=IS%20434%20(Part%201):1964,IS 434,True,,BIS catalogue (verified),,
IS 375,"Marking and arrangement for switchgears bus-bars, main connections and auxiliary wiring",1963.0,Withdrawn,IS 5578; IS 11353,,Electrical cables and wiring,Medium,https://standards.bis.gov.in/website/know-your-standards?searchTerm=IS%2520375%253A1963,IS 375,True,,BIS catalogue (verified) | amended from BIS portal 2026-09-10 (Status),,
IS 691,Flexible Trailing Cables for use in Coal Mines,1984.0,Withdrawn,IS 14494,,Electrical cables and wiring,Medium,https://standards.bis.gov.in/website/standard-details?encryptedId=eyJpdiI6IndQb1Rhc3pPUUJJUjRLM0Nsc0orckE9PSIsInZhbHVlIjoiQkFBemoxV1FueWM5SXByLzhlcVlzdz09IiwibWFjIjoiYjNhNzNiODkzNGQ5MDYzOGJiNzU0ZGY2MTUwOWIwNTc1M2I4Y2MxNWMyMDRlYmNhZWQyNzFkZjczZWZjMTllNiIsInRhZyI6IiJ9&standardNumber=IS%20691:1984,IS 691,True,,BIS catalogue (verified) | amended from BIS portal 2026-09-10 (Status),,
IS 693,Varnished cambric insulated cables (revised),1965.0,Withdrawn,UNKNOWN,,Electrical cables and wiring,Medium,https://standards.bis.gov.in/website/standard-details?encryptedId=eyJpdiI6ImxqS01iL205c0JwYStHQVNrZXNIREE9PSIsInZhbHVlIjoiZTkya2tQaUpZYVIrNEE3VjliU0JCdz09IiwibWFjIjoiYWY1M2NiYThiOGI1YjY2OWZmYWViYzA3YmJhZWFmOTI3YzJhM2RiNzFmNDRmZjhhMDM2YzIzNTY3ZTQzY2UzOSIsInRhZyI6IiJ9&standardNumber=IS%20693:1965,IS 693,True,replacement not stated in source,BIS catalogue (verified),,
IS 732,Code of practice for electrical wiring installations (Fourth Revision),2019.0,Current,UNKNOWN,,Electrical cables and wiring,High,https://standards.bis.gov.in/website/standard-details?encryptedId=eyJpdiI6IkhlLzdHaWMwL0ZUb2pHMHBLZUExNGc9PSIsInZhbHVlIjoiOGRCZDNvZVljZElIZ3hWWHdZcmZUQT09IiwibWFjIjoiMGJkOTMyN2ViNWFmMmVkZWM0YmQ1MDk0ZjFhNzE3MzMxZWI4ZWJiMDYyZThjY2Q2MTY0ZWFlYzZjMmU3NGFmNSIsInRhZyI6IiJ9&standardNumber=IS%20732:2019,IS 732,True,replacement not stated in source,BIS catalogue (verified),2029-12-31,No
IS 1026,Flexible trailing cables for use in quarries and metalliferous mines,1984.0,Withdrawn,IS 14494,,Electrical cables and wiring,Medium,https://standards.bis.gov.in/website/standard-details?encryptedId=eyJpdiI6IlB1Sjg3WGZMa2VRazRtTC84TkNJaGc9PSIsInZhbHVlIjoiUUZpVFNMWktSNjh1TEloZk9kQU5Kdz09IiwibWFjIjoiNTNiMmFhOTQ1NzM0MDVmMjM5ODM4ZWY5ODQzMTE4YWY1NmM5ODQxNTE0YmQyYjFmNWQ4NTZmN2FkODVhYWU4NyIsInRhZyI6IiJ9&standardNumber=IS%201026:1984,IS 1026,True,,BIS catalogue (verified) | amended from BIS portal 2026-09-10 (Status),,
IS 1653,Rigid steel conduits for electrical wiring,1972.0,Withdrawn,IS 9537 (Part 2),,Electrical cables and wiring,Medium,https://standards.bis.gov.in/website/standard-details?encryptedId=eyJpdiI6Impab0FxVXRpMVVVWDJxL1N4QndnVUE9PSIsInZhbHVlIjoidnJKUDNUQkw0TWNmK1RZajBENXY4QT09IiwibWFjIjoiNGRhMTc4NGQzYWIxOWIzNGQ1NzdhNjI0ZWVlZjUwMzgwMmFkMjJhODUzNjY5MmJkZTZjYWZhYThhMDJlNjhmMSIsInRhZyI6IiJ9&standardNumber=IS%201653:1972,IS 1653,True,,BIS catalogue (verified) | amended from BIS portal 2026-09-10 (Status),,
IS 694,Polyvinyl chloride insulated unsheathed and sheathed cables/cords with rigid and flexible conductor for rated voltages up to and including 1 100 V (Fourth Revision),2010.0,Current,UNKNOWN,,Electrical cables and wiring,High,https://standards.bis.gov.in/website/standard-details?encryptedId=eyJpdiI6IlNQM09jZ01XazVGL3kraStrSWZSd1E9PSIsInZhbHVlIjoiWmowUDMrVjN5YVdyWmtIRDBQMXZhZz09IiwibWFjIjoiYTNiMWVlMGQ4NDQ4NTk2Yzk3OTEwYWUwYzUxNGIzZGI5OTYyYjliZjYyY2EwM2I3OThlZDQ0NzMyMTQ1YzZiOSIsInRhZyI6IiJ9&standardNumber=IS%20694:2010,IS 694,True,replacement not stated in source,BIS catalogue (verified),2025-01-01,Yes
IS 2274,Code of practice for electrical wiring installations (system voltage exceeding 650 volts),1963.0,Withdrawn,IS 732,,Electrical cables and wiring,Medium,https://standards.bis.gov.in/website/standard-details?encryptedId=eyJpdiI6Imt5Y2VFN21WcjNLa2VmcWRkQnIydVE9PSIsInZhbHVlIjoiWXRkNmVQamdvM3ByeWYzcUpRWWQyQT09IiwibWFjIjoiZDQxYjBmMTZkNTBiYWI1MTczNDg0YTFlOWQwNjY2MmZhMjc5ZGU3OGQzNTg1NDgwMTkxYWQ5MWFmNGFlNTlkNSIsInRhZyI6IiJ9&standardNumber=IS%202274:1963,IS 2274,True,,BIS catalogue (verified) | amended from BIS portal 2026-09-10 (Status),,
IS 2412,Specification for link clips for electrical wiring (First Revision),1975.0,Withdrawn,UNKNOWN,,Electrical cables and wiring,Medium,https://standards.bis.gov.in/website/standard-details?encryptedId=eyJpdiI6ImRPTTQyUG9SSGhkZ1JKK21UUmx0VHc9PSIsInZhbHVlIjoidXNmNEkxQnNUR09xZDVSMW5obVBBUT09IiwibWFjIjoiZTcxMjk0Yzg2MWY3MzczYjhmMzA0YTVhODYzMzIyYWQ1MjAyOGFjMjZkNTJjYThiMjJmYzhkMDZiNGNlYWZlMSIsInRhZyI6IiJ9&standardNumber=IS%202412:1975,IS 2412,True,replacement not stated in source,BIS catalogue (verified),2022-03-31,Yes
IS 282,Hard-drawn copper conductors for overhead power transmission,1982.0,Withdrawn,UNKNOWN,,Electrical cables and wiring,Medium,https://standards.bis.gov.in/website/standard-details?encryptedId=eyJpdiI6IlZiSkE2cVV0K0tKZk10ZFdUbW9ubEE9PSIsInZhbHVlIjoiUVNZN0srZ2dTQ2p0Y3hUVEdlUXFlQT09IiwibWFjIjoiOTJmMjY4MzdiMmI4MmJkZjMwODgzMzA0ZDhlNTM0YTQwMmJlNmE3Yzk0MDVmM2VlOGJlMTc1ZGYwYWY0MjBiZiIsInRhZyI6IiJ9&standardNumber=IS%20282:1982,IS 282,True,replacement not stated in source,BIS catalogue (verified),,
IS 2667,Fittings for rigid steel conduits for electrical wiring,1988.0,Withdrawn,14768:Part2,,Electrical cables and wiring,Medium,https://standards.bis.gov.in/website/standard-details?encryptedId=eyJpdiI6ImRNZ3E1WS9oeExUYVNOcjVkMnBrdWc9PSIsInZhbHVlIjoibXF2Ukcwc1ZPUjdQVWU4dGtFaW8zZz09IiwibWFjIjoiOWIwZWZjZmY3YzMxNzVhMjdlYzlhNDJhODgwNzE2NDg2ZTFiMmU0ZTkyMmVmMTgzOTgyYmY3ZTQ3ZGRjNzBlMiIsInRhZyI6IiJ9&standardNumber=IS%202667:1988,IS 2667,True,,BIS catalogue (verified) | amended from BIS portal 2026-09-10 (Status),,
IS 398,Aluminium conductors for overhead transmission purposes - Specification: Part 1 aluminium stranded conductors (Third Revision),1996.0,Current,UNKNOWN,,Electrical cables and wiring,Medium,https://standards.bis.gov.in/website/standard-details?encryptedId=eyJpdiI6IjJwTzA1T1k1SGIxYVAwN0pjUW5FOVE9PSIsInZhbHVlIjoiS21abGFoMmVEYjlEdDIxZzFoNmQ1QT09IiwibWFjIjoiMzE5YWQ1YWZiZDJiNjk1OGZmZWExNDI4ZWRlZWFlMzljNDhiMTk4MjE1NWE5MWI1YWRlNmY2YjZhNzM4NDNkYyIsInRhZyI6IiJ9&standardNumber=IS%20398%20(Part%201):1996,IS 398,True,replacement not stated in source,BIS catalogue (verified),2028-12-31,No
IS 450,Cotton Covered Round Copper Conductors,1964.0,Withdrawn,IS 7391,,Electrical cables and wiring,Medium,https://standards.bis.gov.in/website/standard-details?encryptedId=eyJpdiI6InpKZ2l4UUMwdkRZL2E5cEdNUHlFWGc9PSIsInZhbHVlIjoiV3pHM0Rab01sTFFjZUQwekRPbzBsUT09IiwibWFjIjoiMGVhNzc2MjAzMjM5ODc0ZjNkMzdjNWQ1ZjdkM2RhMDBlOWUzOGI5MjY3NTFkNTI3NTgxYTZlNThkODUyMTNhYiIsInRhZyI6IiJ9&standardNumber=IS%20450:1964,IS 450,True,,BIS catalogue (verified) | amended from BIS portal 2026-09-10 (Status),,
IS 3480,Specification for flexible steel conduits for electrical wiring,1966.0,Current,IS 3480:2024,,Electrical cables and wiring,Medium,https://standards.bis.gov.in/website/standard-details?encryptedId=eyJpdiI6IjJhb1NIVnVNZXQrenRXaEFZS0pqUGc9PSIsInZhbHVlIjoiMlo1TlFEQjE0VXdTdkhjTW0wYmxqUT09IiwibWFjIjoiZGYyMzViNjk0ZTQ4NjU1ODAzMTcyNjljOTA1YWNjYmYzODMzMTQzMGIwNTE1MTNlNjBkY2FiZmFiMGQyNDk4OCIsInRhZyI6IiJ9&standardNumber=IS%203480:1966,IS 3480,True,,BIS catalogue (verified) | amended from BIS portal 2026-09-10 (Status),2029-07-31,No
IS 8270,"Guide for preparation of diagrams, charts and tables for electrotechnology: Part 6 unit wiring diagrams and tables",1983.0,Withdrawn,UNKNOWN,,Electrical cables and wiring,Medium,https://standards.bis.gov.in/website/standard-details?encryptedId=eyJpdiI6InBaN0NncmVwTFVGRjNvaGkwTXNqOFE9PSIsInZhbHVlIjoiN2xpNlZJRVRqZ1ozSzY5T3VjQUE2dz09IiwibWFjIjoiMzM0OTRkNTBlOWViYzhjNmZhNmE5NTllMDVkYzE4ZDZkZDdjMGQwOGUzYTA2NjQzODY1NmRlMzQyOTY4MTZlZSIsInRhZyI6IiJ9&standardNumber=IS%208270%20(Part%206):1983,IS 8270,True,replacement not stated in source,BIS catalogue (verified),2028-05-31,No
IS 1591,"Glossary of terms for cables, conductors and accessories",1960.0,Withdrawn,IS 1885,,Electrical cables and wiring,Medium,https://standards.bis.gov.in/website/standard-details?encryptedId=eyJpdiI6ImxHZVptdmJEdnpVcFBuYWlrcU84eUE9PSIsInZhbHVlIjoibC9lVnRDWktES2lQZnQ1ZGVZVFpxQT09IiwibWFjIjoiYzljOTVhZTZhOGIwZWExYTZkZWVjNmIxZWQzYWE0NjExZTk4YTBhYTgzMGU4ZDVlMmQ0ZWY2YTEzZmMxYzlkOSIsInRhZyI6IiJ9&standardNumber=IS%201591:1960,IS 1591,True,,BIS catalogue (verified) | amended from BIS portal 2026-09-10 (Status),,
IS 8395,Specification for cable terminations for automobile wiring: Part 2 bullet and tube connectors,1977.0,Current,UNKNOWN,,Electrical cables and wiring,Medium,https://standards.bis.gov.in/website/standard-details?encryptedId=eyJpdiI6IlNLeUN2MWk0UE5WVGhna01jWEg0dWc9PSIsInZhbHVlIjoiaE5pUms1TE9VYmUyVldOd2F6djFCZz09IiwibWFjIjoiNjE4ZDU5ZWM4MDU1YTZlZDZjNDE2NTkwY2ZkYzZkYWUyZTcxYWNiMWY5ZWUwZWUzMDA3YWE2OWMzOGI4NTgxMSIsInRhZyI6IiJ9&standardNumber=IS%208395%20(Part%202):1977,IS 8395,True,replacement not stated in source,BIS catalogue (verified),2031-02-28,No
IS 5054,Radio frequency and coaxial cable assemblies Part 4 RF coaxial connectors with inner diameter of outer conductor 16 mm 063 in with screw lock Characteristic impedance 50 type 7-16,2021.0,Current,UNKNOWN,,Electrical cables and wiring,Medium,https://standards.bis.gov.in/website/standard-details?encryptedId=eyJpdiI6IjlHc2lhSkVNQWFiNDFnSjg2b2VEUGc9PSIsInZhbHVlIjoiVDdGeTNmR3VjZ25JYmVLUFZKSUNvZz09IiwibWFjIjoiMzA3OTFjNTFjOGRiMWU5MjQwOWYyNTFiMjYwYTRiZGRmMjExZDFhZmMyMmIxYjNmZWYwMDBhNTJmZjFmNWE3OSIsInRhZyI6IiJ9&standardNumber=IS%205054%20(Part%204):2021,IS 5054,True,replacement not stated in source,BIS catalogue (verified),2028-12-11,No
IS 9891,Specification for edge connectors for printed wiring board and insulated board having a contact pitch of 2.54 mm: Part 1 test schedule and requirements,1981.0,Withdrawn,UNKNOWN,,Electrical cables and wiring,Medium,https://standards.bis.gov.in/website/standard-details?encryptedId=eyJpdiI6IjVFWnJrdktEdHhCL09XZEt6OStDMXc9PSIsInZhbHVlIjoiU2dWNlAzSEx2bEs0LzEwZDNnaENKQT09IiwibWFjIjoiY2ZmZjVhNmI5NzQ5NzAzNDc2MzBmNDBhODVmYmVhNGJiM2UyOTIzNjMzMDBlZDE1NTllMjQ5NmU5YTM0OGY5MCIsInRhZyI6IiJ9&standardNumber=IS%209891%20(Part%201):1981,IS 9891,True,replacement not stated in source,BIS catalogue (verified),2024-06-30,Yes
IS 1594,Metric sizes of copper wires and conductors for electrical purposes,1960.0,Withdrawn,UNKNOWN,,Electrical cables and wiring,Medium,https://standards.bis.gov.in/website/standard-details?encryptedId=eyJpdiI6IldSMldEVi9sR3dUakk0TVBJK3Uwc2c9PSIsInZhbHVlIjoiT2FoaTR6YS9LM3RFOE5SaGlNUTV3QT09IiwibWFjIjoiZmFjY2EzMWYyNTRkM2ViNWY0NzNlMzUyMmRmZGRiZWMwYjMyNTYzOTg1ZjI4ZDQ5MTc3N2JlN2Q5NTU4NjkxYiIsInRhZyI6IiJ9&standardNumber=IS%201594:1960,IS 1594,True,replacement not stated in source,BIS catalogue (verified),,
IS 1255,Code of practice for installation and maintenance of power cables up to and including 33 kV rating (Second Revision),1983.0,Current,UNKNOWN,,Electrical cables and wiring,High,https://standards.bis.gov.in/website/standard-details?encryptedId=eyJpdiI6InlGMzF4NGNTSDBOS1BsZElCN1R6MEE9PSIsInZhbHVlIjoiVTFKd0o4VDdValVsdUtHcVBnSytPdz09IiwibWFjIjoiMjVjMWI4NWM4YzZmZmI2N2QzNGJmOTg2ODVhMzQ1OWI5MDJkZjdiYjI3Y2RlZWE1NjhjNDNiODIxN2Y2ZWVmOSIsInRhZyI6IiJ9&standardNumber=IS%201255:1983,IS 1255,True,replacement not stated in source,BIS catalogue (verified),2031-05-29,No
IS 13313,Automotive vehicles - Electrical wiring - Colour coding,1991.0,Current,UNKNOWN,,Electrical cables and wiring,Medium,https://standards.bis.gov.in/website/standard-details?encryptedId=eyJpdiI6ImdQS2l6Ulk0L2txMjN5WFVNc2tWV0E9PSIsInZhbHVlIjoiUVZwL0tONHpWVlc0cTF2a2tPdCtYUT09IiwibWFjIjoiY2NhNjZjMjMwNzQzZWQxZWJkMTQ5MjMwZTczYjFjOThlZDQ1ZjI1NmZkODFiY2JmYmE3MzM3MWQ4YmM1ZjYxZiIsInRhZyI6IiJ9&standardNumber=IS%2013313:1991,IS 13313,True,replacement not stated in source,BIS catalogue (verified),2027-12-31,No
IS 7733,Code of practice for electrical wiring installations in hospitals,1975.0,Withdrawn,UNKNOWN,,Electrical cables and wiring,Medium,https://standards.bis.gov.in/website/standard-details?encryptedId=eyJpdiI6IkgxNGhFcFVpYVFVYmtBU0R0NEd0RFE9PSIsInZhbHVlIjoiaVRWQUc3eHpZMHBMVWZDY1ZGTUk2Zz09IiwibWFjIjoiMDBkZjFkYzYzOGYxMjE1ZTJmMGZiNDZjNTM2MzQzOWI3MWRjMmI3MmI1MmVkODFhZDgxNzUyYWYwMzFiNTIxNSIsInRhZyI6IiJ9&standardNumber=IS%207733:1975,IS 7733,True,replacement not stated in source,BIS catalogue (verified),,
IS 10242,Electrical installations in ships: Part 3 equipment: Sec 10 general construction and test requirements for low voltage shipboard power cables - Specification,1992.0,Withdrawn,UNKNOWN,,Electrical cables and wiring,Low,https://standards.bis.gov.in/website/standard-details?encryptedId=eyJpdiI6IktlUllVeGpNOUlaeTlZOXJRekpaVFE9PSIsInZhbHVlIjoiSEozOEhDOTVKaDIxSUNxcVloYVVBZz09IiwibWFjIjoiYzU2MTM1ZGJmN2RlMDZmYTViZmY2ODc3MjlmY2UzNDJhZjFkY2Q0ZjgxMDkzMzQwZjMzOWE5ZDI2MWM0NGI4NCIsInRhZyI6IiJ9&standardNumber=IS%2010242%20(Part%203%2FSec%2010):1992,IS 10242,True,replacement not stated in source,BIS catalogue (verified),2029-01-01,No
IS 12909,Power cables - Dimensions for moulds for cast resin based outdoor terminations for voltages above 1 100 volts and up to and including 1 1000 volts,1990.0,Current,UNKNOWN,,Electrical cables and wiring,Medium,https://standards.bis.gov.in/website/standard-details?encryptedId=eyJpdiI6Ijl3Y3MydnJVNnNwSmlxWVVkTTF5K3c9PSIsInZhbHVlIjoidnEwUlo2M3BXZlZoYjBZNU1nZnQ0Zz09IiwibWFjIjoiMDMyZGNlNGQ1ZGY0MDRmYzA5ZDQ0ZWQ2ZjQyY2JmMWYyNWYxNTFmMjQwODMyYzRiNTU3MTg5NzcxYjVlM2IwNiIsInRhZyI6IiJ9&standardNumber=IS%2012909:1990,IS 12909,True,replacement not stated in source,BIS catalogue (verified),2031-05-29,No
IS 13573,Cable accessories for extruded power cables - Specification: Part 1 for working voltages from 1.1 kV up to and including 3.3 kV (E) - Test methods and test requirements (First Revision),2011.0,Current,UNKNOWN,,Electrical cables and wiring,High,http://standards.bis.gov.in/website/standard-details?encryptedId=eyJpdiI6IkZkcXpNMWM0TzI4RFBCZWd0bVE2U0E9PSIsInZhbHVlIjoiVGNjVDVwRHpoejBlK3JKWkhYaTRLdz09IiwibWFjIjoiYTU1YzY3Yzc2ZmM4MGU3Y2JjYzFlY2I3NzkwODA1M2EzYTI0MzUyODllN2Q5NTAxMjY4YjNhYWQ0ZTM5OWM3NCIsInRhZyI6IiJ9&standardNumber=IS%2013573%20(Part%201):2011,IS 13573,True,replacement not stated in source,BIS catalogue (verified),2029-09-30,No
IS 2206,Flameproof Electric Lighting Fittings - Part 4 : Portable Flame-proof Handlamps and Approved Flexible Cables,1987.0,Withdrawn,UNKNOWN,,Electrical cables and wiring,Medium,https://standards.bis.gov.in/website/standard-details?encryptedId=eyJpdiI6IlNob0pRMHB6STVLbklsR2wyTGppeVE9PSIsInZhbHVlIjoiRkk3dXZXaDlHTUxPU1I2Qm5RSXo0Zz09IiwibWFjIjoiNWEzODQwNjljNzI0NzQ2YTQ2ZjNiNDA3MzRjMGI3Y2Y2ZGRkYjViM2IxNGVmNGQxYzA0YzNhZGMzYWMwNWI2MyIsInRhZyI6IiJ9&standardNumber=IS%202206%20(Part%204):1987,IS 2206,True,replacement not stated in source,BIS catalogue (verified),,
IS 3837,Specification for accessories for rigid steel conduits for electrical wiring (First Revision),1976.0,Current,UNKNOWN,,Electrical cables and wiring,Medium,https://standards.bis.gov.in/website/standard-details?encryptedId=eyJpdiI6IlhUOVVMYWRLekZqaUtpaW5HUjE5cEE9PSIsInZhbHVlIjoicEt4a00vNnVnV2lJMVdzb0xieUNXZz09IiwibWFjIjoiN2I5MTkyMjczZjcyOGVkNjBlNDVjZTAwZjRhMDY3Y2JlZmRlNDU1NjU1NjJlNjNhYWE1ODc4OTk5ZjA1MDE2YSIsInRhZyI6IiJ9&standardNumber=IS%203837:1976,IS 3837,True,replacement not stated in source,BIS catalogue (verified),2031-01-16,No
IS 14340,Brass for current carrying parts in electrical wiring accessories - Specification,1996.0,Current,UNKNOWN,,Electrical cables and wiring,Medium,https://standards.bis.gov.in/website/standard-details?encryptedId=eyJpdiI6IjlSdlcyQWJNb21SdnNPemZ4VnRLeWc9PSIsInZhbHVlIjoiV2xteGhmVkd6ODNJWDBvOGdvUTUwZz09IiwibWFjIjoiM2NiMDIyOGQxMTg4YjYyZjJiYzZjZmY0NGYwMDNmNzllY2MyOWI4OGI1NTI0ODViYzVlNDY1NmMyNjhlMjI5MiIsInRhZyI6IiJ9&standardNumber=IS%2014340:1996,IS 14340,True,replacement not stated in source,BIS catalogue (verified),2031-03-23,No
IS 692,Paper insulated lead-sheathed cables for rated voltage up to and including 33 kV - Specification,1994.0,Withdrawn,UNKNOWN,,Electrical cables and wiring,Medium,https://archive.org/details/gov.in.is.692.1994,IS 692,True,replacement not stated in source,BIS catalogue (verified) | amended from BIS portal 2026-09-10 (Status),2025-03-31,Yes
IS 1554 (Part 1),"PVC insulated (heavy duty) electric cables, Part 1: For working voltages up to and including 1 100 V",1988.0,Current,UNKNOWN,,Electrical cables and wiring,High,https://archive.org/details/gov.in.is.1554.1.1988,IS 1554,True,replacement not stated in source,BIS catalogue (verified),2025-02-01,Yes
IS 1554 (Part 2),"PVC insulated (heavy duty) electric cables, Part 2: For working voltages from 3.3 kV up to and including 11 kV",1988.0,Current,UNKNOWN,,Electrical cables and wiring,High,https://archive.org/details/gov.in.is.1554.2.1988,IS 1554,True,replacement not stated in source,BIS catalogue (verified),2025-02-01,Yes
IS 2465,Cables for motor vehicles,1984.0,Current,UNKNOWN,,Electrical cables and wiring,Low,https://archive.org/details/gov.in.is.2465.1984,IS 2465,True,replacement not stated in source,BIS catalogue (verified),2026-11-30,No
IS 2593,Flexible cables for miners' cap-lamps,2023.0,Current,UNKNOWN,,Electrical cables and wiring,Low,https://archive.org/details/gov.in.is.2593.1984,IS 2593,True,replacement not stated in source,BIS catalogue (verified) | amended from BIS portal 2026-09-10 (Year),2029-01-01,No
IS 3961 (Part 1),"Recommended current ratings for cables, Part 1: Paper insulated lead sheathed cables",1967.0,Current,UNKNOWN,,Electrical cables and wiring,Medium,https://archive.org/details/gov.in.is.3961.1.1967,IS 3961,True,replacement not stated in source,BIS catalogue (verified),2029-04-30,No
IS 3961 (Part 2),"Recommended current ratings for cables, Part 2: PVC insulated and PVC sheathed heavy duty cables",2017.0,Current,UNKNOWN,,Electrical cables and wiring,Medium,https://archive.org/details/gov.in.is.3961.2.1967,IS 3961,True,replacement not stated in source,BIS catalogue (verified) | amended from BIS portal 2026-09-10 (Year),2029-04-30,No
IS 3961 (Part 3),"Recommended current ratings for cables, Part 3: Rubber insulated cables",1968.0,Current,UNKNOWN,,Electrical cables and wiring,Medium,https://archive.org/details/gov.in.is.3961.3.1968,IS 3961,True,replacement not stated in source,BIS catalogue (verified),2029-04-30,No
IS 3961 (Part 5),"Recommended current ratings for cables, Part 5: PVC insulated light duty cables",1968.0,Current,UNKNOWN,,Electrical cables and wiring,Medium,https://archive.org/details/gov.in.is.3961.5.1968,IS 3961,True,replacement not stated in source,BIS catalogue (verified),2029-04-30,No
IS 4289 (Part 1),"Flexible cables for lifts and other flexible connections, Part 1: Elastomer insulated cables",1984.0,Current,UNKNOWN,,Electrical cables and wiring,Medium,https://archive.org/details/gov.in.is.4289.1.1984,IS 4289,True,replacement not stated in source,BIS catalogue (verified),2026-11-30,No
IS 4289 (Part 2),"Flexible cables for lifts and other flexible connections, Part 2: PVC insulated circular cables",2000.0,Current,UNKNOWN,,Electrical cables and wiring,Medium,https://archive.org/details/gov.in.is.4289.2.2000,IS 4289,True,replacement not stated in source,BIS catalogue (verified),2026-11-30,No
IS 5819,Recommended short-circuit ratings of high voltage PVC cables,2024.0,Current,UNKNOWN,,Electrical cables and wiring,Medium,https://archive.org/details/gov.in.is.5819.1970,IS 5819,True,replacement not stated in source,BIS catalogue (verified) | amended from BIS portal 2026-09-10 (Year),2029-08-31,No
IS 5831,PVC insulation and sheath of electric cables,1984.0,Current,UNKNOWN,,Electrical cables and wiring,High,https://archive.org/details/gov.in.is.5831.1984,IS 5831,True,replacement not stated in source,BIS catalogue (verified),2026-11-30,No
IS 5950,Shot firing cables (for use other than in shafts),2024.0,Current,UNKNOWN,,Electrical cables and wiring,Medium,https://archive.org/details/gov.in.is.5950.1984,IS 5950,True,replacement not stated in source,BIS catalogue (verified) | amended from BIS portal 2026-09-10 (Year),2029-08-31,No
IS 6380,Elastomeric insulation and sheath of electric cables,2024.0,Current,UNKNOWN,,Electrical cables and wiring,High,https://archive.org/details/gov.in.is.6380.1984,IS 6380,True,replacement not stated in source,BIS catalogue (verified) | amended from BIS portal 2026-09-10 (Year),2029-09-30,No
IS 6554,Soldering ferrules of straight-through joints,1983.0,Withdrawn,UNKNOWN,,Electrical cables and wiring,Medium,https://archive.org/details/gov.in.is.6554.1983,IS 6554,True,replacement not stated in source,BIS catalogue (verified) | amended from BIS portal 2026-09-10 (Status),2026-11-30,No
IS 7093,Straight through joint boxes and lead sleeves for paper insulated lead sheathed cables up to and including 11 kV,1973.0,Current,UNKNOWN,,Electrical cables and wiring,Medium,https://archive.org/details/gov.in.is.7093.1973,IS 7093,True,replacement not stated in source,BIS catalogue (verified),2031-05-29,No
IS 7098 (Part 1),"Crosslinked polyethylene insulated PVC sheathed cables, Part 1: For working voltage up to and including 1 100 V",2025.0,Current,UNKNOWN,,Electrical cables and wiring,High,https://archive.org/details/gov.in.is.7098.1.1988,IS 7098,True,replacement not stated in source,BIS catalogue (verified) | amended from BIS portal 2026-09-10 (Year),2030-11-24,No
IS 7098 (Part 2),"Crosslinked polyethylene insulated thermoplastics sheathed cables, Part 2: For working voltages from 3.3 kV up to and including 33 kV",2011.0,Current,UNKNOWN,,Electrical cables and wiring,High,https://archive.org/details/gov.in.is.7098.2.2011,IS 7098,True,replacement not stated in source,BIS catalogue (verified),2030-11-24,No
IS 7098 (Part 3),"Cross-linked polyethylene insulated thermoplastic sheathed cables, Part 3: For working voltages from 66 kV up to and including 220 kV",1993.0,Current,UNKNOWN,,Electrical cables and wiring,High,https://archive.org/details/gov.in.is.7098.3.1993,IS 7098,True,replacement not stated in source,BIS catalogue (verified),2030-11-24,No
IS 8130,Conductors for insulated electric cables and flexible cords,2013.0,Current,UNKNOWN,IS 1753; IS 12982,Electrical cables and wiring,High,https://archive.org/details/gov.in.is.8130.1984,IS 8130,True,replacement not stated in source,BIS catalogue (verified),2030-11-24,No
IS 8308,Compression type tubular in-line connectors for aluminium conductors of insulated cables,1993.0,Current,UNKNOWN,,Electrical cables and wiring,Medium,https://archive.org/details/gov.in.is.8308.1993,IS 8308,True,replacement not stated in source,BIS catalogue (verified),2031-05-29,No
IS 8309,Compression type tubular terminal ends for aluminium conductors of insulated cables,1993.0,Current,UNKNOWN,,Electrical cables and wiring,Medium,https://archive.org/details/gov.in.is.8309.1993,IS 8309,True,replacement not stated in source,BIS catalogue (verified),2031-05-29,No
IS 8337,Performance requirements of compression joints of aluminium conductors in insulated cables,1976.0,Current,UNKNOWN,,Electrical cables and wiring,Medium,https://archive.org/details/gov.in.is.8337.1976,IS 8337,True,replacement not stated in source,BIS catalogue (verified),2031-05-29,No
IS 8394,Soldering and welding type terminal ends for conductors of insulated cables,1977.0,Current,UNKNOWN,,Electrical cables and wiring,Medium,https://archive.org/details/gov.in.is.8394.1977,IS 8394,True,replacement not stated in source,BIS catalogue (verified),2031-05-29,No
IS 8438,Moulds of cast resin based straight through joints for cables for voltages up to and including 1 100 V,1987.0,Current,UNKNOWN,,Electrical cables and wiring,Medium,https://archive.org/details/gov.in.is.8438.1987,IS 8438,True,replacement not stated in source,BIS catalogue (verified),2031-05-29,No
IS 9553,Moulds suitable for cast resin based terminations for cables for voltages up to and including 1 000 V,1987.0,Current,UNKNOWN,,Electrical cables and wiring,Medium,https://archive.org/details/gov.in.is.9553.1987,IS 9553,True,replacement not stated in source,BIS catalogue (verified),2031-05-29,No
IS 9646,Moulds suitable for cast resin-based joints for cables for voltages up to and including 1 100 V,1992.0,Current,UNKNOWN,,Electrical cables and wiring,Medium,https://archive.org/details/gov.in.is.9646.1992,IS 9646,True,replacement not stated in source,BIS catalogue (verified),2031-05-29,No
IS 9857,Welding cables,1990.0,Current,UNKNOWN,,Electrical cables and wiring,Medium,https://archive.org/details/gov.in.is.9857.1990,IS 9857,True,replacement not stated in source,BIS catalogue (verified),2031-05-29,No
IS 9968 (Part 1),"Elastomer insulated cables, Part 1: For working voltages up to and including 1 100 V",1988.0,Superseded,UNKNOWN,,Electrical cables and wiring,High,https://archive.org/details/gov.in.is.9968.1.1988,IS 9968,True,replacement not stated in source,BIS catalogue (verified) | amended from BIS portal 2026-09-10 (Status),2031-03-18,No
IS 9968 (Part 2),"Elastomer-insulated cables, Part 2: For working voltages from 3.3 kV up to and including 33 kV",2002.0,Current,UNKNOWN,,Electrical cables and wiring,High,https://archive.org/details/gov.in.is.9968.2.2002,IS 9968,True,replacement not stated in source,BIS catalogue (verified),2031-03-18,No
IS 10418,Drums for electric cables,2024.0,Current,UNKNOWN,,Electrical cables and wiring,Medium,https://archive.org/details/gov.in.is.10418.1982,IS 10418,True,replacement not stated in source,BIS catalogue (verified) | amended from BIS portal 2026-09-10 (Year),2029-01-31,No
IS 10435 (Part 1),"Inverted type cable end boxes for outdoor terminations suitable for paper insulated cables, Part 1: Belted type, multicore cables up to and including 11 kV grade",1983.0,Withdrawn,UNKNOWN,,Electrical cables and wiring,Medium,https://archive.org/details/gov.in.is.10435.1.1983,IS 10435,True,replacement not stated in source,BIS catalogue (verified) | amended from BIS portal 2026-09-10 (Status),2026-11-30,No
IS 10462 (Part 1),"Fictitious calculation method for determination of dimensions of protective coverings of cables, Part 1: Elastomeric and thermoplastic insulated cables",1983.0,Current,UNKNOWN,,Electrical cables and wiring,Medium,https://archive.org/details/gov.in.is.10462.1.1983,IS 10462,True,replacement not stated in source,BIS catalogue (verified),2026-11-30,No
IS 10462 (Part 2),"Fictitious calculation method for determination of dimensions of protective coverings of cables, Part 2: Paper insulated cables",1991.0,Current,UNKNOWN,,Electrical cables and wiring,Medium,https://archive.org/details/gov.in.is.10462.2.1991,IS 10462,True,replacement not stated in source,BIS catalogue (verified),2026-11-30,No
IS 10606,Cast iron joint boxes for tee and branch trouser joints suitable for paper insulated cables for voltages up to and including 11 kV,1983.0,Withdrawn,UNKNOWN,,Electrical cables and wiring,Medium,https://archive.org/details/gov.in.is.10606.1983,IS 10606,True,replacement not stated in source,BIS catalogue (verified) | amended from BIS portal 2026-09-10 (Status),2026-11-30,No
IS 10810 (Part 0),"Method of test for cables, Part 0: General",1984.0,Current,UNKNOWN,,Electrical cables and wiring,Medium,https://archive.org/details/gov.in.is.10810.0.1984,IS 10810,True,replacement not stated in source,BIS catalogue (verified),2026-11-30,No
IS 10810 (Part 1),"Methods of test for cables, Part 1: Annealing test for wires used in conductors",1984.0,Current,UNKNOWN,,Electrical cables and wiring,Medium,https://archive.org/details/gov.in.is.10810.1.1984,IS 10810,True,replacement not stated in source,BIS catalogue (verified),2026-11-30,No
IS 10810 (Part 2),"Methods of test for cables, Part 2: Tensile test for aluminium wires",1984.0,Current,UNKNOWN,,Electrical cables and wiring,Medium,https://archive.org/details/gov.in.is.10810.2.1984,IS 10810,True,replacement not stated in source,BIS catalogue (verified),2026-11-30,No
IS 10810 (Part 3),"Methods of test for cables, Part 3: Wrapping test for aluminium wires",1984.0,Current,UNKNOWN,,Electrical cables and wiring,Medium,https://archive.org/details/gov.in.is.10810.3.1984,IS 10810,True,replacement not stated in source,BIS catalogue (verified),2026-11-30,No
IS 10810 (Part 4),"Methods of test for cables, Part 4: Persulphate test of conductor",1984.0,Current,UNKNOWN,,Electrical cables and wiring,Medium,https://archive.org/details/gov.in.is.10810.4.1984,IS 10810,True,replacement not stated in source,BIS catalogue (verified),2026-11-30,No
IS 10810 (Part 5),"Methods of test for cables, Part 5: Conductor resistance test",1984.0,Current,UNKNOWN,,Electrical cables and wiring,Medium,https://archive.org/details/gov.in.is.10810.5.1984,IS 10810,True,replacement not stated in source,BIS catalogue (verified),2026-11-30,No
IS 10810 (Part 6),"Methods of test for cables, Part 6: Thickness of thermoplastic and elastomeric insulation and sheath",1984.0,Current,UNKNOWN,,Electrical cables and wiring,Medium,https://archive.org/details/gov.in.is.10810.6.1984,IS 10810,True,replacement not stated in source,BIS catalogue (verified),2026-11-30,No
IS 10810 (Part 7),"Methods of test for cables, Part 7: Tensile strength and elongation at break of thermoplastic and elastomeric insulation and sheath",1984.0,Current,UNKNOWN,,Electrical cables and wiring,Medium,https://archive.org/details/gov.in.is.10810.7.1984,IS 10810,True,replacement not stated in source,BIS catalogue (verified),2026-11-30,No
IS 10810 (Part 8),"Method of test for cables, Part 8: Breaking strength and elongation at break for impregnated paper insulation",1984.0,Current,UNKNOWN,,Electrical cables and wiring,Medium,https://archive.org/details/gov.in.is.10810.8.1984,IS 10810,True,replacement not stated in source,BIS catalogue (verified),2026-11-30,No
IS 10810 (Part 9),"Methods of test for cables, Part 9: Tear resistance for paper insulation",1984.0,Current,UNKNOWN,,Electrical cables and wiring,Medium,https://archive.org/details/gov.in.is.10810.9.1984,IS 10810,True,replacement not stated in source,BIS catalogue (verified),2026-11-30,No
IS 10810 (Part 10),"Methods of test for cables, Part 10: Loss of mass test",1984.0,Current,UNKNOWN,,Electrical cables and wiring,Medium,https://archive.org/details/gov.in.is.10810.10.1984,IS 10810,True,replacement not stated in source,BIS catalogue (verified),2026-11-30,No
IS 10810 (Part 11),"Methods of test for cables, Part 11: Thermal ageing in air",1984.0,Current,UNKNOWN,,Electrical cables and wiring,Medium,https://archive.org/details/gov.in.is.10810.11.1984,IS 10810,True,replacement not stated in source,BIS catalogue (verified),2026-11-30,No
IS 10810 (Part 12),"Methods of test for cables, Part 12: Shrinkage test",1984.0,Current,UNKNOWN,,Electrical cables and wiring,Medium,https://archive.org/details/gov.in.is.10810.12.1984,IS 10810,True,replacement not stated in source,BIS catalogue (verified),2026-11-30,No
IS 10810 (Part 13),"Methods of test for cables, Part 13: Ozone resistance test",1984.0,Current,UNKNOWN,,Electrical cables and wiring,Medium,https://archive.org/details/gov.in.is.10810.13.1984,IS 10810,True,replacement not stated in source,BIS catalogue (verified),2026-11-30,No
IS 10810 (Part 14),"Methods of test for cables, Part 14: Heat shock test",1984.0,Current,UNKNOWN,,Electrical cables and wiring,Medium,https://archive.org/details/gov.in.is.10810.14.1984,IS 10810,True,replacement not stated in source,BIS catalogue (verified),2026-11-30,No
IS 10810 (Part 15),"Methods of test for cables, Part 15: Hot deformation test",1984.0,Current,UNKNOWN,,Electrical cables and wiring,Medium,https://archive.org/details/gov.in.is.10810.15.1984,IS 10810,True,replacement not stated in source,BIS catalogue (verified),2026-11-30,No
IS 10810 (Part 16),"Methods of test for cables, Part 16: Accelerated ageing test by oxygen pressure method",1986.0,Current,UNKNOWN,,Electrical cables and wiring,Medium,https://archive.org/details/gov.in.is.10810.16.1986,IS 10810,True,replacement not stated in source,BIS catalogue (verified),2026-11-30,No
IS 10810 (Part 17),"Methods of test for cables, Part 17: Tear resistance test for heavy duty sheath",1986.0,Current,UNKNOWN,,Electrical cables and wiring,Medium,https://archive.org/details/gov.in.is.10810.17.1986,IS 10810,True,replacement not stated in source,BIS catalogue (verified),2026-11-30,No
IS 10810 (Part 19),"Methods of test for cables, Part 19: Bleeding and blooming test",1984.0,Current,UNKNOWN,,Electrical cables and wiring,Medium,https://archive.org/details/gov.in.is.10810.19.1984,IS 10810,True,replacement not stated in source,BIS catalogue (verified),2026-11-30,No
IS 10810 (Part 20),"Methods of test for cables, Part 20: Cold bend test",1984.0,Current,UNKNOWN,,Electrical cables and wiring,Medium,https://archive.org/details/gov.in.is.10810.20.1984,IS 10810,True,replacement not stated in source,BIS catalogue (verified),2026-11-30,No
IS 10810 (Part 21),"Methods of test for cables, Part 21: Cold impact test",1984.0,Current,UNKNOWN,,Electrical cables and wiring,Medium,https://archive.org/details/gov.in.is.10810.21.1984,IS 10810,True,replacement not stated in source,BIS catalogue (verified),2026-11-30,No
IS 10810 (Part 22),"Methods of test for cables, Part 22: Vicat softening point",1984.0,Current,UNKNOWN,,Electrical cables and wiring,Medium,https://archive.org/details/gov.in.is.10810.22.1984,IS 10810,True,replacement not stated in source,BIS catalogue (verified),2026-11-30,No
IS 10810 (Part 23),"Methods of test for cables, Part 23: Melt-flow index",1984.0,Current,UNKNOWN,,Electrical cables and wiring,Medium,https://archive.org/details/gov.in.is.10810.23.1984,IS 10810,True,replacement not stated in source,BIS catalogue (verified),2026-11-30,No
IS 10810 (Part 24),"Methods of test for cables, Part 24: Water soluble impurities test of insulating paper",1984.0,Current,UNKNOWN,,Electrical cables and wiring,Medium,https://archive.org/details/gov.in.is.10810.24.1984,IS 10810,True,replacement not stated in source,BIS catalogue (verified),2026-11-30,No
IS 10810 (Part 25),"Methods of test for cables, Part 25: Conductivity of water extract test of insulating paper",1984.0,Current,UNKNOWN,,Electrical cables and wiring,Medium,https://archive.org/details/gov.in.is.10810.25.1984,IS 10810,True,replacement not stated in source,BIS catalogue (verified),2026-11-30,No
IS 10810 (Part 26),"Methods of test for cables, Part 26: pH value of water extract test of insulating paper",1984.0,Current,UNKNOWN,,Electrical cables and wiring,Medium,https://archive.org/details/gov.in.is.10810.26.1984,IS 10810,True,replacement not stated in source,BIS catalogue (verified),2026-11-30,No
IS 10810 (Part 27),"Methods of test for cables, Part 27: Ash content test of insulating paper",1984.0,Current,UNKNOWN,,Electrical cables and wiring,Medium,https://archive.org/details/gov.in.is.10810.27.1984,IS 10810,True,replacement not stated in source,BIS catalogue (verified),2026-11-30,No
IS 10810 (Part 28),"Methods of test for cables, Part 28: Water absorption test (electrical)",1984.0,Current,UNKNOWN,,Electrical cables and wiring,Medium,https://archive.org/details/gov.in.is.10810.28.1984,IS 10810,True,replacement not stated in source,BIS catalogue (verified),2026-11-30,No
IS 10810 (Part 29),"Methods of test for cables, Part 29: Environmental stress cracking test",1984.0,Current,UNKNOWN,,Electrical cables and wiring,Medium,https://archive.org/details/gov.in.is.10810.29.1984,IS 10810,True,replacement not stated in source,BIS catalogue (verified),2026-11-30,No
IS 10810 (Part 30),"Methods of test for cables, Part 30: Hot set test",1984.0,Current,UNKNOWN,,Electrical cables and wiring,Medium,https://archive.org/details/gov.in.is.10810.30.1984,IS 10810,True,replacement not stated in source,BIS catalogue (verified),2026-11-30,No
IS 10810 (Part 31),"Methods of test for cables, Part 31: Oil resistance test",1984.0,Current,UNKNOWN,,Electrical cables and wiring,Medium,https://archive.org/details/gov.in.is.10810.31.1984,IS 10810,True,replacement not stated in source,BIS catalogue (verified),2026-11-30,No
IS 10810 (Part 32),"Methods of test for cables, Part 32: Carbon content test for polyethylene",1984.0,Current,UNKNOWN,,Electrical cables and wiring,Medium,https://archive.org/details/gov.in.is.10810.32.1984,IS 10810,True,replacement not stated in source,BIS catalogue (verified),2026-11-30,No
IS 10810 (Part 33),"Methods of test for cables, Part 33: Water absorption test (gravimetric)",1984.0,Current,UNKNOWN,,Electrical cables and wiring,Medium,https://archive.org/details/gov.in.is.10810.33.1984,IS 10810,True,replacement not stated in source,BIS catalogue (verified),2026-11-30,No
IS 10810 (Part 34),"Methods of test for cables, Part 34: Measurement of thickness of metallic sheath",1984.0,Current,UNKNOWN,,Electrical cables and wiring,Medium,https://archive.org/details/gov.in.is.10810.34.1984,IS 10810,True,replacement not stated in source,BIS catalogue (verified),2026-11-30,No
IS 10810 (Part 35),"Methods of test for cables, Part 35: Determination of tin in lead alloy for sheathing",1984.0,Current,UNKNOWN,,Electrical cables and wiring,Medium,https://archive.org/details/gov.in.is.10810.35.1984,IS 10810,True,replacement not stated in source,BIS catalogue (verified),2026-11-30,No
IS 10810 (Part 36),"Methods of test for cables, Part 36: Dimensions of armouring material",1984.0,Current,UNKNOWN,,Electrical cables and wiring,Medium,https://archive.org/details/gov.in.is.10810.36.1984,IS 10810,True,replacement not stated in source,BIS catalogue (verified),2026-11-30,No
IS 10810 (Part 37),"Methods of test for cables, Part 37: Tensile strength and elongation at break of armouring materials",1984.0,Current,UNKNOWN,,Electrical cables and wiring,Medium,https://archive.org/details/gov.in.is.10810.37.1984,IS 10810,True,replacement not stated in source,BIS catalogue (verified),2026-11-30,No
IS 10810 (Part 38),"Methods of test for cables, Part 38: Torsion test on galvanized steel wires for armouring",1984.0,Current,UNKNOWN,,Electrical cables and wiring,Medium,https://archive.org/details/gov.in.is.10810.38.1984,IS 10810,True,replacement not stated in source,BIS catalogue (verified),2026-11-30,No
IS 10810 (Part 39),"Methods of test for cables, Part 39: Winding test on galvanized steel strips for armouring",1984.0,Current,UNKNOWN,,Electrical cables and wiring,Medium,https://archive.org/details/gov.in.is.10810.39.1984,IS 10810,True,replacement not stated in source,BIS catalogue (verified),2026-11-30,No
IS 10810 (Part 40),"Methods of test for cables, Part 40: Uniformity of zinc coating on steel armour",1984.0,Current,UNKNOWN,,Electrical cables and wiring,Medium,https://archive.org/details/gov.in.is.10810.40.1984,IS 10810,True,replacement not stated in source,BIS catalogue (verified),2026-11-30,No
IS 10810 (Part 41),"Methods of test for cables, Part 41: Mass of zinc coating on steel armour",1984.0,Current,UNKNOWN,,Electrical cables and wiring,Medium,https://archive.org/details/gov.in.is.10810.41.1984,IS 10810,True,replacement not stated in source,BIS catalogue (verified),2026-11-30,No
IS 10810 (Part 42),"Methods of test for cables, Part 42: Resistivity test of armour wires and strips and conductance test of armour (wires/strips)",1984.0,Current,UNKNOWN,,Electrical cables and wiring,Medium,https://archive.org/details/gov.in.is.10810.42.1984,IS 10810,True,replacement not stated in source,BIS catalogue (verified),2026-11-30,No
IS 10810 (Part 43),"Methods of test for cables, Part 43: Insulation resistance",1984.0,Current,UNKNOWN,,Electrical cables and wiring,Medium,https://archive.org/details/gov.in.is.10810.43.1984,IS 10810,True,replacement not stated in source,BIS catalogue (verified),2026-11-30,No
IS 10810 (Part 44),"Methods of test for cables, Part 44: Spark test",1984.0,Current,UNKNOWN,,Electrical cables and wiring,Medium,https://archive.org/details/gov.in.is.10810.44.1984,IS 10810,True,replacement not stated in source,BIS catalogue (verified),2026-11-30,No
IS 10810 (Part 45),"Methods of test for cables, Part 45: High voltage test",1984.0,Current,UNKNOWN,,Electrical cables and wiring,Medium,https://archive.org/details/gov.in.is.10810.45.1984,IS 10810,True,replacement not stated in source,BIS catalogue (verified),2026-11-30,No
IS 10810 (Part 46),"Methods of test for cables, Part 46: Partial discharge test",1984.0,Current,UNKNOWN,,Electrical cables and wiring,Medium,https://archive.org/details/gov.in.is.10810.46.1984,IS 10810,True,replacement not stated in source,BIS catalogue (verified),2026-11-30,No
IS 10810 (Part 47),"Methods of test for cables, Part 47: Impulse test",1984.0,Current,UNKNOWN,,Electrical cables and wiring,Medium,https://archive.org/details/gov.in.is.10810.47.1984,IS 10810,True,replacement not stated in source,BIS catalogue (verified),2026-11-30,No
IS 10810 (Part 48),"Methods of test for cables, Part 48: Dielectric power factor test",1984.0,Current,UNKNOWN,,Electrical cables and wiring,Medium,https://archive.org/details/gov.in.is.10810.48.1984,IS 10810,True,replacement not stated in source,BIS catalogue (verified),2026-11-30,No
IS 10810 (Part 49),"Methods of test for cables, Part 49: Heating cycle test",1984.0,Current,UNKNOWN,,Electrical cables and wiring,Medium,https://archive.org/details/gov.in.is.10810.49.1984,IS 10810,True,replacement not stated in source,BIS catalogue (verified),2026-11-30,No
IS 10810 (Part 50),"Methods of test for cables, Part 50: Bending test",1984.0,Current,UNKNOWN,,Electrical cables and wiring,Medium,https://archive.org/details/gov.in.is.10810.50.1984,IS 10810,True,replacement not stated in source,BIS catalogue (verified),2026-11-30,No
IS 10810 (Part 51),"Methods of test for cables, Part 51: Dripping test",1984.0,Current,UNKNOWN,,Electrical cables and wiring,Medium,https://archive.org/details/gov.in.is.10810.51.1984,IS 10810,True,replacement not stated in source,BIS catalogue (verified),2026-11-30,No
IS 10810 (Part 52),"Methods of test for cables, Part 52: Drainage test",1984.0,Current,UNKNOWN,,Electrical cables and wiring,Medium,https://archive.org/details/gov.in.is.10810.52.1984,IS 10810,True,replacement not stated in source,BIS catalogue (verified),2026-11-30,No
IS 10810 (Part 53),"Methods of test for cables, Part 53: Flammability test",1984.0,Current,UNKNOWN,,Electrical cables and wiring,Medium,https://archive.org/details/gov.in.is.10810.53.1984,IS 10810,True,replacement not stated in source,BIS catalogue (verified),2026-11-30,No
IS 10810 (Part 54),"Methods of test for cables, Part 54: Static flexibility test",1984.0,Current,UNKNOWN,,Electrical cables and wiring,Medium,https://archive.org/details/gov.in.is.10810.54.1984,IS 10810,True,replacement not stated in source,BIS catalogue (verified),2026-11-30,No
IS 10810 (Part 55),"Methods of test for cables, Part 55: Abrasion test",1986.0,Current,UNKNOWN,,Electrical cables and wiring,Medium,https://archive.org/details/gov.in.is.10810.55.1986,IS 10810,True,replacement not stated in source,BIS catalogue (verified),2026-11-30,No
IS 10810 (Part 56),"Methods of test for cables, Part 56: Accelerated ageing by the air-pressure method",1987.0,Current,UNKNOWN,,Electrical cables and wiring,Medium,https://archive.org/details/gov.in.is.10810.56.1987,IS 10810,True,replacement not stated in source,BIS catalogue (verified),2026-11-30,No
IS 10810 (Part 57),"Methods of test for cables, Part 57: Flexing test",1987.0,Current,UNKNOWN,,Electrical cables and wiring,Medium,https://archive.org/details/gov.in.is.10810.57.1987,IS 10810,True,replacement not stated in source,BIS catalogue (verified),2026-11-30,No
IS 10810 (Part 58),"Methods of test for cables, Part 58: Oxygen index test",1998.0,Current,UNKNOWN,,Electrical cables and wiring,Medium,https://archive.org/details/gov.in.is.10810.58.1998,IS 10810,True,replacement not stated in source,BIS catalogue (verified),2026-11-30,No
IS 10810 (Part 59),"Methods of test for cables, Part 59: Determination of the amount of halogen acid gas evolved during combustion of polymeric materials taken from cables",1988.0,Current,UNKNOWN,,Electrical cables and wiring,Medium,https://archive.org/details/gov.in.is.10810.59.1988,IS 10810,True,replacement not stated in source,BIS catalogue (verified),2026-11-30,No
IS 10810 (Part 60),"Methods of test for cables, Part 60: Thermal stability of PVC insulation and sheath",1988.0,Current,UNKNOWN,,Electrical cables and wiring,Medium,https://archive.org/details/gov.in.is.10810.60.1988,IS 10810,True,replacement not stated in source,BIS catalogue (verified),2026-11-30,No
IS 10810 (Part 61),"Methods of test for cables, Part 61: Flame retardant test",1988.0,Current,UNKNOWN,,Electrical cables and wiring,Medium,https://archive.org/details/gov.in.is.10810.61.1988,IS 10810,True,replacement not stated in source,BIS catalogue (verified),2026-11-30,No
IS 10810 (Part 62),"Methods of test for cables, Part 62: Fire resistance test for bunched cables",1993.0,Current,UNKNOWN,,Electrical cables and wiring,Medium,https://archive.org/details/gov.in.is.10810.62.1993,IS 10810,True,replacement not stated in source,BIS catalogue (verified),2026-11-30,No
IS 10810 (Part 63),"Methods of test for cables, Part 63: Smoke density of electric cables under fire conditions",1993.0,Current,UNKNOWN,,Electrical cables and wiring,Medium,https://archive.org/details/gov.in.is.10810.63.1993,IS 10810,True,replacement not stated in source,BIS catalogue (verified),2026-11-30,No
IS 10810 (Part 64),"Methods of test for cables, Part 64: Measurement of temperature index",2003.0,Current,UNKNOWN,,Electrical cables and wiring,Medium,https://archive.org/details/gov.in.is.10810.64.2003,IS 10810,True,replacement not stated in source,BIS catalogue (verified),2026-11-30,No
IS 10877,Dimensions for moulds for cast resin based indoor terminations for cables for working voltages from 3.3 kV up to and including 11 kV,1984.0,Current,UNKNOWN,,Electrical cables and wiring,Medium,https://archive.org/details/gov.in.is.10877.1984,IS 10877,True,replacement not stated in source,BIS catalogue (verified),2026-11-30,No
IS 11979,Moulds for cast resin based straight through joints for cables for working voltages from 3.3 kV up to and including 11 kV,1987.0,Current,UNKNOWN,,Electrical cables and wiring,Medium,https://archive.org/details/gov.in.is.11979.1987,IS 11979,True,replacement not stated in source,BIS catalogue (verified),2031-05-29,No
IS 12943,Brass glands for PVC cables,1990.0,Current,UNKNOWN,,Electrical cables and wiring,Medium,https://archive.org/details/gov.in.is.12943.1990,IS 12943,True,replacement not stated in source,BIS catalogue (verified),2031-05-29,No
IS 13573 (Part 1),"Cable accessories for extruded power cables, Part 1: For working voltages from 1.1 kV up to and including 3.3 kV (E) - Test methods and test requirements",2011.0,Current,UNKNOWN,,Electrical cables and wiring,High,https://archive.org/details/gov.in.is.13573.1.2011,IS 13573,True,replacement not stated in source,BIS catalogue (verified),2029-09-30,No
IS 13573 (Part 2),"Cable accessories for extruded power cables, Part 2: For working voltages from 3.3 kV (UE) up to and including 33 kV (E) - Test requirements",2011.0,Current,UNKNOWN,,Electrical cables and wiring,High,https://archive.org/details/gov.in.is.13573.2.2011,IS 13573,True,replacement not stated in source,BIS catalogue (verified),2029-09-30,No
IS 13573 (Part 3),"Cable accessories for extruded power cables, Part 3: For working voltages from 3.3 kV (UE) up to and including 33 kV (E) - Test methods",2011.0,Current,UNKNOWN,,Electrical cables and wiring,High,https://archive.org/details/gov.in.is.13573.3.2011,IS 13573,True,replacement not stated in source,BIS catalogue (verified),2029-09-30,No
IS 13705,Transition joints of cables for working voltages from 11 kV up to and including 33 kV - Performance requirements and type tests,1993.0,Withdrawn,UNKNOWN,,Electrical cables and wiring,Medium,https://archive.org/details/gov.in.is.13705.1993,IS 13705,True,replacement not stated in source,BIS catalogue (verified) | amended from BIS portal 2026-09-10 (Status),2029-05-31,No
IS 14255,Aerial bunched cables for working voltages up to and including 1 100 V - Specification,1995.0,Current,UNKNOWN,,Electrical cables and wiring,High,https://archive.org/details/gov.in.is.14255.1995,IS 14255,True,replacement not stated in source,BIS catalogue (verified),2025-01-01,Yes
IS 14494,Elastomer insulated flexible cables for use in mines (combined revision of IS 691 and IS 1026),2019.0,Current,UNKNOWN,IS 691; IS 1026,Electrical cables and wiring,Medium,https://archive.org/details/gov.in.is.14494.1998,IS 14494,True,replacement not stated in source,BIS catalogue (verified) | amended from BIS portal 2026-09-10 (Year),2029-05-31,No
IS 1944 (Parts 1 and 2),"Code of practice for lighting of public thoroughfares, Parts 1 and 2: For main and secondary roads (Groups A and B)",1970.0,Current,UNKNOWN,,LED lighting,Medium,https://archive.org/details/gov.in.is.1944.1-2.1970,IS 1944,True,replacement not stated in source,BIS catalogue (verified),2029-05-31,No
IS 1944 (Part 5),"Code of practice for lighting of public thoroughfares, Part 5: Lighting for grade separated junctions, bridges and elevated roads (Group D)",1981.0,Current,UNKNOWN,,LED lighting,Medium,https://archive.org/details/gov.in.is.1944.5.1981,IS 1944,True,replacement not stated in source,BIS catalogue (verified),2029-05-31,No
IS 1944 (Part 6),"Code of practice for lighting of public thoroughfares, Part 6: Lighting for towns and city centres and areas of civic importance (Group E)",1981.0,Current,UNKNOWN,,LED lighting,Medium,https://archive.org/details/gov.in.is.1944.6.1981,IS 1944,True,replacement not stated in source,BIS catalogue (verified),2029-05-31,No
IS 1944 (Part 7),"Code of practice for lighting of public thoroughfares, Part 7: Lighting for roads with special requirements (Group F)",1981.0,Current,UNKNOWN,,LED lighting,Medium,https://archive.org/details/gov.in.is.1944.7.1981,IS 1944,True,replacement not stated in source,BIS catalogue (verified),2029-05-31,No
IS 2206 (Part 1),"Flameproof electric lighting fittings, Part 1: Well-glass and bulkhead types",1984.0,Withdrawn,UNKNOWN,,LED lighting,Medium,https://archive.org/details/gov.in.is.2206.1.1984,IS 2206,True,replacement not stated in source,BIS catalogue (verified) | amended from BIS portal 2026-09-10 (Status),,
IS 2206 (Part 3),"Flameproof electric lighting fittings, Part 3: Fittings using fluorescent lamps and plastic covers",1989.0,Current,UNKNOWN,,LED lighting,Medium,https://archive.org/details/gov.in.is.2206.3.1989,IS 2206,True,replacement not stated in source,BIS catalogue (verified),,
IS 2672,Code of practice for library lighting,1966.0,Withdrawn,UNKNOWN,,LED lighting,Medium,https://archive.org/details/gov.in.is.2672.1966,IS 2672,True,replacement not stated in source,BIS catalogue (verified) | amended from BIS portal 2026-09-10 (Status),2020-03-31,Yes
IS 3528,Waterproof electric lighting fittings,1966.0,Withdrawn,UNKNOWN,,LED lighting,Medium,https://archive.org/details/gov.in.is.3528.1966,IS 3528,True,replacement not stated in source,BIS catalogue (verified) | amended from BIS portal 2026-09-10 (Status),,
IS 3553,Watertight electric lighting fittings,1966.0,Withdrawn,UNKNOWN,,LED lighting,Medium,https://archive.org/details/gov.in.is.3553.1966,IS 3553,True,replacement not stated in source,BIS catalogue (verified) | amended from BIS portal 2026-09-10 (Status),,
IS 3646 (Part 1),"Code of practice for interior illumination, Part 1: General requirements and recommendations for working interiors",2025.0,Current,UNKNOWN,,LED lighting,Medium,https://archive.org/details/gov.in.is.3646.1.1992,IS 3646,True,replacement not stated in source,BIS catalogue (verified) | amended from BIS portal 2026-09-10 (Year),2030-07-31,No
IS 3646 (Part 2),"Code of practice for interior illumination, Part 2: Schedule of illumination and glare index",1966.0,Current,UNKNOWN,,LED lighting,Medium,https://archive.org/details/gov.in.is.3646.2.1966,IS 3646,True,replacement not stated in source,BIS catalogue (verified),2030-07-31,No
IS 3646 (Part 3),"Code of practice for interior illumination, Part 3: Calculation of coefficients of utilization by the BZ method",1968.0,Current,UNKNOWN,,LED lighting,Medium,https://archive.org/details/gov.in.is.3646.3.1968,IS 3646,True,replacement not stated in source,BIS catalogue (verified),2030-07-31,No
IS 4347,Code of practice for hospital lighting,1967.0,Current,UNKNOWN,,LED lighting,Medium,https://archive.org/details/gov.in.is.4347.1967,IS 4347,True,replacement not stated in source,BIS catalogue (verified),2020-03-31,Yes
IS 5077,Decorative lighting outfits,1969.0,Withdrawn,UNKNOWN,,LED lighting,Medium,https://archive.org/details/gov.in.is.5077.1969,IS 5077,True,replacement not stated in source,BIS catalogue (verified) | amended from BIS portal 2026-09-10 (Status),,
IS 6665,Code of practice for industrial lighting,1972.0,Current,UNKNOWN,,LED lighting,Medium,https://archive.org/details/gov.in.is.6665.1972,IS 6665,True,replacement not stated in source,BIS catalogue (verified),2020-03-31,Yes
IS 7537,Road traffic signals,1974.0,Current,UNKNOWN,,LED lighting,Medium,https://archive.org/details/gov.in.is.7537.1974,IS 7537,True,replacement not stated in source,BIS catalogue (verified),2026-11-30,No
IS 7569,Cast acrylic sheets for use in luminaires,1987.0,Withdrawn,UNKNOWN,,LED lighting,Medium,https://archive.org/details/gov.in.is.7569.1987,IS 7569,True,replacement not stated in source,BIS catalogue (verified) | amended from BIS portal 2026-09-10 (Status),2029-03-31,No
IS 7678,Method of photometric testing of incandescent type luminaires for general lighting service,1975.0,Withdrawn,UNKNOWN,,LED lighting,Medium,https://archive.org/details/gov.in.is.7678.1975,IS 7678,True,replacement not stated in source,BIS catalogue (verified) | amended from BIS portal 2026-09-10 (Status),,
IS 7785 (Part 1),"Elevated type aerodrome lighting fittings, Part 1: General requirements",1975.0,Withdrawn,UNKNOWN,,LED lighting,Low,https://archive.org/details/gov.in.is.7785.1.1975,IS 7785,True,replacement not stated in source,BIS catalogue (verified) | amended from BIS portal 2026-09-10 (Status),2029-04-30,No
IS 7785 (Part 2),"Elevated type aerodrome lighting fittings, Part 2: Fixed focus high intensity bi-directional runway edge lighting fittings",1976.0,Current,UNKNOWN,,LED lighting,Low,https://archive.org/details/gov.in.is.7785.2.1976,IS 7785,True,replacement not stated in source,BIS catalogue (verified),2029-04-30,No
IS 7785 (Part 3),"Elevated type aerodrome lighting fittings, Part 3: Low intensity runway edge lighting fittings",1976.0,Current,UNKNOWN,,LED lighting,Low,https://archive.org/details/gov.in.is.7785.3.1976,IS 7785,True,replacement not stated in source,BIS catalogue (verified),2029-04-30,No
IS 7785 (Part 4/Sec 1),"Elevated type aerodrome lighting fittings, Part 4: Angle of approach lights, Section 1: Visual approach slope indicators",1981.0,Current,UNKNOWN,,LED lighting,Low,https://archive.org/details/gov.in.is.7785.4.1.1981,IS 7785,True,replacement not stated in source,BIS catalogue (verified),2029-04-30,No
IS 7785 (Part 5/Sec 1),"Elevated type aerodrome lighting fittings, Part 5: Approach lighting fittings, Section 1: High intensity elevated approach lighting fittings",1981.0,Current,UNKNOWN,,LED lighting,Low,https://archive.org/details/gov.in.is.7785.5.1.1981,IS 7785,True,replacement not stated in source,BIS catalogue (verified),2029-04-30,No
IS 7785 (Part 6/Sec 1),"Elevated type aerodrome lighting fittings, Part 6: Taxiway lights, Section 1: Low intensity omni-directional elevated taxiway lighting fittings",1981.0,Current,UNKNOWN,,LED lighting,Low,https://archive.org/details/gov.in.is.7785.6.1.1981,IS 7785,True,replacement not stated in source,BIS catalogue (verified),2029-04-30,No
IS 8030,Luminaires for hospitals,1976.0,Withdrawn,UNKNOWN,,LED lighting,Medium,https://archive.org/details/gov.in.is.8030.1976,IS 8030,True,replacement not stated in source,BIS catalogue (verified) | amended from BIS portal 2026-09-10 (Status),,
IS 9583,Emergency lighting units,1981.0,Withdrawn,UNKNOWN,,LED lighting,Medium,https://archive.org/details/gov.in.is.9583.1981,IS 9583,True,replacement not stated in source,BIS catalogue (verified) | amended from BIS portal 2026-09-10 (Status),2023-03-31,Yes
IS 10322 (Part 1),"Luminaires, Part 1: General requirements",2014.0,Current,UNKNOWN,,LED lighting,High,https://archive.org/details/gov.in.is.10322.1.1982,IS 10322,True,replacement not stated in source,BIS catalogue (verified) | amended from BIS portal 2026-09-10 (Year),2030-01-31,No
IS 10322 (Part 2),"Luminaires, Part 2: Constructional requirements",1982.0,Current,UNKNOWN,,LED lighting,High,https://archive.org/details/gov.in.is.10322.2.1982,IS 10322,True,replacement not stated in source,BIS catalogue (verified),2030-01-31,No
IS 10322 (Part 3),"Luminaires, Part 3: Screw and screwless terminals",1984.0,Current,UNKNOWN,IS 6585,LED lighting,High,https://archive.org/details/gov.in.is.10322.3.1984,IS 10322,True,replacement not stated in source,BIS catalogue (verified),2030-01-31,No
IS 10322 (Part 4),"Luminaires, Part 4: Methods of tests",1984.0,Current,UNKNOWN,,LED lighting,Medium,https://archive.org/details/gov.in.is.10322.4.1984,IS 10322,True,replacement not stated in source,BIS catalogue (verified),2030-01-31,No
IS 10322 (Part 5/Sec 1),"Luminaires, Part 5: Particular requirements, Section 1: General purpose luminaires",2012.0,Current,UNKNOWN,,LED lighting,High,https://archive.org/details/gov.in.is.10322.5.1.2012,IS 10322,True,replacement not stated in source,BIS catalogue (verified),2030-01-31,No
IS 10322 (Part 5/Sec 2),"Luminaires, Part 5: Particular requirements, Section 2: Recessed luminaires",2012.0,Current,UNKNOWN,,LED lighting,High,https://archive.org/details/gov.in.is.10322.5.2.2012,IS 10322,True,replacement not stated in source,BIS catalogue (verified),2030-01-31,No
IS 10322 (Part 5/Sec 3),"Luminaires, Part 5: Particular requirements, Section 3: Luminaires for road and street lighting",2012.0,Current,UNKNOWN,,LED lighting,High,https://archive.org/details/gov.in.is.10322.5.3.2012,IS 10322,True,replacement not stated in source,BIS catalogue (verified),2030-01-31,No
IS 10322 (Part 5/Sec 4),"Luminaires, Part 5: Particular requirements, Section 4: Portable general purpose luminaires",1987.0,Current,UNKNOWN,,LED lighting,High,https://archive.org/details/gov.in.is.10322.5.4.1987,IS 10322,True,replacement not stated in source,BIS catalogue (verified),2030-01-31,No
IS 10322 (Part 5/Sec 5),"Luminaires, Part 5: Particular requirements, Section 5: Flood lights",1987.0,Current,UNKNOWN,IS 1947,LED lighting,High,https://archive.org/details/gov.in.is.10322.5.5.1987,IS 10322,True,replacement not stated in source,BIS catalogue (verified),2030-01-31,No
IS 10894,Code of practice for lighting of educational institutions,1984.0,Withdrawn,UNKNOWN,,LED lighting,Medium,https://archive.org/details/gov.in.is.10894.1984,IS 10894,True,replacement not stated in source,BIS catalogue (verified) | amended from BIS portal 2026-09-10 (Status),2031-02-26,No
IS 10947,Code of practice for lighting for ports and harbours,1984.0,Withdrawn,UNKNOWN,,LED lighting,Medium,https://archive.org/details/gov.in.is.10947.1984,IS 10947,True,replacement not stated in source,BIS catalogue (verified) | amended from BIS portal 2026-09-10 (Status),2031-02-28,No
IS 11071 (Part 1),"Inset type aerodrome lighting fittings, Part 1: General requirements and tests",1984.0,Withdrawn,UNKNOWN,,LED lighting,Low,https://archive.org/details/gov.in.is.11071.1.1984,IS 11071,True,replacement not stated in source,BIS catalogue (verified) | amended from BIS portal 2026-09-10 (Status),2026-05-31,Yes
IS 11071 (Part 2),"Inset type aerodrome lighting fittings, Part 2: Runway centre line lighting fittings",1984.0,Current,UNKNOWN,,LED lighting,Low,https://archive.org/details/gov.in.is.11071.2.1984,IS 11071,True,replacement not stated in source,BIS catalogue (verified),2026-05-31,Yes
IS 11071 (Part 3),"Inset type aerodrome lighting fittings, Part 3: Approach lighting fittings",1984.0,Current,UNKNOWN,,LED lighting,Low,https://archive.org/details/gov.in.is.11071.3.1984,IS 11071,True,replacement not stated in source,BIS catalogue (verified),2026-05-31,Yes
IS 11071 (Part 4),"Inset type aerodrome lighting fittings, Part 4: Touchdown zone lighting fittings",1984.0,Current,UNKNOWN,,LED lighting,Low,https://archive.org/details/gov.in.is.11071.4.1984,IS 11071,True,replacement not stated in source,BIS catalogue (verified),2026-05-31,Yes
IS 11116,Code of practice for lighting for airport aprons,1984.0,Withdrawn,UNKNOWN,,LED lighting,Medium,https://archive.org/details/gov.in.is.11116.1984,IS 11116,True,replacement not stated in source,BIS catalogue (verified) | amended from BIS portal 2026-09-10 (Status),2030-11-10,No
IS 11472 (Part 1),"Artificial daylight for the assessment of colours, Part 1: Illuminant for colour matching and colour appraisal",1985.0,Current,UNKNOWN,,LED lighting,Medium,https://archive.org/details/gov.in.is.11472.1.1985,IS 11472,True,replacement not stated in source,BIS catalogue (verified),2023-03-31,Yes
IS 11472 (Part 2),"Artificial daylight for the assessment of colour, Part 2: Viewing conditions for graphic arts industry",1985.0,Current,UNKNOWN,,LED lighting,Medium,https://archive.org/details/gov.in.is.11472.2.1985,IS 11472,True,replacement not stated in source,BIS catalogue (verified),2023-03-31,Yes
IS 12290,Isolating transformers for airport lighting,1987.0,Current,UNKNOWN,,LED lighting,Medium,https://archive.org/details/gov.in.is.12290.1987,IS 12290,True,replacement not stated in source,BIS catalogue (verified),2031-02-26,No
IS 12291,Constant current regulators for airport lighting systems,1987.0,Current,UNKNOWN,,LED lighting,Medium,https://archive.org/details/gov.in.is.12291.1987,IS 12291,True,replacement not stated in source,BIS catalogue (verified),2031-02-26,No
IS 12309 (Part 1),"Code of practice for installation and maintenance of aerodrome lighting fittings, Part 1: Installation",1988.0,Current,UNKNOWN,,LED lighting,Low,https://archive.org/details/gov.in.is.12309.1.1988,IS 12309,True,replacement not stated in source,BIS catalogue (verified),2030-11-10,No
IS 12309 (Part 2),"Code of practice for installation and maintenance of aerodrome lighting fittings, Part 2: Maintenance",1988.0,Current,UNKNOWN,,LED lighting,Low,https://archive.org/details/gov.in.is.12309.2.1988,IS 12309,True,replacement not stated in source,BIS catalogue (verified),2030-11-10,No
IS 13383 (Part 1),"Methods of photometry of luminaires, Part 1: For use in interior lighting",1992.0,Current,UNKNOWN,,LED lighting,Medium,https://archive.org/details/gov.in.is.13383.1.1992,IS 13383,True,replacement not stated in source,BIS catalogue (verified),2029-04-30,No
IS 13383 (Part 2),"Methods of photometry of luminaires, Part 2: For road and street lighting",1992.0,Current,UNKNOWN,,LED lighting,Medium,https://archive.org/details/gov.in.is.13383.2.1992,IS 13383,True,replacement not stated in source,BIS catalogue (verified),2029-04-30,No
IS 13383 (Part 3),"Photometry of luminaires - Methods of measurement, Part 3: For floodlighting",1992.0,Current,UNKNOWN,,LED lighting,Medium,https://archive.org/details/gov.in.is.13383.3.1992,IS 13383,True,replacement not stated in source,BIS catalogue (verified),2029-04-30,No
IS 16107 (Part 1),"Luminaires performance, Part 1: General requirements",2012.0,Current,UNKNOWN,,LED lighting,High,https://archive.org/details/gov.in.is.16107.1.2012,IS 16107,True,replacement not stated in source,BIS catalogue (verified),2029-05-31,No
IS 16107 (Part 2/Sec 1),"Luminaires performance, Part 2: Particular requirements, Section 1: LED luminaire",2012.0,Current,UNKNOWN,,LED lighting,High,https://archive.org/details/gov.in.is.16107.2.1.2012,IS 16107,True,replacement not stated in source,BIS catalogue (verified),2029-05-31,No
SP 72,National Lighting Code,2025.0,Current,UNKNOWN,,LED lighting,High,https://archive.org/details/gov.in.is.sp.72.2010,SP 72,False,replacement not stated in source,BIS catalogue (verified) | amended from BIS portal 2026-09-10 (Year),2030-10-10,No
IS 418,Tungsten filament lamps for domestic and similar general lighting purposes,2004.0,Current,UNKNOWN,,LED lighting,Medium,https://archive.org/details/gov.in.is.418.2004,IS 418,True,replacement not stated in source,BIS catalogue (verified),2030-02-28,No
IS 897,Tungsten filament electric lamps for railway rolling stock,1982.0,Withdrawn,UNKNOWN,,LED lighting,Low,https://archive.org/details/gov.in.is.897.1982,IS 897,True,replacement not stated in source,BIS catalogue (verified) | amended from BIS portal 2026-09-10 (Status),2030-12-03,No
IS 1258,Bayonet lamp holders,2005.0,Superseded,UNKNOWN,,LED lighting,Medium,https://archive.org/details/gov.in.is.1258.2005,IS 1258,True,replacement not stated in source,BIS catalogue (verified) | amended from BIS portal 2026-09-10 (Status),2030-11-03,No
IS 1534 (Part 1),"Ballasts for fluorescent lamps, Part 1: For switch start circuits",1977.0,Withdrawn,UNKNOWN,,LED lighting,Medium,https://archive.org/details/gov.in.is.1534.1.1977,IS 1534,True,replacement not stated in source,BIS catalogue (verified) | amended from BIS portal 2026-09-10 (Status),2016-03-31,Yes
IS 1569,"Capacitors for use in tubular fluorescent, high pressure mercury and low pressure sodium vapour discharge lamp circuits",1976.0,Withdrawn,UNKNOWN,,LED lighting,Medium,https://archive.org/details/gov.in.is.1569.1976,IS 1569,True,replacement not stated in source,BIS catalogue (verified) | amended from BIS portal 2026-09-10 (Status),2031-02-20,No
IS 1901,Visual indicator lamps,1978.0,Withdrawn,UNKNOWN,,LED lighting,Medium,https://archive.org/details/gov.in.is.1901.1978,IS 1901,True,replacement not stated in source,BIS catalogue (verified) | amended from BIS portal 2026-09-10 (Status),2022-10-31,Yes
IS 2215,Starters for fluorescent lamps,2006.0,Current,UNKNOWN,,LED lighting,Medium,https://archive.org/details/gov.in.is.2215.2006,IS 2215,True,replacement not stated in source,BIS catalogue (verified),2030-02-28,No
IS 2261,Lamps for flashlights,1975.0,Withdrawn,UNKNOWN,,LED lighting,Low,https://archive.org/details/gov.in.is.2261.1975,IS 2261,True,replacement not stated in source,BIS catalogue (verified) | amended from BIS portal 2026-09-10 (Status),2020-12-31,Yes
IS 2262,Transformers for high voltage luminous discharge tubes,1963.0,Current,UNKNOWN,,LED lighting,Medium,https://archive.org/details/gov.in.is.2262.1963,IS 2262,True,replacement not stated in source,BIS catalogue (verified),2026-03-31,Yes
IS 2407,Photometric integrators,1963.0,Withdrawn,UNKNOWN,,LED lighting,Medium,https://archive.org/details/gov.in.is.2407.1963,IS 2407,True,replacement not stated in source,BIS catalogue (verified) | amended from BIS portal 2026-09-10 (Status),2029-05-31,No
IS 2418 (Part 1),"Tubular fluorescent lamps for general lighting service, Part 1: Requirements and tests",2018.0,Current,UNKNOWN,,LED lighting,Medium,https://archive.org/details/gov.in.is.2418.1.1977,IS 2418,True,replacement not stated in source,BIS catalogue (verified) | amended from BIS portal 2026-09-10 (Year),2030-02-28,No
IS 2418 (Part 2),"Tubular fluorescent lamps for general lighting service, Part 2: Standard lamp data sheets",1977.0,Current,UNKNOWN,,LED lighting,Medium,https://archive.org/details/gov.in.is.2418.2.1977,IS 2418,True,replacement not stated in source,BIS catalogue (verified),2030-02-28,No
IS 2418 (Part 3),"Tubular fluorescent lamps for general lighting service, Part 3: Dimensions of G-5 and G-13 bi-pin caps",1977.0,Current,UNKNOWN,,LED lighting,Medium,https://archive.org/details/gov.in.is.2418.3.1977,IS 2418,True,replacement not stated in source,BIS catalogue (verified),2030-02-28,No
IS 2418 (Part 4),"Tubular fluorescent lamps for general lighting service, Part 4: Go and no-go gauges for G-5 and G-13 bi-pin caps",1977.0,Current,UNKNOWN,,LED lighting,Medium,https://archive.org/details/gov.in.is.2418.4.1977,IS 2418,True,replacement not stated in source,BIS catalogue (verified),2030-02-28,No
IS 2592,Lamps for lighting on board ships,1980.0,Current,UNKNOWN,,LED lighting,Low,https://archive.org/details/gov.in.is.2592.1980,IS 2592,True,replacement not stated in source,BIS catalogue (verified),2022-03-31,Yes
IS 2596,Bulbs (lamps) for miners' cap-lamps,2004.0,Current,UNKNOWN,,LED lighting,Low,https://archive.org/details/gov.in.is.2596.2004,IS 2596,True,replacement not stated in source,BIS catalogue (verified),2031-02-26,No
IS 6616,Ballasts for high pressure mercury vapour lamps,1982.0,Withdrawn,UNKNOWN,,LED lighting,Medium,https://archive.org/details/gov.in.is.6616.1982,IS 6616,True,replacement not stated in source,BIS catalogue (verified) | amended from BIS portal 2026-09-10 (Status),,
IS 6701,Tungsten filament miscellaneous electric lamps,1985.0,Current,UNKNOWN,,LED lighting,Medium,https://archive.org/details/gov.in.is.6701.1985,IS 6701,True,replacement not stated in source,BIS catalogue (verified),2029-03-31,No
IS 7013,Radio dial lamps,1981.0,Withdrawn,UNKNOWN,,LED lighting,Low,https://archive.org/details/gov.in.is.7013.1981,IS 7013,True,replacement not stated in source,BIS catalogue (verified) | amended from BIS portal 2026-09-10 (Status),,
IS 7027,Transistorized ballasts for fluorescent lamps,1984.0,Withdrawn,UNKNOWN,,LED lighting,Medium,https://archive.org/details/gov.in.is.7027.1984,IS 7027,True,replacement not stated in source,BIS catalogue (verified) | amended from BIS portal 2026-09-10 (Status),2021-03-31,Yes
IS 8685,Aircraft lamps,1977.0,Current,UNKNOWN,,LED lighting,Low,https://archive.org/details/gov.in.is.8685.1977,IS 8685,True,replacement not stated in source,BIS catalogue (verified),2029-05-31,No
IS 8901,Lamps for aerodrome lighting fittings,1978.0,Current,UNKNOWN,,LED lighting,Low,https://archive.org/details/gov.in.is.8901.1978,IS 8901,True,replacement not stated in source,BIS catalogue (verified),2031-02-26,No
IS 8913,Methods of measurement of lamp cap temperature rise,2025.0,Current,UNKNOWN,,LED lighting,Medium,https://archive.org/details/gov.in.is.8913.1978,IS 8913,True,replacement not stated in source,BIS catalogue (verified) | amended from BIS portal 2026-09-10 (Year),2030-07-31,No
IS 9206,Dimensions of caps for tungsten filament general service electric lamps,1979.0,Current,UNKNOWN,,LED lighting,Medium,https://archive.org/details/gov.in.is.9206.1979,IS 9206,True,replacement not stated in source,BIS catalogue (verified),2029-05-31,No
IS 9589,Electric lamps for railway signalling,1980.0,Current,UNKNOWN,,LED lighting,Low,https://archive.org/details/gov.in.is.9589.1980,IS 9589,True,replacement not stated in source,BIS catalogue (verified),2030-11-14,No
IS 9900 (Part 1),"High pressure mercury vapour lamps, Part 1: Requirements and tests",1981.0,Current,UNKNOWN,IS 2183; IS 7023,LED lighting,Medium,https://archive.org/details/gov.in.is.9900.1.1981,IS 9900,True,replacement not stated in source,BIS catalogue (verified),2027-07-31,No
IS 9900 (Part 2),"High pressure mercury vapour lamps, Part 2: Standard lamp data sheets",1981.0,Current,UNKNOWN,IS 2183; IS 7023,LED lighting,Medium,https://archive.org/details/gov.in.is.9900.2.1981,IS 9900,True,replacement not stated in source,BIS catalogue (verified),2027-07-31,No
IS 9900 (Part 3),"High pressure mercury vapour lamps, Part 3: Dimensions of lamp caps",1981.0,Current,UNKNOWN,IS 2183; IS 7023,LED lighting,Medium,https://archive.org/details/gov.in.is.9900.3.1981,IS 9900,True,replacement not stated in source,BIS catalogue (verified),2027-07-31,No
IS 9900 (Part 4),"High pressure mercury vapour lamps, Part 4: Go and no-go gauges of lamp caps",1981.0,Current,UNKNOWN,IS 2183; IS 7023,LED lighting,Medium,https://archive.org/details/gov.in.is.9900.4.1981,IS 9900,True,replacement not stated in source,BIS catalogue (verified),2027-07-31,No
IS 9974 (Part 1),"High pressure sodium vapour lamps, Part 1: General requirements and tests",1981.0,Current,UNKNOWN,,LED lighting,Medium,https://archive.org/details/gov.in.is.9974.1.1981,IS 9974,True,replacement not stated in source,BIS catalogue (verified),2029-03-31,No
IS 9974 (Part 2),"High pressure sodium vapour lamps, Part 2: Standard lamp data sheets",1981.0,Current,UNKNOWN,,LED lighting,Medium,https://archive.org/details/gov.in.is.9974.2.1981,IS 9974,True,replacement not stated in source,BIS catalogue (verified),2029-03-31,No
IS 10276 (Part 1),"Edison screw lampholders, Part 1: Requirements and tests",1982.0,Current,UNKNOWN,,LED lighting,Medium,https://archive.org/details/gov.in.is.10276.1.1982,IS 10276,True,replacement not stated in source,BIS catalogue (verified),2029-07-31,No
IS 10276 (Part 2),"Edison screw lampholders, Part 2: Standard data sheets for lampholders and gauges",1982.0,Current,UNKNOWN,,LED lighting,Medium,https://archive.org/details/gov.in.is.10276.2.1982,IS 10276,True,replacement not stated in source,BIS catalogue (verified),2029-07-31,No
IS 11980,Lamp (bulb) cycle dynamo,1987.0,Withdrawn,UNKNOWN,,LED lighting,Low,https://archive.org/details/gov.in.is.11980.1987,IS 11980,True,replacement not stated in source,BIS catalogue (verified) | amended from BIS portal 2026-09-10 (Status),2022-03-31,Yes
IS 12449 (Part 1),"Starting devices (other than glow starters), Part 1: General and safety requirements",1988.0,Withdrawn,UNKNOWN,,LED lighting,Medium,https://archive.org/details/gov.in.is.12449.1.1988,IS 12449,True,replacement not stated in source,BIS catalogue (verified) | amended from BIS portal 2026-09-10 (Status),2023-06-30,Yes
IS 12449 (Part 2),"Starting devices (other than glow starters), Part 2: Performance requirements",1988.0,Current,UNKNOWN,,LED lighting,Medium,https://archive.org/details/gov.in.is.12449.2.1988,IS 12449,True,replacement not stated in source,BIS catalogue (verified),2023-06-30,Yes
IS 12897,Filaments for general service lamps - Guide,2001.0,Withdrawn,UNKNOWN,,LED lighting,Medium,https://archive.org/details/gov.in.is.12897.2001,IS 12897,True,replacement not stated in source,BIS catalogue (verified) | amended from BIS portal 2026-09-10 (Status),2029-12-31,No
IS 12948,Tungsten halogen lamps (non-vehicle),1990.0,Current,UNKNOWN,,LED lighting,Medium,https://archive.org/details/gov.in.is.12948.1990,IS 12948,True,replacement not stated in source,BIS catalogue (verified),2029-04-30,No
IS 13021 (Part 1),"AC supplied electronic ballasts for tubular fluorescent lamps, Part 1: General and safety requirements",1991.0,Current,UNKNOWN,,LED lighting,Medium,https://archive.org/details/gov.in.is.13021.1.1991,IS 13021,True,replacement not stated in source,BIS catalogue (verified),2029-05-31,No
IS 13021 (Part 2),"AC supplied electronic ballasts for tubular fluorescent lamps, Part 2: Performance requirements",1991.0,Current,UNKNOWN,,LED lighting,Medium,https://archive.org/details/gov.in.is.13021.2.1991,IS 13021,True,replacement not stated in source,BIS catalogue (verified),2029-05-31,No
IS 14897,Glass bulb designation system for lamps - Guide,2021.0,Current,UNKNOWN,,LED lighting,Medium,https://archive.org/details/gov.in.is.14897.2000,IS 14897,True,replacement not stated in source,BIS catalogue (verified) | amended from BIS portal 2026-09-10 (Year),2026-03-31,Yes
IS 15111 (Part 1),"Self ballasted lamps for general lighting services, Part 1: Safety requirements",2002.0,Withdrawn,UNKNOWN,,LED lighting,High,https://archive.org/details/gov.in.is.15111.1.2002,IS 15111,True,replacement not stated in source,BIS catalogue (verified) | amended from BIS portal 2026-09-10 (Status),2029-12-31,No
IS 15111 (Part 2),"Self ballasted lamps for general lighting services, Part 2: Performance requirements",2002.0,Current,UNKNOWN,,LED lighting,High,https://archive.org/details/gov.in.is.15111.2.2002,IS 15111,True,replacement not stated in source,BIS catalogue (verified),2029-12-31,No
IS 15518 (Part 1),"Safety requirements for incandescent lamps, Part 1: Tungsten filament lamps for domestic and similar general lighting purposes",2004.0,Current,UNKNOWN,,LED lighting,Medium,https://archive.org/details/gov.in.is.15518.1.2004,IS 15518,True,replacement not stated in source,BIS catalogue (verified),2029-12-31,No
IS 15687 (Part 1),"Single-capped fluorescent lamps, Part 1: Safety requirements",2006.0,Withdrawn,UNKNOWN,,LED lighting,Medium,https://archive.org/details/gov.in.is.15687.1.2006,IS 15687,True,replacement not stated in source,BIS catalogue (verified) | amended from BIS portal 2026-09-10 (Status),2029-12-31,No
IS 15882,Ballasts for discharge lamps (excluding tubular fluorescent lamps) - Performance requirements,2009.0,Current,UNKNOWN,,LED lighting,Medium,https://archive.org/details/gov.in.is.15882.2009,IS 15882,True,replacement not stated in source,BIS catalogue (verified),2030-02-28,No
IS 15885 (Part 1),"Safety of lamp controlgear, Part 1: General requirements",2011.0,Current,UNKNOWN,,LED lighting,High,https://archive.org/details/gov.in.is.15885.1.2011,IS 15885,True,replacement not stated in source,BIS catalogue (verified),2026-05-01,Yes
IS 15885 (Part 2/Sec 1),"Safety of lamp controlgear, Part 2: Particular requirements, Section 1: Starting devices (other than glow starters)",2011.0,Current,UNKNOWN,,LED lighting,High,https://archive.org/details/gov.in.is.15885.2.1.2011,IS 15885,True,replacement not stated in source,BIS catalogue (verified),2026-05-01,Yes
IS 15885 (Part 2/Sec 3),"Safety of lamp controlgear, Part 2: Particular requirements, Section 3: AC supplied electronic ballasts for fluorescent lamps",2011.0,Current,UNKNOWN,,LED lighting,High,https://archive.org/details/gov.in.is.15885.2.3.2011,IS 15885,True,replacement not stated in source,BIS catalogue (verified),2026-05-01,Yes
IS 15885 (Part 2/Sec 8),"Safety of lamp controlgear, Part 2: Particular requirements, Section 8: Ballasts for fluorescent lamps",2011.0,Current,UNKNOWN,,LED lighting,High,https://archive.org/details/gov.in.is.15885.2.8.2011,IS 15885,True,replacement not stated in source,BIS catalogue (verified),2026-05-01,Yes
IS 15885 (Part 2/Sec 9),"Safety of lamp controlgear, Part 2: Particular requirements, Section 9: Ballasts for discharge lamps (excluding fluorescent lamps)",2011.0,Current,UNKNOWN,,LED lighting,High,https://archive.org/details/gov.in.is.15885.2.9.2011,IS 15885,True,replacement not stated in source,BIS catalogue (verified),2026-05-01,Yes
IS 15885 (Part 2/Sec 13),"Safety of lamp controlgear, Part 2: Particular requirements, Section 13: DC supplied electronic controlgear for LED modules",2012.0,Current,UNKNOWN,,LED lighting,High,https://archive.org/details/gov.in.is.15885.2.13.2012,IS 15885,True,replacement not stated in source,BIS catalogue (verified),2026-05-01,Yes
IS 15906,Measurement of mercury level in fluorescent lamps,2010.0,Current,UNKNOWN,,LED lighting,Medium,https://archive.org/details/gov.in.is.15906.2011,IS 15906,True,replacement not stated in source,BIS catalogue (verified) | amended from BIS portal 2026-09-10 (Year),2026-05-31,Yes
IS 15967 (Part 1),"Capacitors for use in tubular fluorescent and other discharge lamp circuits, Part 1: Safety requirements",2013.0,Current,UNKNOWN,,LED lighting,Medium,https://archive.org/details/gov.in.is.15967.1.2013,IS 15967,True,replacement not stated in source,BIS catalogue (verified),2028-06-30,No
IS 15967 (Part 2),"Capacitors for use in tubular fluorescent and other discharge lamp circuits, Part 2: Performance requirements",2013.0,Current,UNKNOWN,,LED lighting,Medium,https://archive.org/details/gov.in.is.15967.2.2013,IS 15967,True,replacement not stated in source,BIS catalogue (verified),2028-06-30,No
IS 15968,Ballasts for tubular fluorescent lamps - Performance requirements,2013.0,Current,UNKNOWN,,LED lighting,Medium,https://archive.org/details/gov.in.is.15968.2013,IS 15968,True,replacement not stated in source,BIS catalogue (verified),2028-05-31,No
IS 16101,General lighting - LEDs and LED modules - Terms and definitions,2012.0,Current,UNKNOWN,,LED lighting,High,https://archive.org/details/gov.in.is.16101.2012,IS 16101,True,replacement not stated in source,BIS catalogue (verified),2029-12-31,No
IS 16102 (Part 1),"Self-ballasted LED lamps for general lighting services, Part 1: Safety requirements",2012.0,Current,UNKNOWN,,LED lighting,High,https://archive.org/details/gov.in.is.16102.1.2012,IS 16102,True,replacement not stated in source,BIS catalogue (verified),2029-05-31,No
IS 16102 (Part 2),"Self-ballasted LED lamps for general lighting services, Part 2: Performance requirements",2012.0,Current,UNKNOWN,,LED lighting,High,https://archive.org/details/gov.in.is.16102.2.2012,IS 16102,True,replacement not stated in source,BIS catalogue (verified),2029-05-31,No
IS 16103 (Part 1),"LED modules for general lighting, Part 1: Safety requirements",2025.0,Current,UNKNOWN,,LED lighting,High,https://archive.org/details/gov.in.is.16103.1.2012,IS 16103,True,replacement not stated in source,BIS catalogue (verified) | amended from BIS portal 2026-09-10 (Year),2030-08-31,No
IS 16103 (Part 2),"LED modules for general lighting, Part 2: Performance requirements",2012.0,Current,UNKNOWN,,LED lighting,High,https://archive.org/details/gov.in.is.16103.2.2012,IS 16103,True,replacement not stated in source,BIS catalogue (verified),2030-08-31,No
IS 16104,DC or AC supplied electronic control gear for LED modules - Performance requirements,2012.0,Current,UNKNOWN,,LED lighting,High,https://archive.org/details/gov.in.is.16104.2012,IS 16104,True,replacement not stated in source,BIS catalogue (verified),2029-05-31,No
IS 16105,Method of measurement of lumen maintenance of solid state light (LED) sources,2012.0,Current,UNKNOWN,,LED lighting,High,https://archive.org/details/gov.in.is.16105.2012,IS 16105,True,replacement not stated in source,BIS catalogue (verified),2029-12-31,No
IS 16106,Method of electrical and photometric measurements of solid state lighting (LED) products,2012.0,Current,UNKNOWN,,LED lighting,High,https://archive.org/details/gov.in.is.16106.2012,IS 16106,True,replacement not stated in source,BIS catalogue (verified),2029-12-31,No
IS 16108,Photobiological safety of lamps and lamp systems,2012.0,Current,UNKNOWN,,LED lighting,Medium,https://archive.org/details/gov.in.is.16108.2012,IS 16108,True,replacement not stated in source,BIS catalogue (verified),2029-12-31,No
IS 2309,Code of practice for the protection of buildings and allied structures against lightning,1989.0,Withdrawn,UNKNOWN,,Electrical cables and wiring,High,https://archive.org/details/gov.in.is.2309.1989,IS 2309,True,replacement not stated in source,BIS catalogue (verified) | amended from BIS portal 2026-09-10 (Status),,
IS 2551,Danger notice plates,1982.0,Current,UNKNOWN,,Electrical cables and wiring,Medium,https://archive.org/details/gov.in.is.2551.1982,IS 2551,True,replacement not stated in source,BIS catalogue (verified),2030-04-01,No
IS 3043,Code of practice for earthing,2018.0,Current,UNKNOWN,,Electrical cables and wiring,High,https://archive.org/details/gov.in.is.3043.1987,IS 3043,True,replacement not stated in source,BIS catalogue (verified) | amended from BIS portal 2026-09-10 (Year),2023-11-30,Yes
IS 4648,Guide for electrical layout in residential buildings,1968.0,Current,UNKNOWN,,Electrical cables and wiring,Medium,https://archive.org/details/gov.in.is.4648.1968,IS 4648,True,replacement not stated in source,BIS catalogue (verified),2030-06-30,No
IS 5216 (Part 1),"Recommendations on safety procedures and practices in electrical work, Part 1: General",1982.0,Current,UNKNOWN,,Electrical cables and wiring,Medium,https://archive.org/details/gov.in.is.5216.1.1982,IS 5216,True,replacement not stated in source,BIS catalogue (verified),2029-12-31,No
IS 5216 (Part 2),"Recommendations on safety procedures and practices in electrical work, Part 2: Life saving techniques",1982.0,Current,UNKNOWN,,Electrical cables and wiring,Medium,https://archive.org/details/gov.in.is.5216.2.1982,IS 5216,True,replacement not stated in source,BIS catalogue (verified),2029-12-31,No
IS 7689,Guide for the control of undesirable static electricity,1989.0,Current,UNKNOWN,,Electrical cables and wiring,Medium,https://archive.org/details/gov.in.is.7689.1989,IS 7689,True,replacement not stated in source,BIS catalogue (verified),2029-12-31,No
IS 7752 (Part 1),"Guide for improvement of power factor in consumer installations, Part 1: Low and medium supply voltages",1975.0,Current,UNKNOWN,,Electrical cables and wiring,Medium,https://archive.org/details/gov.in.is.7752.1.1975,IS 7752,True,replacement not stated in source,BIS catalogue (verified),2026-12-31,No
IS 8061,"Code of practice for design, installation and maintenance of service lines up to and including 650 V",1976.0,Current,UNKNOWN,,Electrical cables and wiring,Medium,https://archive.org/details/gov.in.is.8061.1976,IS 8061,True,replacement not stated in source,BIS catalogue (verified),2029-12-31,No
IS 8437 (Part 1),"Guide on effects of current passing through the human body, Part 1: General aspects",1992.0,Withdrawn,UNKNOWN,,Electrical cables and wiring,Medium,https://archive.org/details/gov.in.is.8437.1.1992,IS 8437,True,replacement not stated in source,BIS catalogue (verified) | amended from BIS portal 2026-09-10 (Status),,
IS 8437 (Part 2),"Guide on effects of current passing through the human body, Part 2: Special aspects",1993.0,Current,UNKNOWN,,Electrical cables and wiring,Medium,https://archive.org/details/gov.in.is.8437.2.1993,IS 8437,True,replacement not stated in source,BIS catalogue (verified),,
IS 8884,Code of practice for the installation of electric bells and call systems,1978.0,Current,UNKNOWN,,Electrical cables and wiring,Medium,https://archive.org/details/gov.in.is.8884.1978,IS 8884,True,replacement not stated in source,BIS catalogue (verified),2030-06-30,No
IS 8923,Warning symbol for dangerous voltages,1978.0,Current,UNKNOWN,,Electrical cables and wiring,Medium,https://archive.org/details/gov.in.is.8923.1978,IS 8923,True,replacement not stated in source,BIS catalogue (verified),2025-01-01,Yes
IS 8969,Code of practice for installation and maintenance of impulse and electronic master and slave electric clock systems,1978.0,Current,UNKNOWN,,Electrical cables and wiring,Medium,https://archive.org/details/gov.in.is.8969.1978,IS 8969,True,replacement not stated in source,BIS catalogue (verified),2026-03-31,Yes
IS 10118 (Part 1),"Code of practice for selection, installation and maintenance of switchgear and controlgear, Part 1: General",2018.0,Current,UNKNOWN,,Electrical cables and wiring,Medium,https://archive.org/details/gov.in.is.10118.1.1982,IS 10118,True,replacement not stated in source,BIS catalogue (verified) | amended from BIS portal 2026-09-10 (Year),2029-09-30,No
IS 10118 (Part 2),"Code of practice for selection, installation and maintenance of switchgear and controlgear, Part 2: Selection",1982.0,Current,UNKNOWN,,Electrical cables and wiring,Medium,https://archive.org/details/gov.in.is.10118.2.1982,IS 10118,True,replacement not stated in source,BIS catalogue (verified),2029-09-30,No
IS 10118 (Part 3),"Code of practice for selection, installation and maintenance of switchgear and controlgear, Part 3: Installation",1982.0,Current,UNKNOWN,,Electrical cables and wiring,Medium,https://archive.org/details/gov.in.is.10118.3.1982,IS 10118,True,replacement not stated in source,BIS catalogue (verified),2029-09-30,No
IS 10118 (Part 4),"Code of practice for selection, installation and maintenance of switchgear and controlgear, Part 4: Maintenance",1982.0,Current,UNKNOWN,,Electrical cables and wiring,Medium,https://archive.org/details/gov.in.is.10118.4.1982,IS 10118,True,replacement not stated in source,BIS catalogue (verified),2029-09-30,No
IS 10242 (Part 1/Sec 1),"Electrical installations in ships, Part 1: General, Section 1: Definitions and general requirements",2023.0,Current,UNKNOWN,,Electrical cables and wiring,Low,https://archive.org/details/gov.in.is.10242.1.1.1997,IS 10242,True,replacement not stated in source,BIS catalogue (verified) | amended from BIS portal 2026-09-10 (Year),2029-01-01,No
IS 10242 (Part 2/Sec 1),"Electrical installations in ships, Part 2: System design, Section 1: General",1982.0,Current,UNKNOWN,,Electrical cables and wiring,Low,https://archive.org/details/gov.in.is.10242.2.1.1982,IS 10242,True,replacement not stated in source,BIS catalogue (verified),2029-01-01,No
IS 10242 (Part 2/Sec 2),"Electrical installations in ships, Part 2: System design, Section 2: Protection",1983.0,Current,UNKNOWN,,Electrical cables and wiring,Low,https://archive.org/details/gov.in.is.10242.2.2.1983,IS 10242,True,replacement not stated in source,BIS catalogue (verified),2029-01-01,No
IS 10242 (Part 2/Sec 4),"Electrical installations in ships, Part 2: System design, Section 4: Electric and electrohydraulic steering gear",1993.0,Current,UNKNOWN,,Electrical cables and wiring,Low,https://archive.org/details/gov.in.is.10242.2.4.1993,IS 10242,True,replacement not stated in source,BIS catalogue (verified),2029-01-01,No
IS 10242 (Part 3/Sec 1),"Electrical installations in ships, Part 3: Equipment, Section 1: Generators and motors",1983.0,Current,UNKNOWN,,Electrical cables and wiring,Low,https://archive.org/details/gov.in.is.10242.3.1.1983,IS 10242,True,replacement not stated in source,BIS catalogue (verified),2029-01-01,No
IS 10242 (Part 3/Sec 2),"Electrical installations in ships, Part 3: Equipment, Section 2: Switchgear and controlgear assemblies",1984.0,Current,UNKNOWN,,Electrical cables and wiring,Low,https://archive.org/details/gov.in.is.10242.3.2.1984,IS 10242,True,replacement not stated in source,BIS catalogue (verified),2029-01-01,No
IS 10242 (Part 3/Sec 3),"Electrical installations in ships, Part 3: Equipment, Section 3: Transformers for power and lighting",1984.0,Current,UNKNOWN,,Electrical cables and wiring,Low,https://archive.org/details/gov.in.is.10242.3.3.1984,IS 10242,True,replacement not stated in source,BIS catalogue (verified),2029-01-01,No
IS 10242 (Part 3/Sec 4),"Electrical installations in ships, Part 3: Equipment, Section 4: Semi-conductor convertors",1987.0,Current,UNKNOWN,,Electrical cables and wiring,Low,https://archive.org/details/gov.in.is.10242.3.4.1987,IS 10242,True,replacement not stated in source,BIS catalogue (verified),2029-01-01,No
IS 10242 (Part 3/Sec 5),"Electrical installations in ships, Part 3: Equipment, Section 5: Accumulator (storage) batteries",1990.0,Current,UNKNOWN,,Electrical cables and wiring,Low,https://archive.org/details/gov.in.is.10242.3.5.1990,IS 10242,True,replacement not stated in source,BIS catalogue (verified),2029-01-01,No
IS 10242 (Part 3/Sec 6),"Electrical installations in ships, Part 3: Equipment, Section 6: Luminaires and accessories",1986.0,Current,UNKNOWN,,Electrical cables and wiring,Low,https://archive.org/details/gov.in.is.10242.3.6.1986,IS 10242,True,replacement not stated in source,BIS catalogue (verified),2029-01-01,No
IS 10242 (Part 3/Sec 7),"Electrical installations in ships, Part 3: Equipment, Section 7: Heating and cooking appliances",1990.0,Current,UNKNOWN,,Electrical cables and wiring,Low,https://archive.org/details/gov.in.is.10242.3.7.1990,IS 10242,True,replacement not stated in source,BIS catalogue (verified),2029-01-01,No
IS 10242 (Part 3/Sec 10),"Electrical installations in ships, Part 3: Equipment, Section 10: General construction and test requirements for low voltage shipboard power cables",1992.0,Current,UNKNOWN,,Electrical cables and wiring,Low,https://archive.org/details/gov.in.is.10242.3.10.1992,IS 10242,True,replacement not stated in source,BIS catalogue (verified),2029-01-01,No
IS 10242 (Part 3/Sec 11),"Electrical installations in ships, Part 3: Equipment, Section 11: Insulating materials for shipboard power cables",1986.0,Current,UNKNOWN,,Electrical cables and wiring,Low,https://archive.org/details/gov.in.is.10242.3.11.1986,IS 10242,True,replacement not stated in source,BIS catalogue (verified),2029-01-01,No
IS 10242 (Part 3/Sec 12),"Electrical installations in ships, Part 3: Equipment, Section 12: Choice and installation of cables for low voltage systems",1986.0,Current,UNKNOWN,,Electrical cables and wiring,Low,https://archive.org/details/gov.in.is.10242.3.12.1986,IS 10242,True,replacement not stated in source,BIS catalogue (verified),2029-01-01,No
IS 10242 (Part 3/Sec 13),"Electrical installations in ships, Part 3: Equipment, Section 13: Single and multicore cables with extruded solid insulation for rated voltage 0.6/1 kV",1992.0,Current,UNKNOWN,,Electrical cables and wiring,Low,https://archive.org/details/gov.in.is.10242.3.13.1992,IS 10242,True,replacement not stated in source,BIS catalogue (verified),2029-01-01,No
IS 10242 (Part 3/Sec 19),"Electrical installations in ships, Part 3: Equipment, Section 19: Sheathing materials for telecommunication and power shipboard cables",1990.0,Current,UNKNOWN,,Electrical cables and wiring,Low,https://archive.org/details/gov.in.is.10242.3.19.1990,IS 10242,True,replacement not stated in source,BIS catalogue (verified),2029-01-01,No
IS 10242 (Part 3/Sec 23),"Electrical installations in ships, Part 3: Equipment, Section 23: Shipboard flexible coaxial cables",1987.0,Current,UNKNOWN,,Electrical cables and wiring,Low,https://archive.org/details/gov.in.is.10242.3.23.1987,IS 10242,True,replacement not stated in source,BIS catalogue (verified),2029-01-01,No
IS 10242 (Part 3/Sec 24),"Electrical installations in ships, Part 3: Equipment, Section 24: Telephone cables for non-essential communication services",1987.0,Current,UNKNOWN,,Electrical cables and wiring,Low,https://archive.org/details/gov.in.is.10242.3.24.1987,IS 10242,True,replacement not stated in source,BIS catalogue (verified),2029-01-01,No
IS 10242 (Part 3/Sec 25),"Electrical installations in ships, Part 3: Equipment, Section 25: General instrumentation, control and communication cables",1987.0,Current,UNKNOWN,,Electrical cables and wiring,Low,https://archive.org/details/gov.in.is.10242.3.25.1987,IS 10242,True,replacement not stated in source,BIS catalogue (verified),2029-01-01,No
IS 10242 (Part 3/Sec 26),"Electrical installations in ships, Part 3: Equipment, Section 26: Shipboard multicore cables for control circuits",1987.0,Current,UNKNOWN,,Electrical cables and wiring,Low,https://archive.org/details/gov.in.is.10242.3.26.1987,IS 10242,True,replacement not stated in source,BIS catalogue (verified),2029-01-01,No
IS 10242 (Part 4),"Electrical installations in ships, Part 4: Installation and test of completed installation",1992.0,Current,UNKNOWN,,Electrical cables and wiring,Low,https://archive.org/details/gov.in.is.10242.4.1992,IS 10242,True,replacement not stated in source,BIS catalogue (verified),2029-01-01,No
IS 10242 (Part 5/Sec 1),"Electrical installations in ships, Part 5: Special features, Section 1: Electric propulsion plant",1993.0,Current,UNKNOWN,,Electrical cables and wiring,Low,https://archive.org/details/gov.in.is.10242.5.1.1993,IS 10242,True,replacement not stated in source,BIS catalogue (verified),2029-01-01,No
IS 10242 (Part 5/Sec 2),"Electrical installations in ships, Part 5: Special features, Section 2: Tankers",1997.0,Current,UNKNOWN,,Electrical cables and wiring,Low,https://archive.org/details/gov.in.is.10242.5.2.1997,IS 10242,True,replacement not stated in source,BIS catalogue (verified),2029-01-01,No
IS 10242 (Part 5/Sec 3),"Electrical installations in ships, Part 5: Special features, Section 3: AC supply system with voltage in the range above 1 kV up to and including 11 kV",1993.0,Current,UNKNOWN,,Electrical cables and wiring,Low,https://archive.org/details/gov.in.is.10242.5.3.1993,IS 10242,True,replacement not stated in source,BIS catalogue (verified),2029-01-01,No
IS 10242 (Part 5/Sec 4),"Electrical installations in ships, Part 5: Special features, Section 4: Control and instruments",1998.0,Current,UNKNOWN,,Electrical cables and wiring,Low,https://archive.org/details/gov.in.is.10242.5.4.1998,IS 10242,True,replacement not stated in source,BIS catalogue (verified),2029-01-01,No
IS 13234,Guide for short-circuit current calculation in three-phase AC systems,1992.0,Current,UNKNOWN,,Electrical cables and wiring,Medium,https://archive.org/details/gov.in.is.13234.1992,IS 13234,True,replacement not stated in source,BIS catalogue (verified),2029-12-31,No
IS 13235,Calculation of the effects of short-circuit currents,1991.0,Current,UNKNOWN,,Electrical cables and wiring,Medium,https://archive.org/details/gov.in.is.13235.1991,IS 13235,True,replacement not stated in source,BIS catalogue (verified),2029-12-31,No
IS 14479,Electromagnetic compatibility of electrical and electronic installations in ships,1998.0,Current,UNKNOWN,,Electrical cables and wiring,Low,https://archive.org/details/gov.in.is.14479.1998,IS 14479,True,replacement not stated in source,BIS catalogue (verified),2030-04-23,No
SP 30,National Electrical Code,2023.0,Current,UNKNOWN,,Electrical cables and wiring,High,https://archive.org/details/gov.in.is.sp.30.2011,SP 30,False,replacement not stated in source,BIS catalogue (verified) | amended from BIS portal 2026-09-10 (Year),2028-01-31,No
SP 31,Methods of artificial respiration,1986.0,Current,UNKNOWN,,Electrical cables and wiring,Medium,https://archive.org/details/gov.in.is.sp.31.1986,SP 31,False,replacement not stated in source,BIS catalogue (verified),2030-03-31,No
IS 371,Ceiling roses,1999.0,Current,UNKNOWN,,Electrical cables and wiring,Medium,https://archive.org/details/gov.in.is.371.1999,IS 371,True,replacement not stated in source,BIS catalogue (verified),2030-05-31,No
IS 371 (B),Ceiling roses - Specification,1999.0,Current,UNKNOWN,,Electrical cables and wiring,Medium,https://archive.org/details/gov.in.is.371.b.1999,IS 371 (B),True,replacement not stated in source,BIS catalogue (verified),,
IS 1293,Plugs and socket-outlets of rated voltage up to and including 250 V and rated current up to 16 A,2019.0,Current,UNKNOWN,,Electrical cables and wiring,High,https://archive.org/details/gov.in.is.1293.2005,IS 1293,True,replacement not stated in source,BIS catalogue (verified) | amended from BIS portal 2026-09-10 (Year),2031-01-12,No
IS 3010 (Part 1),"Appliance connectors and appliance inlets (non-reversible three-pin type), Part 1: Appliance connectors",1965.0,Withdrawn,UNKNOWN,,Electrical cables and wiring,Medium,https://archive.org/details/gov.in.is.3010.1.1965,IS 3010,True,replacement not stated in source,BIS catalogue (verified) | amended from BIS portal 2026-09-10 (Status),2024-03-31,Yes
IS 3010 (Part 2),"Appliance connectors and appliance inlets (non-reversible three-pin type), Part 2: Appliance inlets",1965.0,Current,UNKNOWN,,Electrical cables and wiring,Medium,https://archive.org/details/gov.in.is.3010.2.1965,IS 3010,True,replacement not stated in source,BIS catalogue (verified),2024-03-31,Yes
IS 3323,Bi-pin lampholders for tubular fluorescent lamps,1980.0,Current,UNKNOWN,,Electrical cables and wiring,Medium,https://archive.org/details/gov.in.is.3323.1980,IS 3323,True,replacement not stated in source,BIS catalogue (verified),2028-09-15,No
IS 3324,Holders for starters for tubular fluorescent lamps,1982.0,Current,UNKNOWN,,Electrical cables and wiring,Medium,https://archive.org/details/gov.in.is.3324.1982,IS 3324,True,replacement not stated in source,BIS catalogue (verified),2029-01-09,No
IS 3419,Fittings for rigid non-metallic conduits,1989.0,Current,UNKNOWN,,Electrical cables and wiring,Medium,https://archive.org/details/gov.in.is.3419.1989,IS 3419,True,replacement not stated in source,BIS catalogue (verified),2028-01-31,No
IS 3854,Switches for domestic and similar purposes,1997.0,Superseded,UNKNOWN,,Electrical cables and wiring,High,https://archive.org/details/gov.in.is.3854.1997,IS 3854,True,replacement not stated in source,BIS catalogue (verified) | amended from BIS portal 2026-09-10 (Status),2031-05-21,No
IS 4160,Interlocking switch socket outlet - Specification,2005.0,Current,UNKNOWN,,Electrical cables and wiring,Medium,https://archive.org/details/gov.in.is.4160.2005,IS 4160,True,replacement not stated in source,BIS catalogue (verified),2031-04-01,No
IS 4649,Adaptors for flexible steel conduits,1968.0,Current,UNKNOWN,,Electrical cables and wiring,Medium,https://archive.org/details/gov.in.is.4649.1968,IS 4649,True,replacement not stated in source,BIS catalogue (verified),2031-01-16,No
IS 6896,Connectors (two-way) for railway coach wiring,1973.0,Withdrawn,UNKNOWN,,Electrical cables and wiring,Low,https://archive.org/details/gov.in.is.6896.1973,IS 6896,True,replacement not stated in source,BIS catalogue (verified) | amended from BIS portal 2026-09-10 (Status),,
IS 6965,Switches for use in railway coaching stock,1979.0,Withdrawn,UNKNOWN,,Electrical cables and wiring,Low,https://archive.org/details/gov.in.is.6965.1979,IS 6965,True,replacement not stated in source,BIS catalogue (verified) | amended from BIS portal 2026-09-10 (Status),,
IS 8200,Toggle switches used in traction applications,1976.0,Withdrawn,UNKNOWN,,Electrical cables and wiring,Low,https://archive.org/details/gov.in.is.8200.1976,IS 8200,True,replacement not stated in source,BIS catalogue (verified) | amended from BIS portal 2026-09-10 (Status),,
IS 9537 (Part 1),"Conduits for electrical installations, Part 1: General requirements",1980.0,Current,UNKNOWN,,Electrical cables and wiring,High,https://archive.org/details/gov.in.is.9537.1.1980,IS 9537,True,replacement not stated in source,BIS catalogue (verified),2030-05-31,No
IS 9537 (Part 2),"Conduits for electrical installations, Part 2: Rigid steel conduits",1981.0,Current,UNKNOWN,IS 1653,Electrical cables and wiring,High,https://archive.org/details/gov.in.is.9537.2.1981,IS 9537,True,replacement not stated in source,BIS catalogue (verified),2030-05-31,No
IS 9537 (Part 3),"Conduits for electrical installations, Part 3: Rigid plain conduits of insulating materials",1983.0,Current,UNKNOWN,IS 2509,Electrical cables and wiring,High,https://archive.org/details/gov.in.is.9537.3.1983,IS 9537,True,replacement not stated in source,BIS catalogue (verified),2030-05-31,No
IS 9537 (Part 4),"Conduits for electrical installations, Part 4: Pliable self-recovering conduits of insulating materials",1983.0,Current,UNKNOWN,,Electrical cables and wiring,High,https://archive.org/details/gov.in.is.9537.4.1983,IS 9537,True,replacement not stated in source,BIS catalogue (verified),2030-05-31,No
IS 9537 (Part 5),"Conduits for electrical installations, Part 5: Pliable conduits of insulating material",2000.0,Current,UNKNOWN,IS 6946,Electrical cables and wiring,High,https://archive.org/details/gov.in.is.9537.5.2000,IS 9537,True,replacement not stated in source,BIS catalogue (verified),2030-05-31,No
IS 9537 (Part 6),"Conduits for electrical installations, Part 6: Pliable conduits of metal or composite materials",2000.0,Current,UNKNOWN,,Electrical cables and wiring,High,https://archive.org/details/gov.in.is.9537.6.2000,IS 9537,True,replacement not stated in source,BIS catalogue (verified),2030-05-31,No
IS 9537 (Part 8),"Conduits for electrical installations, Part 8: Rigid non-threadable conduits of aluminium alloy",2003.0,Current,UNKNOWN,,Electrical cables and wiring,High,https://archive.org/details/gov.in.is.9537.8.2003,IS 9537,True,replacement not stated in source,BIS catalogue (verified),2030-05-31,No
IS 14763,Conduits for electrical purposes - Outside diameters of conduits for electrical installations and threads for conduits and fittings,2022.0,Current,UNKNOWN,,Electrical cables and wiring,Medium,https://archive.org/details/gov.in.is.14763.2000,IS 14763,True,replacement not stated in source,BIS catalogue (verified) | amended from BIS portal 2026-09-10 (Year),2027-03-31,No
IS 14768 (Part 1),"Conduit fittings for electrical installations, Part 1: General requirements",2000.0,Current,UNKNOWN,,Electrical cables and wiring,Medium,https://archive.org/details/gov.in.is.14768.1.2000,IS 14768,True,replacement not stated in source,BIS catalogue (verified),2030-05-31,No
IS 14768 (Part 2),"Conduit fittings for electrical installations, Part 2: Metal conduit fittings",2003.0,Current,UNKNOWN,IS 2667,Electrical cables and wiring,Medium,https://archive.org/details/gov.in.is.14768.2.2003,IS 14768,True,replacement not stated in source,BIS catalogue (verified),2030-05-31,No
IS 14772,General requirements for enclosures for accessories for household and similar fixed electrical installations,2020.0,Current,UNKNOWN,IS 5133 (Parts 1 and 2),Electrical cables and wiring,Medium,https://archive.org/details/gov.in.is.14772.2000,IS 14772,True,replacement not stated in source,BIS catalogue (verified) | amended from BIS portal 2026-09-10 (Year),2031-01-12,No
IS 14927 (Part 1),"Cable trunking and ducting systems for electrical installations, Part 1: General requirements",2023.0,Current,UNKNOWN,,Electrical cables and wiring,High,https://archive.org/details/gov.in.is.14927.1.2001,IS 14927,True,replacement not stated in source,BIS catalogue (verified) | amended from BIS portal 2026-09-10 (Year),2028-11-30,No
IS 14927 (Part 2),"Cable trunking and ducting systems for electrical installations, Part 2: Systems intended for mounting on walls or ceilings",2001.0,Current,UNKNOWN,,Electrical cables and wiring,High,https://archive.org/details/gov.in.is.14927.2.2001,IS 14927,True,replacement not stated in source,BIS catalogue (verified),2028-11-30,No
IS 14930 (Part 1),"Conduit systems for electrical installations, Part 1: General requirements",2001.0,Withdrawn,UNKNOWN,,Electrical cables and wiring,Medium,https://archive.org/details/gov.in.is.14930.1.2001,IS 14930,True,replacement not stated in source,BIS catalogue (verified) | amended from BIS portal 2026-09-10 (Status),,
IS 14930 (Part 2),"Conduit systems for electrical installations, Part 2: Particular requirements - Conduit systems buried underground",2001.0,Current,UNKNOWN,,Electrical cables and wiring,Medium,https://archive.org/details/gov.in.is.14930.2.2001,IS 14930,True,replacement not stated in source,BIS catalogue (verified),,
IS 15368,Cable reels for household and similar purposes,2003.0,Current,UNKNOWN,,Electrical cables and wiring,Medium,https://archive.org/details/gov.in.is.15368.2003,IS 15368,True,replacement not stated in source,BIS catalogue (verified),2029-08-31,No
IS 15787,Switch-socket-outlets (non-interlock type),2008.0,Current,UNKNOWN,,Electrical cables and wiring,Medium,https://archive.org/details/gov.in.is.15787.2008,IS 15787,True,replacement not stated in source,BIS catalogue (verified),2029-10-04,No
IS/IEC 60309 (Part 1),"Plugs, socket-outlets and couplers for industrial purposes, Part 1: General requirements",2021.0,Current,UNKNOWN,,Electrical cables and wiring,Medium,https://archive.org/details/gov.in.is.iec.60309.1.2002,IS/IEC 60309,True,replacement not stated in source,BIS catalogue (verified) | amended from BIS portal 2026-09-10 (Year),2028-11-01,No
IS/IEC 60309 (Part 2),"Plugs, socket-outlets and couplers for industrial purposes, Part 2: Dimensional interchangeability requirements for pin and contact-tube accessories",2002.0,Current,UNKNOWN,,Electrical cables and wiring,Medium,https://archive.org/details/gov.in.is.iec.60309.2.2002,IS/IEC 60309,True,replacement not stated in source,BIS catalogue (verified),2028-11-01,No
IS/IEC 60320 (Part 1),"Appliance couplers for household and similar general purposes, Part 1: General requirements",2021.0,Current,UNKNOWN,,Electrical cables and wiring,Medium,https://archive.org/details/gov.in.is.iec.60320.1.2001,IS/IEC 60320,True,replacement not stated in source,BIS catalogue (verified) | amended from BIS portal 2026-09-10 (Year),2028-09-01,No
IS/IEC 60320 (Part 2/Sec 2),"Appliance couplers for household and similar general purposes, Part 2-2: Interconnection couplers for household and similar equipment",1998.0,Current,UNKNOWN,,Electrical cables and wiring,Medium,https://archive.org/details/gov.in.is.iec.60320.2.2.1998,IS/IEC 60320,True,replacement not stated in source,BIS catalogue (verified),2028-09-01,No
IS/IEC 60320 (Part 2/Sec 3),"Appliance couplers for household and similar general purposes, Part 2-3: Appliance couplers with a degree of protection higher than IPX0",1998.0,Current,UNKNOWN,,Electrical cables and wiring,Medium,https://archive.org/details/gov.in.is.iec.60320.2.3.1998,IS/IEC 60320,True,replacement not stated in source,BIS catalogue (verified),2028-09-01,No
IS/IEC 61058 (Part 1),"Switches for appliances, Part 1: General requirements",2016.0,Current,UNKNOWN,,Electrical cables and wiring,Medium,https://archive.org/details/gov.in.is.iec.61058.1.2000,IS/IEC 61058,True,replacement not stated in source,BIS catalogue (verified) | amended from BIS portal 2026-09-10 (Year),2028-05-31,No
IS 4984,High density polyethylene pipes for potable water supplies,2016.0,Current,UNKNOWN,,Pipes (PVC and GI),High,https://archive.org/details/gov.in.is.4984.1995,IS 4984,True,replacement not stated in source,BIS catalogue (verified) | amended from BIS portal 2026-09-10 (Year),2031-07-01,No
IS 4985,Unplasticized PVC pipes for potable water supplies - Specification,2021.0,Current,UNKNOWN,,Pipes (PVC and GI),High,https://archive.org/details/gov.in.is.4985.2000,IS 4985,True,replacement not stated in source,BIS catalogue (verified) | amended from BIS portal 2026-09-10 (Year),2031-03-31,No
IS 7634 (Part 1),"Code of practice for plastic pipe work for potable water supplies, Part 1: Choice of materials and general recommendations",1975.0,Current,UNKNOWN,,Pipes (PVC and GI),High,https://archive.org/details/gov.in.is.7634.1.1975,IS 7634,True,replacement not stated in source,BIS catalogue (verified),2027-06-30,No
IS 7634 (Part 2),"Plastics pipes selection, handling, storage and installation for potable water supplies - Code of practice, Part 2: Laying and jointing of polyethylene (PE) pipes",2012.0,Current,UNKNOWN,,Pipes (PVC and GI),High,https://archive.org/details/gov.in.is.7634.2.2012,IS 7634,True,replacement not stated in source,BIS catalogue (verified),2027-06-30,No
IS 7634 (Part 3),"Plastics pipe selection, handling, storage and installation for potable water supplies - Code of practice, Part 3: Laying and jointing of UPVC pipes",2003.0,Current,UNKNOWN,,Pipes (PVC and GI),High,https://archive.org/details/gov.in.is.7634.3.2003,IS 7634,True,replacement not stated in source,BIS catalogue (verified),2027-06-30,No
IS 7834 (Part 1),"Injection moulded PVC socket fittings with solvent cement joints for water supplies, Part 1: General requirements",1987.0,Current,UNKNOWN,,Pipes (PVC and GI),High,https://archive.org/details/gov.in.is.7834.1.1987,IS 7834,True,replacement not stated in source,BIS catalogue (verified),2028-05-30,No
IS 7834 (Part 2),"Injection moulded PVC socket fittings with solvent cement joints for water supplies, Part 2: Specific requirements for 45 degree elbows",1987.0,Current,UNKNOWN,,Pipes (PVC and GI),High,https://archive.org/details/gov.in.is.7834.2.1987,IS 7834,True,replacement not stated in source,BIS catalogue (verified),2028-05-30,No
IS 7834 (Part 3),"Injection moulded PVC socket fittings with solvent cement joints for water supplies, Part 3: Specific requirements for 90 degree elbows",1987.0,Current,UNKNOWN,,Pipes (PVC and GI),High,https://archive.org/details/gov.in.is.7834.3.1987,IS 7834,True,replacement not stated in source,BIS catalogue (verified),2028-05-30,No
IS 7834 (Part 4),"Injection moulded PVC socket fittings with solvent cement joints for water supplies, Part 4: Specific requirements for 90 degree tees",1987.0,Current,UNKNOWN,,Pipes (PVC and GI),High,https://archive.org/details/gov.in.is.7834.4.1987,IS 7834,True,replacement not stated in source,BIS catalogue (verified),2028-05-30,No
IS 7834 (Part 5),"Injection moulded PVC socket fittings with solvent cement joints for water supplies, Part 5: Specific requirements for 45 degree tees",1987.0,Current,UNKNOWN,,Pipes (PVC and GI),High,https://archive.org/details/gov.in.is.7834.5.1987,IS 7834,True,replacement not stated in source,BIS catalogue (verified),2028-05-30,No
IS 7834 (Part 6),"Injection moulded PVC socket fittings with solvent cement joints for water supplies, Part 6: Specific requirements for sockets",1987.0,Current,UNKNOWN,,Pipes (PVC and GI),High,https://archive.org/details/gov.in.is.7834.6.1987,IS 7834,True,replacement not stated in source,BIS catalogue (verified),2028-05-30,No
IS 7834 (Part 7),"Injection moulded PVC socket fittings with solvent cement joints for water supplies, Part 7: Specific requirements for unions",1987.0,Current,UNKNOWN,,Pipes (PVC and GI),High,https://archive.org/details/gov.in.is.7834.7.1987,IS 7834,True,replacement not stated in source,BIS catalogue (verified),2028-05-30,No
IS 7834 (Part 8),"Injection moulded PVC socket fittings with solvent cement joints for water supplies, Part 8: Specific requirements for caps",1987.0,Current,UNKNOWN,,Pipes (PVC and GI),High,https://archive.org/details/gov.in.is.7834.8.1987,IS 7834,True,replacement not stated in source,BIS catalogue (verified),2028-05-30,No
IS 8008 (Part 1),"Injection moulded/machined high density polyethylene (HDPE) fittings for potable water supplies, Part 1: General requirements for fittings",2003.0,Current,UNKNOWN,,Pipes (PVC and GI),High,https://archive.org/details/gov.in.is.8008.1.2003,IS 8008,True,replacement not stated in source,BIS catalogue (verified),2027-03-31,No
IS 8008 (Part 2),"Injection moulded/machined HDPE fittings for potable water supplies, Part 2: Specific requirements for 90 degree bends",2003.0,Current,UNKNOWN,,Pipes (PVC and GI),High,https://archive.org/details/gov.in.is.8008.2.2003,IS 8008,True,replacement not stated in source,BIS catalogue (verified),2027-03-31,No
IS 8008 (Part 3),"Injection moulded/machined HDPE fittings for potable water supplies, Part 3: Specific requirements for 90 degree tees",2003.0,Current,UNKNOWN,,Pipes (PVC and GI),High,https://archive.org/details/gov.in.is.8008.3.2003,IS 8008,True,replacement not stated in source,BIS catalogue (verified),2027-03-31,No
IS 8008 (Part 4),"Injection moulded/machined HDPE fittings for potable water supplies, Part 4: Specific requirements for reducers",2003.0,Current,UNKNOWN,,Pipes (PVC and GI),High,https://archive.org/details/gov.in.is.8008.4.2003,IS 8008,True,replacement not stated in source,BIS catalogue (verified),2027-03-31,No
IS 8008 (Part 5),"Injection moulded/machined HDPE fittings for potable water supplies, Part 5: Specific requirements for ferrule reducers",2003.0,Current,UNKNOWN,,Pipes (PVC and GI),High,https://archive.org/details/gov.in.is.8008.5.2003,IS 8008,True,replacement not stated in source,BIS catalogue (verified),2027-03-31,No
IS 8008 (Part 6),"Injection moulded/machined HDPE fittings for potable water supplies, Part 6: Specific requirements for pipe ends",2003.0,Current,UNKNOWN,,Pipes (PVC and GI),High,https://archive.org/details/gov.in.is.8008.6.2003,IS 8008,True,replacement not stated in source,BIS catalogue (verified),2027-03-31,No
IS 8008 (Part 7),"Injection moulded/machined HDPE fittings for potable water supplies, Part 7: Specific requirements for sandwich flanges",2003.0,Current,UNKNOWN,,Pipes (PVC and GI),High,https://archive.org/details/gov.in.is.8008.7.2003,IS 8008,True,replacement not stated in source,BIS catalogue (verified),2027-03-31,No
IS 8008 (Part 8),"Injection moulded/machined HDPE fittings for potable water supplies, Part 8: Specific requirements for reducing tees",2003.0,Current,UNKNOWN,,Pipes (PVC and GI),High,https://archive.org/details/gov.in.is.8008.8.2003,IS 8008,True,replacement not stated in source,BIS catalogue (verified),2027-03-31,No
IS 8008 (Part 9),"Injection moulded/machined HDPE fittings for potable water supplies, Part 9: Specific requirements for end caps",2003.0,Current,UNKNOWN,,Pipes (PVC and GI),High,https://archive.org/details/gov.in.is.8008.9.2003,IS 8008,True,replacement not stated in source,BIS catalogue (verified),2027-03-31,No
IS 8360 (Part 1),"Fabricated high density polyethylene (HDPE) fittings for potable water supplies, Part 1: General requirements",1977.0,Current,UNKNOWN,,Pipes (PVC and GI),Medium,https://archive.org/details/gov.in.is.8360.1.1977,IS 8360,True,replacement not stated in source,BIS catalogue (verified),2031-02-28,No
IS 8360 (Part 2),"Fabricated high density polyethylene fittings for potable water supplies, Part 2: Specific requirements for 90 degree tees",1977.0,Current,UNKNOWN,,Pipes (PVC and GI),Medium,https://archive.org/details/gov.in.is.8360.2.1977,IS 8360,True,replacement not stated in source,BIS catalogue (verified),2031-02-28,No
IS 8360 (Part 3),"Fabricated high density polyethylene (HDPE) fittings for potable water supplies, Part 3: Specific requirements for 90 degree bends",1977.0,Current,UNKNOWN,,Pipes (PVC and GI),Medium,https://archive.org/details/gov.in.is.8360.3.1977,IS 8360,True,replacement not stated in source,BIS catalogue (verified),2031-02-28,No
IS 9271,Unplasticized polyvinyl chloride (UPVC) single wall corrugated pipes for drainage - Specification,2004.0,Current,UNKNOWN,,Pipes (PVC and GI),Medium,https://archive.org/details/gov.in.is.9271.2004,IS 9271,True,replacement not stated in source,BIS catalogue (verified),2029-04-30,No
IS 10124 (Part 1),"Fabricated PVC-U fittings for potable water supplies - Specification, Part 1: General requirements",2009.0,Current,UNKNOWN,,Pipes (PVC and GI),High,https://archive.org/details/gov.in.is.10124.1.2009,IS 10124,True,replacement not stated in source,BIS catalogue (verified),2028-05-30,No
IS 10124 (Part 2),"Fabricated PVC-U fittings for potable water supplies - Specification, Part 2: Specific requirements for sockets",2009.0,Current,UNKNOWN,,Pipes (PVC and GI),High,https://archive.org/details/gov.in.is.10124.2.2009,IS 10124,True,replacement not stated in source,BIS catalogue (verified),2028-05-30,No
IS 10124 (Part 3),"Fabricated PVC-U fittings for potable water supplies - Specification, Part 3: Specific requirements for straight reducers",2009.0,Current,UNKNOWN,,Pipes (PVC and GI),High,https://archive.org/details/gov.in.is.10124.3.2009,IS 10124,True,replacement not stated in source,BIS catalogue (verified),2028-05-30,No
IS 10124 (Part 4),"Fabricated PVC-U fittings for potable water supplies - Specification, Part 4: Specific requirements for caps",2009.0,Current,UNKNOWN,,Pipes (PVC and GI),High,https://archive.org/details/gov.in.is.10124.4.2009,IS 10124,True,replacement not stated in source,BIS catalogue (verified),2028-05-30,No
IS 10124 (Part 5),"Fabricated PVC-U fittings for potable water supplies - Specification, Part 5: Specific requirements for equal tees",2009.0,Current,UNKNOWN,,Pipes (PVC and GI),High,https://archive.org/details/gov.in.is.10124.5.2009,IS 10124,True,replacement not stated in source,BIS catalogue (verified),2028-05-30,No
IS 10124 (Part 6),"Fabricated PVC-U fittings for potable water supplies - Specification, Part 6: Specific requirements for flanged tail pieces with metallic flanges",2009.0,Current,UNKNOWN,,Pipes (PVC and GI),High,https://archive.org/details/gov.in.is.10124.6.2009,IS 10124,True,replacement not stated in source,BIS catalogue (verified),2028-05-30,No
IS 10124 (Part 7),"Fabricated PVC-U fittings for potable water supplies - Specification, Part 7: Specific requirements for threaded adaptors",2009.0,Current,UNKNOWN,,Pipes (PVC and GI),High,https://archive.org/details/gov.in.is.10124.7.2009,IS 10124,True,replacement not stated in source,BIS catalogue (verified),2028-05-30,No
IS 10124 (Part 8),"Fabricated PVC-U fittings for potable water supplies - Specification, Part 8: Specific requirements for 90 degree bends",2009.0,Current,UNKNOWN,,Pipes (PVC and GI),High,https://archive.org/details/gov.in.is.10124.8.2009,IS 10124,True,replacement not stated in source,BIS catalogue (verified),2028-05-30,No
IS 10124 (Part 9),"Fabricated PVC-U fittings for potable water supplies - Specification, Part 9: Specific requirements for 60 degree bends",2009.0,Current,UNKNOWN,,Pipes (PVC and GI),High,https://archive.org/details/gov.in.is.10124.9.2009,IS 10124,True,replacement not stated in source,BIS catalogue (verified),2028-05-30,No
IS 10124 (Part 10),"Fabricated PVC-U fittings for potable water supplies - Specification, Part 10: Specific requirements for 45 degree bends",2009.0,Current,UNKNOWN,,Pipes (PVC and GI),High,https://archive.org/details/gov.in.is.10124.10.2009,IS 10124,True,replacement not stated in source,BIS catalogue (verified),2028-05-30,No
IS 10124 (Part 11),"Fabricated PVC-U fittings for potable water supplies - Specification, Part 11: Specific requirements for 30 degree bends",2009.0,Current,UNKNOWN,,Pipes (PVC and GI),High,https://archive.org/details/gov.in.is.10124.11.2009,IS 10124,True,replacement not stated in source,BIS catalogue (verified),2028-05-30,No
IS 10124 (Part 12),"Fabricated PVC-U fittings for potable water supplies - Specification, Part 12: Specific requirements for 22.5 degree bends",2009.0,Current,UNKNOWN,,Pipes (PVC and GI),High,https://archive.org/details/gov.in.is.10124.12.2009,IS 10124,True,replacement not stated in source,BIS catalogue (verified),2028-05-30,No
IS 10124 (Part 13),"Fabricated PVC-U fittings for potable water supplies - Specification, Part 13: Specific requirements for 11.25 degree bends",2009.0,Current,UNKNOWN,,Pipes (PVC and GI),High,https://archive.org/details/gov.in.is.10124.13.2009,IS 10124,True,replacement not stated in source,BIS catalogue (verified),2028-05-30,No
IS 12231,Unplasticized PVC pipes for use in suction and delivery lines of agricultural pump sets,1987.0,Current,UNKNOWN,,Pipes (PVC and GI),Medium,https://archive.org/details/gov.in.is.12231.1987,IS 12231,True,replacement not stated in source,BIS catalogue (verified),2028-05-30,No
IS 12235 (Parts 1 to 19),Thermoplastics pipes and fittings - Methods of test,2004.0,Current,UNKNOWN,,Pipes (PVC and GI),Medium,https://archive.org/details/gov.in.is.12235.1-19.2004,IS 12235,True,replacement not stated in source,BIS catalogue (verified),2029-04-30,No
IS 12709,"Glass-fibre reinforced plastic (GRP) pipes, joints and fittings for use for potable water supply",1994.0,Current,UNKNOWN,,Pipes (PVC and GI),Medium,https://archive.org/details/gov.in.is.12709.1994,IS 12709,True,replacement not stated in source,BIS catalogue (verified),2029-04-30,No
IS 12818,Unplasticized polyvinyl chloride (PVC-U) screen and casing pipes for bore/tubewell,2010.0,Current,UNKNOWN,,Pipes (PVC and GI),High,https://archive.org/details/gov.in.is.12818.2010,IS 12818,True,replacement not stated in source,BIS catalogue (verified),2031-03-01,No
IS 13592,Unplasticized polyvinyl chloride (PVC-U) pipes for soil and waste discharge systems inside buildings including ventilation and rainwater system,2013.0,Current,UNKNOWN,,Pipes (PVC and GI),High,https://archive.org/details/gov.in.is.13592.2013,IS 13592,True,replacement not stated in source,BIS catalogue (verified),2028-05-30,No
IS 13593,UPVC pipe fittings to be used with UPVC pipes in the suction and delivery lines of agricultural pumps,1992.0,Current,UNKNOWN,,Pipes (PVC and GI),Medium,https://archive.org/details/gov.in.is.13593.1992,IS 13593,True,replacement not stated in source,BIS catalogue (verified),2027-06-30,No
IS 13916,Code of practice for installation of glass fibre reinforced plastic (GRP) piping system,1994.0,Current,UNKNOWN,,Pipes (PVC and GI),Medium,https://archive.org/details/gov.in.is.13916.1994,IS 13916,True,replacement not stated in source,BIS catalogue (verified),2029-04-30,No
IS 14333,High density polyethylene pipes for sewerage - Specification,2022.0,Current,UNKNOWN,,Pipes (PVC and GI),High,https://archive.org/details/gov.in.is.14333.1996,IS 14333,True,replacement not stated in source,BIS catalogue (verified) | amended from BIS portal 2026-09-10 (Year),2031-02-28,No
IS 14402,"GRP pipes, joints and fittings for use for sewerage, industrial waste and water (other than potable)",1996.0,Current,UNKNOWN,,Pipes (PVC and GI),Medium,https://archive.org/details/gov.in.is.14402.1996,IS 14402,True,replacement not stated in source,BIS catalogue (verified),2027-01-31,No
IS 14735,Unplasticized polyvinyl chloride (UPVC) injection moulded fittings for soil and waste discharge system for inside and outside buildings including ventilation and rainwater system,1999.0,Current,UNKNOWN,,Pipes (PVC and GI),High,https://archive.org/details/gov.in.is.14735.1999,IS 14735,True,replacement not stated in source,BIS catalogue (verified),2029-04-30,No
IS 14787,Unplasticized PVC pipes (ducts) and fittings for underground telecommunications cable installation,2000.0,Current,UNKNOWN,,Pipes (PVC and GI),Medium,https://archive.org/details/gov.in.is.14787.2000,IS 14787,True,replacement not stated in source,BIS catalogue (verified),2030-03-01,No
IS 14885,Polyethylene pipes for the supply of gaseous fuels - Specification,2022.0,Current,UNKNOWN,,Pipes (PVC and GI),Medium,https://archive.org/details/gov.in.is.14885.2001,IS 14885,True,replacement not stated in source,BIS catalogue (verified) | amended from BIS portal 2026-09-10 (Year),2031-02-28,No
IS 15265,Flexible PVC pipes or polymer reinforced thermoplastic hoses for suction and delivery lines of agricultural pumps - Specification,2003.0,Current,UNKNOWN,,Pipes (PVC and GI),Medium,https://archive.org/details/gov.in.is.15265.2003,IS 15265,True,replacement not stated in source,BIS catalogue (verified),2028-05-30,No
IS 15328,Unplasticized non-pressure polyvinyl chloride (PVC-U) pipes for use in underground drainage and sewerage systems - Specification,2003.0,Current,UNKNOWN,,Pipes (PVC and GI),High,https://archive.org/details/gov.in.is.15328.2003,IS 15328,True,replacement not stated in source,BIS catalogue (verified),2031-02-11,No
IS 15450,Polyethylene/aluminium/polyethylene composite pressure pipes for hot and cold water supplies - Specification,2022.0,Current,UNKNOWN,,Pipes (PVC and GI),Medium,https://archive.org/details/gov.in.is.15450.2004,IS 15450,True,replacement not stated in source,BIS catalogue (verified) | amended from BIS portal 2026-09-10 (Year),2027-03-31,No
IS 15778,Chlorinated polyvinyl chloride (CPVC) pipes for potable hot and cold water distribution supplies - Specification,2007.0,Current,UNKNOWN,,Pipes (PVC and GI),High,https://archive.org/details/gov.in.is.15778.2007,IS 15778,True,replacement not stated in source,BIS catalogue (verified),2027-06-30,No
IS 15801,Polypropylene-random copolymer pipes for hot and cold water supplies - Specification,2008.0,Current,UNKNOWN,,Pipes (PVC and GI),High,https://archive.org/details/gov.in.is.15801.2008,IS 15801,True,replacement not stated in source,BIS catalogue (verified),2027-06-30,No
IS 15927 (Part 1),"Polyethylene fittings for use with polyethylene pipes for the supply of gaseous fuels - Specification, Part 1: Fittings for socket fusion using heated tools",2012.0,Current,UNKNOWN,,Pipes (PVC and GI),Medium,https://archive.org/details/gov.in.is.15927.1.2012,IS 15927,True,replacement not stated in source,BIS catalogue (verified),2027-01-31,No
IS 15927 (Part 2),"Polyethylene fittings for use with polyethylene pipes for the supply of gaseous fuels - Specification, Part 2: Spigot fittings for butt fusion, for socket fusion using heated tools and for use with electrofusion fittings",2012.0,Current,UNKNOWN,,Pipes (PVC and GI),Medium,https://archive.org/details/gov.in.is.15927.2.2012,IS 15927,True,replacement not stated in source,BIS catalogue (verified),2027-01-31,No
IS 15927 (Part 3),"Polyethylene fittings for use with polyethylene pipes for the supply of gaseous fuels, Part 3: Electrofusion fittings",2011.0,Current,UNKNOWN,,Pipes (PVC and GI),Medium,https://archive.org/details/gov.in.is.15927.3.2011,IS 15927,True,replacement not stated in source,BIS catalogue (verified),2027-01-31,No
IS 16098 (Part 1),"Structured-wall plastics piping systems for non-pressure drainage and sewerage - Specification, Part 1: Pipes and fittings with smooth external surface, Type A",2013.0,Current,UNKNOWN,,Pipes (PVC and GI),Medium,https://archive.org/details/gov.in.is.16098.1.2013,IS 16098,True,replacement not stated in source,BIS catalogue (verified),2027-06-30,No
IS 16098 (Part 2),"Structured-wall plastics piping systems for non-pressure drainage and sewerage - Specification, Part 2: Pipes and fittings with non-smooth external surface, Type B",2013.0,Current,UNKNOWN,,Pipes (PVC and GI),Medium,https://archive.org/details/gov.in.is.16098.2.2013,IS 16098,True,replacement not stated in source,BIS catalogue (verified),2027-06-30,No
SP 57,Handbook on pipes and fittings for drinking water supply,1993.0,Current,UNKNOWN,,Pipes (PVC and GI),High,https://archive.org/details/gov.in.is.sp.57.1993,SP 57,False,replacement not stated in source,BIS catalogue (verified),2030-03-31,No
IS 2099,Bushings for alternating voltages above 1 000 Volts,,Withdrawn,UNKNOWN,UNKNOWN,ETD — Electrotechnical Department,Collected,https://standards.bis.gov.in/website/know-your-standards,IS 2099,,,BIS catalogue (collected),,
IS 2026,Power transformers: Part 1 general (Second Revision),2011.0,Current,UNKNOWN,UNKNOWN,ETD — Electrotechnical Department,Collected,https://standards.bis.gov.in/website/know-your-standards,IS 2026,,,BIS catalogue (collected),2026-11-30,No
IS 3231,Electrical relays for power systems protection: Part 0 General introduction and list of parts,,Withdrawn,UNKNOWN,UNKNOWN,ETD — Electrotechnical Department,Collected,https://standards.bis.gov.in/website/know-your-standards,IS 3231,,,BIS catalogue (collected),,
IS 325,Three-phase Induction Motors,,Withdrawn,UNKNOWN,UNKNOWN,ETD — Electrotechnical Department,Collected,https://standards.bis.gov.in/website/know-your-standards,IS 325,,,BIS catalogue (collected),,
IS 8623,Low-Voltage Switchgear and Controlgear Assemblies - Part 1 : Requirements for Type-Tested and Partially Type-Tested Assemblies,,Withdrawn,UNKNOWN,UNKNOWN,ETD — Electrotechnical Department,Collected,https://standards.bis.gov.in/website/know-your-standards,IS 8623,,,BIS catalogue (collected),,
IS 2705,Current transformers - Specification: Part 1 general requirements (Second Revision),1992.0,Withdrawn,UNKNOWN,UNKNOWN,ETD — Electrotechnical Department,Collected,https://standards.bis.gov.in/website/know-your-standards,IS 2705,,,BIS catalogue (collected),2022-03-31,Yes
IS 13947,Low-voltage Switchgear and Controlgear - Part 1 : General Rules,,Withdrawn,UNKNOWN,UNKNOWN,ETD — Electrotechnical Department,Collected,https://standards.bis.gov.in/website/know-your-standards,IS 13947,,,BIS catalogue (collected),,
IS 5578,Guide for marking of insulated conductors (First Revision),1984.0,Current,UNKNOWN,UNKNOWN,ETD — Electrotechnical Department,Collected,https://standards.bis.gov.in/website/know-your-standards,IS 5578,,,BIS catalogue (collected) | amended from BIS portal 2026-09-10 (Year),2030-06-25,No
IS 3156,Voltage transformers: Part 1 General requirements,,Withdrawn,UNKNOWN,UNKNOWN,ETD — Electrotechnical Department,Collected,https://standards.bis.gov.in/website/know-your-standards,IS 3156,,,BIS catalogue (collected),,
IS 5082,"Wrought aluminium and aluminium alloy bars, rods, tubes, sections, plates and sheets for electrical applications (Second Revision)",1998.0,Current,UNKNOWN,UNKNOWN,MTD — Metallurgical Engineering Department,Collected,https://standards.bis.gov.in/website/know-your-standards,IS 5082,,,BIS catalogue (collected),2031-07-10,No
IS 1248,Direct Acting Indicating Analogue Electrical Measuring Instruments and their Accessories Part 1 Definitions and General Requirements ( Fifth Revision ),2021.0,Current,UNKNOWN,UNKNOWN,ETD — Electrotechnical Department,Collected,https://standards.bis.gov.in/website/know-your-standards,IS 1248,,,BIS catalogue (collected),2026-10-30,No
IS 2147,Degrees of protection provided by enclosures for low voltage switchgear and controlgear,,Withdrawn,UNKNOWN,UNKNOWN,ETD — Electrotechnical Department,Collected,https://standards.bis.gov.in/website/know-your-standards,IS 2147,,,BIS catalogue (collected),,
IS 2062,Structural Steel - Part 1 - Hot Rolled Medium and High tensile  Steel,2025.0,Current,UNKNOWN,UNKNOWN,MTD — Metallurgical Engineering Department,Collected,https://standards.bis.gov.in/website/know-your-standards,IS 2062,,,BIS catalogue (collected),2030-12-29,No
IS 2629,"Process, Design, Testing and Application of Hot Dip Galvanizing of Iron and Steel - Code of Practice  Part 1 Batch Process ( Second Revision )",2025.0,Current,UNKNOWN,UNKNOWN,MTD — Metallurgical Engineering Department,Collected,https://standards.bis.gov.in/website/know-your-standards,IS 2629,,,BIS catalogue (collected),2030-08-31,No
IS 269,Ordinary portland cement - Specification (Sixth Revision),2015.0,Current,UNKNOWN,UNKNOWN,CED — Civil Engineering Department,Collected,https://standards.bis.gov.in/website/know-your-standards,IS 269,,,BIS catalogue (collected),2030-12-31,No
IS 335,New insulating oils - Specification (Fifth Revision),2018.0,Current,UNKNOWN,UNKNOWN,ETD — Electrotechnical Department,Collected,https://standards.bis.gov.in/website/know-your-standards,IS 335,,,BIS catalogue (collected),2023-09-30,Yes
IS 1893,Design Earthquake Hazard  and  Criteria for Earthquake-Resistant Design of Structures  Part 1 General Provisions   ( Seventh Revision ),,Current,UNKNOWN,UNKNOWN,CED — Civil Engineering Department,Collected,https://standards.bis.gov.in/website/know-your-standards,IS 1893,,,BIS catalogue (collected),2031-11-20,No
IS 3589,Steel pipes for water and sewage (168.3 To 2540 Mm Outside Diameter) - Specification (Third Revision),2001.0,Current,UNKNOWN,UNKNOWN,MTD — Metallurgical Engineering Department,Collected,https://standards.bis.gov.in/website/know-your-standards,IS 3589,,,BIS catalogue (collected),2031-02-18,No
IS 1363,"Hexagon head bolts, screws and nuts of product grade C Part 1 Hexagon head bolts (Size range M5 to M64)  (sixth revision)",2023.0,Current,UNKNOWN,UNKNOWN,PGD — Production And General Engineering Department,Collected,https://standards.bis.gov.in/website/know-your-standards,IS 1363,,,BIS catalogue (collected),2028-10-31,No
IS 2633,Method for testing uniformity of coating on zinc coated articles (Second Revision),1986.0,Current,UNKNOWN,UNKNOWN,MTD — Metallurgical Engineering Department,Collected,https://standards.bis.gov.in/website/know-your-standards,IS 2633,,,BIS catalogue (collected) | amended from BIS portal 2026-09-10 (Year),2031-03-27,No
IS 554,"Pipe threads where pressure - Tight joints are made on the threads - Dimensions, tolerances and designation (Fourth Revision)",1999.0,Current,UNKNOWN,UNKNOWN,PGD — Production And General Engineering Department,Collected,https://standards.bis.gov.in/website/know-your-standards,IS 554,,,BIS catalogue (collected),2029-04-30,No
IS 800,General construction in steel - Code of practice (Third Revision),2007.0,Current,UNKNOWN,UNKNOWN,CED — Civil Engineering Department,Collected,https://standards.bis.gov.in/website/know-your-standards,IS 800,,,BIS catalogue (collected),2027-12-31,No
IS 1161,Steel tubes for structural purposes - Specification (Fifth Revision),2014.0,Current,UNKNOWN,UNKNOWN,MTD — Metallurgical Engineering Department,Collected,https://standards.bis.gov.in/website/know-your-standards,IS 1161,,,BIS catalogue (collected),2029-06-30,No
IS 6005,Code of practice for phosphate coatings of iron and steel (First Revision),1998.0,Current,UNKNOWN,UNKNOWN,MTD — Metallurgical Engineering Department,Collected,https://standards.bis.gov.in/website/know-your-standards,IS 6005,,,BIS catalogue (collected),2031-03-27,No
IS 875,Code of practice for design loads (Other Than Earthquake) for buildings and structures: Part 1 dead loads - Unit weights of building materials and stored materials (Second Revision),1989.0,Current,UNKNOWN,UNKNOWN,CED — Civil Engineering Department,Collected,https://standards.bis.gov.in/website/know-your-standards,IS 875,,,BIS catalogue (collected),2028-05-31,No
IS 1786,High Strength Deformed Steel Bars and Wires for Concrete Reinforcement - Specification (Fourth Revision) ,2008.0,Current,UNKNOWN,UNKNOWN,CED — Civil Engineering Department,Collected,https://standards.bis.gov.in/website/know-your-standards,IS 1786,,,BIS catalogue (collected),2028-01-31,No
IS 1239,"Steel Tubes, Tubulars and Other Wrought Steel Fittings   : Part 1  Steel Tubes (BI-LINGUAL)",2018.0,Current,UNKNOWN,UNKNOWN,MTD — Metallurgical Engineering Department,Collected,https://standards.bis.gov.in/website/know-your-standards,IS 1239,,,BIS catalogue (collected),2029-06-30,No
IS 277,Galvanized steel strips and sheets (Plain And Corrugated) - Specification (Seventh Revision),2018.0,Current,UNKNOWN,UNKNOWN,MTD — Metallurgical Engineering Department,Collected,https://standards.bis.gov.in/website/know-your-standards,IS 277,,,BIS catalogue (collected),2031-03-18,No
IS 816,Code of practice for use of metal arc welding for general construction in mild steel (First Revision),1969.0,Withdrawn,UNKNOWN,UNKNOWN,MTD — Metallurgical Engineering Department,Collected,https://standards.bis.gov.in/website/know-your-standards,IS 816,,,BIS catalogue (collected) | amended from BIS portal 2026-09-10 (Year),2028-05-25,No
IS 456,Plain and reinforced concrete - Code of practice (Fourth Revision),2000.0,Current,UNKNOWN,UNKNOWN,CED — Civil Engineering Department,Collected,https://standards.bis.gov.in/website/know-your-standards,IS 456,,,BIS catalogue (collected),2030-07-12,No
IS 780,sluice valves for water works purposes (50 to 300 mm size),,Withdrawn,UNKNOWN,UNKNOWN,CED — Civil Engineering Department,Collected,https://standards.bis.gov.in/website/know-your-standards,IS 780,,,BIS catalogue (collected),,
IS 778,"Specification for copper alloy gate, globe and check valves for waterworks purposes (Fourth Revision)",1984.0,Current,UNKNOWN,UNKNOWN,CED — Civil Engineering Department,Collected,https://standards.bis.gov.in/website/know-your-standards,IS 778,,,BIS catalogue (collected) | amended from BIS portal 2026-09-10 (Year),2031-02-27,No
IS 2713,Tubular Steel Poles for Overhead Power Lines,,Current,UNKNOWN,UNKNOWN,CED — Civil Engineering Department,Collected,https://standards.bis.gov.in/website/know-your-standards,IS 2713,,,BIS catalogue (collected),2027-12-31,No
IS 808,"Hot Rolled Steel Beam, Column, Channel and Angle Sections - Dimensions and Properties  (Fourth Revision)",2021.0,Current,UNKNOWN,UNKNOWN,CED — Civil Engineering Department,Collected,https://standards.bis.gov.in/website/know-your-standards,IS 808,,,BIS catalogue (collected),2026-07-28,Yes
IS 9595,Metal - Arc welding of carbon and carbon manganese steels - Recommendations (Fifth Revision),1996.0,Withdrawn,UNKNOWN,UNKNOWN,MTD — Metallurgical Engineering Department,Collected,https://standards.bis.gov.in/website/know-your-standards,IS 9595,,,BIS catalogue (collected),2028-05-25,No
IS 1538,"Cast iron fittings for pressure pipes for water, gas and sewage - Specification (Third Revision)",1993.0,Current,UNKNOWN,UNKNOWN,MTD — Metallurgical Engineering Department,Collected,https://standards.bis.gov.in/website/know-your-standards,IS 1538,,,BIS catalogue (collected),2029-02-28,No
IS 3975,"Low carbon galvanized steel wires, formed wires and tapes for armouring of cables - Specification (Third Revision)",1999.0,Current,UNKNOWN,UNKNOWN,MTD — Metallurgical Engineering Department,Collected,https://standards.bis.gov.in/website/know-your-standards,IS 3975,,,BIS catalogue (collected),2026-11-30,No
IS 209,Refined Zinc - Specification (Fifth Revision),2024.0,Current,UNKNOWN,UNKNOWN,MTD — Metallurgical Engineering Department,Collected,https://standards.bis.gov.in/website/know-your-standards,IS 209,,,BIS catalogue (collected),2029-01-31,No
IS 13095,Butterfly Valves for General Purposes ( First Revision )  ,2020.0,Superseded,UNKNOWN,UNKNOWN,MED — Mechanical Engineering Department,Collected,https://standards.bis.gov.in/website/know-your-standards,IS 13095,,,BIS catalogue (collected),2031-01-22,No
IS 8828,Electrical Accessories - Circuit Breakers for Over Current Protection for Household and Similar Installations,,Withdrawn,UNKNOWN,UNKNOWN,ETD — Electrotechnical Department,Collected,https://standards.bis.gov.in/website/know-your-standards,IS 8828,,,BIS catalogue (collected),,
IS 3427,A.C. Metal Enclosed Switchgear and Controlgear for Rated Voltages Above 1 kV and Up to and Including 52 kV,,Withdrawn,UNKNOWN,UNKNOWN,ETD — Electrotechnical Department,Collected,https://standards.bis.gov.in/website/know-your-standards,IS 3427,,,BIS catalogue (collected),,
IS 617,Aluminium and Aluminium Alloys Ingots for Remelting and Castings for General Engineering Purposes â€” Specification  (Fourth Revision),2024.0,Current,UNKNOWN,UNKNOWN,MTD — Metallurgical Engineering Department,Collected,https://standards.bis.gov.in/website/know-your-standards,IS 617,,,BIS catalogue (collected),2029-05-31,No
IS 6875,Control switches (switching devices for control and auxiliary circuits including contactor relays) for voltages up to and including 1000 V ac & 1200 V dc: Part 1 General requirements,,Withdrawn,UNKNOWN,UNKNOWN,ETD — Electrotechnical Department,Collected,https://standards.bis.gov.in/website/know-your-standards,IS 6875,,,BIS catalogue (collected),,
IS 6745,Methods for determination of mass of zinc coating on zinc coated iron and steel articles,1972.0,Current,UNKNOWN,UNKNOWN,MTD — Metallurgical Engineering Department,Collected,https://standards.bis.gov.in/website/know-your-standards,IS 6745,,,BIS catalogue (collected) | amended from BIS portal 2026-09-10 (Year),2027-10-18,No
IS 432,Specification for Mild Steel and Medium Tensile Steel Bars and Hard-Drawn Steel Wire for Concrete Reinforcement: Part 1 Mild Steel and Medium Tensile Steel Bars (Third revision),1982.0,Current,UNKNOWN,UNKNOWN,CED — Civil Engineering Department,Collected,https://standards.bis.gov.in/website/know-your-standards,IS 432,,,BIS catalogue (collected),2025-05-31,Yes
IS 383,Coarse and Fine Aggregate for Concrete - Specification (Third Revision) ,,Current,UNKNOWN,UNKNOWN,CED — Civil Engineering Department,Collected,https://standards.bis.gov.in/website/know-your-standards,IS 383,,,BIS catalogue (collected),2030-07-12,No
IS 516,"Hardened concrete - Methods of test: Part 1 Testing of strength of hardened concrete: Section 1 Compressive, flexural and split tensile strength (First Revision)",2021.0,Current,UNKNOWN,UNKNOWN,CED — Civil Engineering Department,Collected,https://standards.bis.gov.in/website/know-your-standards,IS 516,,,BIS catalogue (collected),2031-03-31,No
IS 1367,"Technical supply conditions for threaded steel fasteners: Part 1 general requirements for bolts, screws, studs and nuts (Fourth Revision)",2014.0,Current,UNKNOWN,UNKNOWN,PGD — Production And General Engineering Department,Collected,https://standards.bis.gov.in/website/know-your-standards,IS 1367,,,BIS catalogue (collected),2029-04-30,No
IS 210,Grey iron castings - Specification (Fifth Revision),2009.0,Current,UNKNOWN,UNKNOWN,MTD — Metallurgical Engineering Department,Collected,https://standards.bis.gov.in/website/know-your-standards,IS 210,,,BIS catalogue (collected),2030-02-28,No
IS 8112,"Ordinary Portland Cement, 43 Grade",,Withdrawn,UNKNOWN,UNKNOWN,CED — Civil Engineering Department,Collected,https://standards.bis.gov.in/website/know-your-standards,IS 8112,,,BIS catalogue (collected),,
IS 458,Precast Concrete Pipes (with and without Reinforcement) -,2021.0,Current,UNKNOWN,UNKNOWN,CED — Civil Engineering Department,Collected,https://standards.bis.gov.in/website/know-your-standards,IS 458,,,BIS catalogue (collected),2031-03-01,No
IS 1852,Specification for rolling and cutting tolerances for hot - Rolled steel products (Fourth Revision),,Current,UNKNOWN,UNKNOWN,MTD — Metallurgical Engineering Department,Collected,https://standards.bis.gov.in/website/know-your-standards,IS 1852,,,BIS catalogue (collected),2027-03-31,No
IS 2878,"Fire Extinguisher, Carbon Dioxide Type (Portable and Trolley Mounted) -Specification",,Withdrawn,UNKNOWN,UNKNOWN,CED — Civil Engineering Department,Collected,https://standards.bis.gov.in/website/know-your-standards,IS 2878,,,BIS catalogue (collected),,
IS 13118,High-Voltage Alternating-Current Circuit-Breakers,,Withdrawn,UNKNOWN,UNKNOWN,ETD — Electrotechnical Department,Collected,https://standards.bis.gov.in/website/know-your-standards,IS 13118,,,BIS catalogue (collected),,
IS 4759,Hot - Dip zinc coatings on structural steel and other allied products - Specification (Third Revision),,Withdrawn,UNKNOWN,UNKNOWN,MTD — Metallurgical Engineering Department,Collected,https://standards.bis.gov.in/website/know-your-standards,IS 4759,,,BIS catalogue (collected),2026-03-31,Yes
IS 280,Mild steel wire for general engineering purposes (Fourth Revision),2006.0,Current,UNKNOWN,UNKNOWN,MTD — Metallurgical Engineering Department,Collected,https://standards.bis.gov.in/website/know-your-standards,IS 280,,,BIS catalogue (collected),2026-11-30,No
IS 783,Code of Practice for Laying of Concrete Pipes,1985.0,Current,UNKNOWN,UNKNOWN,CED — Civil Engineering Department,Collected,https://standards.bis.gov.in/website/know-your-standards,IS 783,,,BIS catalogue (collected) | amended from BIS portal 2026-09-10 (Year),2027-01-31,No
IS 4237,General requirements for switchgear and controlgear for voltages not exceeding 1 000 volts ac or 1 200 volts dc,,Withdrawn,UNKNOWN,UNKNOWN,ETD — Electrotechnical Department,Collected,https://standards.bis.gov.in/website/know-your-standards,IS 4237,,,BIS catalogue (collected),,
IS 9103, Concrete Admixtures -Specification (First Revision),1999.0,Current,UNKNOWN,UNKNOWN,CED — Civil Engineering Department,Collected,https://standards.bis.gov.in/website/know-your-standards,IS 9103,,,BIS catalogue (collected),2028-06-30,No
IS 10221,Coating and wrapping of underground mild steel pipelines - Code of practice (First Revision),2008.0,Current,UNKNOWN,UNKNOWN,MTD — Metallurgical Engineering Department,Collected,https://standards.bis.gov.in/website/know-your-standards,IS 10221,,,BIS catalogue (collected),2031-03-27,No
IS 1651,"Stationary cells and batteries, lead - Acid type (With Tubular Positive Plates) - Specification (Fourth Revision)",2013.0,Superseded,UNKNOWN,UNKNOWN,ETD — Electrotechnical Department,Collected,https://standards.bis.gov.in/website/know-your-standards,IS 1651,,,BIS catalogue (collected),2030-03-31,No
IS 8329,"Centrifugally cast (Spun) ductile iron pressure pipes for water, gas and sewage - Specification (Third Revision)",2000.0,Current,UNKNOWN,UNKNOWN,MTD — Metallurgical Engineering Department,Collected,https://standards.bis.gov.in/website/know-your-standards,IS 8329,,,BIS catalogue (collected),2030-11-06,No
IS 5561,Electric power connectors - Specification (First Revision),2018.0,Current,UNKNOWN,UNKNOWN,ETD — Electrotechnical Department,Collected,https://standards.bis.gov.in/website/know-your-standards,IS 5561,,,BIS catalogue (collected),2028-03-31,No
IS 1489,Portland Pozzolana Cement - Specification: Part 1 fly Ash Based (Fourth Revision),2015.0,Current,UNKNOWN,UNKNOWN,CED — Civil Engineering Department,Collected,https://standards.bis.gov.in/website/know-your-standards,IS 1489,,,BIS catalogue (collected),2030-12-31,No
IS 1646,Fire safety of buildings (General): electrical installations - Code of practice (Third Revision),2015.0,Current,UNKNOWN,UNKNOWN,CED — Civil Engineering Department,Collected,https://standards.bis.gov.in/website/know-your-standards,IS 1646,,,BIS catalogue (collected),2029-05-24,No
IS 12640,Residual current operated circuitBreakers without integral overcurrent protection for household and similar uses Rccbs: Part 1 general rules (Third Revision),2024.0,Current,UNKNOWN,UNKNOWN,ETD — Electrotechnical Department,Collected,https://standards.bis.gov.in/website/know-your-standards,IS 12640,,,BIS catalogue (collected),2029-08-31,No
IS 6600,Guide for loading of oil immersed transformers,,Withdrawn,UNKNOWN,UNKNOWN,ETD — Electrotechnical Department,Collected,https://standards.bis.gov.in/website/know-your-standards,IS 6600,,,BIS catalogue (collected),,
IS 4736,Specification for hot - Dip zinc coatings on mild steel tubes (Fist Revision),1986.0,Current,UNKNOWN,UNKNOWN,MTD — Metallurgical Engineering Department,Collected,https://standards.bis.gov.in/website/know-your-standards,IS 4736,,,BIS catalogue (collected) | amended from BIS portal 2026-09-10 (Year),2031-03-27,No
IS 2121,"Specification for conductors and earth wire accessories for overhead power lines: Part 1 armour rods, binding wires and tapes for conductors (First Revision)",1981.0,Current,UNKNOWN,UNKNOWN,ETD — Electrotechnical Department,Collected,https://standards.bis.gov.in/website/know-your-standards,IS 2121,,,BIS catalogue (collected),2026-08-02,Yes
IS 4826,Hot-Dip Galvanized Coatings on Round Steel Wires ï¿½ Requirements,2023.0,Current,UNKNOWN,UNKNOWN,MTD — Metallurgical Engineering Department,Collected,https://standards.bis.gov.in/website/know-your-standards,IS 4826,,,BIS catalogue (collected),2028-12-31,No
IS 1199,"Fresh Concrete - Methods of Sampling, Testing and Analysis Part 1 Sampling of Fresh Concrete ( First Revision ) ",2018.0,Current,UNKNOWN,UNKNOWN,CED — Civil Engineering Department,Collected,https://standards.bis.gov.in/website/know-your-standards,IS 1199,,,BIS catalogue (collected),2028-11-30,No
IS 1536,"Centrifugally cast  (spun) iron pressure pipes for water, gas and sewage ï¿½ Specification",2023.0,Current,UNKNOWN,UNKNOWN,MTD — Metallurgical Engineering Department,Collected,https://standards.bis.gov.in/website/know-your-standards,IS 1536,,,BIS catalogue (collected),2028-06-30,No
IS 6392,Steel Pipes Flanges — Specification ( First Revision ) ,2020.0,Current,UNKNOWN,UNKNOWN,MTD — Metallurgical Engineering Department,Collected,https://standards.bis.gov.in/website/know-your-standards,IS 6392,,,BIS catalogue (collected),2028-03-31,No
IS 722,ac Electricity Meters - Part 1 : General Requirements and Tests,,Withdrawn,UNKNOWN,UNKNOWN,ETD — Electrotechnical Department,Collected,https://standards.bis.gov.in/website/know-your-standards,IS 722,,,BIS catalogue (collected),,
IS 3639,Specification for fittings and accessories for power transformers,1966.0,Current,UNKNOWN,UNKNOWN,ETD — Electrotechnical Department,Collected,https://standards.bis.gov.in/website/know-your-standards,IS 3639,,,BIS catalogue (collected) | amended from BIS portal 2026-09-10 (Year),2030-12-12,No
IS 2556,Vitreous China sanitary appliances - Specification: Part 1 General requirements (fourth revision),2021.0,Current,UNKNOWN,UNKNOWN,CED — Civil Engineering Department,Collected,https://standards.bis.gov.in/website/know-your-standards,IS 2556,,,BIS catalogue (collected),2026-12-30,No
IS 3202,Code Of Practice For Climate Proofing Of Electrical Equipment,,Withdrawn,UNKNOWN,UNKNOWN,ETD — Electrotechnical Department,Collected,https://standards.bis.gov.in/website/know-your-standards,IS 3202,,,BIS catalogue (collected),,
IS 6792,Insulating liquids - Determination of the breakdown voltage at power frequency - Test method,2023.0,Current,UNKNOWN,UNKNOWN,ETD — Electrotechnical Department,Collected,https://standards.bis.gov.in/website/know-your-standards,IS 6792,,,BIS catalogue (collected),2028-04-30,No
IS 15622,Pressed Ceramic Tiles - Specification (First Revision) Amendment - 2,2017.0,Superseded,UNKNOWN,UNKNOWN,CED — Civil Engineering Department,Collected,https://standards.bis.gov.in/website/know-your-standards,IS 15622,,,BIS catalogue (collected),2030-12-29,No
IS 2544,Porcelain post insulators for systems with nominal voltage greater than 1000 V olts,,Withdrawn,UNKNOWN,UNKNOWN,ETD — Electrotechnical Department,Collected,https://standards.bis.gov.in/website/know-your-standards,IS 2544,,,BIS catalogue (collected),,
IS 3370,Concrete Structures for Retaining Aqueous Liquids - Code of Practice : Part 1 General Requirements (Second Revision),2021.0,Current,UNKNOWN,UNKNOWN,CED — Civil Engineering Department,Collected,https://standards.bis.gov.in/website/know-your-standards,IS 3370,,,BIS catalogue (collected),2031-03-27,No
IS 9523,"Ductile iron fittings for pressure pipes for water, gas and sewage - Specification (First Revision) Amendment - 7",2000.0,Superseded,UNKNOWN,UNKNOWN,MTD — Metallurgical Engineering Department,Collected,https://standards.bis.gov.in/website/know-your-standards,IS 9523,,,BIS catalogue (collected),2031-01-22,No
IS 374,Specification for electric ceiling type fans and regulators (Third Revision),2019.0,Current,UNKNOWN,UNKNOWN,ETD — Electrotechnical Department,Collected,https://standards.bis.gov.in/website/know-your-standards,IS 374,,,BIS catalogue (collected),2028-01-31,No
IS 814,Covered electrodes for manual metal arc welding of carbon and carbon manganese steel - Specification (Sixth Revision),2004.0,Current,UNKNOWN,UNKNOWN,MTD — Metallurgical Engineering Department,Collected,https://standards.bis.gov.in/website/know-your-standards,IS 814,,,BIS catalogue (collected),2031-02-27,No
IS 13703,Specification for low - Voltage fuses for voltages not exceeding 1000 v ac or 1500 v dc: Part 4 supplementary requirements for fuse links for the protection of semiconductor devices,1993.0,Current,UNKNOWN,UNKNOWN,ETD — Electrotechnical Department,Collected,https://standards.bis.gov.in/website/know-your-standards,IS 13703,,,BIS catalogue (collected),2029-05-01,No
IS 2071,High - Voltage test techniques: Part 1 general definitions and test requirements (Third Revision),2016.0,Current,UNKNOWN,UNKNOWN,ETD — Electrotechnical Department,Collected,https://standards.bis.gov.in/website/know-your-standards,IS 2071,,,BIS catalogue (collected),2029-09-30,No
IS 1913,General and safety requirements for luminaires: Part 1 Tubular fluorescent lamps,,Withdrawn,UNKNOWN,UNKNOWN,ETD — Electrotechnical Department,Collected,https://standards.bis.gov.in/website/know-your-standards,IS 1913,,,BIS catalogue (collected),,
IS 1778,Specification for reels and drums for bare conductors (First Revision),1980.0,Current,UNKNOWN,UNKNOWN,ETD — Electrotechnical Department,Collected,https://standards.bis.gov.in/website/know-your-standards,IS 1778,,,BIS catalogue (collected) | amended from BIS portal 2026-09-10 (Year),2029-12-31,No
IS 100,"Oil Paste for Paints for General Purposes, Black",,Withdrawn,UNKNOWN,UNKNOWN,CHD — Chemical Department,Collected,https://standards.bis.gov.in/website/know-your-standards,IS 100,,,BIS catalogue (collected),,
IS 10028,"Code of practice for selection, installation and maintenance of transformers: Part 1 selection",1986.0,Current,UNKNOWN,UNKNOWN,ETD — Electrotechnical Department,Collected,https://standards.bis.gov.in/website/know-your-standards,IS 10028,,,BIS catalogue (collected),2026-07-31,Yes
IS 5382,"Rubber seals - Joint rings for water supply, drainage and sewerage pipelines - Specification for materials (Second Revision)",2018.0,Current,UNKNOWN,UNKNOWN,"PCD — Petroleum, Coal And Related Products Department",Collected,https://standards.bis.gov.in/website/know-your-standards,IS 5382,,,BIS catalogue (collected),2028-12-31,No
IS 7205,Safety Code for Erection of Structural Steel Work,1974.0,Current,UNKNOWN,UNKNOWN,CED — Civil Engineering Department,Collected,https://standards.bis.gov.in/website/know-your-standards,IS 7205,,,BIS catalogue (collected),2031-01-20,No
IS 5133,Boxes for enclosure of the electrical accessories:Part 1 Steel and cast iron boxes,,Withdrawn,UNKNOWN,UNKNOWN,ETD — Electrotechnical Department,Collected,https://standards.bis.gov.in/website/know-your-standards,IS 5133,,,BIS catalogue (collected),,
IS 3842,Application guide for electrical relays for AC systems: Part i overcurrent relays for feeders and transformers,1967.0,Current,UNKNOWN,UNKNOWN,ETD — Electrotechnical Department,Collected,https://standards.bis.gov.in/website/know-your-standards,IS 3842,,,BIS catalogue (collected),2026-08-31,Yes
IS 1285,Wrought aluminium and aluminium alloys - Extruded round tube and hollow sections for general engineering purposes - Specification (Third Revision),2002.0,Withdrawn,UNKNOWN,UNKNOWN,MTD — Metallurgical Engineering Department,Collected,https://standards.bis.gov.in/website/know-your-standards,IS 1285,,,BIS catalogue (collected),2027-03-31,No
IS 2190,"Selection, Installation and Maintenance of First-aid Fire Extinguishers - Portable and Mobile - Code of Practice (fifth revision)",2024.0,Current,UNKNOWN,UNKNOWN,CED — Civil Engineering Department,Collected,https://standards.bis.gov.in/website/know-your-standards,IS 2190,,,BIS catalogue (collected),2029-10-31,No
IS 5312,Swing check type reflux (non-return) valves for water works purposes - Specification:  Part 1 Single door pattern (second revision),2004.0,Current,UNKNOWN,UNKNOWN,CED — Civil Engineering Department,Collected,https://standards.bis.gov.in/website/know-your-standards,IS 5312,,,BIS catalogue (collected),2031-02-27,No
IS 2074,Ready Mixed Paint Air Drying Red Oxide Zinc Chrome Priming -Specification (Fourth Revision),2023.0,Current,UNKNOWN,UNKNOWN,CHD — Chemical Department,Collected,https://standards.bis.gov.in/website/know-your-standards,IS 2074,,,BIS catalogue (collected),2028-04-30,No
IS 1521,Method for tensile testing of steel wire,,Withdrawn,UNKNOWN,UNKNOWN,MTD — Metallurgical Engineering Department,Collected,https://standards.bis.gov.in/website/know-your-standards,IS 1521,,,BIS catalogue (collected),,
IS 733,"Wrought Aluminium and  Aluminium Alloy Bars, Rods, Sections, Extruded Tube,  Hollow Sections  and Profiles for  General Engineering Purposes ― Specification (Fourth Revision)",2025.0,Current,UNKNOWN,UNKNOWN,MTD — Metallurgical Engineering Department,Collected,https://standards.bis.gov.in/website/know-your-standards,IS 733,,,BIS catalogue (collected),2030-12-29,No
IS 11149,Rubber Gaskets - Specification,2024.0,Current,UNKNOWN,UNKNOWN,MED — Mechanical Engineering Department,Collected,https://standards.bis.gov.in/website/know-your-standards,IS 11149,,,BIS catalogue (collected),2029-11-30,No
IS 3025,Methods of Sampling and Test Physical and Chemical for Water and Wastewater Part 10 Turbidity  Second Revision,2023.0,Current,UNKNOWN,UNKNOWN,CHD — Chemical Department,Collected,https://standards.bis.gov.in/website/know-your-standards,IS 3025,,,BIS catalogue (collected),2028-05-31,No
IS 1520,"Horizontal centrifugal pumps for clear, cold, fresh water",,Withdrawn,UNKNOWN,UNKNOWN,MED — Mechanical Engineering Department,Collected,https://standards.bis.gov.in/website/know-your-standards,IS 1520,,,BIS catalogue (collected),,
IS 5039,Specification for distribution pillars for voltages not exceeding 1000 V AC and 1200 V DC (First Revision),1983.0,Withdrawn,UNKNOWN,UNKNOWN,ETD — Electrotechnical Department,Collected,https://standards.bis.gov.in/website/know-your-standards,IS 5039,,,BIS catalogue (collected),2026-03-31,Yes
IS 12063,Classification of Degrees of Protection Provided by Enclosures of Electrical Equipment,,Withdrawn,UNKNOWN,UNKNOWN,ETD — Electrotechnical Department,Collected,https://standards.bis.gov.in/website/know-your-standards,IS 12063,,,BIS catalogue (collected),,
IS 14846,Sluice valve for water works purposes (50 To 1200 mm size) - Specification,2000.0,Current,UNKNOWN,UNKNOWN,CED — Civil Engineering Department,Collected,https://standards.bis.gov.in/website/know-your-standards,IS 14846,,,BIS catalogue (collected),2031-02-27,No
IS 781,Specification for cast copper alloy screw down bib taps and stop valves for water services (Third Revision),1984.0,Current,UNKNOWN,UNKNOWN,CED — Civil Engineering Department,Collected,https://standards.bis.gov.in/website/know-your-standards,IS 781,,,BIS catalogue (collected) | amended from BIS portal 2026-09-10 (Year),2031-02-27,No
IS 8183,Bonded mineral wool - Specification (Second Revision),2024.0,Superseded,UNKNOWN,UNKNOWN,CHD — Chemical Department,Collected,https://standards.bis.gov.in/website/know-your-standards,IS 8183,,,BIS catalogue (collected),2030-11-14,No
IS 4615,Switch Socket Outlets (non-interlocking Type),,Withdrawn,UNKNOWN,UNKNOWN,ETD — Electrotechnical Department,Collected,https://standards.bis.gov.in/website/know-your-standards,IS 4615,,,BIS catalogue (collected),,
IS 2312,Specification for propeller type AC ventilating fans (First Revision),1967.0,Current,UNKNOWN,UNKNOWN,ETD — Electrotechnical Department,Collected,https://standards.bis.gov.in/website/know-your-standards,IS 2312,,,BIS catalogue (collected),2029-06-04,No
IS 455,Portland slag cement - Specification (fifth revision),2015.0,Current,UNKNOWN,UNKNOWN,CED — Civil Engineering Department,Collected,https://standards.bis.gov.in/website/know-your-standards,IS 455,,,BIS catalogue (collected),2030-12-31,No
IS 3989,"CENTRIFUGALLY CAST (SPUN) IRON SPIGOT AND SOCKET PIPES, FITTINGS AND ACCESSORIES ï¿½ SPECIFICATION (Fourth Revision)",2024.0,Current,UNKNOWN,UNKNOWN,MTD — Metallurgical Engineering Department,Collected,https://standards.bis.gov.in/website/know-your-standards,IS 3989,,,BIS catalogue (collected),2029-02-28,No
IS 1868,Anodic coatings on aluminium and its alloys - Specification (Third Revision),1996.0,Current,UNKNOWN,UNKNOWN,MTD — Metallurgical Engineering Department,Collected,https://standards.bis.gov.in/website/know-your-standards,IS 1868,,,BIS catalogue (collected),2031-03-27,No
IS 6639,Specification for hexagon bolts for steel structures,,Current,UNKNOWN,UNKNOWN,PGD — Production And General Engineering Department,Collected,https://standards.bis.gov.in/website/know-your-standards,IS 6639,,,BIS catalogue (collected),2030-06-25,No
IS 806,Code of Practice for Use of Steel Tubes in General Building Construction (First Revision),1968.0,Current,UNKNOWN,UNKNOWN,CED — Civil Engineering Department,Collected,https://standards.bis.gov.in/website/know-your-standards,IS 806,,,BIS catalogue (collected),2027-12-31,No
IS 1182,Recommended - Practice for radiographic examination of fusion welded butt joints in steel plates (Second Revision),1983.0,Current,UNKNOWN,UNKNOWN,MTD — Metallurgical Engineering Department,Collected,https://standards.bis.gov.in/website/know-your-standards,IS 1182,,,BIS catalogue (collected),2030-10-16,No
IS 2595,Industrial radiographic testing - Code of practice (Second Revision),2008.0,Current,UNKNOWN,UNKNOWN,MTD — Metallurgical Engineering Department,Collected,https://standards.bis.gov.in/website/know-your-standards,IS 2595,,,BIS catalogue (collected),2030-12-18,No
IS 4722,Rotating Electrical Machines,,Withdrawn,UNKNOWN,UNKNOWN,ETD — Electrotechnical Department,Collected,https://standards.bis.gov.in/website/know-your-standards,IS 4722,,,BIS catalogue (collected),,
IS 1364,"Hexagon head bolts, screws, and nuts of property grades A and B: Part 1 Hexagon head bolts (Size range M1.6 to M64) (sixth revision)",2023.0,Current,UNKNOWN,UNKNOWN,PGD — Production And General Engineering Department,Collected,https://standards.bis.gov.in/website/know-your-standards,IS 1364,,,BIS catalogue (collected),2028-10-31,No
IS 2834,Shunt capacitors for power systems,,Withdrawn,UNKNOWN,UNKNOWN,ETD — Electrotechnical Department,Collected,https://standards.bis.gov.in/website/know-your-standards,IS 2834,,,BIS catalogue (collected),,
IS 4038,Specification for foot valves for water works purposes (second revision),1986.0,Current,UNKNOWN,UNKNOWN,CED — Civil Engineering Department,Collected,https://standards.bis.gov.in/website/know-your-standards,IS 4038,,,BIS catalogue (collected) | amended from BIS portal 2026-09-10 (Year),2031-02-27,No
IS 1180,"Outdoor Type Oil Immersed Distribution Transformers Upto and Including 2 500 kVA, 33kV - Specification Part 1 Mineral Oil Immersed (Fourth Revision) ",2014.0,Current,UNKNOWN,UNKNOWN,ETD — Electrotechnical Department,Collected,https://standards.bis.gov.in/website/know-your-standards,IS 1180,,,BIS catalogue (collected),2030-05-31,No
IS 655,Air ducts - Specification (Second Revision),2006.0,Current,UNKNOWN,UNKNOWN,MED — Mechanical Engineering Department,Collected,https://standards.bis.gov.in/website/know-your-standards,IS 655,,,BIS catalogue (collected),2027-01-31,No
IS 731,Specification for procelain insulators for overhead power lines with a nominal voltage greater than 1 000 V (Second Revision),1971.0,Current,UNKNOWN,UNKNOWN,ETD — Electrotechnical Department,Collected,https://standards.bis.gov.in/website/know-your-standards,IS 731,,,BIS catalogue (collected) | amended from BIS portal 2026-09-10 (Year),2026-06-30,Yes
IS 9385,High-Voltage Fuses  Part 1 Current-Limiting Fuses (Second Revision),2024.0,Current,UNKNOWN,UNKNOWN,ETD — Electrotechnical Department,Collected,https://standards.bis.gov.in/website/know-your-standards,IS 9385,,,BIS catalogue (collected),2029-10-31,No
IS 1742,Code of practice for building drainage (second revision),1983.0,Current,UNKNOWN,UNKNOWN,CED — Civil Engineering Department,Collected,https://standards.bis.gov.in/website/know-your-standards,IS 1742,,,BIS catalogue (collected) | amended from BIS portal 2026-09-10 (Year),2027-11-30,No
IS 12288,Code of practice for use and laying of ductile iron pipes,1987.0,Current,UNKNOWN,UNKNOWN,CED — Civil Engineering Department,Collected,https://standards.bis.gov.in/website/know-your-standards,IS 12288,,,BIS catalogue (collected) | amended from BIS portal 2026-09-10 (Year),2027-11-30,No
IS 638,SHEET RUBBER JOINTING AND RUBBER INSERTION JOINTING - SPECIFICATION  (Third Revision),2024.0,Current,UNKNOWN,UNKNOWN,"PCD — Petroleum, Coal And Related Products Department",Collected,https://standards.bis.gov.in/website/know-your-standards,IS 638,,,BIS catalogue (collected),2029-10-31,No
IS 2379,Colour Code for Pipeline Identification - Code of Practice (Second Revision),2024.0,Current,UNKNOWN,UNKNOWN,MED — Mechanical Engineering Department,Collected,https://standards.bis.gov.in/website/know-your-standards,IS 2379,,,BIS catalogue (collected),2029-10-31,No
IS 2148,"Electrical Apparatus for Explosive Gas Atmospheres - Flameproof Enclosures ""d""",,Withdrawn,UNKNOWN,UNKNOWN,ETD — Electrotechnical Department,Collected,https://standards.bis.gov.in/website/know-your-standards,IS 2148,,,BIS catalogue (collected),,
IS 12330,Specificatioon for Sulphate Resisting Portland Cement,1988.0,Current,UNKNOWN,UNKNOWN,CED — Civil Engineering Department,Collected,https://standards.bis.gov.in/website/know-your-standards,IS 12330,,,BIS catalogue (collected),2029-03-31,No
IS 10262,Concrete Mix Proportioning — Guidelines ( Second Revision ) ,2019.0,Current,UNKNOWN,UNKNOWN,CED — Civil Engineering Department,Collected,https://standards.bis.gov.in/website/know-your-standards,IS 10262,,,BIS catalogue (collected),2028-11-30,No
IS 1885,Electrotechnical vocabulary: Part 1 fundamental definitions,1962.0,Current,UNKNOWN,UNKNOWN,ETD — Electrotechnical Department,Collected,https://standards.bis.gov.in/website/know-your-standards,IS 1885,,,BIS catalogue (collected),2030-01-31,No
IS 11353,Basic and Safety Principles for Man-Machine Interface Marking and Identification - Identification of Equipment Terminals Conductor Terminations and Conductors (First Revision),2023.0,Current,UNKNOWN,UNKNOWN,ETD — Electrotechnical Department,Collected,https://standards.bis.gov.in/website/know-your-standards,IS 11353,,,BIS catalogue (collected),2028-05-31,No
IS 2208,HRC cartridge fuse links for voltage above 650 volts,,Withdrawn,UNKNOWN,UNKNOWN,ETD — Electrotechnical Department,Collected,https://standards.bis.gov.in/website/know-your-standards,IS 2208,,,BIS catalogue (collected),,
IS 7969,Safety code for handling and storage of building materials,1975.0,Current,UNKNOWN,UNKNOWN,CED — Civil Engineering Department,Collected,https://standards.bis.gov.in/website/know-your-standards,IS 7969,,,BIS catalogue (collected) | amended from BIS portal 2026-09-10 (Year),2027-03-31,No
IS 2645,Integral Waterproofing Compounds for Cement Mortar and Concrete - Specification (Second Revision),2003.0,Current,UNKNOWN,UNKNOWN,CED — Civil Engineering Department,Collected,https://standards.bis.gov.in/website/know-your-standards,IS 2645,,,BIS catalogue (collected),2027-04-30,No
IS 4064,"Air-break switches, air-break disconnectors, air-break switch disconnectors and fuse-combination units for voltages not exceeding 1000V ac or 1200V dc: Part 1 General requirements",,Withdrawn,UNKNOWN,UNKNOWN,ETD — Electrotechnical Department,Collected,https://standards.bis.gov.in/website/know-your-standards,IS 4064,,,BIS catalogue (collected),,
IS 1703,Water fittings - copper alloy float valves  (horizontal plunger type) - Specification (fourth revision),2000.0,Current,UNKNOWN,UNKNOWN,CED — Civil Engineering Department,Collected,https://standards.bis.gov.in/website/know-your-standards,IS 1703,,,BIS catalogue (collected),2031-02-27,No
IS 2486,Metal fittings of insulators for overhead power lines with nominal voltage greater than 1 000 V - Specification: Part 1 general requirements and tests (Second Revision),1993.0,Current,UNKNOWN,UNKNOWN,ETD — Electrotechnical Department,Collected,https://standards.bis.gov.in/website/know-your-standards,IS 2486,,,BIS catalogue (collected),2030-05-19,No
IS 4146,Application guide for voltage transformers (First Revision),1983.0,Current,UNKNOWN,UNKNOWN,ETD — Electrotechnical Department,Collected,https://standards.bis.gov.in/website/know-your-standards,IS 4146,,,BIS catalogue (collected),2029-12-31,No
IS 1726,Cast iron manhole covers and frames - Specification (Third Revision),1991.0,Current,UNKNOWN,UNKNOWN,CED — Civil Engineering Department,Collected,https://standards.bis.gov.in/website/know-your-standards,IS 1726,,,BIS catalogue (collected),2027-10-31,No
IS 2171,"Specification for  portable fire extinguishers,dry powder (cartridge type)",,Withdrawn,UNKNOWN,UNKNOWN,CED — Civil Engineering Department,Collected,https://standards.bis.gov.in/website/know-your-standards,IS 2171,,,BIS catalogue (collected),,
IS 104,"Specification for ready mixed paint, brushing, zinc chrome, priming (Third Revision)",2017.0,Current,UNKNOWN,UNKNOWN,CHD — Chemical Department,Collected,https://standards.bis.gov.in/website/know-your-standards,IS 104,,,BIS catalogue (collected),2031-06-22,No
IS 228,Methods for Chemical Analysis of Steels Part 1 Determination of Carbon by Volumetric Method (For Carbon 0.05 to 2.50 Percent) (Fourth Revision),2025.0,Current,UNKNOWN,UNKNOWN,MTD — Metallurgical Engineering Department,Collected,https://standards.bis.gov.in/website/know-your-standards,IS 228,,,BIS catalogue (collected),2030-03-31,No
IS 2386,Methods of Test for Aggregates for Concrete: Part 1 Particle Size and Shape,1963.0,Current,UNKNOWN,UNKNOWN,CED — Civil Engineering Department,Collected,https://standards.bis.gov.in/website/know-your-standards,IS 2386,,,BIS catalogue (collected),2031-03-27,No
IS 1000,Edible Lactose  —  Specification (Second Revision),2021.0,Superseded,UNKNOWN,UNKNOWN,FAD — Food And Agriculture Department,Collected,https://standards.bis.gov.in/website/know-your-standards,IS 1000,Yes,,"BIS searchKnowStandards, collected 2026-09-10",2030-12-15,No
IS 10000 (Part 1),Methods of tests for internal combustion engines: Part 1 glossary of terms relating to test methods,1980.0,Current,UNKNOWN,UNKNOWN,TED — Transport Engineering Department,Collected,https://standards.bis.gov.in/website/know-your-standards,IS 10000,Yes,,"BIS searchKnowStandards, collected 2026-09-10",2030-05-30,No
IS 10002,Specification for performance requirements for constant speed compression ignition (Diesel) engines for general purposes (Above 20 KW),1981.0,Current,UNKNOWN,UNKNOWN,TED — Transport Engineering Department,Collected,https://standards.bis.gov.in/website/know-your-standards,IS 10002,Yes,,"BIS searchKnowStandards, collected 2026-09-10",2026-07-31,Yes
IS 10011,Dentistry  Polymer-based restorative materials  Second Revision,2022.0,Current,UNKNOWN,UNKNOWN,MHD — Medical Equipment And Hospital Planning Department,Collected,https://standards.bis.gov.in/website/know-your-standards,IS 10011,Yes,,"BIS searchKnowStandards, collected 2026-09-10",2027-12-31,No
IS 10027,Composite units of air - Break switches and rewirable type fuses for voltages not exceeding 650 v a.c. - Specification (Second Revision),2018.0,Current,UNKNOWN,UNKNOWN,ETD — Electrotechnical Department,Collected,https://standards.bis.gov.in/website/know-your-standards,IS 10027,Yes,,"BIS searchKnowStandards, collected 2026-09-10",2028-07-31,No
IS 1003 (Part 1),Timber Panelled and Glazed Shutters : Part 1 Door shutters -,2003.0,Withdrawn,UNKNOWN,UNKNOWN,CED — Civil Engineering Department,Collected,https://standards.bis.gov.in/website/know-your-standards,IS 1003,Yes,,"BIS searchKnowStandards, collected 2026-09-10",2028-08-31,No
IS 10037 (Part 1),"Requirements for sludge dewatering equipment: Part I Sludge drying beds-sand, gravel and underdrains",1981.0,Current,UNKNOWN,UNKNOWN,CED — Civil Engineering Department,Collected,https://standards.bis.gov.in/website/know-your-standards,IS 10037,Yes,,"BIS searchKnowStandards, collected 2026-09-10",2027-11-30,No
IS 10086,"Moulds for Use in Tests of Cement, Concrete and Pozzolana (First Revision)",2021.0,Superseded,UNKNOWN,UNKNOWN,CED — Civil Engineering Department,Collected,https://standards.bis.gov.in/website/know-your-standards,IS 10086,Yes,,"BIS searchKnowStandards, collected 2026-09-10",2030-12-04,No
IS 101 (Part 1/Sec 1),"Methods of sampling and test for paints, varnishes and related products : Part 1 tests on liquid paints (general and physical): Sec 1 sampling (Fourth Revision)",2023.0,Current,UNKNOWN,UNKNOWN,CHD — Chemical Department,Collected,https://standards.bis.gov.in/website/know-your-standards,IS 101,Yes,,"BIS searchKnowStandards, collected 2026-09-10",2028-07-31,No
IS 10108,Code of practice for sampling of soils by thin wall sampler with stationary piston,1982.0,Withdrawn,UNKNOWN,UNKNOWN,CED — Civil Engineering Department,Collected,https://standards.bis.gov.in/website/know-your-standards,IS 10108,Yes,,"BIS searchKnowStandards, collected 2026-09-10",2030-05-31,No
IS 10141,"Positive List of Constituents of Polyethylene in Contact with Foodstuffs, Pharmaceuticals and Drinking Water",2001.0,Withdrawn,UNKNOWN,UNKNOWN,"PCD — Petroleum, Coal And Related Products Department",Collected,https://standards.bis.gov.in/website/know-your-standards,IS 10141,Yes,,"BIS searchKnowStandards, collected 2026-09-10",,
IS 10146,"Specification for polyethylene for its safe use in contact with foodstuffs, pharmaceuticals and drinking water ",1982.0,Current,UNKNOWN,UNKNOWN,"PCD — Petroleum, Coal And Related Products Department",Collected,https://standards.bis.gov.in/website/know-your-standards,IS 10146,Yes,,"BIS searchKnowStandards, collected 2026-09-10",2028-08-31,No
IS 10151,"Polyvinyl chloride (pvc) and its copolymers for its safe use in contact with foodstuffs, pharmaceuticals and drinking water - Specification (First Revision)",2019.0,Current,UNKNOWN,UNKNOWN,"PCD — Petroleum, Coal And Related Products Department",Collected,https://standards.bis.gov.in/website/know-your-standards,IS 10151,Yes,,"BIS searchKnowStandards, collected 2026-09-10",2029-03-31,No
IS 10178,Co2 gas shielded metal - Arc welding of structural steels - Recommendations (First Revision),1995.0,Current,UNKNOWN,UNKNOWN,MTD — Metallurgical Engineering Department,Collected,https://standards.bis.gov.in/website/know-your-standards,IS 10178,Yes,,"BIS searchKnowStandards, collected 2026-09-10",2029-02-28,No
IS 1018,"Padlocks, Brass, Lever Type, Machine Made",1982.0,Withdrawn,UNKNOWN,UNKNOWN,MED — Mechanical Engineering Department,Collected,https://standards.bis.gov.in/website/know-your-standards,IS 1018,Yes,,"BIS searchKnowStandards, collected 2026-09-10",,
IS 10192,Specification for synthetic resin bonded glass fibre (SRBGF) for electrical purposes,1982.0,Current,UNKNOWN,UNKNOWN,ETD — Electrotechnical Department,Collected,https://standards.bis.gov.in/website/know-your-standards,IS 10192,Yes,,"BIS searchKnowStandards, collected 2026-09-10",2030-12-31,No
IS 102,"Ready mixed paint, brushing, red lead, non-setting, priming",1962.0,Withdrawn,UNKNOWN,UNKNOWN,CHD — Chemical Department,Collected,https://standards.bis.gov.in/website/know-your-standards,IS 102,Yes,,"BIS searchKnowStandards, collected 2026-09-10",,
IS 10204,Specification for  portable fire extinguisher mechanical foam type,2001.0,Withdrawn,UNKNOWN,UNKNOWN,CED — Civil Engineering Department,Collected,https://standards.bis.gov.in/website/know-your-standards,IS 10204,Yes,,"BIS searchKnowStandards, collected 2026-09-10",,
IS 10234,Recommendations for general pipeline welding,1982.0,Withdrawn,UNKNOWN,UNKNOWN,MTD — Metallurgical Engineering Department,Collected,https://standards.bis.gov.in/website/know-your-standards,IS 10234,Yes,,"BIS searchKnowStandards, collected 2026-09-10",2028-05-25,No
IS 1024,Use of welding in bridges and structures subject to dynamic loading - Code of practice  (Third Revision),2025.0,Current,UNKNOWN,UNKNOWN,MTD — Metallurgical Engineering Department,Collected,https://standards.bis.gov.in/website/know-your-standards,IS 1024,Yes,,"BIS searchKnowStandards, collected 2026-09-10",2030-04-30,No
IS 10261,Requirements for settling tank (Clarifier Equipment) for waste water treatment,1982.0,Current,UNKNOWN,UNKNOWN,CED — Civil Engineering Department,Collected,https://standards.bis.gov.in/website/know-your-standards,IS 10261,Yes,,"BIS searchKnowStandards, collected 2026-09-10",2031-02-13,No
IS 10270,Guidelines for design and construction of prestressed rock anchors,1982.0,Withdrawn,UNKNOWN,UNKNOWN,CED — Civil Engineering Department,Collected,https://standards.bis.gov.in/website/know-your-standards,IS 10270,Yes,,"BIS searchKnowStandards, collected 2026-09-10",2028-11-30,No
IS 10297,Code of practice for design and construction of floors and roofs using precast reinforced/prestressed concrete ribbed or cored slab units,1982.0,Current,UNKNOWN,UNKNOWN,CED — Civil Engineering Department,Collected,https://standards.bis.gov.in/website/know-your-standards,IS 10297,Yes,,"BIS searchKnowStandards, collected 2026-09-10",2028-11-30,No
IS 1030,Carbon steel castings for general engineering purposes - Specification (Fifth Revision),1998.0,Current,UNKNOWN,UNKNOWN,MTD — Metallurgical Engineering Department,Collected,https://standards.bis.gov.in/website/know-your-standards,IS 1030,Yes,,"BIS searchKnowStandards, collected 2026-09-10",2027-01-31,No
IS 10314,Dimensions for ceramic bushings for terminals,1982.0,Current,UNKNOWN,UNKNOWN,ETD — Electrotechnical Department,Collected,https://standards.bis.gov.in/website/know-your-standards,IS 10314,Yes,,"BIS searchKnowStandards, collected 2026-09-10",2026-01-31,Yes
IS 10346,Dolomite for metallurgical and refractory use - Specification (Second Revision),2004.0,Current,UNKNOWN,UNKNOWN,MTD — Metallurgical Engineering Department,Collected,https://standards.bis.gov.in/website/know-your-standards,IS 10346,Yes,,"BIS searchKnowStandards, collected 2026-09-10",2028-10-31,No
IS 1038,"Specification For Steel Doors, Windows And Ventilators",1983.0,Current,UNKNOWN,UNKNOWN,CED — Civil Engineering Department,Collected,https://standards.bis.gov.in/website/know-your-standards,IS 1038,Yes,,"BIS searchKnowStandards, collected 2026-09-10",2027-01-31,No
IS 10446,Glossary of terms relating to water supply and sanitation,1983.0,Current,UNKNOWN,UNKNOWN,CED — Civil Engineering Department,Collected,https://standards.bis.gov.in/website/know-your-standards,IS 10446,Yes,,"BIS searchKnowStandards, collected 2026-09-10",2027-02-28,No
IS 10500,Drinking Water - Specification (Second Revision),2012.0,Current,UNKNOWN,UNKNOWN,FAD — Food And Agriculture Department,Collected,https://standards.bis.gov.in/website/know-your-standards,IS 10500,Yes,,"BIS searchKnowStandards, collected 2026-09-10",2028-08-31,No
IS 10552,Specification for buckets to be used in power driven bucket type sewer cleaning machine,1983.0,Current,UNKNOWN,UNKNOWN,CED — Civil Engineering Department,Collected,https://standards.bis.gov.in/website/know-your-standards,IS 10552,Yes,,"BIS searchKnowStandards, collected 2026-09-10",2031-02-13,No
IS 10561,Application guide for power transformers,1983.0,Withdrawn,UNKNOWN,UNKNOWN,ETD — Electrotechnical Department,Collected,https://standards.bis.gov.in/website/know-your-standards,IS 10561,Yes,,"BIS searchKnowStandards, collected 2026-09-10",,
IS 10566,Methods of tests for preformed fillers for expansion joints in concrete paving and structural construction,1983.0,Current,UNKNOWN,UNKNOWN,CED — Civil Engineering Department,Collected,https://standards.bis.gov.in/website/know-your-standards,IS 10566,Yes,,"BIS searchKnowStandards, collected 2026-09-10",2030-09-17,No
IS 10593,Mineral oil-filled electrical equipment in service - Guidance on the interpretation of dissolved and free gases analysis,2023.0,Current,UNKNOWN,UNKNOWN,ETD — Electrotechnical Department,Collected,https://standards.bis.gov.in/website/know-your-standards,IS 10593,Yes,,"BIS searchKnowStandards, collected 2026-09-10",2028-04-30,No
IS 10601,Dimensions of terminals of high voltage switchgear and controlgear,1983.0,Withdrawn,UNKNOWN,UNKNOWN,ETD — Electrotechnical Department,Collected,https://standards.bis.gov.in/website/know-your-standards,IS 10601,Yes,,"BIS searchKnowStandards, collected 2026-09-10",,
IS 10617,Hermetic compressors - Specification (Second Revision),2018.0,Current,UNKNOWN,UNKNOWN,MED — Mechanical Engineering Department,Collected,https://standards.bis.gov.in/website/know-your-standards,IS 10617,Yes,,"BIS searchKnowStandards, collected 2026-09-10",2027-05-12,No
IS 1068,"Metallic and other inorganic coatings ï¿½ Electrodeposited coatings of nickel, nickel plus chromium, copper plus nickel and of copper plus nickel plus chromium (Fourth Revision)",2025.0,Current,UNKNOWN,UNKNOWN,MTD — Metallurgical Engineering Department,Collected,https://standards.bis.gov.in/website/know-your-standards,IS 1068,Yes,,"BIS searchKnowStandards, collected 2026-09-10",2030-03-31,No
IS 1069,Quality Tolerances for Water for Storage Batteries - Specification (Third Revision),2021.0,Current,UNKNOWN,UNKNOWN,CHD — Chemical Department,Collected,https://standards.bis.gov.in/website/know-your-standards,IS 1069,Yes,,"BIS searchKnowStandards, collected 2026-09-10",2030-12-01,No
IS 10702,Hawai Chappal - Specification  (first revision) Amendment - 2,2023.0,Superseded,UNKNOWN,UNKNOWN,CHD — Chemical Department,Collected,https://standards.bis.gov.in/website/know-your-standards,IS 10702,Yes,,"BIS searchKnowStandards, collected 2026-09-10",2030-10-17,No
IS 10748,Hot-Rolled Steel Strip for Welded Tubes and Pipes - Specification ( Third Revision),2025.0,Current,UNKNOWN,UNKNOWN,MTD — Metallurgical Engineering Department,Collected,https://standards.bis.gov.in/website/know-your-standards,IS 10748,Yes,,"BIS searchKnowStandards, collected 2026-09-10",2030-12-10,No
IS 1077,Common Burnt Clay Building Bricks - Specification (Sixth Revision),2025.0,Current,UNKNOWN,UNKNOWN,CED — Civil Engineering Department,Collected,https://standards.bis.gov.in/website/know-your-standards,IS 1077,Yes,,"BIS searchKnowStandards, collected 2026-09-10",2030-09-30,No
IS 1079,"Hot rolled carbon steel sheet, plate and strip - Specification (Seventh Revision)",2017.0,Current,UNKNOWN,UNKNOWN,MTD — Metallurgical Engineering Department,Collected,https://standards.bis.gov.in/website/know-your-standards,IS 1079,Yes,,"BIS searchKnowStandards, collected 2026-09-10",2027-03-31,No
IS 1081,"Code of practice for fixing and glazing of metal (Steel And Aluminium) doors, windows and ventilators",1960.0,Current,UNKNOWN,UNKNOWN,CED — Civil Engineering Department,Collected,https://standards.bis.gov.in/website/know-your-standards,IS 1081,Yes,,"BIS searchKnowStandards, collected 2026-09-10",2027-01-31,No
IS 1087,Single pole 5-ampere tumbler switches for AC/DC,1957.0,Withdrawn,UNKNOWN,UNKNOWN,ETD — Electrotechnical Department,Collected,https://standards.bis.gov.in/website/know-your-standards,IS 1087,Yes,,"BIS searchKnowStandards, collected 2026-09-10",,
IS 10910,"Specification for polypropylene and its copolymers for its safe use in contact with foodstuffs, pharmaceuticals and drinking water",1984.0,Current,UNKNOWN,UNKNOWN,"PCD — Petroleum, Coal And Related Products Department",Collected,https://standards.bis.gov.in/website/know-your-standards,IS 10910,Yes,,"BIS searchKnowStandards, collected 2026-09-10",2028-08-31,No
IS 10918,Specification for vented type nickel cadmium batteries,1984.0,Current,UNKNOWN,UNKNOWN,ETD — Electrotechnical Department,Collected,https://standards.bis.gov.in/website/know-your-standards,IS 10918,Yes,,"BIS searchKnowStandards, collected 2026-09-10",2030-11-18,No
IS 11000 (Part 1/Sec 1),"Fire Hazard Testing: Part 1 Guidance For The Preparation Of Requirements And Test Specifications For Assessing Fire Hazard Of Electronic And Electrical Items, Sec 1 General Guidance",1988.0,Withdrawn,UNKNOWN,UNKNOWN,LITD — Electronics And Information Technology Department,Collected,https://standards.bis.gov.in/website/know-your-standards,IS 11000,Yes,,"BIS searchKnowStandards, collected 2026-09-10",,
IS 11000 (Part 2/Sec 1),Fire hazard testing: Part 2 test methods: Sec 1 glow - Wire apparatus and common test procedure (Second Revision),2018.0,Withdrawn,UNKNOWN,UNKNOWN,LITD — Electronics And Information Technology Department,Collected,https://standards.bis.gov.in/website/know-your-standards,IS 11000,Yes,,"BIS searchKnowStandards, collected 2026-09-10",,
IS 11037,Electronic Type Fan Regulators - Specification ( First Revision ),2019.0,Current,UNKNOWN,UNKNOWN,ETD — Electrotechnical Department,Collected,https://standards.bis.gov.in/website/know-your-standards,IS 11037,Yes,,"BIS searchKnowStandards, collected 2026-09-10",2030-01-31,No
IS 11101,Specification for extended branch pipe for fire brigade use,1984.0,Current,UNKNOWN,UNKNOWN,CED — Civil Engineering Department,Collected,https://standards.bis.gov.in/website/know-your-standards,IS 11101,Yes,,"BIS searchKnowStandards, collected 2026-09-10",2027-09-30,No
IS 11108,Specification for portable fire extinguishers - Halon 1211 type,1984.0,Current,UNKNOWN,UNKNOWN,CED — Civil Engineering Department,Collected,https://standards.bis.gov.in/website/know-your-standards,IS 11108,Yes,,"BIS searchKnowStandards, collected 2026-09-10",2030-06-20,No
IS 11143,Specification for ground high speed steel tool bits,1984.0,Withdrawn,UNKNOWN,UNKNOWN,PGD — Production And General Engineering Department,Collected,https://standards.bis.gov.in/website/know-your-standards,IS 11143,Yes,,"BIS searchKnowStandards, collected 2026-09-10",2029-08-31,No
IS 11171,Specification for dry - Type power transformers,1985.0,Withdrawn,UNKNOWN,UNKNOWN,ETD — Electrotechnical Department,Collected,https://standards.bis.gov.in/website/know-your-standards,IS 11171,Yes,,"BIS searchKnowStandards, collected 2026-09-10",,
IS 1118,"Gear lubricants, multipurpose (Extreme Pressure Gear Oil) - specification (Second Revision)",2019.0,Current,UNKNOWN,UNKNOWN,"PCD — Petroleum, Coal And Related Products Department",Collected,https://standards.bis.gov.in/website/know-your-standards,IS 1118,Yes,,"BIS searchKnowStandards, collected 2026-09-10",2029-04-30,No
IS 11189,Methods of Tubewell Development ( First Revision ) ,2020.0,Current,UNKNOWN,UNKNOWN,MED — Mechanical Engineering Department,Collected,https://standards.bis.gov.in/website/know-your-standards,IS 11189,Yes,,"BIS searchKnowStandards, collected 2026-09-10",2030-03-31,No
IS 112,"Paints tinted to various colour, exterior, undercoating, spraying",1950.0,Withdrawn,UNKNOWN,UNKNOWN,CHD — Chemical Department,Collected,https://standards.bis.gov.in/website/know-your-standards,IS 112,Yes,,"BIS searchKnowStandards, collected 2026-09-10",,
IS 1120,Specification for coach screws  (First Revision),1975.0,Current,UNKNOWN,UNKNOWN,PGD — Production And General Engineering Department,Collected,https://standards.bis.gov.in/website/know-your-standards,IS 1120,Yes,,"BIS searchKnowStandards, collected 2026-09-10",2030-06-25,No
IS 11226,Leather safety footwear having direct moulded rubber sole specification (First Revision),1993.0,Current,UNKNOWN,UNKNOWN,CHD — Chemical Department,Collected,https://standards.bis.gov.in/website/know-your-standards,IS 11226,Yes,,"BIS searchKnowStandards, collected 2026-09-10",2028-05-31,No
IS 1124,"Method of test for determination of water absorption, apparent specific gravity and porosity of natural building stones",1974.0,Current,UNKNOWN,UNKNOWN,CED — Civil Engineering Department,Collected,https://standards.bis.gov.in/website/know-your-standards,IS 1124,Yes,,"BIS searchKnowStandards, collected 2026-09-10",2027-12-31,No
IS 11329,Finned type heat exchanger for room air conditioner (First Revision) ,2018.0,Superseded,UNKNOWN,UNKNOWN,MED — Mechanical Engineering Department,Collected,https://standards.bis.gov.in/website/know-your-standards,IS 11329,Yes,,"BIS searchKnowStandards, collected 2026-09-10",2030-11-06,No
IS 11346,Tests for agricultural and water supply pumps - Code of acceptance (First Revision),2002.0,Current,UNKNOWN,UNKNOWN,MED — Mechanical Engineering Department,Collected,https://standards.bis.gov.in/website/know-your-standards,IS 11346,Yes,,"BIS searchKnowStandards, collected 2026-09-10",2027-12-31,No
IS 11355,Specification for phenyl - P - Naphthylamine,1985.0,Withdrawn,UNKNOWN,UNKNOWN,"PCD — Petroleum, Coal And Related Products Department",Collected,https://standards.bis.gov.in/website/know-your-standards,IS 11355,Yes,,"BIS searchKnowStandards, collected 2026-09-10",2022-07-31,Yes
IS 11360,Specification for smoke detectors for use in automatic electrical fire alarm system,1985.0,Withdrawn,UNKNOWN,UNKNOWN,CED — Civil Engineering Department,Collected,https://standards.bis.gov.in/website/know-your-standards,IS 11360,Yes,,"BIS searchKnowStandards, collected 2026-09-10",2025-12-31,Yes
IS 11375,GROUNDNUT OIL FOR COSMETIC INDUSTRY   SPECIFICATION First Revision of IS 11375,2021.0,Current,UNKNOWN,UNKNOWN,"PCD — Petroleum, Coal And Related Products Department",Collected,https://standards.bis.gov.in/website/know-your-standards,IS 11375,Yes,,"BIS searchKnowStandards, collected 2026-09-10",2031-01-21,No
IS 11384,Composite Construction in Structural Steel and Concrete - Code of Practice,2022.0,Current,UNKNOWN,UNKNOWN,CED — Civil Engineering Department,Collected,https://standards.bis.gov.in/website/know-your-standards,IS 11384,Yes,,"BIS searchKnowStandards, collected 2026-09-10",2027-03-31,No
IS 1139,"Specification for Hot rolled mild steel, medium tensile steel and high yield strength steel deformed bars for concrete reinforcements",1966.0,Withdrawn,UNKNOWN,UNKNOWN,CED — Civil Engineering Department,Collected,https://standards.bis.gov.in/website/know-your-standards,IS 1139,Yes,,"BIS searchKnowStandards, collected 2026-09-10",,
IS 11447,Code of practice for construction with large panel prefabricates,1985.0,Current,UNKNOWN,UNKNOWN,CED — Civil Engineering Department,Collected,https://standards.bis.gov.in/website/know-your-standards,IS 11447,Yes,,"BIS searchKnowStandards, collected 2026-09-10",2028-11-30,No
IS 1146,Specification for rubber and plastics containers for lead - Acid storage batteries (Second Revision),1981.0,Current,UNKNOWN,UNKNOWN,ETD — Electrotechnical Department,Collected,https://standards.bis.gov.in/website/know-your-standards,IS 1146,Yes,,"BIS searchKnowStandards, collected 2026-09-10",2029-11-30,No
IS 1155,ATTA - SPECIFICATION(THIRD REVISION OF IS 1155),2022.0,Current,UNKNOWN,UNKNOWN,FAD — Food And Agriculture Department,Collected,https://standards.bis.gov.in/website/know-your-standards,IS 1155,Yes,,"BIS searchKnowStandards, collected 2026-09-10",2027-03-31,No
IS 11551," Textiles ï¿½ Glass Fibre Chopped  Strand Mat for the Reinforcement of  Epoxy, Vinyl Ester, Phenolic and  Polyester Thermoset Resin  Systems ï¿½ Specification (Second Revision of IS 11551)",2024.0,Current,UNKNOWN,UNKNOWN,TXD — Textile Department,Collected,https://standards.bis.gov.in/website/know-your-standards,IS 11551,Yes,,"BIS searchKnowStandards, collected 2026-09-10",2029-01-31,No
IS 116,"Paint, exterior, undercoating, spraying, matt finish to No. 352 pale cream and No. 632 dark admiralty grey",1950.0,Withdrawn,UNKNOWN,UNKNOWN,CHD — Chemical Department,Collected,https://standards.bis.gov.in/website/know-your-standards,IS 116,Yes,,"BIS searchKnowStandards, collected 2026-09-10",,
IS 11606,Methods for sampling of cast iron pipes and fittings,1986.0,Current,UNKNOWN,UNKNOWN,MTD — Metallurgical Engineering Department,Collected,https://standards.bis.gov.in/website/know-your-standards,IS 11606,Yes,,"BIS searchKnowStandards, collected 2026-09-10",2029-12-31,No
IS 11654 (Part 3/Sec 1),Specification for flexible insulating sleeving: Part 3 specifications for individual types of sleevings: Sec 1 general purpose grade sleeving with temperature index 90,1988.0,Current,UNKNOWN,UNKNOWN,ETD — Electrotechnical Department,Collected,https://standards.bis.gov.in/website/know-your-standards,IS 11654,Yes,,"BIS searchKnowStandards, collected 2026-09-10",2029-04-30,No
IS 11656,"Specification for antiwear hydraulic oil, extra heavy duty type",1986.0,Current,UNKNOWN,UNKNOWN,"PCD — Petroleum, Coal And Related Products Department",Collected,https://standards.bis.gov.in/website/know-your-standards,IS 11656,Yes,,"BIS searchKnowStandards, collected 2026-09-10",2029-04-30,No
IS 11682,Criteria for design of rcc staging for overhead water tanks,1985.0,Current,UNKNOWN,UNKNOWN,CED — Civil Engineering Department,Collected,https://standards.bis.gov.in/website/know-your-standards,IS 11682,Yes,,"BIS searchKnowStandards, collected 2026-09-10",2027-04-30,No
IS 1169,Specification for electric pedestal type fans and regulators (First Revision),1967.0,Current,UNKNOWN,UNKNOWN,ETD — Electrotechnical Department,Collected,https://standards.bis.gov.in/website/know-your-standards,IS 1169,Yes,,"BIS searchKnowStandards, collected 2026-09-10",2031-01-16,No
IS 1171,Ferromanganese - Specification (Fifth Revision),2011.0,Current,UNKNOWN,UNKNOWN,MTD — Metallurgical Engineering Department,Collected,https://standards.bis.gov.in/website/know-your-standards,IS 1171,Yes,,"BIS searchKnowStandards, collected 2026-09-10",2026-01-01,Yes
IS 1172,"Code of basic requirements for water supply, drainge and sanitation (Fourth Revision)",1993.0,Current,UNKNOWN,UNKNOWN,CED — Civil Engineering Department,Collected,https://standards.bis.gov.in/website/know-your-standards,IS 1172,Yes,,"BIS searchKnowStandards, collected 2026-09-10",2027-11-30,No
IS 11723 (Part 1),Mechanical Vibration - Balance Quality Requirements Of Rigid Rotors : Part 1 Determination Of Permissible Residual Unbalance,1992.0,Withdrawn,UNKNOWN,UNKNOWN,MED — Mechanical Engineering Department,Collected,https://standards.bis.gov.in/website/know-your-standards,IS 11723,Yes,,"BIS searchKnowStandards, collected 2026-09-10",,
IS 1173,Hot Rolled and Slit Steel Tee Bars  Dimensions and Properties,2025.0,Current,UNKNOWN,UNKNOWN,CED — Civil Engineering Department,Collected,https://standards.bis.gov.in/website/know-your-standards,IS 1173,Yes,,"BIS searchKnowStandards, collected 2026-09-10",2030-03-31,No
IS 11731 (Part 1),Methods of test for determination of flammability of solid electrical insulating materials when exposed to an igniting source: Part 1 horizontal specimen method,1986.0,Current,UNKNOWN,UNKNOWN,ETD — Electrotechnical Department,Collected,https://standards.bis.gov.in/website/know-your-standards,IS 11731,Yes,,"BIS searchKnowStandards, collected 2026-09-10",2026-04-30,Yes
IS 1179,Specification for equipment for eye and face protection during welding (First Revision),1967.0,Current,UNKNOWN,UNKNOWN,MTD — Metallurgical Engineering Department,Collected,https://standards.bis.gov.in/website/know-your-standards,IS 1179,Yes,,"BIS searchKnowStandards, collected 2026-09-10",2029-01-31,No
IS 11790,"Preparation of Butt Welding Ends for Pipes, Valves, Flanges and Fittings - Code of Practice (First Revision)",2024.0,Current,UNKNOWN,UNKNOWN,MED — Mechanical Engineering Department,Collected,https://standards.bis.gov.in/website/know-your-standards,IS 11790,Yes,,"BIS searchKnowStandards, collected 2026-09-10",2029-07-31,No
IS 11833,Specification For Dry Powder Fire Extinguisher For Metal Fires,1986.0,Withdrawn,UNKNOWN,UNKNOWN,CED — Civil Engineering Department,Collected,https://standards.bis.gov.in/website/know-your-standards,IS 11833,Yes,,"BIS searchKnowStandards, collected 2026-09-10",2027-09-30,No
IS 11906,Recommendations for cement - Mortar lining for cast - Iron mild steel and ductile - Iron pipes and fittings for transportation of water,1986.0,Current,UNKNOWN,UNKNOWN,CED — Civil Engineering Department,Collected,https://standards.bis.gov.in/website/know-your-standards,IS 11906,Yes,,"BIS searchKnowStandards, collected 2026-09-10",2027-11-30,No
IS 11954,Colour Coding of Electrical Mimic Diagrams ï¿½ Guide ( First Revision ) ,2023.0,Current,UNKNOWN,UNKNOWN,ETD — Electrotechnical Department,Collected,https://standards.bis.gov.in/website/know-your-standards,IS 11954,Yes,,"BIS searchKnowStandards, collected 2026-09-10",2028-12-31,No
IS 11967 (Part 1/Sec 1),"Specification for radio frequency coaxial cables: Part 1 solid polyethylene: Sec 1 flexible, type R 50 - 2 - A01",1987.0,Current,UNKNOWN,UNKNOWN,LITD — Electronics And Information Technology Department,Collected,https://standards.bis.gov.in/website/know-your-standards,IS 11967,Yes,,"BIS searchKnowStandards, collected 2026-09-10",2028-12-11,No
IS 11993,Code of Practice for Use of Screed Board Concrete Vibrators,1987.0,Current,UNKNOWN,UNKNOWN,CED — Civil Engineering Department,Collected,https://standards.bis.gov.in/website/know-your-standards,IS 11993,Yes,,"BIS searchKnowStandards, collected 2026-09-10",2028-06-30,No
IS 11994,Code of practice for use of screed board concrete vibrators,1986.0,Withdrawn,UNKNOWN,UNKNOWN,ETD — Electrotechnical Department,Collected,https://standards.bis.gov.in/website/know-your-standards,IS 11994,Yes,,"BIS searchKnowStandards, collected 2026-09-10",,
IS 120,"Ready Mixed Paint, Brushing, Finishing, Semi-gloss, for General Purposes, To Indian Standard Colours No. 537, 538, 540, 541, 570, And 574",1962.0,Withdrawn,UNKNOWN,UNKNOWN,CHD — Chemical Department,Collected,https://standards.bis.gov.in/website/know-your-standards,IS 120,Yes,,"BIS searchKnowStandards, collected 2026-09-10",,
IS 1200 (Part 1),Methods of measurement of building and civil engineering works: Part 1 earthwork,1992.0,Current,UNKNOWN,UNKNOWN,CED — Civil Engineering Department,Collected,https://standards.bis.gov.in/website/know-your-standards,IS 1200,Yes,,"BIS searchKnowStandards, collected 2026-09-10",2027-09-30,No
IS 1200 (Part 19),"Method of measurement of building and civil engineering works: Part 19 water supply, plumbing and drains",1981.0,Current,UNKNOWN,UNKNOWN,CED — Civil Engineering Department,Collected,https://standards.bis.gov.in/website/know-your-standards,IS 1200,Yes,,"BIS searchKnowStandards, collected 2026-09-10",2027-09-30,No
IS 1200 (Part 27),Method of Measurement of Building and Civil Engineering Works : Part 27 Earth Work done by Mechanical Appliances  (SECOND REVISION),2024.0,Current,UNKNOWN,UNKNOWN,CED — Civil Engineering Department,Collected,https://standards.bis.gov.in/website/know-your-standards,IS 1200,Yes,,"BIS searchKnowStandards, collected 2026-09-10",2027-09-30,No
IS 12021,Control transformers or switchgear and controlgear for voltages not exceeding 1000 v a.c. - Specification (First Revision),2015.0,Current,UNKNOWN,UNKNOWN,ETD — Electrotechnical Department,Collected,https://standards.bis.gov.in/website/know-your-standards,IS 12021,Yes,,"BIS searchKnowStandards, collected 2026-09-10",2030-11-01,No
IS 12048,Specification for helically formed fittings for overhead lines up to 33 kV,1987.0,Withdrawn,UNKNOWN,UNKNOWN,ETD — Electrotechnical Department,Collected,https://standards.bis.gov.in/website/know-your-standards,IS 12048,Yes,,"BIS searchKnowStandards, collected 2026-09-10",2028-03-31,No
IS 12065,Permissible limits of noise levels for rotating electrical machines (First Revision),2025.0,Current,UNKNOWN,UNKNOWN,ETD — Electrotechnical Department,Collected,https://standards.bis.gov.in/website/know-your-standards,IS 12065,Yes,,"BIS searchKnowStandards, collected 2026-09-10",2030-01-31,No
IS 12075,"Mechanical Vibration of Rotating Electrical Machines with Shaft Heights 56 mm and Higher â€”Measurement, Evaluation and Limits of Vibration Severity  (IEC 60034-14 : 2018, MOD) (Second Revision)",2024.0,Current,UNKNOWN,UNKNOWN,ETD — Electrotechnical Department,Collected,https://standards.bis.gov.in/website/know-your-standards,IS 12075,Yes,,"BIS searchKnowStandards, collected 2026-09-10",2029-10-31,No
IS 12089,Specification for Granulated Slag for the Manufacture Portland Slag Cement,1987.0,Current,UNKNOWN,UNKNOWN,CED — Civil Engineering Department,Collected,https://standards.bis.gov.in/website/know-your-standards,IS 12089,Yes,,"BIS searchKnowStandards, collected 2026-09-10",2028-06-30,No
IS 12118 (Part 1),Specification for two - Part polysulphide - Based sealants: Part 1 general requirements ,1987.0,Current,UNKNOWN,UNKNOWN,CED — Civil Engineering Department,Collected,https://standards.bis.gov.in/website/know-your-standards,IS 12118,Yes,,"BIS searchKnowStandards, collected 2026-09-10",2028-03-31,No
IS 12155,General and Safety Requirements for Fans and Regulators for Household and Similar Purposes,1987.0,Withdrawn,UNKNOWN,UNKNOWN,ETD — Electrotechnical Department,Collected,https://standards.bis.gov.in/website/know-your-standards,IS 12155,Yes,,"BIS searchKnowStandards, collected 2026-09-10",,
IS 12183 (Part 1),Code of Practice for Plumbing in Multi-storeyed Buildings: Part 1 Water Supply,1987.0,Current,UNKNOWN,UNKNOWN,CED — Civil Engineering Department,Collected,https://standards.bis.gov.in/website/know-your-standards,IS 12183,Yes,,"BIS searchKnowStandards, collected 2026-09-10",2029-08-31,No
IS 12251,Code of practice for drainage of building basements,1987.0,Current,UNKNOWN,UNKNOWN,CED — Civil Engineering Department,Collected,https://standards.bis.gov.in/website/know-your-standards,IS 12251,Yes,,"BIS searchKnowStandards, collected 2026-09-10",2029-08-31,No
IS 12254,Polyvinylchloride (P V C ) Industrial Boots - Specification  (Second Revision),2021.0,Current,UNKNOWN,UNKNOWN,CHD — Chemical Department,Collected,https://standards.bis.gov.in/website/know-your-standards,IS 12254,Yes,,"BIS searchKnowStandards, collected 2026-09-10",2031-03-02,No
IS 12269,Specification for 53 grade ordinary Portland cement (BI-LINGUAL),1987.0,Withdrawn,UNKNOWN,UNKNOWN,CED — Civil Engineering Department,Collected,https://standards.bis.gov.in/website/know-your-standards,IS 12269,Yes,,"BIS searchKnowStandards, collected 2026-09-10",,
IS 123,"Ready Mixed Paint, Brushing, Finishing, Semi-Gloss, for General Purposes, to Indian Standard Colours",1962.0,Withdrawn,UNKNOWN,UNKNOWN,CHD — Chemical Department,Collected,https://standards.bis.gov.in/website/know-your-standards,IS 123,Yes,,"BIS searchKnowStandards, collected 2026-09-10",,
IS 1230,Cast iron rainwater pipes and fittings,1979.0,Withdrawn,UNKNOWN,UNKNOWN,MTD — Metallurgical Engineering Department,Collected,https://standards.bis.gov.in/website/know-your-standards,IS 1230,Yes,,"BIS searchKnowStandards, collected 2026-09-10",,
IS 1231,Dimensions and Output Series of Foot Mounted Induction Motors — Frame Numbers 56 to 315 L ( Fourth Revision ) ,2019.0,Current,UNKNOWN,UNKNOWN,ETD — Electrotechnical Department,Collected,https://standards.bis.gov.in/website/know-your-standards,IS 1231,Yes,,"BIS searchKnowStandards, collected 2026-09-10",2029-06-30,No
IS 12334,Specification for Tractor Mounted Bund Former,1988.0,Current,UNKNOWN,UNKNOWN,FAD — Food And Agriculture Department,Collected,https://standards.bis.gov.in/website/know-your-standards,IS 12334,Yes,,"BIS searchKnowStandards, collected 2026-09-10",2028-11-30,No
IS 12349,Fire protection-safety signs,1988.0,Current,UNKNOWN,UNKNOWN,CED — Civil Engineering Department,Collected,https://standards.bis.gov.in/website/know-your-standards,IS 12349,Yes,,"BIS searchKnowStandards, collected 2026-09-10",2027-01-31,No
IS 12360,VOLTAGE BANDS FOR ELECTRICAL INSTALLATIONS INCLUDING PREFERRED VOLTAGE AND FREQUENCY,2026.0,Current,UNKNOWN,UNKNOWN,ETD — Electrotechnical Department,Collected,https://standards.bis.gov.in/website/know-your-standards,IS 12360,Yes,,"BIS searchKnowStandards, collected 2026-09-10",2031-02-27,No
IS 12402 (Part 1),Mobile containers for solid waste: Part 1 general characteristics,1988.0,Current,UNKNOWN,UNKNOWN,MED — Mechanical Engineering Department,Collected,https://standards.bis.gov.in/website/know-your-standards,IS 12402,Yes,,"BIS searchKnowStandards, collected 2026-09-10",2027-03-31,No
IS 12406,Medium density fibre boards for general purpose - Specification ,2021.0,Current,UNKNOWN,UNKNOWN,CED — Civil Engineering Department,Collected,https://standards.bis.gov.in/website/know-your-standards,IS 12406,Yes,,"BIS searchKnowStandards, collected 2026-09-10",2026-03-31,Yes
IS 12407,Graphic symbols for fire protection plans,1988.0,Current,UNKNOWN,UNKNOWN,CED — Civil Engineering Department,Collected,https://standards.bis.gov.in/website/know-your-standards,IS 12407,Yes,,"BIS searchKnowStandards, collected 2026-09-10",2027-09-30,No
IS 12427,Fasteners - Threaded steel fasteners - Hexagon head transmission tower bolts - Specification  (First Revision),2001.0,Current,UNKNOWN,UNKNOWN,PGD — Production And General Engineering Department,Collected,https://standards.bis.gov.in/website/know-your-standards,IS 12427,Yes,,"BIS searchKnowStandards, collected 2026-09-10",2030-06-25,No
IS 12433 (Part 1),Basic requirements for hospital planning: Part 1 up to 30 bedded hospital,1988.0,Current,UNKNOWN,UNKNOWN,MHD — Medical Equipment And Hospital Planning Department,Collected,https://standards.bis.gov.in/website/know-your-standards,IS 12433,Yes,,"BIS searchKnowStandards, collected 2026-09-10",2031-06-22,No
Is 12444,Copper wire rods for electrical applications — Specification ( First Revision )  Amendment - 1,2020.0,Superseded,UNKNOWN,UNKNOWN,MTD — Metallurgical Engineering Department,Collected,https://standards.bis.gov.in/website/know-your-standards,Is 12444,Yes,,"BIS searchKnowStandards, collected 2026-09-10",2030-12-15,No
IS 1246,TEXTILES - HANDLOOM COTTON CURTAIN CLOTH - SPECIFICATION (Second Revision),2025.0,Current,UNKNOWN,UNKNOWN,TXD — Textile Department,Collected,https://standards.bis.gov.in/website/know-your-standards,IS 1246,Yes,,"BIS searchKnowStandards, collected 2026-09-10",2030-03-31,No
IS 12463,Inhibited Mineral Insulating Oils,1988.0,Withdrawn,UNKNOWN,UNKNOWN,ETD — Electrotechnical Department,Collected,https://standards.bis.gov.in/website/know-your-standards,IS 12463,Yes,,"BIS searchKnowStandards, collected 2026-09-10",,
IS 12469,Specification of pumps for stationary fire fighting installations (First Revision),2019.0,Current,UNKNOWN,UNKNOWN,MED — Mechanical Engineering Department,Collected,https://standards.bis.gov.in/website/know-your-standards,IS 12469,Yes,,"BIS searchKnowStandards, collected 2026-09-10",2029-03-31,No
IS 12585,Specification for thermoplastic hoses (Textile Reinforced) for water - general purpose  (First Revision),2023.0,Current,UNKNOWN,UNKNOWN,"PCD — Petroleum, Coal And Related Products Department",Collected,https://standards.bis.gov.in/website/know-your-standards,IS 12585,Yes,,"BIS searchKnowStandards, collected 2026-09-10",2028-03-31,No
IS 12592,Precast concrete manhole cover and frame - Specification (First Revision),2002.0,Current,UNKNOWN,UNKNOWN,CED — Civil Engineering Department,Collected,https://standards.bis.gov.in/website/know-your-standards,IS 12592,Yes,,"BIS searchKnowStandards, collected 2026-09-10",2028-01-31,No
IS 12615,Line Operated Three Phase a.c. Motors ( IE CODE ) “Efficiency Classes and Performance Specification” ( Third Revision ),2018.0,Current,UNKNOWN,UNKNOWN,ETD — Electrotechnical Department,Collected,https://standards.bis.gov.in/website/know-your-standards,IS 12615,Yes,,"BIS searchKnowStandards, collected 2026-09-10",2023-08-31,Yes
IS 12672,Internal fuses and internal overpressure disconnectors for shunt capacitors - Specification,1989.0,Withdrawn,UNKNOWN,UNKNOWN,ETD — Electrotechnical Department,Collected,https://standards.bis.gov.in/website/know-your-standards,IS 12672,Yes,,"BIS searchKnowStandards, collected 2026-09-10",2026-03-31,Yes
IS 12701,Rotational moulded polyethylene water storage tanks - specification (First Revision),1996.0,Current,UNKNOWN,UNKNOWN,CED — Civil Engineering Department,Collected,https://standards.bis.gov.in/website/know-your-standards,IS 12701,Yes,,"BIS searchKnowStandards, collected 2026-09-10",2027-03-31,No
IS 1271,Electrical insulation - Thermal evaluation and designation (Second Revision),2012.0,Current,UNKNOWN,UNKNOWN,ETD — Electrotechnical Department,Collected,https://standards.bis.gov.in/website/know-your-standards,IS 1271,Yes,,"BIS searchKnowStandards, collected 2026-09-10",2029-09-30,No
IS 12717,Fire fighting equipment - High capacity portable pump set (1100 - 1600 L/min) - Functional requirements,1989.0,Current,UNKNOWN,UNKNOWN,CED — Civil Engineering Department,Collected,https://standards.bis.gov.in/website/know-your-standards,IS 12717,Yes,,"BIS searchKnowStandards, collected 2026-09-10",2030-06-20,No
IS 12729,Common High-Voltage Switchgear and Controlgear Standards,2004.0,Withdrawn,UNKNOWN,UNKNOWN,ETD — Electrotechnical Department,Collected,https://standards.bis.gov.in/website/know-your-standards,IS 12729,Yes,,"BIS searchKnowStandards, collected 2026-09-10",,
IS 12762 (Part 1),Photovoltaic Devices Part 1 Measurement of Photovoltaic Current-Voltage Characteristics ( Second Revision ) ,2024.0,Current,UNKNOWN,UNKNOWN,ETD — Electrotechnical Department,Collected,https://standards.bis.gov.in/website/know-your-standards,IS 12762,Yes,,"BIS searchKnowStandards, collected 2026-09-10",2029-08-31,No
IS 12778,"Hot Rolled Parallel Flange Steel Sections for Beams, Columns and Bearing Piles - Dimensions and Section Properties (First Revision)",2004.0,Current,UNKNOWN,UNKNOWN,CED — Civil Engineering Department,Collected,https://standards.bis.gov.in/website/know-your-standards,IS 12778,Yes,,"BIS searchKnowStandards, collected 2026-09-10",2024-03-31,Yes
IS 12786,Irrigation Equipment -  Polyethylene Pipes for Irrigation Laterals - Specification (First Revision),2024.0,Current,UNKNOWN,UNKNOWN,FAD — Food And Agriculture Department,Collected,https://standards.bis.gov.in/website/know-your-standards,IS 12786,Yes,,"BIS searchKnowStandards, collected 2026-09-10",2029-03-31,No
IS 12817,Stainless Steel Butt Hinges - Specification ( Third Revision ) ,2020.0,Superseded,UNKNOWN,UNKNOWN,CED — Civil Engineering Department,Collected,https://standards.bis.gov.in/website/know-your-standards,IS 12817,Yes,,"BIS searchKnowStandards, collected 2026-09-10",2030-12-20,No
IS 12820,"Dimensional requirements of rubber gaskets for mechanical joints and push - On joints for use with cast iron pipes and fittings for carrying water, gas and sewage (First Revision)",2004.0,Current,UNKNOWN,UNKNOWN,MTD — Metallurgical Engineering Department,Collected,https://standards.bis.gov.in/website/know-your-standards,IS 12820,Yes,,"BIS searchKnowStandards, collected 2026-09-10",2030-10-06,No
IS 12823,Prelaminated Particle Boards from Wood and other Lignocellulosic Material - Specification ( First Revision ) ,2015.0,Current,UNKNOWN,UNKNOWN,CED — Civil Engineering Department,Collected,https://standards.bis.gov.in/website/know-your-standards,IS 12823,Yes,,"BIS searchKnowStandards, collected 2026-09-10",2025-02-28,Yes
IS 12843,Tolerances for erection of steel structures,1989.0,Current,UNKNOWN,UNKNOWN,CED — Civil Engineering Department,Collected,https://standards.bis.gov.in/website/know-your-standards,IS 12843,Yes,,"BIS searchKnowStandards, collected 2026-09-10",2031-01-20,No
IS 12866,Plastic Translucent Sheets made from Thermo-Setting Polyester Resin Glassfibre Reinforced - Specification,2021.0,Current,UNKNOWN,UNKNOWN,CED — Civil Engineering Department,Collected,https://standards.bis.gov.in/website/know-your-standards,IS 12866,Yes,,"BIS searchKnowStandards, collected 2026-09-10",2031-03-23,No
IS 12894,Pulverized fuel ash - Lime bricks - Specification (First Revision),2002.0,Current,UNKNOWN,UNKNOWN,CED — Civil Engineering Department,Collected,https://standards.bis.gov.in/website/know-your-standards,IS 12894,Yes,,"BIS searchKnowStandards, collected 2026-09-10",2027-01-31,No
IS 12933 (Part 1),Solar Flat Plate Collector - Specification Part 1 Requirements (Third Revision),2025.0,Current,UNKNOWN,UNKNOWN,MED — Mechanical Engineering Department,Collected,https://standards.bis.gov.in/website/know-your-standards,IS 12933,Yes,,"BIS searchKnowStandards, collected 2026-09-10",2030-08-31,No
IS 12992 (Part 1),Safety Relief Valves - Spring Loaded - Specification Part 1 Design (First Revision),2024.0,Current,UNKNOWN,UNKNOWN,MED — Mechanical Engineering Department,Collected,https://standards.bis.gov.in/website/know-your-standards,IS 12992,Yes,,"BIS searchKnowStandards, collected 2026-09-10",2029-10-31,No
IS 13010,"AC watthour meters, class 0.5, 1 and 2 - Specification (First Revision)",2002.0,Withdrawn,UNKNOWN,UNKNOWN,ETD — Electrotechnical Department,Collected,https://standards.bis.gov.in/website/know-your-standards,IS 13010,Yes,,"BIS searchKnowStandards, collected 2026-09-10",2029-06-30,No
IS 1303,Paints - Glossary of Terms ( Third Revision ),2024.0,Current,UNKNOWN,UNKNOWN,CHD — Chemical Department,Collected,https://standards.bis.gov.in/website/know-your-standards,IS 1303,Yes,,"BIS searchKnowStandards, collected 2026-09-10",2029-12-31,No
IS 13032,Ac miniature circuit - Breaker boards for voltages not exceeding 1000 v - Specification,1991.0,Current,UNKNOWN,UNKNOWN,ETD — Electrotechnical Department,Collected,https://standards.bis.gov.in/website/know-your-standards,IS 13032,Yes,,"BIS searchKnowStandards, collected 2026-09-10",2021-03-31,Yes
IS 13039,External hydrant systems - provision and maintenance - Code of practice (First Revision),2014.0,Current,UNKNOWN,UNKNOWN,CED — Civil Engineering Department,Collected,https://standards.bis.gov.in/website/know-your-standards,IS 13039,Yes,,"BIS searchKnowStandards, collected 2026-09-10",2029-06-30,No
IS 13098,Automotive Vehicles — Tubes for Pneumatic Tyres — Specification ( Second Revision ),2024.0,Current,UNKNOWN,UNKNOWN,TED — Transport Engineering Department,Collected,https://standards.bis.gov.in/website/know-your-standards,IS 13098,Yes,,"BIS searchKnowStandards, collected 2026-09-10",2029-07-31,No
IS 13104,"2 - Amino - 5[N - Ethyl N - 2, hydroxy ethyl] aminotoluene sulphate,photographic grade (CD - 4)",1991.0,Withdrawn,UNKNOWN,UNKNOWN,CHD — Chemical Department,Collected,https://standards.bis.gov.in/website/know-your-standards,IS 13104,Yes,,"BIS searchKnowStandards, collected 2026-09-10",2029-04-30,No
IS 13134,Guide for the selection of insulators in respect of polluted conditions,1992.0,Withdrawn,UNKNOWN,UNKNOWN,ETD — Electrotechnical Department,Collected,https://standards.bis.gov.in/website/know-your-standards,IS 13134,Yes,,"BIS searchKnowStandards, collected 2026-09-10",2023-04-30,Yes
IS 13176,PVC Insulation and Sheath of Telecommunication Cables,1991.0,Withdrawn,UNKNOWN,UNKNOWN,LITD — Electronics And Information Technology Department,Collected,https://standards.bis.gov.in/website/know-your-standards,IS 13176,Yes,,"BIS searchKnowStandards, collected 2026-09-10",,
IS 13183,"Aluminium paint, heat resistant - Specification",1991.0,Current,UNKNOWN,UNKNOWN,CHD — Chemical Department,Collected,https://standards.bis.gov.in/website/know-your-standards,IS 13183,Yes,,"BIS searchKnowStandards, collected 2026-09-10",2031-06-22,No
IS 13213,Polyurethane full gloss enamel (Two Pack) - Specification (First Revision),2018.0,Current,UNKNOWN,UNKNOWN,CHD — Chemical Department,Collected,https://standards.bis.gov.in/website/know-your-standards,IS 13213,Yes,,"BIS searchKnowStandards, collected 2026-09-10",2030-12-24,No
IS 1322,Bitumen Felts for Water Proofing and Damp-proofing - Specification (Fourth Revision),1993.0,Current,UNKNOWN,UNKNOWN,CED — Civil Engineering Department,Collected,https://standards.bis.gov.in/website/know-your-standards,IS 1322,Yes,,"BIS searchKnowStandards, collected 2026-09-10",2027-12-31,No
IS 13262,Pressure sensitive adhesive tapes with plastic base - Specification,1992.0,Current,UNKNOWN,UNKNOWN,"PCD — Petroleum, Coal And Related Products Department",Collected,https://standards.bis.gov.in/website/know-your-standards,IS 13262,Yes,,"BIS searchKnowStandards, collected 2026-09-10",2029-03-31,No
IS 1328,Veneered Decorative Plywood - Specification   ( Fourth Revision ),2025.0,Current,UNKNOWN,UNKNOWN,CED — Civil Engineering Department,Collected,https://standards.bis.gov.in/website/know-your-standards,IS 1328,Yes,,"BIS searchKnowStandards, collected 2026-09-10",2030-06-30,No
IS 13311 (Part 2),Method of Non-destructive Testing of Concret-methods of Test : Part 2 Rebound Hammer,1992.0,Current,UNKNOWN,UNKNOWN,CED — Civil Engineering Department,Collected,https://standards.bis.gov.in/website/know-your-standards,IS 13311,Yes,,"BIS searchKnowStandards, collected 2026-09-10",2031-03-27,No
IS 13340 (Part 1),"Shunt Power Capacitors of the Self-Healing Type for a.c. Systems Having a Rated Voltage up to and Including 1 000 V  Part 1 General - Performance, Testing and Rating - Safety Requirements - Guide for Installation and Operation  (Second Revision)",2024.0,Current,UNKNOWN,UNKNOWN,ETD — Electrotechnical Department,Collected,https://standards.bis.gov.in/website/know-your-standards,IS 13340,Yes,,"BIS searchKnowStandards, collected 2026-09-10",2029-10-31,No
IS 13341,"Requirements for Ageing Test, Self-healing Test and Destruction Test on Shunt Capacitors of the Self-healing Type for Ac Power Systems Having a Rated Voltage Upto and Including 650 V",1992.0,Withdrawn,UNKNOWN,UNKNOWN,ETD — Electrotechnical Department,Collected,https://standards.bis.gov.in/website/know-your-standards,IS 13341,Yes,,"BIS searchKnowStandards, collected 2026-09-10",,
IS 13346,Electrical Apparatus for Explosive Gas Atmospheres - General Requirements,2004.0,Withdrawn,UNKNOWN,UNKNOWN,ETD — Electrotechnical Department,Collected,https://standards.bis.gov.in/website/know-your-standards,IS 13346,Yes,,"BIS searchKnowStandards, collected 2026-09-10",,
IS 13349,Cast iron single faced thimble mounted sluice gates - Specification,1992.0,Current,UNKNOWN,UNKNOWN,CED — Civil Engineering Department,Collected,https://standards.bis.gov.in/website/know-your-standards,IS 13349,Yes,,"BIS searchKnowStandards, collected 2026-09-10",2027-10-31,No
IS 13360 (Part 6/Sec 1),PLASTICS -  METHODS OF TESTING  PART 6 THERMAL PROPERTIES  SECTION 1 DETERMINATION OF VICAT SOFTENING TEMPERATURE OF THERMOPLASTIC MATERIALS   (Third Revision),2025.0,Current,UNKNOWN,UNKNOWN,"PCD — Petroleum, Coal And Related Products Department",Collected,https://standards.bis.gov.in/website/know-your-standards,IS 13360,Yes,,"BIS searchKnowStandards, collected 2026-09-10",2030-05-31,No
IS 13382,"Cast iron specials for mechanical and push-on flexible joints for pressure pipes for water, gas and sewage - Specification (Second Revision)",2018.0,Current,UNKNOWN,UNKNOWN,MTD — Metallurgical Engineering Department,Collected,https://standards.bis.gov.in/website/know-your-standards,IS 13382,Yes,,"BIS searchKnowStandards, collected 2026-09-10",2029-01-31,No
IS 13386,"Specification for Fire Extinguisher  50 Litre Capacity , Mechanical Foam Type",1992.0,Withdrawn,UNKNOWN,UNKNOWN,CED — Civil Engineering Department,Collected,https://standards.bis.gov.in/website/know-your-standards,IS 13386,Yes,,"BIS searchKnowStandards, collected 2026-09-10",,
IS 1340,Code of practice for chromate conversion coating on zinc and cadmium coated articles and zinc base alloys (First Revision),1977.0,Withdrawn,UNKNOWN,UNKNOWN,MTD — Metallurgical Engineering Department,Collected,https://standards.bis.gov.in/website/know-your-standards,IS 1340,Yes,,"BIS searchKnowStandards, collected 2026-09-10",2026-03-31,Yes
IS 13408 (Part 1),"Code of Practice for the Selection, Installation and Maintenance of Electrical Apparatus for Use in Potentially Explosive Atmospheres (Other than Mining Applications or Explosives Processing and Manufacture) - Part 1 : General",1992.0,Withdrawn,UNKNOWN,UNKNOWN,ETD — Electrotechnical Department,Collected,https://standards.bis.gov.in/website/know-your-standards,IS 13408,Yes,,"BIS searchKnowStandards, collected 2026-09-10",,
IS 1341,Steel Butt Hinges - Specification (Sixth Revision) ,2018.0,Superseded,UNKNOWN,UNKNOWN,CED — Civil Engineering Department,Collected,https://standards.bis.gov.in/website/know-your-standards,IS 1341,Yes,,"BIS searchKnowStandards, collected 2026-09-10",2030-12-24,No
IS 13410,Glass reinforced polyester sheet moulding compounds(smc) - Specification,1992.0,Withdrawn,UNKNOWN,UNKNOWN,"PCD — Petroleum, Coal And Related Products Department",Collected,https://standards.bis.gov.in/website/know-your-standards,IS 13410,Yes,,"BIS searchKnowStandards, collected 2026-09-10",2029-03-31,No
IS 13411,Glass reinforced polyester dough moulding compounds - Specification,1992.0,Withdrawn,UNKNOWN,UNKNOWN,"PCD — Petroleum, Coal And Related Products Department",Collected,https://standards.bis.gov.in/website/know-your-standards,IS 13411,Yes,,"BIS searchKnowStandards, collected 2026-09-10",2029-03-31,No
IS 1343,Prestressed Concrete - Code of Practice (Second Revision),2012.0,Current,UNKNOWN,UNKNOWN,CED — Civil Engineering Department,Collected,https://standards.bis.gov.in/website/know-your-standards,IS 1343,Yes,,"BIS searchKnowStandards, collected 2026-09-10",2027-11-30,No
IS 13497,Fusible plug for dissolved acetylene gas cylinder - Specification (First Revision),2017.0,Current,UNKNOWN,UNKNOWN,MED — Mechanical Engineering Department,Collected,https://standards.bis.gov.in/website/know-your-standards,IS 13497,Yes,,"BIS searchKnowStandards, collected 2026-09-10",2027-07-31,No
IS 13585 (Part 1),"Shunt power capacitors of the non - Self - Healing type for ac systems having a rated voltage up to and including 1 000 v: Part 1 general - Performance, testing and rating - Safety requirements - Guide for installation and operation (First Revision)",2012.0,Current,UNKNOWN,UNKNOWN,ETD — Electrotechnical Department,Collected,https://standards.bis.gov.in/website/know-your-standards,IS 13585,Yes,,"BIS searchKnowStandards, collected 2026-09-10",2027-04-30,No
IS 13620,Fusion Bonded Epoxy Coated Reinforcing Bars - Specification,1993.0,Current,UNKNOWN,UNKNOWN,CED — Civil Engineering Department,Collected,https://standards.bis.gov.in/website/know-your-standards,IS 13620,Yes,,"BIS searchKnowStandards, collected 2026-09-10",2030-05-01,No
IS 13656,Internal combustion engine crankcase oils for automotive application (Diesel And Gasoline) - Specification (Third Revision),2019.0,Current,UNKNOWN,UNKNOWN,"PCD — Petroleum, Coal And Related Products Department",Collected,https://standards.bis.gov.in/website/know-your-standards,IS 13656,Yes,,"BIS searchKnowStandards, collected 2026-09-10",2029-11-08,No
IS 13713,Plastic Chairs for General Purposes - Specification ( First Revision ),2021.0,Current,UNKNOWN,UNKNOWN,CED — Civil Engineering Department,Collected,https://standards.bis.gov.in/website/know-your-standards,IS 13713,Yes,,"BIS searchKnowStandards, collected 2026-09-10",2031-02-09,No
IS 13730 (Part 0/Sec 1),Specifications for particular types of winding wires: Part 0 general requirements: Sec 1 enamelled round copper wire (Second Revision),2018.0,Current,UNKNOWN,UNKNOWN,ETD — Electrotechnical Department,Collected,https://standards.bis.gov.in/website/know-your-standards,IS 13730,Yes,,"BIS searchKnowStandards, collected 2026-09-10",2029-09-30,No
IS 13730 (Part 3),"Specifications for particular types of winding wires: Part 3 polyester enamelled round copper wire, class 155 (First Revision)",2012.0,Current,UNKNOWN,UNKNOWN,ETD — Electrotechnical Department,Collected,https://standards.bis.gov.in/website/know-your-standards,IS 13730,Yes,,"BIS searchKnowStandards, collected 2026-09-10",2029-09-30,No
IS 1374,Chicken Feeds — Specification ( Sixth Revision ),2024.0,Current,UNKNOWN,UNKNOWN,FAD — Food And Agriculture Department,Collected,https://standards.bis.gov.in/website/know-your-standards,IS 1374,Yes,,"BIS searchKnowStandards, collected 2026-09-10",2029-04-30,No
IS 13753,Dust Pressed Ceramic Tiles With Water Absorption Of E > 10% Group (b Iii),1993.0,Withdrawn,UNKNOWN,UNKNOWN,CED — Civil Engineering Department,Collected,https://standards.bis.gov.in/website/know-your-standards,IS 13753,Yes,,"BIS searchKnowStandards, collected 2026-09-10",,
IS 13755,Dust Pressed Ceramic Tiles With Water Absorption Of 3% < E < 6% (group B Ii A),1993.0,Withdrawn,UNKNOWN,UNKNOWN,CED — Civil Engineering Department,Collected,https://standards.bis.gov.in/website/know-your-standards,IS 13755,Yes,,"BIS searchKnowStandards, collected 2026-09-10",,
IS 13756,Dust Pressed Ceramic Tiles With Low Water Absorption Of E < 3% (group B I),1993.0,Withdrawn,UNKNOWN,UNKNOWN,CED — Civil Engineering Department,Collected,https://standards.bis.gov.in/website/know-your-standards,IS 13756,Yes,,"BIS searchKnowStandards, collected 2026-09-10",,
IS 1377,Method for determination of mean fibre length of wool (first revision),1971.0,Current,UNKNOWN,UNKNOWN,TXD — Textile Department,Collected,https://standards.bis.gov.in/website/know-your-standards,IS 1377,Yes,,"BIS searchKnowStandards, collected 2026-09-10",2031-03-30,No
IS 13779,ac STATIC WATTHOUR METERS  CLASS 1 AND 2-Specefication ,2020.0,Current,UNKNOWN,UNKNOWN,ETD — Electrotechnical Department,Collected,https://standards.bis.gov.in/website/know-your-standards,IS 13779,Yes,,"BIS searchKnowStandards, collected 2026-09-10",2030-05-01,No
IS 13827,Improving Earthquake Resistance of Earthen Buildings - Guidelines,1993.0,Current,UNKNOWN,UNKNOWN,CED — Civil Engineering Department,Collected,https://standards.bis.gov.in/website/know-your-standards,IS 13827,Yes,,"BIS searchKnowStandards, collected 2026-09-10",2028-03-31,No
IS 13828,Improving Earthquake Resistance of Low Strength Masonry Buildings - Guidelines,1993.0,Current,UNKNOWN,UNKNOWN,CED — Civil Engineering Department,Collected,https://standards.bis.gov.in/website/know-your-standards,IS 13828,Yes,,"BIS searchKnowStandards, collected 2026-09-10",2028-03-31,No
IS 13849,Specification for portable fire extinguisher dry powder type (constant pressure),1993.0,Withdrawn,UNKNOWN,UNKNOWN,CED — Civil Engineering Department,Collected,https://standards.bis.gov.in/website/know-your-standards,IS 13849,Yes,,"BIS searchKnowStandards, collected 2026-09-10",,
IS 1387,General requirements for the supply of metallurgical materials (Second Revision) ,1993.0,Current,UNKNOWN,UNKNOWN,MTD — Metallurgical Engineering Department,Collected,https://standards.bis.gov.in/website/know-your-standards,IS 1387,Yes,,"BIS searchKnowStandards, collected 2026-09-10",2029-03-31,No
IS 13871,Powder coating - Specification,2021.0,Current,UNKNOWN,UNKNOWN,CHD — Chemical Department,Collected,https://standards.bis.gov.in/website/know-your-standards,IS 13871,Yes,,"BIS searchKnowStandards, collected 2026-09-10",2030-12-24,No
IS 13893,Polyurethane soles semirigid - specification,1994.0,Current,UNKNOWN,UNKNOWN,CHD — Chemical Department,Collected,https://standards.bis.gov.in/website/know-your-standards,IS 13893,Yes,,"BIS searchKnowStandards, collected 2026-09-10",2028-05-31,No
IS 1390,Textiles  Determination of pH of aqueous extract third revision of IS 1390,2022.0,Current,UNKNOWN,UNKNOWN,TXD — Textile Department,Collected,https://standards.bis.gov.in/website/know-your-standards,IS 1390,Yes,,"BIS searchKnowStandards, collected 2026-09-10",2027-03-31,No
IS 1391 (Part 1),Room Air Conditioners  Specification Part 1 Unitary Air Conditioners Fourth Revision  ,2023.0,Superseded,UNKNOWN,UNKNOWN,MED — Mechanical Engineering Department,Collected,https://standards.bis.gov.in/website/know-your-standards,IS 1391,Yes,,"BIS searchKnowStandards, collected 2026-09-10",2031-05-15,No
IS 1391 (Part 2),Room Air Conditioners  Specification Part 2 Split Air Conditioners Fourth Revision  Amendment - 1,2023.0,Superseded,UNKNOWN,UNKNOWN,MED — Mechanical Engineering Department,Collected,https://standards.bis.gov.in/website/know-your-standards,IS 1391,Yes,,"BIS searchKnowStandards, collected 2026-09-10",2031-05-15,No
IS 13920,Ductile Design and Detailing of Reinforced Concrete Structures Subjected to Seismic Forces - Code of Practice (First Revision) ,2016.0,Current,UNKNOWN,UNKNOWN,CED — Civil Engineering Department,Collected,https://standards.bis.gov.in/website/know-your-standards,IS 13920,Yes,,"BIS searchKnowStandards, collected 2026-09-10",2026-07-31,Yes
IS 13925 (Part 1),SHUNT CAPACITORS FOR AC POWER SYSTEMS HAVING A RATED VOLTAGE  ABOVE 1 000 V  PART 1: GENERAL   Second Revision,2025.0,Current,UNKNOWN,UNKNOWN,ETD — Electrotechnical Department,Collected,https://standards.bis.gov.in/website/know-your-standards,IS 13925,Yes,,"BIS searchKnowStandards, collected 2026-09-10",2030-12-09,No
IS 13942 (Part 1),Automotive Vehicles - External Projection Part 1 Performance Requirements for M1 Category of Vehicles ( First Revision ) ,2019.0,Current,UNKNOWN,UNKNOWN,TED — Transport Engineering Department,Collected,https://standards.bis.gov.in/website/know-your-standards,IS 13942,Yes,,"BIS searchKnowStandards, collected 2026-09-10",2029-06-30,No
IS 1395,Specification for low and medium alloy steel covered electrodes for manual metal arc welding (Third Revision,1982.0,Current,UNKNOWN,UNKNOWN,MTD — Metallurgical Engineering Department,Collected,https://standards.bis.gov.in/website/know-your-standards,IS 1395,Yes,,"BIS searchKnowStandards, collected 2026-09-10",2029-01-31,No
IS 13952,Palm jaggery (Gur) - Specification (First Revision),2018.0,Current,UNKNOWN,UNKNOWN,FAD — Food And Agriculture Department,Collected,https://standards.bis.gov.in/website/know-your-standards,IS 13952,Yes,,"BIS searchKnowStandards, collected 2026-09-10",2028-08-31,No
IS 13983,Stainless steel sinks for domestic purposes - Specification,1994.0,Superseded,UNKNOWN,UNKNOWN,CED — Civil Engineering Department,Collected,https://standards.bis.gov.in/website/know-your-standards,IS 13983,Yes,,"BIS searchKnowStandards, collected 2026-09-10",2031-01-31,No
IS 13995,Unlined moulded rubber boots - Specification,1995.0,Current,UNKNOWN,UNKNOWN,CHD — Chemical Department,Collected,https://standards.bis.gov.in/website/know-your-standards,IS 13995,Yes,,"BIS searchKnowStandards, collected 2026-09-10",2028-05-31,No
IS 1400,Specification for optical glass,1960.0,Withdrawn,UNKNOWN,UNKNOWN,PGD — Production And General Engineering Department,Collected,https://standards.bis.gov.in/website/know-your-standards,IS 1400,Yes,,"BIS searchKnowStandards, collected 2026-09-10",2027-03-31,No
IS 1415,Specification for electric hand - Lamps (Revised),1966.0,Withdrawn,UNKNOWN,UNKNOWN,ETD — Electrotechnical Department,Collected,https://standards.bis.gov.in/website/know-your-standards,IS 1415,Yes,,"BIS searchKnowStandards, collected 2026-09-10",2021-08-31,Yes
IS 14151 (Part 1),Irrigation Equipment - Sprinkler Pipes - Specification : Part 1 Polyethylene Pipes (First Revision),1999.0,Withdrawn,UNKNOWN,UNKNOWN,FAD — Food And Agriculture Department,Collected,https://standards.bis.gov.in/website/know-your-standards,IS 14151,Yes,,"BIS searchKnowStandards, collected 2026-09-10",2026-03-31,Yes
IS 14182,Solvent cement for use with unplasticized polyvinyl chloride plastic pipe and fittings - Specifications,1994.0,Current,UNKNOWN,UNKNOWN,"PCD — Petroleum, Coal And Related Products Department",Collected,https://standards.bis.gov.in/website/know-your-standards,IS 14182,Yes,,"BIS searchKnowStandards, collected 2026-09-10",2030-07-31,No
IS 14220,Openwell submersible pumpsets - Specification (First Revision),2018.0,Current,UNKNOWN,UNKNOWN,MED — Mechanical Engineering Department,Collected,https://standards.bis.gov.in/website/know-your-standards,IS 14220,Yes,,"BIS searchKnowStandards, collected 2026-09-10",2031-02-10,No
IS 14221 (Part 1),Retro-Reflective Tapes - Specification Part 1 Bicycles ( First Revision )  ,2015.0,Current,UNKNOWN,UNKNOWN,TED — Transport Engineering Department,Collected,https://standards.bis.gov.in/website/know-your-standards,IS 14221,Yes,,"BIS searchKnowStandards, collected 2026-09-10",2031-02-26,No
IS 14246,CONTINUOUSLY PRE-PAINTED GALVANIZED STEEL SHEETS AND STRIPS - SPECIFICATION  (Second Revision) Amendment - 1,2024.0,Superseded,UNKNOWN,UNKNOWN,MTD — Metallurgical Engineering Department,Collected,https://standards.bis.gov.in/website/know-your-standards,IS 14246,Yes,,"BIS searchKnowStandards, collected 2026-09-10",2031-02-06,No
IS 14268,Uncoated Stress Relieved Low Relaxation Seven-Wire (Ply) Strand for Prestressed Concrete -Specification (Second Revision),2022.0,Current,UNKNOWN,UNKNOWN,CED — Civil Engineering Department,Collected,https://standards.bis.gov.in/website/know-your-standards,IS 14268,Yes,,"BIS searchKnowStandards, collected 2026-09-10",2027-03-31,No
IS 14286 (Part 1),Terrestrial Photovoltaic PV Modules  Design Qualification and Type Approval  Part 1: Test Requirements (Third Revision),2023.0,Current,UNKNOWN,UNKNOWN,ETD — Electrotechnical Department,Collected,https://standards.bis.gov.in/website/know-your-standards,IS 14286,Yes,,"BIS searchKnowStandards, collected 2026-09-10",2028-05-31,No
IS 14329,Malleable iron castings - Specification,1995.0,Current,UNKNOWN,UNKNOWN,MTD — Metallurgical Engineering Department,Collected,https://standards.bis.gov.in/website/know-your-standards,IS 14329,Yes,,"BIS searchKnowStandards, collected 2026-09-10",2029-12-31,No
IS 14352,Miner&#39;s Safety Goggles - Specification   ( First Revision ),2025.0,Current,UNKNOWN,UNKNOWN,MED — Mechanical Engineering Department,Collected,https://standards.bis.gov.in/website/know-your-standards,IS 14352,Yes,,"BIS searchKnowStandards, collected 2026-09-10",2030-02-28,No
IS 14375,Cyclohexanone - Specification,1996.0,Current,UNKNOWN,UNKNOWN,"PCD — Petroleum, Coal And Related Products Department",Collected,https://standards.bis.gov.in/website/know-your-standards,IS 14375,Yes,,"BIS searchKnowStandards, collected 2026-09-10",2029-03-31,No
IS 14443,Polycarbonate sheets - Specification,1997.0,Current,UNKNOWN,UNKNOWN,"PCD — Petroleum, Coal And Related Products Department",Collected,https://standards.bis.gov.in/website/know-your-standards,IS 14443,Yes,,"BIS searchKnowStandards, collected 2026-09-10",2030-04-04,No
IS 1445,Specification for porcelain insulators for overhead power lines with a nominal voltage up to and including 1 000 V (Second Revision),1977.0,Current,UNKNOWN,UNKNOWN,ETD — Electrotechnical Department,Collected,https://standards.bis.gov.in/website/know-your-standards,IS 1445,Yes,,"BIS searchKnowStandards, collected 2026-09-10",2031-05-08,No
IS 1448 (Part 1/Sec 2),Methods of test for petroleum and its products [P: 1/ Section 2] determination of base number of petroleum products by potentiometric titration (Second Revision),2002.0,Current,UNKNOWN,UNKNOWN,"PCD — Petroleum, Coal And Related Products Department",Collected,https://standards.bis.gov.in/website/know-your-standards,IS 1448,Yes,,"BIS searchKnowStandards, collected 2026-09-10",2028-07-31,No
IS 14536,"Selection, installation, operation and maintenance of submersible pumpset - Code of practice (First Revision)",2018.0,Current,UNKNOWN,UNKNOWN,MED — Mechanical Engineering Department,Collected,https://standards.bis.gov.in/website/know-your-standards,IS 14536,Yes,,"BIS searchKnowStandards, collected 2026-09-10",2028-07-31,No
IS 14544,LEATHER SAFETY AND PROTECTIVE FOOTWEAR WITH DIRECT MOULDED POLYVINYL CHLORIDE PVC SOLE - SPECIFICATION  First Revision,2022.0,Current,UNKNOWN,UNKNOWN,CHD — Chemical Department,Collected,https://standards.bis.gov.in/website/know-your-standards,IS 14544,Yes,,"BIS searchKnowStandards, collected 2026-09-10",2027-03-31,No
IS 14587,Prelaminated Medium Density Fibre Board - Specification ,2023.0,Current,UNKNOWN,UNKNOWN,CED — Civil Engineering Department,Collected,https://standards.bis.gov.in/website/know-your-standards,IS 14587,Yes,,"BIS searchKnowStandards, collected 2026-09-10",2028-11-30,No
IS 1460,Automotive Diesel Fuel - Specification (seventh revision),2025.0,Superseded,UNKNOWN,UNKNOWN,"PCD — Petroleum, Coal And Related Products Department",Collected,https://standards.bis.gov.in/website/know-your-standards,IS 1460,Yes,,"BIS searchKnowStandards, collected 2026-09-10",2030-01-31,No
IS 14609,"Dry chemical powder for fighting a,b,c, class fires specification",1999.0,Withdrawn,UNKNOWN,UNKNOWN,CED — Civil Engineering Department,Collected,https://standards.bis.gov.in/website/know-your-standards,IS 14609,Yes,,"BIS searchKnowStandards, collected 2026-09-10",,
IS 14665 (Part 1),"Electric traction lifts: Part 1 guidelines for outline dimensions of passenger, goods, service and hospital lifts",2000.0,Withdrawn,UNKNOWN,UNKNOWN,ETD — Electrotechnical Department,Collected,https://standards.bis.gov.in/website/know-your-standards,IS 14665,Yes,,"BIS searchKnowStandards, collected 2026-09-10",2020-10-31,Yes
IS 14665 (Part 2/Sec 1 and 2),"Electric traction lifts: Part 2 code of practice for installation, operation and maintenance: Sec 1 passenger and goods lifts: Sec 2 service lifts",2000.0,Withdrawn,UNKNOWN,UNKNOWN,ETD — Electrotechnical Department,Collected,https://standards.bis.gov.in/website/know-your-standards,IS 14665,Yes,,"BIS searchKnowStandards, collected 2026-09-10",2020-10-31,Yes
IS 14665 (Part 3/Sec 1 and 2),Electric traction: Part 3 safety rules lifts: Sec 1 passenger and goods lifts: Sec 2 service lifts,2000.0,Withdrawn,UNKNOWN,UNKNOWN,ETD — Electrotechnical Department,Collected,https://standards.bis.gov.in/website/know-your-standards,IS 14665,Yes,,"BIS searchKnowStandards, collected 2026-09-10",2020-10-31,Yes
IS 14665 (Part 4/Sec 1 to 9),"Electric Traction Lifts - Part 4 : components - Section 1 : Lifts Buffers - Section 2 : Lift Guide Rails and Guide Shoes - Section 3 : Lift Carframe, Car, Counterweight and Suspension - Section 4 : Lift Safety Gears and Governors - Section 5",2001.0,Withdrawn,UNKNOWN,UNKNOWN,ETD — Electrotechnical Department,Collected,https://standards.bis.gov.in/website/know-your-standards,IS 14665,Yes,,"BIS searchKnowStandards, collected 2026-09-10",2020-10-31,Yes
IS 14665 (Part 5),Electric traction lifts - Specification: Part 5 inspection manual,1999.0,Withdrawn,UNKNOWN,UNKNOWN,ETD — Electrotechnical Department,Collected,https://standards.bis.gov.in/website/know-your-standards,IS 14665,Yes,,"BIS searchKnowStandards, collected 2026-09-10",2020-10-31,Yes
IS 14687,Falsework for Concrete Structures - Guidelines,1999.0,Current,UNKNOWN,UNKNOWN,CED — Civil Engineering Department,Collected,https://standards.bis.gov.in/website/know-your-standards,IS 14687,Yes,,"BIS searchKnowStandards, collected 2026-09-10",2029-03-31,No
IS 14697,ac STATIC TRANSFORMER OPERATED WATTHOUR METERS CLASS  02 S AND 05 S AND VAR-HOUR METERS CLASS 02 S 05 S AND 10 S - SPECIFICATION First Revision,2021.0,Current,UNKNOWN,UNKNOWN,ETD — Electrotechnical Department,Collected,https://standards.bis.gov.in/website/know-your-standards,IS 14697,Yes,,"BIS searchKnowStandards, collected 2026-09-10",2026-03-31,Yes
IS 14700 (Part 1/Sec 1),Electromagnetic Compatibility EMC   Part 1: General   Section 1: Application and Interpretation of Fundamental Definitions and Terms First Revision,2026.0,Current,UNKNOWN,UNKNOWN,LITD — Electronics And Information Technology Department,Collected,https://standards.bis.gov.in/website/know-your-standards,IS 14700,Yes,,"BIS searchKnowStandards, collected 2026-09-10",2029-03-06,No
IS 14700 (Part 3/Sec 2),Electromagnetic Compatibility (EMC) Part 3 Limits Section 2 Limits for harmonic current emissions ( equipment input current ? 16 A per phase ) ( Third Revision )  ,2020.0,Current,UNKNOWN,UNKNOWN,LITD — Electronics And Information Technology Department,Collected,https://standards.bis.gov.in/website/know-your-standards,IS 14700,Yes,,"BIS searchKnowStandards, collected 2026-09-10",2029-03-06,No
IS 14724,ULTRAVIOLET BASED POINT OF USE WATER DISINFECTION SYSTEM FOR DRINKING PURPOSES— SPECIFICATION,2025.0,Current,UNKNOWN,UNKNOWN,FAD — Food And Agriculture Department,Collected,https://standards.bis.gov.in/website/know-your-standards,IS 14724,Yes,,"BIS searchKnowStandards, collected 2026-09-10",2030-12-15,No
IS 14756,Stainless Steel Utensils — Specification ( Third Revision ),2024.0,Superseded,UNKNOWN,UNKNOWN,MED — Mechanical Engineering Department,Collected,https://standards.bis.gov.in/website/know-your-standards,IS 14756,Yes,,"BIS searchKnowStandards, collected 2026-09-10",2031-02-06,No
IS 1476 (Part 1),Performance of household refrigerating appliance - Refrigerators with or without low temperature compartment: Part 1 energy consumption and performance (Third Revision),2000.0,Withdrawn,UNKNOWN,UNKNOWN,MED — Mechanical Engineering Department,Collected,https://standards.bis.gov.in/website/know-your-standards,IS 1476,Yes,,"BIS searchKnowStandards, collected 2026-09-10",,
IS 1477 (Part 1),Code of practice for painting of ferrous metals in buildings: Part 1 pretreatment (First Revision),1971.0,Current,UNKNOWN,UNKNOWN,CED — Civil Engineering Department,Collected,https://standards.bis.gov.in/website/know-your-standards,IS 1477,Yes,,"BIS searchKnowStandards, collected 2026-09-10",2030-09-10,No
IS 14845,Resilient seated cast iron air relief valves for water works purposes - Specification,2000.0,Current,UNKNOWN,UNKNOWN,CED — Civil Engineering Department,Collected,https://standards.bis.gov.in/website/know-your-standards,IS 14845,Yes,,"BIS searchKnowStandards, collected 2026-09-10",2031-02-27,No
IS 14848,Hydraulic fluid power - Pumps and motors - Geometric displacements,2000.0,Current,UNKNOWN,UNKNOWN,PGD — Production And General Engineering Department,Collected,https://standards.bis.gov.in/website/know-your-standards,IS 14848,Yes,,"BIS searchKnowStandards, collected 2026-09-10",2029-12-31,No
IS 14856,Glass fibre reinforced plastic (GRP) panel type door shutters for internal use - Specification,2000.0,Current,UNKNOWN,UNKNOWN,CED — Civil Engineering Department,Collected,https://standards.bis.gov.in/website/know-your-standards,IS 14856,Yes,,"BIS searchKnowStandards, collected 2026-09-10",2027-01-31,No
IS 14886,Switch mode power supply - Specificaiton,2000.0,Current,UNKNOWN,UNKNOWN,LITD — Electronics And Information Technology Department,Collected,https://standards.bis.gov.in/website/know-your-standards,IS 14886,Yes,,"BIS searchKnowStandards, collected 2026-09-10",2029-05-31,No
IS 14933,High Pressure Fire Fighting Hose -Specification,2001.0,Current,UNKNOWN,UNKNOWN,CED — Civil Engineering Department,Collected,https://standards.bis.gov.in/website/know-your-standards,IS 14933,Yes,,"BIS searchKnowStandards, collected 2026-09-10",2030-06-20,No
IS 14948,"Paint coal tar epoxy, two pack, black and brown (Base and Hardner) - Specification",2001.0,Current,UNKNOWN,UNKNOWN,CHD — Chemical Department,Collected,https://standards.bis.gov.in/website/know-your-standards,IS 14948,Yes,,"BIS searchKnowStandards, collected 2026-09-10",2031-06-22,No
IS 14982,Anti-stripping agents for bitumen addition - Specification (Second Revision) ,2022.0,Superseded,UNKNOWN,UNKNOWN,"PCD — Petroleum, Coal And Related Products Department",Collected,https://standards.bis.gov.in/website/know-your-standards,IS 14982,Yes,,"BIS searchKnowStandards, collected 2026-09-10",2031-03-12,No
IS 150,"Specification for ready mixed paint, brushing, finishing, stoving, enamel, colour as required",1950.0,Current,UNKNOWN,UNKNOWN,CHD — Chemical Department,Collected,https://standards.bis.gov.in/website/know-your-standards,IS 150,Yes,,"BIS searchKnowStandards, collected 2026-09-10",2030-05-09,No
IS 1500 (Part 1),Metallic materials - Brinell hardness test: Part 1 test method (Fifth Revision),2019.0,Current,UNKNOWN,UNKNOWN,MTD — Metallurgical Engineering Department,Collected,https://standards.bis.gov.in/website/know-your-standards,IS 1500,Yes,,"BIS searchKnowStandards, collected 2026-09-10",2029-01-31,No
IS 15105,Design and Installation of Fixed Automatic Sprinkler Fire Extinguishing Systems  - Code of Practice (first revision),2021.0,Current,UNKNOWN,UNKNOWN,CED — Civil Engineering Department,Collected,https://standards.bis.gov.in/website/know-your-standards,IS 15105,Yes,,"BIS searchKnowStandards, collected 2026-09-10",2026-03-31,Yes
IS 1514,Methods of sampling and test for quicklime and hydrated lime (First Revision),1990.0,Withdrawn,UNKNOWN,UNKNOWN,CHD — Chemical Department,Collected,https://standards.bis.gov.in/website/know-your-standards,IS 1514,Yes,,"BIS searchKnowStandards, collected 2026-09-10",2029-04-30,No
IS 15155,BARWIRE WRAPPED STEEL CYLINDER PIPES  WITH MORTAR LINING AND COATING  INCLUDING SPECIALS SPECIFICATION,2020.0,Current,UNKNOWN,UNKNOWN,CED — Civil Engineering Department,Collected,https://standards.bis.gov.in/website/know-your-standards,IS 15155,Yes,,"BIS searchKnowStandards, collected 2026-09-10",2030-12-01,No
IS 15222,Carbon dioxide as fire extinguishing media for fire protection - Specification,2002.0,Withdrawn,UNKNOWN,UNKNOWN,CED — Civil Engineering Department,Collected,https://standards.bis.gov.in/website/know-your-standards,IS 15222,Yes,,"BIS searchKnowStandards, collected 2026-09-10",2027-09-30,No
IS 15298 (Part 1),PERSONAL PROTECTIVE EQUIPMENT PART 1 TEST METHODS FOR FOOTWEAR (Third Revision),2024.0,Current,UNKNOWN,UNKNOWN,CHD — Chemical Department,Collected,https://standards.bis.gov.in/website/know-your-standards,IS 15298,Yes,,"BIS searchKnowStandards, collected 2026-09-10",2029-08-31,No
IS 15298 (Part 3),Personal protective equipment: Part 3 protective footwear (Second Revision),2019.0,Withdrawn,UNKNOWN,UNKNOWN,CHD — Chemical Department,Collected,https://standards.bis.gov.in/website/know-your-standards,IS 15298,Yes,,"BIS searchKnowStandards, collected 2026-09-10",2029-08-31,No
IS 15298 (Part 2),"Personal Protective Equipment Part 2 Safety Footwear (ISO 20345 : 2021, MOD) (Third Revision)",2024.0,Current,UNKNOWN,UNKNOWN,CHD — Chemical Department,Collected,https://standards.bis.gov.in/website/know-your-standards,IS 15298,Yes,,"BIS searchKnowStandards, collected 2026-09-10",2029-08-31,No
IS 15298 (Part 4),Personal protective equipment: Part 4 occupational footwear (Second Revision),2017.0,Withdrawn,UNKNOWN,UNKNOWN,CHD — Chemical Department,Collected,https://standards.bis.gov.in/website/know-your-standards,IS 15298,Yes,,"BIS searchKnowStandards, collected 2026-09-10",2029-08-31,No
IS 15330,Requirements of Lifts for Persons with Disabilities ( First Revision ) ,2020.0,Withdrawn,UNKNOWN,UNKNOWN,ETD — Electrotechnical Department,Collected,https://standards.bis.gov.in/website/know-your-standards,IS 15330,Yes,,"BIS searchKnowStandards, collected 2026-09-10",2026-05-17,Yes
IS 15337,Coal tar based anticorrosion tape for protection of underground mild steel pipelines - Specification,2003.0,Current,UNKNOWN,UNKNOWN,MTD — Metallurgical Engineering Department,Collected,https://standards.bis.gov.in/website/know-your-standards,IS 15337,Yes,,"BIS searchKnowStandards, collected 2026-09-10",2028-11-30,No
IS 1537,"Specification for vertically cast iron pressure pipes for water, gas and sewage (First Revision)",1976.0,Withdrawn,UNKNOWN,UNKNOWN,MTD — Metallurgical Engineering Department,Collected,https://standards.bis.gov.in/website/know-your-standards,IS 1537,Yes,,"BIS searchKnowStandards, collected 2026-09-10",2030-02-28,No
IS 1540 (Part 1),Specification for quick lime and hydrated lime for chemical industries: Part 1 quick lime (Second Revision),1980.0,Withdrawn,UNKNOWN,UNKNOWN,CHD — Chemical Department,Collected,https://standards.bis.gov.in/website/know-your-standards,IS 1540,Yes,,"BIS searchKnowStandards, collected 2026-09-10",2029-04-30,No
IS 1542,Sand for plaster - Specification (Second Revision),1992.0,Current,UNKNOWN,UNKNOWN,CED — Civil Engineering Department,Collected,https://standards.bis.gov.in/website/know-your-standards,IS 1542,Yes,,"BIS searchKnowStandards, collected 2026-09-10",2029-02-28,No
IS 1544,Textiles ? Cotton Calico ? Specification (second revision),2022.0,Current,UNKNOWN,UNKNOWN,TXD — Textile Department,Collected,https://standards.bis.gov.in/website/know-your-standards,IS 1544,Yes,,"BIS searchKnowStandards, collected 2026-09-10",2027-03-31,No
IS 15449 (Part 1),Household zig - Zag sewing machine head: Part 1 general requirements,2004.0,Current,UNKNOWN,UNKNOWN,MED — Mechanical Engineering Department,Collected,https://standards.bis.gov.in/website/know-your-standards,IS 15449,Yes,,"BIS searchKnowStandards, collected 2026-09-10",2030-02-25,No
IS 15477,"Adhesives for use with Ceramic, Mosaics and Stone Tiles - Specification (First Revision) Amendment - 2",2019.0,Superseded,UNKNOWN,UNKNOWN,CED — Civil Engineering Department,Collected,https://standards.bis.gov.in/website/know-your-standards,IS 15477,Yes,,"BIS searchKnowStandards, collected 2026-09-10",2030-12-29,No
IS 15500 (Part 3),"Deepwell Handpumps, Components and Secial Tools — Specification Part 3 Handpump Sub-Assemblies",2021.0,Current,UNKNOWN,UNKNOWN,MED — Mechanical Engineering Department,Collected,https://standards.bis.gov.in/website/know-your-standards,IS 15500,Yes,,"BIS searchKnowStandards, collected 2026-09-10",2026-09-28,No
IS 15532,Plastics crates for fruits and vegetables - Specification,2004.0,Current,UNKNOWN,UNKNOWN,"PCD — Petroleum, Coal And Related Products Department",Collected,https://standards.bis.gov.in/website/know-your-standards,IS 15532,Yes,,"BIS searchKnowStandards, collected 2026-09-10",2030-09-01,No
IS 15541,Low cement and ultra low cement castables for general purposes - Specification,2005.0,Current,UNKNOWN,UNKNOWN,MTD — Metallurgical Engineering Department,Collected,https://standards.bis.gov.in/website/know-your-standards,IS 15541,Yes,,"BIS searchKnowStandards, collected 2026-09-10",2027-03-31,No
IS 15549,Stationary valve regulated lead acid batteries - Specification,2005.0,Current,UNKNOWN,UNKNOWN,ETD — Electrotechnical Department,Collected,https://standards.bis.gov.in/website/know-your-standards,IS 15549,Yes,,"BIS searchKnowStandards, collected 2026-09-10",2030-11-27,No
IS 15627,Automotive Vehicles - Pneumatic Tyres for Two and Three - Wheeled Motor Vehicles - Specification First Revision,2022.0,Current,UNKNOWN,UNKNOWN,TED — Transport Engineering Department,Collected,https://standards.bis.gov.in/website/know-your-standards,IS 15627,Yes,,"BIS searchKnowStandards, collected 2026-09-10",2027-03-30,No
IS 15645,Road vehicles - Light alloy wheels - Impact test (First? Revision),2014.0,Current,UNKNOWN,UNKNOWN,TED — Transport Engineering Department,Collected,https://standards.bis.gov.in/website/know-your-standards,IS 15645,Yes,,"BIS searchKnowStandards, collected 2026-09-10",2029-09-30,No
IS 15652,Insulating mats for electrical purposes - Specification,2006.0,Current,UNKNOWN,UNKNOWN,ETD — Electrotechnical Department,Collected,https://standards.bis.gov.in/website/know-your-standards,IS 15652,Yes,,"BIS searchKnowStandards, collected 2026-09-10",2030-12-19,No
Is 15658,Concrete Paving Blocks - Specification ( First Revision )  Amendment - 2,2021.0,Superseded,UNKNOWN,UNKNOWN,CED — Civil Engineering Department,Collected,https://standards.bis.gov.in/website/know-your-standards,Is 15658,Yes,,"BIS searchKnowStandards, collected 2026-09-10",2031-01-31,No
IS 1566,Specification for Hard - Drawn Steel Wire Fabric for Concrete Reinforcement (Second Revision),1982.0,Current,UNKNOWN,UNKNOWN,CED — Civil Engineering Department,Collected,https://standards.bis.gov.in/website/know-your-standards,IS 1566,Yes,,"BIS searchKnowStandards, collected 2026-09-10",2030-05-01,No
IS 1567,Metal-clad switches: (current rating not exceeding 100 amperes),1960.0,Withdrawn,UNKNOWN,UNKNOWN,ETD — Electrotechnical Department,Collected,https://standards.bis.gov.in/website/know-your-standards,IS 1567,Yes,,"BIS searchKnowStandards, collected 2026-09-10",,
IS 1568,Specification for wire cloth for general purposes (First Revision),1970.0,Current,UNKNOWN,UNKNOWN,CED — Civil Engineering Department,Collected,https://standards.bis.gov.in/website/know-your-standards,IS 1568,Yes,,"BIS searchKnowStandards, collected 2026-09-10",2028-06-30,No
IS 15683,Portable Fire Extinguishers — Performance and Construction — Specification ( First Revision ) ,2018.0,Current,UNKNOWN,UNKNOWN,CED — Civil Engineering Department,Collected,https://standards.bis.gov.in/website/know-your-standards,IS 15683,Yes,,"BIS searchKnowStandards, collected 2026-09-10",2028-12-31,No
IS 1570 (Part 1),Schedules for wrought steels: Part 1 steels specifed by tensile and/or yield properties (First Revision),1978.0,Withdrawn,UNKNOWN,UNKNOWN,MTD — Metallurgical Engineering Department,Collected,https://standards.bis.gov.in/website/know-your-standards,IS 1570,Yes,,"BIS searchKnowStandards, collected 2026-09-10",2029-04-30,No
IS 15707,"Testing, evaluation, installation and maintenance of a.c. electricity meters - Code of practice",2006.0,Current,UNKNOWN,UNKNOWN,ETD — Electrotechnical Department,Collected,https://standards.bis.gov.in/website/know-your-standards,IS 15707,Yes,,"BIS searchKnowStandards, collected 2026-09-10",2030-05-01,No
IS 1573,Specification for electroplated coatings of zinc on iron and steel (Second Revision),1986.0,Current,UNKNOWN,UNKNOWN,MTD — Metallurgical Engineering Department,Collected,https://standards.bis.gov.in/website/know-your-standards,IS 1573,Yes,,"BIS searchKnowStandards, collected 2026-09-10",2031-03-27,No
IS 15741,Textiles - Resistance to ignition of curtains and drapes - Specification,2007.0,Current,UNKNOWN,UNKNOWN,TXD — Textile Department,Collected,https://standards.bis.gov.in/website/know-your-standards,IS 15741,Yes,,"BIS searchKnowStandards, collected 2026-09-10",2028-01-31,No
IS 15742,Textiles - Clothing Made of Limited Flame Spread Materials for Protection against Heat and Flame - Specification (First Revision),2026.0,Current,UNKNOWN,UNKNOWN,TXD — Textile Department,Collected,https://standards.bis.gov.in/website/know-your-standards,IS 15742,Yes,,"BIS searchKnowStandards, collected 2026-09-10",2031-02-04,No
IS 15748,Protective clothing  - Clothing to protect against heat and flame  - Minimum performance requirements (first revision),2022.0,Current,UNKNOWN,UNKNOWN,TXD — Textile Department,Collected,https://standards.bis.gov.in/website/know-your-standards,IS 15748,Yes,,"BIS searchKnowStandards, collected 2026-09-10",2027-04-28,No
IS 1576,Solid pressboard for electrical purposes - Specification (First Revision),1992.0,Current,UNKNOWN,UNKNOWN,ETD — Electrotechnical Department,Collected,https://standards.bis.gov.in/website/know-your-standards,IS 1576,Yes,,"BIS searchKnowStandards, collected 2026-09-10",2030-11-06,No
IS 158,"Ready mixed paint, brushing, bituminous, black, acid, alkali and heat resisting - Specification (Fourth Revision)",2015.0,Current,UNKNOWN,UNKNOWN,CHD — Chemical Department,Collected,https://standards.bis.gov.in/website/know-your-standards,IS 158,Yes,,"BIS searchKnowStandards, collected 2026-09-10",2031-06-22,No
IS 15809,High visibility warning clothes – Specification (first revision),2017.0,Current,UNKNOWN,UNKNOWN,TXD — Textile Department,Collected,https://standards.bis.gov.in/website/know-your-standards,IS 15809,Yes,,"BIS searchKnowStandards, collected 2026-09-10",2027-03-31,No
IS 15844 (Part 1),Sports footwear Part 1 General Purpose (First Revision) Amendment - 2,2023.0,Superseded,UNKNOWN,UNKNOWN,CHD — Chemical Department,Collected,https://standards.bis.gov.in/website/know-your-standards,IS 15844,Yes,,"BIS searchKnowStandards, collected 2026-09-10",2031-01-30,No
IS 15844 (Part 3),Sports Footwear  Part 3 Professional Sports Footwear,2024.0,Current,UNKNOWN,UNKNOWN,CHD — Chemical Department,Collected,https://standards.bis.gov.in/website/know-your-standards,IS 15844,Yes,,"BIS searchKnowStandards, collected 2026-09-10",2031-01-30,No
IS 15844 (Part 2),SPORTS FOOTWEAR PART -2 PERFORMANCE SPORTS FOOTWEAR,2023.0,Current,UNKNOWN,UNKNOWN,CHD — Chemical Department,Collected,https://standards.bis.gov.in/website/know-your-standards,IS 15844,Yes,,"BIS searchKnowStandards, collected 2026-09-10",2031-01-30,No
IS 159,"Ready Mixed Paint, Brushing, Acid Resisting â€” Specification  (Second Revision)",2024.0,Current,UNKNOWN,UNKNOWN,CHD — Chemical Department,Collected,https://standards.bis.gov.in/website/know-your-standards,IS 159,Yes,,"BIS searchKnowStandards, collected 2026-09-10",2029-08-31,No
IS 15905,"Hubless Centrifugally Cast (Spun) Iron Pipes, Fittings and Accessories â€” Spigot Series â€” Specification  (First Revision)",2024.0,Current,UNKNOWN,UNKNOWN,MTD — Metallurgical Engineering Department,Collected,https://standards.bis.gov.in/website/know-your-standards,IS 15905,Yes,,"BIS searchKnowStandards, collected 2026-09-10",2029-09-30,No
IS 15916,Building Design and Erection Using Prefabricated Concrete - Code of Practice ( First Revision ) ,2020.0,Current,UNKNOWN,UNKNOWN,CED — Civil Engineering Department,Collected,https://standards.bis.gov.in/website/know-your-standards,IS 15916,Yes,,"BIS searchKnowStandards, collected 2026-09-10",2031-04-28,No
IS 15917,Building Design and Erection Using Mixed / Composite Construction - Code of Practice ( First Revision ) ,2020.0,Current,UNKNOWN,UNKNOWN,CED — Civil Engineering Department,Collected,https://standards.bis.gov.in/website/know-your-standards,IS 15917,Yes,,"BIS searchKnowStandards, collected 2026-09-10",2031-04-28,No
IS 1592,Asbestos cement pressure pipes and joints - Specification (Fourth Revision),2003.0,Current,UNKNOWN,UNKNOWN,CED — Civil Engineering Department,Collected,https://standards.bis.gov.in/website/know-your-standards,IS 1592,Yes,,"BIS searchKnowStandards, collected 2026-09-10",2028-11-30,No
IS 15959 (Part 2),"Data Exchange for Electricity Meter Reading, Tariff and Load Control - Companion Specification: Part 2 Smart Meter",2016.0,Superseded,UNKNOWN,UNKNOWN,ETD — Electrotechnical Department,Collected,https://standards.bis.gov.in/website/know-your-standards,IS 15959,Yes,,"BIS searchKnowStandards, collected 2026-09-10",2030-11-26,No
IS 1596,Polyethylene insulated cables for working voltages upto and including 1100 V,1977.0,Withdrawn,UNKNOWN,UNKNOWN,ETD — Electrotechnical Department,Collected,https://standards.bis.gov.in/website/know-your-standards,IS 1596,Yes,,"BIS searchKnowStandards, collected 2026-09-10",,
IS 15961,Hot Dip Aluminium-Zinc Alloy Metallic Coated Steel Strip and Sheet - Specification (First Revision),2025.0,Current,UNKNOWN,UNKNOWN,MTD — Metallurgical Engineering Department,Collected,https://standards.bis.gov.in/website/know-your-standards,IS 15961,Yes,,"BIS searchKnowStandards, collected 2026-09-10",2030-09-30,No
IS 15965,Pre - Painted aluminium zinc alloy metallic coated steel strip and sheet (Plain) Amendment -1,2012.0,Superseded,UNKNOWN,UNKNOWN,MTD — Metallurgical Engineering Department,Collected,https://standards.bis.gov.in/website/know-your-standards,IS 15965,Yes,,"BIS searchKnowStandards, collected 2026-09-10",2031-02-25,No
IS 1597 (Part 1),Construction of stone masonry - Code of practice: Part 1 rubble stone masonry (First Revision),1992.0,Current,UNKNOWN,UNKNOWN,CED — Civil Engineering Department,Collected,https://standards.bis.gov.in/website/know-your-standards,IS 1597,Yes,,"BIS searchKnowStandards, collected 2026-09-10",2026-12-31,No
IS 1599,Metallic materials  Bend test,2023.0,Current,UNKNOWN,UNKNOWN,MTD — Metallurgical Engineering Department,Collected,https://standards.bis.gov.in/website/know-your-standards,IS 1599,Yes,,"BIS searchKnowStandards, collected 2026-09-10",2028-09-30,No
IS 16004,Hypodermic Needles for Single Use ï¿½ Colour Coding for Identification (First Revision),2024.0,Current,UNKNOWN,UNKNOWN,MHD — Medical Equipment And Hospital Planning Department,Collected,https://standards.bis.gov.in/website/know-your-standards,IS 16004,Yes,,"BIS searchKnowStandards, collected 2026-09-10",2029-11-30,No
IS 1601,Performance of constant speed internal combustion engines for general purposes,1960.0,Withdrawn,UNKNOWN,UNKNOWN,TED — Transport Engineering Department,Collected,https://standards.bis.gov.in/website/know-your-standards,IS 1601,Yes,,"BIS searchKnowStandards, collected 2026-09-10",,
IS 16014,MECHANICALLY WOVEN DOUBLE-TWISTED HEXAGONAL WIRE MESH GABIONS REVET MATTRESSES ROCK FALL NETTING AND OTHER PRODUCTS FOR CIVIL ENGINEERING PURPOSES GALVANIZED STEEL WIRE OR GALVANIZED STEEL WIRE WITH POLYMER COATING  SPECIFICATION ( Second Revision ),2024.0,Current,UNKNOWN,UNKNOWN,MED — Mechanical Engineering Department,Collected,https://standards.bis.gov.in/website/know-your-standards,IS 16014,Yes,,"BIS searchKnowStandards, collected 2026-09-10",2029-11-30,No
IS 16046 (Part 1),Secondary Cells and Batteries Containing Alkaline or Other Non-Acid Electrolytes - Safety Requirements for Portable Sealed Secondary Cells and for Batteries Made from Them for Use in Portable Applications Part 1 Nickel Systems ( Second Revision ) ,2018.0,Current,UNKNOWN,UNKNOWN,ETD — Electrotechnical Department,Collected,https://standards.bis.gov.in/website/know-your-standards,IS 16046,Yes,,"BIS searchKnowStandards, collected 2026-09-10",2029-08-31,No
IS 16046 (Part 2),Secondary Cells and Batteries Containing Alkaline or Other Non-Acid Electrolytes - Safety Requirements for Portable Sealed Secondary Cells and for Batteries Made from Them for Use in Portable Applications Part 2 Lithium Systems ( Second Revision ) ,2018.0,Current,UNKNOWN,UNKNOWN,ETD — Electrotechnical Department,Collected,https://standards.bis.gov.in/website/know-your-standards,IS 16046,Yes,,"BIS searchKnowStandards, collected 2026-09-10",2029-08-31,No
IS 16074,Steel Flush Door Shutters â€” Specification (First Revision),2024.0,Current,UNKNOWN,UNKNOWN,CED — Civil Engineering Department,Collected,https://standards.bis.gov.in/website/know-your-standards,IS 16074,Yes,,"BIS searchKnowStandards, collected 2026-09-10",2029-08-31,No
IS 16077,Thin - Film terrestrial photovoltaic (PV) modules - Design qualification and type approval,2013.0,Withdrawn,UNKNOWN,UNKNOWN,ETD — Electrotechnical Department,Collected,https://standards.bis.gov.in/website/know-your-standards,IS 16077,Yes,,"BIS searchKnowStandards, collected 2026-09-10",2023-06-30,Yes
IS 1608 (Part 1),Metallic materials - Tensile testing - Part 1 : Method of test at room temperature ( Fifth Revision),2022.0,Current,UNKNOWN,UNKNOWN,MTD — Metallurgical Engineering Department,Collected,https://standards.bis.gov.in/website/know-your-standards,IS 1608,Yes,,"BIS searchKnowStandards, collected 2026-09-10",2027-03-31,No
IS 16097,Sterile single use scalp vein (Winged Needle) infusion set,2013.0,Current,UNKNOWN,UNKNOWN,MHD — Medical Equipment And Hospital Planning Department,Collected,https://standards.bis.gov.in/website/know-your-standards,IS 16097,Yes,,"BIS searchKnowStandards, collected 2026-09-10",2030-01-31,No
IS 16169,Utility - Interconnected photovoltaic inverters - Test procedure of islanding prevention measures (First Revision),2019.0,Current,UNKNOWN,UNKNOWN,ETD — Electrotechnical Department,Collected,https://standards.bis.gov.in/website/know-your-standards,IS 16169,Yes,,"BIS searchKnowStandards, collected 2026-09-10",2031-02-26,No
IS 16170 (Part 1),Photovoltaic (PV) Module Performance Testing and Energy Rating Part 1 Irradiance and Temperature Performance Measurements and Power Rating,2014.0,Current,UNKNOWN,UNKNOWN,ETD — Electrotechnical Department,Collected,https://standards.bis.gov.in/website/know-your-standards,IS 16170,Yes,,"BIS searchKnowStandards, collected 2026-09-10",2029-04-30,No
IS 16205 (Part 24),Conduit Systems for Cable Management part 24 Particular Requirements Conduit Systems Buried Under Ground ,2017.0,Current,UNKNOWN,UNKNOWN,ETD — Electrotechnical Department,Collected,https://standards.bis.gov.in/website/know-your-standards,IS 16205,Yes,,"BIS searchKnowStandards, collected 2026-09-10",2031-01-12,No
IS 16218,Forks - Specification,2014.0,Current,UNKNOWN,UNKNOWN,MED — Mechanical Engineering Department,Collected,https://standards.bis.gov.in/website/know-your-standards,IS 16218,Yes,,"BIS searchKnowStandards, collected 2026-09-10",2031-02-26,No
IS 1622,Methods of sampling and microbiological examination or water (First Revision),1981.0,Current,UNKNOWN,UNKNOWN,CHD — Chemical Department,Collected,https://standards.bis.gov.in/website/know-your-standards,IS 1622,Yes,,"BIS searchKnowStandards, collected 2026-09-10",2029-02-26,No
IS 16220 (Part 1),"General purpose lead - Acid batteries (Valve - Regulated Types): Part 1 general requirements, functional characteristics - Methods of test",2015.0,Current,UNKNOWN,UNKNOWN,ETD — Electrotechnical Department,Collected,https://standards.bis.gov.in/website/know-your-standards,IS 16220,Yes,,"BIS searchKnowStandards, collected 2026-09-10",2030-02-28,No
IS 16221 (Part 1),Safety of Power Converters for use in Photovoltaic Power Systems Part 1 General Requirements ,2016.0,Current,UNKNOWN,UNKNOWN,ETD — Electrotechnical Department,Collected,https://standards.bis.gov.in/website/know-your-standards,IS 16221,Yes,,"BIS searchKnowStandards, collected 2026-09-10",2021-03-31,Yes
IS 16221 (Part 2),Safety of power converters for use in photovoltaic power systems: Part 2 particular requirements for inverters,2015.0,Current,UNKNOWN,UNKNOWN,ETD — Electrotechnical Department,Collected,https://standards.bis.gov.in/website/know-your-standards,IS 16221,Yes,,"BIS searchKnowStandards, collected 2026-09-10",2021-03-31,Yes
IS 16231 (Part 3),Use of Glass in Buildings — Code of Practice Part 3 Fire and Loading ( First Revision ) ,2019.0,Current,UNKNOWN,UNKNOWN,CED — Civil Engineering Department,Collected,https://standards.bis.gov.in/website/know-your-standards,IS 16231,Yes,,"BIS searchKnowStandards, collected 2026-09-10",2029-01-31,No
IS 16240,REVERSE OSMOSIS RO BASED POINT-OF-USE POU WATER TREATMENT SYSTEM FOR DRINKING PURPOSES  SPECIFICATION  first revision ,2023.0,Current,UNKNOWN,UNKNOWN,FAD — Food And Agriculture Department,Collected,https://standards.bis.gov.in/website/know-your-standards,IS 16240,Yes,,"BIS searchKnowStandards, collected 2026-09-10",2028-03-31,No
IS 16270,Secondary cells and batteries for solar photovoltaic application - General requirements and methods of test,2023.0,Current,UNKNOWN,UNKNOWN,ETD — Electrotechnical Department,Collected,https://standards.bis.gov.in/website/know-your-standards,IS 16270,Yes,,"BIS searchKnowStandards, collected 2026-09-10",2029-01-01,No
IS 16301,Knives - Specification,2017.0,Current,UNKNOWN,UNKNOWN,MED — Mechanical Engineering Department,Collected,https://standards.bis.gov.in/website/know-your-standards,IS 16301,Yes,,"BIS searchKnowStandards, collected 2026-09-10",2031-03-12,No
IS 16368,Test procedure for thermosyphon type domestic solar hot water heating systems,2015.0,Current,UNKNOWN,UNKNOWN,MED — Mechanical Engineering Department,Collected,https://standards.bis.gov.in/website/know-your-standards,IS 16368,Yes,,"BIS searchKnowStandards, collected 2026-09-10",2030-11-17,No
IS 1637,CYCLE SADDLE LEATHER - SPEClFICATION   Second Revision,2023.0,Current,UNKNOWN,UNKNOWN,CHD — Chemical Department,Collected,https://standards.bis.gov.in/website/know-your-standards,IS 1637,Yes,,"BIS searchKnowStandards, collected 2026-09-10",2028-06-30,No
IS 164,Ready mixed paint for  road marking - Specification (Third Revision),2023.0,Current,UNKNOWN,UNKNOWN,CHD — Chemical Department,Collected,https://standards.bis.gov.in/website/know-your-standards,IS 164,Yes,,"BIS searchKnowStandards, collected 2026-09-10",2028-04-30,No
IS 1641,Fire safety of buildings (General): general principles of fire grading and classification - Code of practice (Second Revision),2013.0,Current,UNKNOWN,UNKNOWN,CED — Civil Engineering Department,Collected,https://standards.bis.gov.in/website/know-your-standards,IS 1641,Yes,,"BIS searchKnowStandards, collected 2026-09-10",2028-07-31,No
IS 16415,Composite Cement - Specification,2015.0,Current,UNKNOWN,UNKNOWN,CED — Civil Engineering Department,Collected,https://standards.bis.gov.in/website/know-your-standards,IS 16415,Yes,,"BIS searchKnowStandards, collected 2026-09-10",2030-12-31,No
IS 1642,Fire safety of buildings (General): details of construction - Code of practice (Second Revision),2013.0,Current,UNKNOWN,UNKNOWN,CED — Civil Engineering Department,Collected,https://standards.bis.gov.in/website/know-your-standards,IS 1642,Yes,,"BIS searchKnowStandards, collected 2026-09-10",2028-07-31,No
IS 1643,Fire Safety of Buildings (General): Exposure Hazard - Code of Practice (Second Revision),2013.0,Current,UNKNOWN,UNKNOWN,CED — Civil Engineering Department,Collected,https://standards.bis.gov.in/website/know-your-standards,IS 1643,Yes,,"BIS searchKnowStandards, collected 2026-09-10",2028-08-31,No
IS 1644,Fire safety of buildings (General): exit requirements and personal hazard - Code of practice (Second Revision),2013.0,Current,UNKNOWN,UNKNOWN,CED — Civil Engineering Department,Collected,https://standards.bis.gov.in/website/know-your-standards,IS 1644,Yes,,"BIS searchKnowStandards, collected 2026-09-10",2028-08-31,No
IS 16468,Medical Textiles - Absorbent Cotton (Sterile and Non-Sterile) - Specification ,2016.0,Current,UNKNOWN,UNKNOWN,TXD — Textile Department,Collected,https://standards.bis.gov.in/website/know-your-standards,IS 16468,Yes,,"BIS searchKnowStandards, collected 2026-09-10",2030-10-30,No
IS 16471,Protection of below ground structures against water from the ground - Guidelines,2017.0,Current,UNKNOWN,UNKNOWN,CED — Civil Engineering Department,Collected,https://standards.bis.gov.in/website/know-your-standards,IS 16471,Yes,,"BIS searchKnowStandards, collected 2026-09-10",2027-03-31,No
IS 1648,Code of practice for fire safety of buildings (general): Fire fighting equipment and its maintenance,1961.0,Withdrawn,UNKNOWN,UNKNOWN,CED — Civil Engineering Department,Collected,https://standards.bis.gov.in/website/know-your-standards,IS 1648,Yes,,"BIS searchKnowStandards, collected 2026-09-10",,
IS 165,"Aluminium paint, brushing, for general purposes, in dual container",1950.0,Withdrawn,UNKNOWN,UNKNOWN,CHD — Chemical Department,Collected,https://standards.bis.gov.in/website/know-your-standards,IS 165,Yes,,"BIS searchKnowStandards, collected 2026-09-10",,
IS 1652,"Stationary cells and batteries, lead - Acid type with plante positive plates - Specification (Fourth Revision)",2013.0,Current,UNKNOWN,UNKNOWN,ETD — Electrotechnical Department,Collected,https://standards.bis.gov.in/website/know-your-standards,IS 1652,Yes,,"BIS searchKnowStandards, collected 2026-09-10",2029-08-31,No
IS 16542,Direct Insertion Type Storage Water Tank for All Glass Evacuated Tubes Solar Collector - Specification,2016.0,Superseded,UNKNOWN,UNKNOWN,MED — Mechanical Engineering Department,Collected,https://standards.bis.gov.in/website/know-your-standards,IS 16542,Yes,,"BIS searchKnowStandards, collected 2026-09-10",2031-05-29,No
IS 16543,All-glass evacuated solar collector tubes - Specification (First revision),2024.0,Current,UNKNOWN,UNKNOWN,MED — Mechanical Engineering Department,Collected,https://standards.bis.gov.in/website/know-your-standards,IS 16543,Yes,,"BIS searchKnowStandards, collected 2026-09-10",2029-07-31,No
IS 16544,All Glass Evacuated Tubes Solar Water Heating System,2016.0,Superseded,UNKNOWN,UNKNOWN,MED — Mechanical Engineering Department,Collected,https://standards.bis.gov.in/website/know-your-standards,IS 16544,Yes,,"BIS searchKnowStandards, collected 2026-09-10",2026-09-30,No
IS 1659,Block boards - Specification (Fourth Revision) Amendment No - 3,2004.0,Superseded,UNKNOWN,UNKNOWN,CED — Civil Engineering Department,Collected,https://standards.bis.gov.in/website/know-your-standards,IS 1659,Yes,,"BIS searchKnowStandards, collected 2026-09-10",2029-10-15,No
IS 1660,Wrought and Cast Aluminium Utensils — Specification ( Second Revision ),2024.0,Current,UNKNOWN,UNKNOWN,MED — Mechanical Engineering Department,Collected,https://standards.bis.gov.in/website/know-your-standards,IS 1660,Yes,,"BIS searchKnowStandards, collected 2026-09-10",2029-08-31,No
IS 1661,Code of practice for application of cement and cement - Lime plaster finishes (First Revision),1972.0,Current,UNKNOWN,UNKNOWN,CED — Civil Engineering Department,Collected,https://standards.bis.gov.in/website/know-your-standards,IS 1661,Yes,,"BIS searchKnowStandards, collected 2026-09-10",2027-01-31,No
IS 16636,Automatic power factor correction (APFC) panels for voltage rating up to and including 1000 V,2017.0,Current,UNKNOWN,UNKNOWN,ETD — Electrotechnical Department,Collected,https://standards.bis.gov.in/website/know-your-standards,IS 16636,Yes,,"BIS searchKnowStandards, collected 2026-09-10",2027-03-01,No
IS 1664,Mineral Mixtures for Supplementing Cattle Feeds — Specification ( Fourth Revision ),2002.0,Current,UNKNOWN,UNKNOWN,FAD — Food And Agriculture Department,Collected,https://standards.bis.gov.in/website/know-your-standards,IS 1664,Yes,,"BIS searchKnowStandards, collected 2026-09-10",2027-11-30,No
IS 16645,Moulded Plastics Footwear â€” Lined or Unlined Polyurethane Boots for General Industrial use â€” Specification ,2018.0,Current,UNKNOWN,UNKNOWN,CHD — Chemical Department,Collected,https://standards.bis.gov.in/website/know-your-standards,IS 16645,Yes,,"BIS searchKnowStandards, collected 2026-09-10",2028-06-30,No
IS 16648 (Part 1),Concentrated solar thermal - Specification: Part 1 paraboloid dish concentrator,2017.0,Current,UNKNOWN,UNKNOWN,MED — Mechanical Engineering Department,Collected,https://standards.bis.gov.in/website/know-your-standards,IS 16648,Yes,,"BIS searchKnowStandards, collected 2026-09-10",2027-10-31,No
IS 16648 (Part 2),Concentrated solar thermal - Specification: Part 2 scheffler concentrator,2017.0,Current,UNKNOWN,UNKNOWN,MED — Mechanical Engineering Department,Collected,https://standards.bis.gov.in/website/know-your-standards,IS 16648,Yes,,"BIS searchKnowStandards, collected 2026-09-10",2027-10-31,No
IS 16648 (Part 4),Concentrated Solar Thermal - Specification Part 4 Non-Imaging Concentrator,2018.0,Current,UNKNOWN,UNKNOWN,MED — Mechanical Engineering Department,Collected,https://standards.bis.gov.in/website/know-your-standards,IS 16648,Yes,,"BIS searchKnowStandards, collected 2026-09-10",2027-10-31,No
IS 16655,Textiles - Protective clothing for use in welding and allied processes,2017.0,Current,UNKNOWN,UNKNOWN,TXD — Textile Department,Collected,https://standards.bis.gov.in/website/know-your-standards,IS 16655,Yes,,"BIS searchKnowStandards, collected 2026-09-10",2027-04-30,No
IS 16664,Photovoltaic (PV) Modules- Ammonia Corrosion Testing ,2018.0,Current,UNKNOWN,UNKNOWN,ETD — Electrotechnical Department,Collected,https://standards.bis.gov.in/website/know-your-standards,IS 16664,Yes,,"BIS searchKnowStandards, collected 2026-09-10",2029-04-30,No
IS 16676,Solventless Liquid Epoxy System for Application on Interior and Exterior Surfaces of Steel Water Pipeline ï¿½ Specification (First Revision),2024.0,Current,UNKNOWN,UNKNOWN,CHD — Chemical Department,Collected,https://standards.bis.gov.in/website/know-your-standards,IS 16676,Yes,,"BIS searchKnowStandards, collected 2026-09-10",2029-08-31,No
IS 16700,Criteria for Structural Safety of Tall Concrete Buildings,2023.0,Current,UNKNOWN,UNKNOWN,CED — Civil Engineering Department,Collected,https://standards.bis.gov.in/website/know-your-standards,IS 16700,Yes,,"BIS searchKnowStandards, collected 2026-09-10",2028-10-31,No
IS 16719,Solvent free polyurethane coatings for exterior of steel pipe & fittings - Specification (First Revision),2022.0,Current,UNKNOWN,UNKNOWN,CHD — Chemical Department,Collected,https://standards.bis.gov.in/website/know-your-standards,IS 16719,Yes,,"BIS searchKnowStandards, collected 2026-09-10",2027-03-31,No
IS 16725,Textiles - Tactical 3 points sling universal - Specification,2018.0,Current,UNKNOWN,UNKNOWN,TXD — Textile Department,Collected,https://standards.bis.gov.in/website/know-your-standards,IS 16725,Yes,,"BIS searchKnowStandards, collected 2026-09-10",2028-03-31,No
IS 16726,Textiles – Pouch for ammunition and grenades made of disruptive pattern nylon 6 6 – Specification,2018.0,Current,UNKNOWN,UNKNOWN,TXD — Textile Department,Collected,https://standards.bis.gov.in/website/know-your-standards,IS 16726,Yes,,"BIS searchKnowStandards, collected 2026-09-10",2028-03-31,No
IS 1676,"Specification for oleic acid, technical",1960.0,Current,UNKNOWN,UNKNOWN,FAD — Food And Agriculture Department,Collected,https://standards.bis.gov.in/website/know-your-standards,IS 1676,Yes,,"BIS searchKnowStandards, collected 2026-09-10",2027-09-30,No
IS 1678,Prestressed concrete poles for overhead power traction and telecommunication lines - Specification (Second Revision),1998.0,Current,UNKNOWN,UNKNOWN,CED — Civil Engineering Department,Collected,https://standards.bis.gov.in/website/know-your-standards,IS 1678,Yes,,"BIS searchKnowStandards, collected 2026-09-10",2028-11-30,No
IS 16781,Connectors for d.c. Application in Photovoltaic Systems Safety Requirements and Tests ,2018.0,Current,UNKNOWN,UNKNOWN,ETD — Electrotechnical Department,Collected,https://standards.bis.gov.in/website/know-your-standards,IS 16781,Yes,,"BIS searchKnowStandards, collected 2026-09-10",2028-08-31,No
IS 16833,Automotive Tracking Device (ATD) and Integrated Systems ,2018.0,Current,UNKNOWN,UNKNOWN,TED — Transport Engineering Department,Collected,https://standards.bis.gov.in/website/know-your-standards,IS 16833,Yes,,"BIS searchKnowStandards, collected 2026-09-10",2031-03-30,No
IS 16874,Textiles - Protective gloves for firefighters - Specification,2018.0,Current,UNKNOWN,UNKNOWN,TXD — Textile Department,Collected,https://standards.bis.gov.in/website/know-your-standards,IS 16874,Yes,,"BIS searchKnowStandards, collected 2026-09-10",2028-03-31,No
IS 16890,Textiles - Protective Clothing for Firefighters - Specification (First revision) Amendment - 1,2024.0,Superseded,UNKNOWN,UNKNOWN,TXD — Textile Department,Collected,https://standards.bis.gov.in/website/know-your-standards,IS 16890,Yes,,"BIS searchKnowStandards, collected 2026-09-10",2030-10-17,No
IS 16911,Junction Boxes for Photovoltaic Modules  Safety Requirements and Tests (First Revision),2023.0,Current,UNKNOWN,UNKNOWN,ETD — Electrotechnical Department,Collected,https://standards.bis.gov.in/website/know-your-standards,IS 16911,Yes,,"BIS searchKnowStandards, collected 2026-09-10",2028-07-31,No
IS 16994,Footwear for Men and Women for Municipal Scavenging Work ,2018.0,Current,UNKNOWN,UNKNOWN,CHD — Chemical Department,Collected,https://standards.bis.gov.in/website/know-your-standards,IS 16994,Yes,,"BIS searchKnowStandards, collected 2026-09-10",2028-06-30,No
IS 1700,Drinking Fountains,1973.0,Withdrawn,UNKNOWN,UNKNOWN,CED — Civil Engineering Department,Collected,https://standards.bis.gov.in/website/know-your-standards,IS 1700,Yes,,"BIS searchKnowStandards, collected 2026-09-10",,
IS 1701,Specification for mixing valves for ablutionary and doimestic purposes,1960.0,Current,UNKNOWN,UNKNOWN,CED — Civil Engineering Department,Collected,https://standards.bis.gov.in/website/know-your-standards,IS 1701,Yes,,"BIS searchKnowStandards, collected 2026-09-10",2027-10-31,No
IS 17012,High ankle tactical boots with pu - Rubber sole - Specification,2018.0,Current,UNKNOWN,UNKNOWN,CHD — Chemical Department,Collected,https://standards.bis.gov.in/website/know-your-standards,IS 17012,Yes,,"BIS searchKnowStandards, collected 2026-09-10",2028-09-30,No
IS 17037,Anti riot shoes - Specification,2018.0,Current,UNKNOWN,UNKNOWN,CHD — Chemical Department,Collected,https://standards.bis.gov.in/website/know-your-standards,IS 17037,Yes,,"BIS searchKnowStandards, collected 2026-09-10",2028-09-30,No
IS 17043 (Part 1),Shoes - Specification Part 1 Shoes for Services ,2024.0,Current,UNKNOWN,UNKNOWN,CHD — Chemical Department,Collected,https://standards.bis.gov.in/website/know-your-standards,IS 17043,Yes,,"BIS searchKnowStandards, collected 2026-09-10",2029-01-31,No
IS 17043 (Part 2),Shoes: Shoes for General Purpose Amendment - 1,2024.0,Superseded,UNKNOWN,UNKNOWN,CHD — Chemical Department,Collected,https://standards.bis.gov.in/website/know-your-standards,IS 17043,Yes,,"BIS searchKnowStandards, collected 2026-09-10",2029-01-31,No
IS 17048,Halogen free flame retardant (HFFR) cables for working voltages up to and including 1 100 Volts - Specification,2018.0,Current,UNKNOWN,UNKNOWN,ETD — Electrotechnical Department,Collected,https://standards.bis.gov.in/website/know-your-standards,IS 17048,Yes,,"BIS searchKnowStandards, collected 2026-09-10",2029-05-31,No
IS 17051,Textiles - Bullet resistant jackets - Performance requirements,2018.0,Current,UNKNOWN,UNKNOWN,TXD — Textile Department,Collected,https://standards.bis.gov.in/website/know-your-standards,IS 17051,Yes,,"BIS searchKnowStandards, collected 2026-09-10",2028-03-31,No
IS 1708 (Part 1 to 18),Methods of testing of small clear specimens of timber: Part 1 determination of moisture content (Second Revision),1986.0,Current,UNKNOWN,UNKNOWN,CED — Civil Engineering Department,Collected,https://standards.bis.gov.in/website/know-your-standards,IS 1708,Yes,,"BIS searchKnowStandards, collected 2026-09-10",2030-04-30,No
IS 1709,Specification for capacitors or electric fan motors (First Revision),1984.0,Current,UNKNOWN,UNKNOWN,ETD — Electrotechnical Department,Collected,https://standards.bis.gov.in/website/know-your-standards,IS 1709,Yes,,"BIS searchKnowStandards, collected 2026-09-10",2029-03-19,No
IS 1710,Vertical Turbine Pumps - Specification ( Third Revision ) ,2021.0,Current,UNKNOWN,UNKNOWN,MED — Mechanical Engineering Department,Collected,https://standards.bis.gov.in/website/know-your-standards,IS 1710,Yes,,"BIS searchKnowStandards, collected 2026-09-10",2031-03-30,No
IS 1711,Specification for self - Closing taps for water supply purposes (second revision),1984.0,Current,UNKNOWN,UNKNOWN,CED — Civil Engineering Department,Collected,https://standards.bis.gov.in/website/know-your-standards,IS 1711,Yes,,"BIS searchKnowStandards, collected 2026-09-10",2031-02-27,No
IS 17210 (Part 1),Photovoltaic (PV) Modules - Test Methods for the Detection of Potential-Induced Degradation Part 1 Crystalline Silicon ,2019.0,Current,UNKNOWN,UNKNOWN,ETD — Electrotechnical Department,Collected,https://standards.bis.gov.in/website/know-your-standards,IS 17210,Yes,,"BIS searchKnowStandards, collected 2026-09-10",2031-02-26,No
IS 1727,Methods of Test for Pozzolanic Materials (First Revision),1967.0,Current,UNKNOWN,UNKNOWN,CED — Civil Engineering Department,Collected,https://standards.bis.gov.in/website/know-your-standards,IS 1727,Yes,,"BIS searchKnowStandards, collected 2026-09-10",2028-06-30,No
IS 17286,Textiles – Water-proof multipurpose rain poncho with convertibility as bivouac – Specification ,2019.0,Current,UNKNOWN,UNKNOWN,TXD — Textile Department,Collected,https://standards.bis.gov.in/website/know-your-standards,IS 17286,Yes,,"BIS searchKnowStandards, collected 2026-09-10",2029-03-31,No
IS 1729,"SAND CAST IRON SPIGOT AND SOCKET PIPES, FITTINGS AND ACCESSORIES ï¿½ SPECIFICATION",2023.0,Current,UNKNOWN,UNKNOWN,MTD — Metallurgical Engineering Department,Collected,https://standards.bis.gov.in/website/know-your-standards,IS 1729,Yes,,"BIS searchKnowStandards, collected 2026-09-10",2028-10-31,No
IS 17293,Electric Cables for Photovoltaic Systems for Rated Voltage 1 500 V d.c. ,2020.0,Current,UNKNOWN,UNKNOWN,ETD — Electrotechnical Department,Collected,https://standards.bis.gov.in/website/know-your-standards,IS 17293,Yes,,"BIS searchKnowStandards, collected 2026-09-10",2025-03-31,Yes
IS 1730," Steel Plates, Sheets Strips and Flats for Structural and General Engineering Purposes - Dimensions (Second Revision)",1989.0,Withdrawn,UNKNOWN,UNKNOWN,CED — Civil Engineering Department,Collected,https://standards.bis.gov.in/website/know-your-standards,IS 1730,Yes,,"BIS searchKnowStandards, collected 2026-09-10",2029-03-01,No
IS 1732,"Steel Bars, Round and Square for Structural and General Engineering Purposes - Dimensions (Second Revision)",1989.0,Withdrawn,UNKNOWN,UNKNOWN,CED — Civil Engineering Department,Collected,https://standards.bis.gov.in/website/know-your-standards,IS 1732,Yes,,"BIS searchKnowStandards, collected 2026-09-10",2029-03-01,No
IS 1734 (Part 1 to 20),Methods of test for plywood,1983.0,Current,UNKNOWN,UNKNOWN,CED — Civil Engineering Department,Collected,https://standards.bis.gov.in/website/know-your-standards,IS 1734,Yes,,"BIS searchKnowStandards, collected 2026-09-10",2028-02-28,No
IS 1747,Nitrogen Compressed Gas and Liquid-Specification Second Revision,2023.0,Current,UNKNOWN,UNKNOWN,CHD — Chemical Department,Collected,https://standards.bis.gov.in/website/know-your-standards,IS 1747,Yes,,"BIS searchKnowStandards, collected 2026-09-10",2028-04-30,No
IS 175,"Sheeting, Tickings and Bedsheets - Specifications (Fourth revision)",2023.0,Current,UNKNOWN,UNKNOWN,TXD — Textile Department,Collected,https://standards.bis.gov.in/website/know-your-standards,IS 175,Yes,,"BIS searchKnowStandards, collected 2026-09-10",2028-07-31,No
IS 17505 (Part 1),Specification for Thermosetting Insulated Fire Survival Cables for Fixed Installation having Low Emission of Smoke and Corrosive Gases when Affected by Fire for Working Voltages upto and including 1 100 V a.c. and 1 500 V d.c.,2021.0,Current,UNKNOWN,UNKNOWN,ETD — Electrotechnical Department,Collected,https://standards.bis.gov.in/website/know-your-standards,IS 17505,Yes,,"BIS searchKnowStandards, collected 2026-09-10",2031-05-29,No
IS 1753,Aluminium conductors for insulated cables,1967.0,Withdrawn,UNKNOWN,UNKNOWN,ETD — Electrotechnical Department,Collected,https://standards.bis.gov.in/website/know-your-standards,IS 1753,Yes,,"BIS searchKnowStandards, collected 2026-09-10",,
IS 1755,Metallic Materials - Wire - Wrapping test (Second Revision),2018.0,Current,UNKNOWN,UNKNOWN,MTD — Metallurgical Engineering Department,Collected,https://standards.bis.gov.in/website/know-your-standards,IS 1755,Yes,,"BIS searchKnowStandards, collected 2026-09-10",2028-08-31,No
IS 17573,BWP GRADE BAMBOO MAT BOARD  SPECIFICATION,2021.0,Current,UNKNOWN,UNKNOWN,CED — Civil Engineering Department,Collected,https://standards.bis.gov.in/website/know-your-standards,IS 17573,Yes,,"BIS searchKnowStandards, collected 2026-09-10",2026-03-31,Yes
IS 1761,Transparent sheet glass for glazing and framing purposes,1960.0,Withdrawn,UNKNOWN,UNKNOWN,CHD — Chemical Department,Collected,https://standards.bis.gov.in/website/know-your-standards,IS 1761,Yes,,"BIS searchKnowStandards, collected 2026-09-10",,
IS 17636,Bunk Beds - Specification,2021.0,Current,UNKNOWN,UNKNOWN,CED — Civil Engineering Department,Collected,https://standards.bis.gov.in/website/know-your-standards,IS 17636,Yes,,"BIS searchKnowStandards, collected 2026-09-10",2026-03-31,Yes
IS 1771,Specification for electroplated coatings of silver and silver alloys for general engineering purposes (Second Revision),1986.0,Current,UNKNOWN,UNKNOWN,MTD — Metallurgical Engineering Department,Collected,https://standards.bis.gov.in/website/know-your-standards,IS 1771,Yes,,"BIS searchKnowStandards, collected 2026-09-10",2031-03-27,No
IS 1777,Industrial luminaire with metal reflectors,1978.0,Withdrawn,UNKNOWN,UNKNOWN,ETD — Electrotechnical Department,Collected,https://standards.bis.gov.in/website/know-your-standards,IS 1777,Yes,,"BIS searchKnowStandards, collected 2026-09-10",,
IS 1785 (Part 1),Specification for Plain Hard - Drawn Steel Wire for Prestressed Concrete: Part 1 Cold Drawn Stress - Relieved Wire (Second Revision),1983.0,Current,UNKNOWN,UNKNOWN,CED — Civil Engineering Department,Collected,https://standards.bis.gov.in/website/know-your-standards,IS 1785,Yes,,"BIS searchKnowStandards, collected 2026-09-10",2028-01-31,No
IS 17861,Textile Boots With Polymeric Sole (Jungle Boots) - Specification ,2022.0,Current,UNKNOWN,UNKNOWN,CHD — Chemical Department,Collected,https://standards.bis.gov.in/website/know-your-standards,IS 17861,Yes,,"BIS searchKnowStandards, collected 2026-09-10",2030-12-17,No
Is 1791,General Requirements for Batch Type Concrete Mixers ( Third Revision )  Amendment - 1,2020.0,Superseded,UNKNOWN,UNKNOWN,MED — Mechanical Engineering Department,Collected,https://standards.bis.gov.in/website/know-your-standards,Is 1791,Yes,,"BIS searchKnowStandards, collected 2026-09-10",2031-01-22,No
IS 1795,Specification for pillar taps for water supply purposes (second revision),1982.0,Current,UNKNOWN,UNKNOWN,CED — Civil Engineering Department,Collected,https://standards.bis.gov.in/website/know-your-standards,IS 1795,Yes,,"BIS searchKnowStandards, collected 2026-09-10",2031-02-27,No
IS 1796,Glycerine - Specification (Third Revision),2023.0,Current,UNKNOWN,UNKNOWN,CHD — Chemical Department,Collected,https://standards.bis.gov.in/website/know-your-standards,IS 1796,Yes,,"BIS searchKnowStandards, collected 2026-09-10",2028-02-28,No
IS 1800,Perfumery material - Geraniol specification (Second Revision),1989.0,Current,UNKNOWN,UNKNOWN,"PCD — Petroleum, Coal And Related Products Department",Collected,https://standards.bis.gov.in/website/know-your-standards,IS 1800,Yes,,"BIS searchKnowStandards, collected 2026-09-10",2031-02-04,No
IS 18002 (Part 1),Unified Digital Infrastructure - Data Layer Part 1 Reference Architecture,2021.0,Current,UNKNOWN,UNKNOWN,LITD — Electronics And Information Technology Department,Collected,https://standards.bis.gov.in/website/know-your-standards,IS 18002,Yes,,"BIS searchKnowStandards, collected 2026-09-10",2029-06-30,No
IS 1811,Methods of sampling foundry sand (First Revision),1984.0,Current,UNKNOWN,UNKNOWN,MTD — Metallurgical Engineering Department,Collected,https://standards.bis.gov.in/website/know-your-standards,IS 1811,Yes,,"BIS searchKnowStandards, collected 2026-09-10",2027-01-31,No
IS 1818,Alternating current isolators (disconnectors) and earthing switches,1972.0,Withdrawn,UNKNOWN,UNKNOWN,ETD — Electrotechnical Department,Collected,https://standards.bis.gov.in/website/know-your-standards,IS 1818,Yes,,"BIS searchKnowStandards, collected 2026-09-10",,
IS 18189,Portland Calcined Clay Limestone Cement - Specification,2023.0,Current,UNKNOWN,UNKNOWN,CED — Civil Engineering Department,Collected,https://standards.bis.gov.in/website/know-your-standards,IS 18189,Yes,,"BIS searchKnowStandards, collected 2026-09-10",2028-06-30,No
IS 1822,AC motor starters of voltage not exceeding 1000 volts,1967.0,Withdrawn,UNKNOWN,UNKNOWN,ETD — Electrotechnical Department,Collected,https://standards.bis.gov.in/website/know-your-standards,IS 1822,Yes,,"BIS searchKnowStandards, collected 2026-09-10",,
IS 1838 (Part 1),preformed fillers for expansion joint in concrete  pavement and structures (non extruding and resilient type): Part 1 Bitumen impregnated fibre - Specification,1983.0,Current,UNKNOWN,UNKNOWN,CED — Civil Engineering Department,Collected,https://standards.bis.gov.in/website/know-your-standards,IS 1838,Yes,,"BIS searchKnowStandards, collected 2026-09-10",2030-09-17,No
IS 1841,EC grade aluminium rod produced by rolling,1978.0,Withdrawn,UNKNOWN,UNKNOWN,MTD — Metallurgical Engineering Department,Collected,https://standards.bis.gov.in/website/know-your-standards,IS 1841,Yes,,"BIS searchKnowStandards, collected 2026-09-10",,
IS 1846,Lead-acid aircraft batteries (aerobatic and non-aerobatic),1992.0,Withdrawn,UNKNOWN,UNKNOWN,ETD — Electrotechnical Department,Collected,https://standards.bis.gov.in/website/know-your-standards,IS 1846,Yes,,"BIS searchKnowStandards, collected 2026-09-10",,
IS 1848 (Part 1),"Writing and printing papers - Specification: Part 1 account book, azure lead, bond, cream laid and cream wove/printing white/printing coloured/printing offset, printing maplitho, printing white super calendered and typewriting types (Fifth Revision)",2018.0,Current,UNKNOWN,UNKNOWN,CHD — Chemical Department,Collected,https://standards.bis.gov.in/website/know-your-standards,IS 1848,Yes,,"BIS searchKnowStandards, collected 2026-09-10",2028-12-31,No
IS 1848 (Part 2),"Writing and printing papers - Specification: Part 2 air mail/manifold, cartridge drawing and cartridge white, duplicating absorbent and duplicating semi - Absorbent and poster machine glazed types (Fifth Revision)",2018.0,Current,UNKNOWN,UNKNOWN,CHD — Chemical Department,Collected,https://standards.bis.gov.in/website/know-your-standards,IS 1848,Yes,,"BIS searchKnowStandards, collected 2026-09-10",2028-12-31,No
IS 1856,Steel wire ropes for haulage purposes - Specification Fourth Revision,2021.0,Current,UNKNOWN,UNKNOWN,MED — Mechanical Engineering Department,Collected,https://standards.bis.gov.in/website/know-your-standards,IS 1856,Yes,,"BIS searchKnowStandards, collected 2026-09-10",2026-12-30,No
IS 1862,Specification for studs (Second Revision),1975.0,Current,UNKNOWN,UNKNOWN,PGD — Production And General Engineering Department,Collected,https://standards.bis.gov.in/website/know-your-standards,IS 1862,Yes,,"BIS searchKnowStandards, collected 2026-09-10",2030-06-25,No
IS 1865,Iron castings with spheroidal or nodular graphite - Specification (Third Revision),1991.0,Current,UNKNOWN,UNKNOWN,MTD — Metallurgical Engineering Department,Collected,https://standards.bis.gov.in/website/know-your-standards,IS 1865,Yes,,"BIS searchKnowStandards, collected 2026-09-10",2030-02-28,No
IS 1866,Mineral insulating oils in electrical equipment supervision and maintenance guidance (Fourth Revision),2017.0,Current,UNKNOWN,UNKNOWN,ETD — Electrotechnical Department,Collected,https://standards.bis.gov.in/website/know-your-standards,IS 1866,Yes,,"BIS searchKnowStandards, collected 2026-09-10",2029-05-31,No
IS 18728,Multiple split-system air conditioners and air-to-air heat pumps (VRF air conditioners) - Specification,2024.0,Current,UNKNOWN,UNKNOWN,MED — Mechanical Engineering Department,Collected,https://standards.bis.gov.in/website/know-your-standards,IS 18728,Yes,,"BIS searchKnowStandards, collected 2026-09-10",2029-10-31,No
IS 1875,"Steel Ingots, Billets, Blooms, Slabs and Bars For Forging - Specification (Sixth Revision)",2025.0,Current,UNKNOWN,UNKNOWN,MTD — Metallurgical Engineering Department,Collected,https://standards.bis.gov.in/website/know-your-standards,IS 1875,Yes,,"BIS searchKnowStandards, collected 2026-09-10",2030-10-06,No
IS 1879,Malleable cast iron pipe fittings - Specification (Third Revision),2010.0,Current,UNKNOWN,UNKNOWN,MTD — Metallurgical Engineering Department,Collected,https://standards.bis.gov.in/website/know-your-standards,IS 1879,Yes,,"BIS searchKnowStandards, collected 2026-09-10",2030-10-06,No
IS 1883,Metal Shelving Racks ( Adjustable Type) - Specification ( Fourth Revision ) ,2020.0,Withdrawn,UNKNOWN,UNKNOWN,CED — Civil Engineering Department,Collected,https://standards.bis.gov.in/website/know-your-standards,IS 1883,Yes,,"BIS searchKnowStandards, collected 2026-09-10",2025-03-31,Yes
IS 1886,Code of practice for installation and maintenance of transformers,1961.0,Withdrawn,UNKNOWN,UNKNOWN,ETD — Electrotechnical Department,Collected,https://standards.bis.gov.in/website/know-your-standards,IS 1886,Yes,,"BIS searchKnowStandards, collected 2026-09-10",,
IS 1888,Method of load test on soils (Second Revision),1982.0,Current,UNKNOWN,UNKNOWN,CED — Civil Engineering Department,Collected,https://standards.bis.gov.in/website/know-your-standards,IS 1888,Yes,,"BIS searchKnowStandards, collected 2026-09-10",2026-12-31,No
IS 1891 (Part 5),Conveyor and elevator textile belting - Specification: Part 5 fire resistant belting for surface application,1993.0,Current,UNKNOWN,UNKNOWN,PGD — Production And General Engineering Department,Collected,https://standards.bis.gov.in/website/know-your-standards,IS 1891,Yes,,"BIS searchKnowStandards, collected 2026-09-10",2031-01-15,No
IS 1892,Subsurface investigation for foundations — Code of practice (second revision),2021.0,Current,UNKNOWN,UNKNOWN,CED — Civil Engineering Department,Collected,https://standards.bis.gov.in/website/know-your-standards,IS 1892,Yes,,"BIS searchKnowStandards, collected 2026-09-10",2031-03-31,No
IS 1894,Criteria for earthquake resistant design of structures (Fourth Revision),1972.0,Withdrawn,UNKNOWN,UNKNOWN,MTD — Metallurgical Engineering Department,Collected,https://standards.bis.gov.in/website/know-your-standards,IS 1894,Yes,,"BIS searchKnowStandards, collected 2026-09-10",,
IS 1897,Copper strip for electrical purposes - Specification (Third Revision),2008.0,Current,UNKNOWN,UNKNOWN,MTD — Metallurgical Engineering Department,Collected,https://standards.bis.gov.in/website/know-your-standards,IS 1897,Yes,,"BIS searchKnowStandards, collected 2026-09-10",2028-10-27,No
IS 1903,Recommendations on shape and dimensions of jute loom pickers (first revision),1977.0,Current,UNKNOWN,UNKNOWN,TXD — Textile Department,Collected,https://standards.bis.gov.in/website/know-your-standards,IS 1903,Yes,,"BIS searchKnowStandards, collected 2026-09-10",2028-11-30,No
IS 1904,General requirements for design and construction of foundations in soils — Code of practice (fourth revision),2021.0,Current,UNKNOWN,UNKNOWN,CED — Civil Engineering Department,Collected,https://standards.bis.gov.in/website/know-your-standards,IS 1904,Yes,,"BIS searchKnowStandards, collected 2026-09-10",2031-03-31,No
IS 191,Copper - Specification (Fourth Revision),2007.0,Current,UNKNOWN,UNKNOWN,MTD — Metallurgical Engineering Department,Collected,https://standards.bis.gov.in/website/know-your-standards,IS 191,Yes,,"BIS searchKnowStandards, collected 2026-09-10",2031-03-23,No
IS 1911,Schedule of unit weight of building materials,1967.0,Withdrawn,UNKNOWN,UNKNOWN,CED — Civil Engineering Department,Collected,https://standards.bis.gov.in/website/know-your-standards,IS 1911,Yes,,"BIS searchKnowStandards, collected 2026-09-10",,
IS 1916,Steel cylinder pipes with concrete lining and coating - Specification (Second Revision),2018.0,Current,UNKNOWN,UNKNOWN,CED — Civil Engineering Department,Collected,https://standards.bis.gov.in/website/know-your-standards,IS 1916,Yes,,"BIS searchKnowStandards, collected 2026-09-10",2028-09-30,No
IS 193,Soft solder alloys - Chemical compositions and forms - Specification (Sixth Revison),2024.0,Current,UNKNOWN,UNKNOWN,MTD — Metallurgical Engineering Department,Collected,https://standards.bis.gov.in/website/know-your-standards,IS 193,Yes,,"BIS searchKnowStandards, collected 2026-09-10",2029-05-31,No
IS 1932,Mustard and Rapeseed Oilcake as Livestock Feed Ingredient  — Specification ( Third Revision ),2022.0,Current,UNKNOWN,UNKNOWN,FAD — Food And Agriculture Department,Collected,https://standards.bis.gov.in/website/know-your-standards,IS 1932,Yes,,"BIS searchKnowStandards, collected 2026-09-10",2027-12-31,No
IS 1938,TEXTILES  COTTON CAMBS FOR USE IN JUTE LOOMS  SPECIFICATION (Third Revision),2023.0,Current,UNKNOWN,UNKNOWN,TXD — Textile Department,Collected,https://standards.bis.gov.in/website/know-your-standards,IS 1938,Yes,,"BIS searchKnowStandards, collected 2026-09-10",2028-07-31,No
IS 1947,Flood Lights,1980.0,Withdrawn,UNKNOWN,UNKNOWN,ETD — Electrotechnical Department,Collected,https://standards.bis.gov.in/website/know-your-standards,IS 1947,Yes,,"BIS searchKnowStandards, collected 2026-09-10",,
IS 1948,"Aluminium Framed Doors,  Windows and Sliders â€” Specification (First Revision)",2024.0,Current,UNKNOWN,UNKNOWN,CED — Civil Engineering Department,Collected,https://standards.bis.gov.in/website/know-your-standards,IS 1948,Yes,,"BIS searchKnowStandards, collected 2026-09-10",2029-07-31,No
IS 1955,"Specification for prismatic compass, liquid",1961.0,Current,UNKNOWN,UNKNOWN,PGD — Production And General Engineering Department,Collected,https://standards.bis.gov.in/website/know-your-standards,IS 1955,Yes,,"BIS searchKnowStandards, collected 2026-09-10",2031-06-11,No
IS 1961,Specification for glass tableware (First Revision),1968.0,Current,UNKNOWN,UNKNOWN,CHD — Chemical Department,Collected,https://standards.bis.gov.in/website/know-your-standards,IS 1961,Yes,,"BIS searchKnowStandards, collected 2026-09-10",2029-01-01,No
IS 1978,Line Pipe,1982.0,Withdrawn,UNKNOWN,UNKNOWN,MTD — Metallurgical Engineering Department,Collected,https://standards.bis.gov.in/website/know-your-standards,IS 1978,Yes,,"BIS searchKnowStandards, collected 2026-09-10",,
IS 1979,High Test Line Pipe,1985.0,Withdrawn,UNKNOWN,UNKNOWN,MTD — Metallurgical Engineering Department,Collected,https://standards.bis.gov.in/website/know-your-standards,IS 1979,Yes,,"BIS searchKnowStandards, collected 2026-09-10",,
IS 1989 (Part 1),Specification for leather safety boots and shoes: Part 1 for miners (Fourth Revision),1986.0,Current,UNKNOWN,UNKNOWN,CHD — Chemical Department,Collected,https://standards.bis.gov.in/website/know-your-standards,IS 1989,Yes,,"BIS searchKnowStandards, collected 2026-09-10",2026-11-30,No
IS 1989 (Part 2),Specification for leather safety boots and shoes: Part 2 for heavy metal industries (Fourth Revision),1986.0,Current,UNKNOWN,UNKNOWN,CHD — Chemical Department,Collected,https://standards.bis.gov.in/website/know-your-standards,IS 1989,Yes,,"BIS searchKnowStandards, collected 2026-09-10",2026-11-30,No
IS 1992,Specification for electroplated coatings of lead (First Revision),1979.0,Current,UNKNOWN,UNKNOWN,MTD — Metallurgical Engineering Department,Collected,https://standards.bis.gov.in/website/know-your-standards,IS 1992,Yes,,"BIS searchKnowStandards, collected 2026-09-10",2031-03-27,No
IS 1997,Laboratory glassware - Burettes (Third Revision),2008.0,Current,UNKNOWN,UNKNOWN,CHD — Chemical Department,Collected,https://standards.bis.gov.in/website/know-your-standards,IS 1997,Yes,,"BIS searchKnowStandards, collected 2026-09-10",2027-12-31,No
IS 2004,Carbon steel forgings for general engineering purposes - Specification (Third Revision),1991.0,Current,UNKNOWN,UNKNOWN,MTD — Metallurgical Engineering Department,Collected,https://standards.bis.gov.in/website/know-your-standards,IS 2004,Yes,,"BIS searchKnowStandards, collected 2026-09-10",2028-03-31,No
IS 2016,Specification for plain washers  (First Revision),1967.0,Current,UNKNOWN,UNKNOWN,PGD — Production And General Engineering Department,Collected,https://standards.bis.gov.in/website/know-your-standards,IS 2016,Yes,,"BIS searchKnowStandards, collected 2026-09-10",2030-06-25,No
IS 2022,Calcium silicon - Specification (Third Revision),1997.0,Current,UNKNOWN,UNKNOWN,MTD — Metallurgical Engineering Department,Collected,https://standards.bis.gov.in/website/know-your-standards,IS 2022,Yes,,"BIS searchKnowStandards, collected 2026-09-10",2029-03-31,No
IS 2036,Phenolic laminated sheets - Specification (Second Revision),1995.0,Current,UNKNOWN,UNKNOWN,"PCD — Petroleum, Coal And Related Products Department",Collected,https://standards.bis.gov.in/website/know-your-standards,IS 2036,Yes,,"BIS searchKnowStandards, collected 2026-09-10",2030-07-31,No
IS 204 (Part 1),Tower bolts - Specification: Part 1 ferrous metals (Fifth Revision),1991.0,Current,UNKNOWN,UNKNOWN,CED — Civil Engineering Department,Collected,https://standards.bis.gov.in/website/know-your-standards,IS 204,Yes,,"BIS searchKnowStandards, collected 2026-09-10",2031-01-20,No
IS 2046 (Part 1),Decorative Thermosetting Synthetic Resin Bonded Laminated Sheets — Specification Part 1 Introduction and General Information ( Third Revision ),2025.0,Current,UNKNOWN,UNKNOWN,"PCD — Petroleum, Coal And Related Products Department",Collected,https://standards.bis.gov.in/website/know-your-standards,IS 2046,Yes,,"BIS searchKnowStandards, collected 2026-09-10",2030-03-31,No
IS 205,Non - Ferrous metal butt specification (Fourth Revision),1992.0,Current,UNKNOWN,UNKNOWN,CED — Civil Engineering Department,Collected,https://standards.bis.gov.in/website/know-your-standards,IS 205,Yes,,"BIS searchKnowStandards, collected 2026-09-10",2027-01-31,No
IS 2064,"Selection, installation and maintenance of sanitary appliances - Code of practice (Second Revision)",1993.0,Current,UNKNOWN,UNKNOWN,CED — Civil Engineering Department,Collected,https://standards.bis.gov.in/website/know-your-standards,IS 2064,Yes,,"BIS searchKnowStandards, collected 2026-09-10",2027-11-30,No
IS 2065,Code of practice for water supply in buildings (Second Revision),1983.0,Current,UNKNOWN,UNKNOWN,CED — Civil Engineering Department,Collected,https://standards.bis.gov.in/website/know-your-standards,IS 2065,Yes,,"BIS searchKnowStandards, collected 2026-09-10",2027-02-28,No
IS 208,Door Handles - Specification ( Sixth Revision ) ,2020.0,Current,UNKNOWN,UNKNOWN,CED — Civil Engineering Department,Collected,https://standards.bis.gov.in/website/know-your-standards,IS 208,Yes,,"BIS searchKnowStandards, collected 2026-09-10",2031-06-30,No
IS 2086,Carriers and bases in rewirable type electric fuses for voltages up to 650 v - Specification (Third Revision),1993.0,Current,UNKNOWN,UNKNOWN,ETD — Electrotechnical Department,Collected,https://standards.bis.gov.in/website/know-your-standards,IS 2086,Yes,,"BIS searchKnowStandards, collected 2026-09-10",2029-05-31,No
IS 2089,Specification for Common Proofed Canvas/Duck and Paulins (Tarpaulins) (Second Revision),1977.0,Current,UNKNOWN,UNKNOWN,TXD — Textile Department,Collected,https://standards.bis.gov.in/website/know-your-standards,IS 2089,Yes,,"BIS searchKnowStandards, collected 2026-09-10",2027-07-31,No
IS 2090,Specification for High Tensile Steel Bars Used in Prestressed Concrete (First Revision),1983.0,Current,UNKNOWN,UNKNOWN,CED — Civil Engineering Department,Collected,https://standards.bis.gov.in/website/know-your-standards,IS 2090,Yes,,"BIS searchKnowStandards, collected 2026-09-10",2030-05-01,No
IS 2095 (Part 1),Gypsum Plaster Boards - Specification: Part 1 Plain Gypsum Plaster Boards (Fourth Revision),2023.0,Current,UNKNOWN,UNKNOWN,CED — Civil Engineering Department,Collected,https://standards.bis.gov.in/website/know-your-standards,IS 2095,Yes,,"BIS searchKnowStandards, collected 2026-09-10",2028-08-31,No
IS 2104,water meter boxes (domestic type),1981.0,Withdrawn,UNKNOWN,UNKNOWN,CED — Civil Engineering Department,Collected,https://standards.bis.gov.in/website/know-your-standards,IS 2104,Yes,,"BIS searchKnowStandards, collected 2026-09-10",,
IS 2108,Blackheart Malleable Iron Castings,1977.0,Withdrawn,UNKNOWN,UNKNOWN,MTD — Metallurgical Engineering Department,Collected,https://standards.bis.gov.in/website/know-your-standards,IS 2108,Yes,,"BIS searchKnowStandards, collected 2026-09-10",,
IS 2116,Specification for sand for masonry mortars (First Revision),1980.0,Current,UNKNOWN,UNKNOWN,CED — Civil Engineering Department,Collected,https://standards.bis.gov.in/website/know-your-standards,IS 2116,Yes,,"BIS searchKnowStandards, collected 2026-09-10",2028-01-31,No
IS 2131,Standard Penetration Test of Soil - Method of Test,2025.0,Current,UNKNOWN,UNKNOWN,CED — Civil Engineering Department,Collected,https://standards.bis.gov.in/website/know-your-standards,IS 2131,Yes,,"BIS searchKnowStandards, collected 2026-09-10",2030-05-31,No
IS 2140,SPECIFICATION FOR STRANDED GALVANIZED  STEEL WIRE FOR FENCING  ( Second Revision of IS 2140 ),2022.0,Current,UNKNOWN,UNKNOWN,MED — Mechanical Engineering Department,Collected,https://standards.bis.gov.in/website/know-your-standards,IS 2140,Yes,,"BIS searchKnowStandards, collected 2026-09-10",2027-12-27,No
IS 2141,Hot dip galvanized stay strand - Specification (Fourth Revision),2000.0,Current,UNKNOWN,UNKNOWN,MED — Mechanical Engineering Department,Collected,https://standards.bis.gov.in/website/know-your-standards,IS 2141,Yes,,"BIS searchKnowStandards, collected 2026-09-10",2031-01-12,No
IS 2165 (Part 1),"Insulation co - Ordination: Part 1 phase to earth insulation co - Ordination, principles and rules (Second Revision)",1977.0,Current,UNKNOWN,UNKNOWN,ETD — Electrotechnical Department,Collected,https://standards.bis.gov.in/website/know-your-standards,IS 2165,Yes,,"BIS searchKnowStandards, collected 2026-09-10",2021-03-31,Yes
IS 217,Cutback bitumen - Specification (Third Revision) ,2018.0,Superseded,UNKNOWN,UNKNOWN,"PCD — Petroleum, Coal And Related Products Department",Collected,https://standards.bis.gov.in/website/know-your-standards,IS 217,Yes,,"BIS searchKnowStandards, collected 2026-09-10",2031-06-03,No
IS 2176,Textiles ï¿½ Quantitative Chemical Analysis ï¿½  Mixtures of Acetate with Certain Other Fibres (Method Using Acetone)  (Second Revision),2023.0,Current,UNKNOWN,UNKNOWN,TXD — Textile Department,Collected,https://standards.bis.gov.in/website/know-your-standards,IS 2176,Yes,,"BIS searchKnowStandards, collected 2026-09-10",2028-11-30,No
IS 2183,Schedule for high pressure mercury vapour lamps,1973.0,Withdrawn,UNKNOWN,UNKNOWN,ETD — Electrotechnical Department,Collected,https://standards.bis.gov.in/website/know-your-standards,IS 2183,Yes,,"BIS searchKnowStandards, collected 2026-09-10",,
IS 2185 (Part 1),Concrete masonry units - Specification: Part 1 hollow and solid concrete blocks (Third Revision),2005.0,Current,UNKNOWN,UNKNOWN,CED — Civil Engineering Department,Collected,https://standards.bis.gov.in/website/know-your-standards,IS 2185,Yes,,"BIS searchKnowStandards, collected 2026-09-10",2030-08-01,No
IS 2189,"Selection, installation and maintenance of automatic fire detection and alarm system code of practice (Fourth Revision)",2008.0,Current,UNKNOWN,UNKNOWN,CED — Civil Engineering Department,Collected,https://standards.bis.gov.in/website/know-your-standards,IS 2189,Yes,,"BIS searchKnowStandards, collected 2026-09-10",2028-08-31,No
IS 220,Fountain pen ink - Ferro - Gallo tannate (0.1 Percent Iron Content) specification (Third Revision),1988.0,Withdrawn,UNKNOWN,UNKNOWN,CHD — Chemical Department,Collected,https://standards.bis.gov.in/website/know-your-standards,IS 220,Yes,,"BIS searchKnowStandards, collected 2026-09-10",2030-01-31,No
IS 2202 (Part 1),Wooden Flush Door Shutters (Solid Core Type) — Specification Part 1 Plywood Face Panels ( Seventh Revision ),2023.0,Current,UNKNOWN,UNKNOWN,CED — Civil Engineering Department,Collected,https://standards.bis.gov.in/website/know-your-standards,IS 2202,Yes,,"BIS searchKnowStandards, collected 2026-09-10",2028-02-28,No
IS 2204,Code of practice for construction of reinforced concrete shell roof,1962.0,Current,UNKNOWN,UNKNOWN,CED — Civil Engineering Department,Collected,https://standards.bis.gov.in/website/know-your-standards,IS 2204,Yes,,"BIS searchKnowStandards, collected 2026-09-10",2030-09-17,No
IS 2210,Criteria for Design of Reinforced Concrete Shell Structures and Folded Plates,2023.0,Current,UNKNOWN,UNKNOWN,CED — Civil Engineering Department,Collected,https://standards.bis.gov.in/website/know-your-standards,IS 2210,Yes,,"BIS searchKnowStandards, collected 2026-09-10",2028-10-31,No
IS 2217,Recommendations for providing first-aid fire fighting arrangement in public building,1982.0,Withdrawn,UNKNOWN,UNKNOWN,CED — Civil Engineering Department,Collected,https://standards.bis.gov.in/website/know-your-standards,IS 2217,Yes,,"BIS searchKnowStandards, collected 2026-09-10",,
IS 2222,Specification for burnt clay perforated building bricks (Third Revision),1991.0,Current,UNKNOWN,UNKNOWN,CED — Civil Engineering Department,Collected,https://standards.bis.gov.in/website/know-your-standards,IS 2222,Yes,,"BIS searchKnowStandards, collected 2026-09-10",2026-09-30,No
IS 2223,Dimensions of flange mounted AC induction motors  (third revision),2025.0,Current,UNKNOWN,UNKNOWN,ETD — Electrotechnical Department,Collected,https://standards.bis.gov.in/website/know-your-standards,IS 2223,Yes,,"BIS searchKnowStandards, collected 2026-09-10",2030-08-31,No
IS 2233,Straightedges for Drawing Office Use ï¿½ Specification,2023.0,Current,UNKNOWN,UNKNOWN,PGD — Production And General Engineering Department,Collected,https://standards.bis.gov.in/website/know-your-standards,IS 2233,Yes,,"BIS searchKnowStandards, collected 2026-09-10",2028-10-31,No
IS 2251,Specification for plug and ring gauges for self holding tapers  (First Revision),1986.0,Current,UNKNOWN,UNKNOWN,PGD — Production And General Engineering Department,Collected,https://standards.bis.gov.in/website/know-your-standards,IS 2251,Yes,,"BIS searchKnowStandards, collected 2026-09-10",2027-03-31,No
IS 2253,Designations for types of construction and mounting arrangements of rotating electrical machines (First Revision),1974.0,Withdrawn,UNKNOWN,UNKNOWN,ETD — Electrotechnical Department,Collected,https://standards.bis.gov.in/website/know-your-standards,IS 2253,Yes,,"BIS searchKnowStandards, collected 2026-09-10",2022-03-31,Yes
IS 2254,Dimensions of vertical shaft motors for pumps,2026.0,Current,UNKNOWN,UNKNOWN,ETD — Electrotechnical Department,Collected,https://standards.bis.gov.in/website/know-your-standards,IS 2254,Yes,,"BIS searchKnowStandards, collected 2026-09-10",2031-02-18,No
IS 2257,"Paper adhesives, liquid gum and office paste type - Specification (Third Revision)",1989.0,Withdrawn,UNKNOWN,UNKNOWN,"PCD — Petroleum, Coal And Related Products Department",Collected,https://standards.bis.gov.in/website/know-your-standards,IS 2257,Yes,,"BIS searchKnowStandards, collected 2026-09-10",2029-03-31,No
IS 226,Structural steel (Standard quality),1975.0,Withdrawn,UNKNOWN,UNKNOWN,MTD — Metallurgical Engineering Department,Collected,https://standards.bis.gov.in/website/know-your-standards,IS 226,Yes,,"BIS searchKnowStandards, collected 2026-09-10",,
IS 2266,STEEL WIRE ROPES FOR GENERAL ENGINEERING PURPOSE - SPECIFICATION  (Sixth Revision),2024.0,Current,UNKNOWN,UNKNOWN,MED — Mechanical Engineering Department,Collected,https://standards.bis.gov.in/website/know-your-standards,IS 2266,Yes,,"BIS searchKnowStandards, collected 2026-09-10",2029-11-30,No
IS 2268,Electrical call bells and buzzers for indoor use - Specification (Third Revision),1994.0,Current,UNKNOWN,UNKNOWN,ETD — Electrotechnical Department,Collected,https://standards.bis.gov.in/website/know-your-standards,IS 2268,Yes,,"BIS searchKnowStandards, collected 2026-09-10",2029-10-03,No
IS 2319,     Textiles -Serge -Specification,2022.0,Current,UNKNOWN,UNKNOWN,TXD — Textile Department,Collected,https://standards.bis.gov.in/website/know-your-standards,IS 2319,Yes,,"BIS searchKnowStandards, collected 2026-09-10",2028-07-31,No
IS 2323,"Spices and condiments - Mustard, whole and ground - Specification (Second Revision)",2011.0,Current,UNKNOWN,UNKNOWN,FAD — Food And Agriculture Department,Collected,https://standards.bis.gov.in/website/know-your-standards,IS 2323,Yes,,"BIS searchKnowStandards, collected 2026-09-10",2029-06-30,No
IS 2326,Automatic Flushing Cisterns for Urinals (Other than Plastic Cisterns),1987.0,Withdrawn,UNKNOWN,UNKNOWN,CED — Civil Engineering Department,Collected,https://standards.bis.gov.in/website/know-your-standards,IS 2326,Yes,,"BIS searchKnowStandards, collected 2026-09-10",,
IS 2328,Metallic materials - Tube - Flattening test (Third Revision),2018.0,Current,UNKNOWN,UNKNOWN,MTD — Metallurgical Engineering Department,Collected,https://standards.bis.gov.in/website/know-your-standards,IS 2328,Yes,,"BIS searchKnowStandards, collected 2026-09-10",2028-08-31,No
IS 2329,Metallic materials - Tube (In Full Section) - Bend test (Second Revision),2005.0,Current,UNKNOWN,UNKNOWN,MTD — Metallurgical Engineering Department,Collected,https://standards.bis.gov.in/website/know-your-standards,IS 2329,Yes,,"BIS searchKnowStandards, collected 2026-09-10",2027-01-31,No
IS 2338 (Part 1),Code of practice for finishing of wood and wood based materials: Part 1 Operations and workmanship,1967.0,Current,UNKNOWN,UNKNOWN,CED — Civil Engineering Department,Collected,https://standards.bis.gov.in/website/know-your-standards,IS 2338,Yes,,"BIS searchKnowStandards, collected 2026-09-10",2030-09-10,No
IS 236,Textiles - Cotton fibres - Evaluation of maturity - Microscopic method  second revision,2024.0,Current,UNKNOWN,UNKNOWN,TXD — Textile Department,Collected,https://standards.bis.gov.in/website/know-your-standards,IS 236,Yes,,"BIS searchKnowStandards, collected 2026-09-10",2029-03-31,No
IS 2362,Determination of water by karl fischer method - Test method (Second Revision),1993.0,Current,UNKNOWN,UNKNOWN,CHD — Chemical Department,Collected,https://standards.bis.gov.in/website/know-your-standards,IS 2362,Yes,,"BIS searchKnowStandards, collected 2026-09-10",2029-04-30,No
IS 2365,STEEL WIRE ROPES FOR LIFTS -  MINIMUM REQUIREMENTS  (Third revision),2024.0,Current,UNKNOWN,UNKNOWN,MED — Mechanical Engineering Department,Collected,https://standards.bis.gov.in/website/know-your-standards,IS 2365,Yes,,"BIS searchKnowStandards, collected 2026-09-10",2029-10-31,No
IS 2373,Specification for water meters (bulk type) (third revision),1981.0,Current,UNKNOWN,UNKNOWN,CED — Civil Engineering Department,Collected,https://standards.bis.gov.in/website/know-your-standards,IS 2373,Yes,,"BIS searchKnowStandards, collected 2026-09-10",2027-10-31,No
IS 240,Method for determination of ends and picks in woven cotton fabrics,1951.0,Withdrawn,UNKNOWN,UNKNOWN,TXD — Textile Department,Collected,https://standards.bis.gov.in/website/know-your-standards,IS 240,Yes,,"BIS searchKnowStandards, collected 2026-09-10",,
IS 2402,Code of practice for external rendered finishes,1963.0,Current,UNKNOWN,UNKNOWN,CED — Civil Engineering Department,Collected,https://standards.bis.gov.in/website/know-your-standards,IS 2402,Yes,,"BIS searchKnowStandards, collected 2026-09-10",2027-01-31,No
IS 2405 (Part 1),Industrial Sieves  Specification Part 1 Wire Cloth Sieves,2023.0,Current,UNKNOWN,UNKNOWN,CED — Civil Engineering Department,Collected,https://standards.bis.gov.in/website/know-your-standards,IS 2405,Yes,,"BIS searchKnowStandards, collected 2026-09-10",2028-08-31,No
IS 2419,Panel mounted equipment - Electrical measuring instrument - Dimensions for panel mounting (Second Revision),2012.0,Current,UNKNOWN,UNKNOWN,ETD — Electrotechnical Department,Collected,https://standards.bis.gov.in/website/know-your-standards,IS 2419,Yes,,"BIS searchKnowStandards, collected 2026-09-10",2029-04-30,No
IS 2430,Methods for Sampling of Aggregates for Concrete (First Revision),1986.0,Current,UNKNOWN,UNKNOWN,CED — Civil Engineering Department,Collected,https://standards.bis.gov.in/website/know-your-standards,IS 2430,Yes,,"BIS searchKnowStandards, collected 2026-09-10",2031-03-27,No
IS 2438,SPECIFICATION FOR ROLLER PAN MIXER (First Revision),2022.0,Current,UNKNOWN,UNKNOWN,MED — Mechanical Engineering Department,Collected,https://standards.bis.gov.in/website/know-your-standards,IS 2438,Yes,,"BIS searchKnowStandards, collected 2026-09-10",2027-03-31,No
IS 2448 (Part 1),Specification for adhesive insucating tapes for electrical purposes: Part 1 tapes with cotton textile substrates,1963.0,Withdrawn,UNKNOWN,UNKNOWN,ETD — Electrotechnical Department,Collected,https://standards.bis.gov.in/website/know-your-standards,IS 2448,Yes,,"BIS searchKnowStandards, collected 2026-09-10",2031-03-31,No
IS 245,"Specification for trichloroethylene, technical (Fourth Revision) ",2020.0,Current,UNKNOWN,UNKNOWN,"PCD — Petroleum, Coal And Related Products Department",Collected,https://standards.bis.gov.in/website/know-your-standards,IS 245,Yes,,"BIS searchKnowStandards, collected 2026-09-10",2029-10-31,No
IS 2470 (Part 1),Code of practice for installation of septic tanks: Part 1 design criteria and construction (Second Revision),1985.0,Current,UNKNOWN,UNKNOWN,CED — Civil Engineering Department,Collected,https://standards.bis.gov.in/website/know-your-standards,IS 2470,Yes,,"BIS searchKnowStandards, collected 2026-09-10",2027-02-28,No
IS 2488 (Part 1),"Methods of Sampling and Test for Industrial Effluents, Part I",1966.0,Withdrawn,UNKNOWN,UNKNOWN,CHD — Chemical Department,Collected,https://standards.bis.gov.in/website/know-your-standards,IS 2488,Yes,,"BIS searchKnowStandards, collected 2026-09-10",,
IS 249,SODIUM BICHROMATE TECHNICAL  SPECIFICATION,2022.0,Current,UNKNOWN,UNKNOWN,CHD — Chemical Department,Collected,https://standards.bis.gov.in/website/know-your-standards,IS 249,Yes,,"BIS searchKnowStandards, collected 2026-09-10",2027-03-31,No
IS 2490 (Part 1),Tolerance limits for industrial effluents discharged into inland surface waters : Part 1 - General limits,1981.0,Withdrawn,UNKNOWN,UNKNOWN,CHD — Chemical Department,Collected,https://standards.bis.gov.in/website/know-your-standards,IS 2490,Yes,,"BIS searchKnowStandards, collected 2026-09-10",,
IS 2500 (Part 1),Sampling procedures for inspection by attributes: Part 1 sampling schemes indexed by acceptance quality limit (AQL) for lot - By - Lot inspection (Third Revision),2000.0,Current,UNKNOWN,UNKNOWN,MSD — Management System Department,Collected,https://standards.bis.gov.in/website/know-your-standards,IS 2500,Yes,,"BIS searchKnowStandards, collected 2026-09-10",2031-03-23,No
IS 2501,Solid drawn copper tubesfor general engineering purposes - Specification (Third Revision),1995.0,Current,UNKNOWN,UNKNOWN,MTD — Metallurgical Engineering Department,Collected,https://standards.bis.gov.in/website/know-your-standards,IS 2501,Yes,,"BIS searchKnowStandards, collected 2026-09-10",2031-03-23,No
IS 2502,Code of Practice for Bending and Fixing of Bars for Concrete Reinforcement,1963.0,Current,UNKNOWN,UNKNOWN,CED — Civil Engineering Department,Collected,https://standards.bis.gov.in/website/know-your-standards,IS 2502,Yes,,"BIS searchKnowStandards, collected 2026-09-10",2028-06-30,No
IS 2505,Immersion Type Concrete    Vibrators ï¿½ General Requirements (Fourth Revision),2023.0,Current,UNKNOWN,UNKNOWN,MED — Mechanical Engineering Department,Collected,https://standards.bis.gov.in/website/know-your-standards,IS 2505,Yes,,"BIS searchKnowStandards, collected 2026-09-10",2028-08-31,No
IS 2506,GENERAL REQUIREMENTS FOR CONCRETE VIBRATORS SCREED BOARD TYPE (Second Revision),2022.0,Current,UNKNOWN,UNKNOWN,MED — Mechanical Engineering Department,Collected,https://standards.bis.gov.in/website/know-your-standards,IS 2506,Yes,,"BIS searchKnowStandards, collected 2026-09-10",2027-03-31,No
IS 2509,Rigid non-metallic conduits for electrical installations,1973.0,Withdrawn,UNKNOWN,UNKNOWN,ETD — Electrotechnical Department,Collected,https://standards.bis.gov.in/website/know-your-standards,IS 2509,Yes,,"BIS searchKnowStandards, collected 2026-09-10",,
IS 251,"Soda Ash, Technical  - Specification  (fifth revision)",2024.0,Current,UNKNOWN,UNKNOWN,CHD — Chemical Department,Collected,https://standards.bis.gov.in/website/know-your-standards,IS 251,Yes,,"BIS searchKnowStandards, collected 2026-09-10",2029-05-31,No
IS 2514,CONCRETE VIBRATING TABLES - SPECIFICATION (FIRST REVISION OF IS 2514),2023.0,Current,UNKNOWN,UNKNOWN,MED — Mechanical Engineering Department,Collected,https://standards.bis.gov.in/website/know-your-standards,IS 2514,Yes,,"BIS searchKnowStandards, collected 2026-09-10",2028-06-30,No
IS 2516 (Part 1/Sec 1),Circuit breakers: Part 1 & 2 Requirements and tests: Sec 1 Voltages not exceedding 1000 V ac or 1200 V dc,1985.0,Withdrawn,UNKNOWN,UNKNOWN,ETD — Electrotechnical Department,Collected,https://standards.bis.gov.in/website/know-your-standards,IS 2516,Yes,,"BIS searchKnowStandards, collected 2026-09-10",,
IS 252,Caustic soda - Specification (Fourth Revision),2013.0,Current,UNKNOWN,UNKNOWN,CHD — Chemical Department,Collected,https://standards.bis.gov.in/website/know-your-standards,IS 252,Yes,,"BIS searchKnowStandards, collected 2026-09-10",2028-03-31,No
IS 2527,Code of practice for fixing rainwater gutters and downpipes for roof drainage (First Revision),1984.0,Current,UNKNOWN,UNKNOWN,CED — Civil Engineering Department,Collected,https://standards.bis.gov.in/website/know-your-standards,IS 2527,Yes,,"BIS searchKnowStandards, collected 2026-09-10",2030-09-10,No
IS 2530,POLYETHYLENE MOULDING MATERIALS AND POLYETHYLENE COMPOUNDS - METHODS OF TEST (First Revision),2026.0,Current,UNKNOWN,UNKNOWN,"PCD — Petroleum, Coal And Related Products Department",Collected,https://standards.bis.gov.in/website/know-your-standards,IS 2530,Yes,,"BIS searchKnowStandards, collected 2026-09-10",2031-02-27,No
IS 2546,Specification for galvanized mild steel fire bucket (First Revision),1974.0,Current,UNKNOWN,UNKNOWN,CED — Civil Engineering Department,Collected,https://standards.bis.gov.in/website/know-your-standards,IS 2546,Yes,,"BIS searchKnowStandards, collected 2026-09-10",2030-06-20,No
IS 2548 (Part 1),Plastic seats and covers for water - Closets - Specification: Part 1 thermoset seats and covers (Fifth Revision),1996.0,Current,UNKNOWN,UNKNOWN,CED — Civil Engineering Department,Collected,https://standards.bis.gov.in/website/know-your-standards,IS 2548,Yes,,"BIS searchKnowStandards, collected 2026-09-10",2027-03-31,No
IS 2548 (Part 2),Plastic seats and covers for water - Closets - Specification: Part 2 Thermoplastic seats and covers (Fifth Revision),1996.0,Current,UNKNOWN,UNKNOWN,CED — Civil Engineering Department,Collected,https://standards.bis.gov.in/website/know-your-standards,IS 2548,Yes,,"BIS searchKnowStandards, collected 2026-09-10",2027-03-31,No
IS 2553 (Part 1),"Safety glass – Specification Part 1 architectural, building and general uses (Fourth Revision)",2018.0,Superseded,UNKNOWN,UNKNOWN,CHD — Chemical Department,Collected,https://standards.bis.gov.in/website/know-your-standards,IS 2553,Yes,,"BIS searchKnowStandards, collected 2026-09-10",2031-05-14,No
IS 2561,Specification for rubber-based adhesives for the automobile industry,1963.0,Withdrawn,UNKNOWN,UNKNOWN,"PCD — Petroleum, Coal And Related Products Department",Collected,https://standards.bis.gov.in/website/know-your-standards,IS 2561,Yes,,"BIS searchKnowStandards, collected 2026-09-10",2029-03-31,No
IS 2571,Code of practice for laying in - Situ cement concrete flooring (First Revision),1970.0,Current,UNKNOWN,UNKNOWN,CED — Civil Engineering Department,Collected,https://standards.bis.gov.in/website/know-your-standards,IS 2571,Yes,,"BIS searchKnowStandards, collected 2026-09-10",2027-01-31,No
IS 2576,Dry Batteries for Transistor Radio Receivers,1975.0,Withdrawn,UNKNOWN,UNKNOWN,ETD — Electrotechnical Department,Collected,https://standards.bis.gov.in/website/know-your-standards,IS 2576,Yes,,"BIS searchKnowStandards, collected 2026-09-10",,
IS 2587,Specification for pipe vices (Open Side Type And Fixed Sides Type) (First Revisicn),1975.0,Current,UNKNOWN,UNKNOWN,PGD — Production And General Engineering Department,Collected,https://standards.bis.gov.in/website/know-your-standards,IS 2587,Yes,,"BIS searchKnowStandards, collected 2026-09-10",2029-08-31,No
IS 2598,Safety code for industrial radiographic practice,1966.0,Withdrawn,UNKNOWN,UNKNOWN,MTD — Metallurgical Engineering Department,Collected,https://standards.bis.gov.in/website/know-your-standards,IS 2598,Yes,,"BIS searchKnowStandards, collected 2026-09-10",,
IS 2607,Air-break isolators for voltages not exceeding 1000 volts,1967.0,Withdrawn,UNKNOWN,UNKNOWN,ETD — Electrotechnical Department,Collected,https://standards.bis.gov.in/website/know-your-standards,IS 2607,Yes,,"BIS searchKnowStandards, collected 2026-09-10",,
IS 2615 (Part 1),Pliers and nippers ï¿½ Part 1 :  General technical requirements,2023.0,Current,UNKNOWN,UNKNOWN,PGD — Production And General Engineering Department,Collected,https://standards.bis.gov.in/website/know-your-standards,IS 2615,Yes,,"BIS searchKnowStandards, collected 2026-09-10",2028-07-31,No
IS 2631,Iso propyl alcohol - Specification (Second Revision) ,2020.0,Current,UNKNOWN,UNKNOWN,"PCD — Petroleum, Coal And Related Products Department",Collected,https://standards.bis.gov.in/website/know-your-standards,IS 2631,Yes,,"BIS searchKnowStandards, collected 2026-09-10",2029-10-31,No
IS 2643,"Pipe threads where pressure - Tight joints are not made on the threads - Dimensions, tolerances and designation (Third Revision)",2005.0,Current,UNKNOWN,UNKNOWN,PGD — Production And General Engineering Department,Collected,https://standards.bis.gov.in/website/know-your-standards,IS 2643,Yes,,"BIS searchKnowStandards, collected 2026-09-10",2030-06-30,No
IS 266,Sulphuric Acid - Specification (Fifth Revision) ,2025.0,Current,UNKNOWN,UNKNOWN,CHD — Chemical Department,Collected,https://standards.bis.gov.in/website/know-your-standards,IS 266,Yes,,"BIS searchKnowStandards, collected 2026-09-10",2030-08-31,No
IS 2673,Dimensions for wrought aluminium and aluminum alloys extruded round tube - Specification (Second Revision),2002.0,Current,UNKNOWN,UNKNOWN,MTD — Metallurgical Engineering Department,Collected,https://standards.bis.gov.in/website/know-your-standards,IS 2673,Yes,,"BIS searchKnowStandards, collected 2026-09-10",2027-03-31,No
IS 2675,Enclosed distribution fuseboards and cutouts for voltages not exceeding 1000 V Ac and 1200 V Dc,1983.0,Withdrawn,UNKNOWN,UNKNOWN,ETD — Electrotechnical Department,Collected,https://standards.bis.gov.in/website/know-your-standards,IS 2675,Yes,,"BIS searchKnowStandards, collected 2026-09-10",,
IS 2678,Dimensions and tolerances for wrought aluminium and aluminium alloy drawn round tubes (Second Revision),1987.0,Current,UNKNOWN,UNKNOWN,MTD — Metallurgical Engineering Department,Collected,https://standards.bis.gov.in/website/know-your-standards,IS 2678,Yes,,"BIS searchKnowStandards, collected 2026-09-10",2027-03-31,No
IS 2685,"Code of practice for selection, installation and maintenance of sluice valves (First Revision)",1971.0,Current,UNKNOWN,UNKNOWN,CED — Civil Engineering Department,Collected,https://standards.bis.gov.in/website/know-your-standards,IS 2685,Yes,,"BIS searchKnowStandards, collected 2026-09-10",2027-10-31,No
IS 2692,Ferrules for water services - specification (second revision),1989.0,Current,UNKNOWN,UNKNOWN,CED — Civil Engineering Department,Collected,https://standards.bis.gov.in/website/know-your-standards,IS 2692,Yes,,"BIS searchKnowStandards, collected 2026-09-10",2028-09-30,No
IS 2717,Vitreous Enamelware and Ceramic-Metal Systems - Glossary ( Second Revision ),2025.0,Current,UNKNOWN,UNKNOWN,CHD — Chemical Department,Collected,https://standards.bis.gov.in/website/know-your-standards,IS 2717,Yes,,"BIS searchKnowStandards, collected 2026-09-10",2030-07-31,No
IS 2720 (Part 1),Methods of test for soils: Part 1 preparation of dry soil samples for various tests (Second Revision),1983.0,Current,UNKNOWN,UNKNOWN,CED — Civil Engineering Department,Collected,https://standards.bis.gov.in/website/know-your-standards,IS 2720,Yes,,"BIS searchKnowStandards, collected 2026-09-10",2030-05-31,No
IS 2720 (Part 8),Methods of test for soils: Part 8 determination of water content - Dry density relation using heavy compaction (Second Revision),1983.0,Withdrawn,UNKNOWN,UNKNOWN,CED — Civil Engineering Department,Collected,https://standards.bis.gov.in/website/know-your-standards,IS 2720,Yes,,"BIS searchKnowStandards, collected 2026-09-10",2030-05-31,No
IS 2721,"GALVANIZED POLY CHLORIDE (PVC), POLYOLEFIN AND OTHER POLYMER - COATED STEEL CHAIN LINK FENCE FABRIC — SPECIFICATION  (Third Revision of IS 2721)",2025.0,Current,UNKNOWN,UNKNOWN,MED — Mechanical Engineering Department,Collected,https://standards.bis.gov.in/website/know-your-standards,IS 2721,Yes,,"BIS searchKnowStandards, collected 2026-09-10",2030-12-10,No
IS 2722,SPECIFICATION FOR PORTABLE SWING WEIGH BATCHERS FOR CONCRETE SINGLE AND DOUBLE BUCKET TYPE (First Revision),2022.0,Current,UNKNOWN,UNKNOWN,MED — Mechanical Engineering Department,Collected,https://standards.bis.gov.in/website/know-your-standards,IS 2722,Yes,,"BIS searchKnowStandards, collected 2026-09-10",2027-03-31,No
IS 273,Picks and beaters - specification (Fourth Revision),1990.0,Current,UNKNOWN,UNKNOWN,PGD — Production And General Engineering Department,Collected,https://standards.bis.gov.in/website/know-your-standards,IS 273,Yes,,"BIS searchKnowStandards, collected 2026-09-10",2030-04-30,No
IS 274 (Part 1 and 2),Specification for shovels: Part 1 genral purpose shovels: Part 2 heat - Treated shovels (Third Revision),1981.0,Current,UNKNOWN,UNKNOWN,PGD — Production And General Engineering Department,Collected,https://standards.bis.gov.in/website/know-your-standards,IS 274,Yes,,"BIS searchKnowStandards, collected 2026-09-10",2030-01-31,No
IS 2745,Specification for non - Metal helmet for firemen and civil defence personnel (Second Revision),1983.0,Current,UNKNOWN,UNKNOWN,CED — Civil Engineering Department,Collected,https://standards.bis.gov.in/website/know-your-standards,IS 2745,Yes,,"BIS searchKnowStandards, collected 2026-09-10",2030-06-20,No
IS 2750,Specification for steel scaffoldings,1964.0,Current,UNKNOWN,UNKNOWN,CED — Civil Engineering Department,Collected,https://standards.bis.gov.in/website/know-your-standards,IS 2750,Yes,,"BIS searchKnowStandards, collected 2026-09-10",2031-01-20,No
IS 2751,Code of practice for welding of mild steel plain and deformed bars for reinforced concrete construction (First Revision),1979.0,Withdrawn,UNKNOWN,UNKNOWN,MTD — Metallurgical Engineering Department,Collected,https://standards.bis.gov.in/website/know-your-standards,IS 2751,Yes,,"BIS searchKnowStandards, collected 2026-09-10",2028-05-25,No
IS 2762,Wire rope slings and sling legs - Specification (Second Revision),2009.0,Current,UNKNOWN,UNKNOWN,MED — Mechanical Engineering Department,Collected,https://standards.bis.gov.in/website/know-your-standards,IS 2762,Yes,,"BIS searchKnowStandards, collected 2026-09-10",2031-01-12,No
IS 2770 (Part 1),Methods of Testing Bond in Reinforced Concrete: Part 1 Pull-Out Test,1967.0,Current,UNKNOWN,UNKNOWN,CED — Civil Engineering Department,Collected,https://standards.bis.gov.in/website/know-your-standards,IS 2770,Yes,,"BIS searchKnowStandards, collected 2026-09-10",2027-02-28,No
IS 278,Galvanized steel barbed wire for fencing - Specification (Fourth Revision),2009.0,Current,UNKNOWN,UNKNOWN,MED — Mechanical Engineering Department,Collected,https://standards.bis.gov.in/website/know-your-standards,IS 278,Yes,,"BIS searchKnowStandards, collected 2026-09-10",2030-12-31,No
IS 2800,CONSTRUCTION AND TESTING OF TUBEWELLS  — CODE OF PRACTICE,2025.0,Current,UNKNOWN,UNKNOWN,MED — Mechanical Engineering Department,Collected,https://standards.bis.gov.in/website/know-your-standards,IS 2800,Yes,,"BIS searchKnowStandards, collected 2026-09-10",2030-11-10,No
IS 281,Mild steel sliding door bolts for use with padlocks - Specification (Fourth Revision),2009.0,Current,UNKNOWN,UNKNOWN,CED — Civil Engineering Department,Collected,https://standards.bis.gov.in/website/know-your-standards,IS 281,Yes,,"BIS searchKnowStandards, collected 2026-09-10",2028-09-30,No
IS 2825,Code for unfired pressure vessels,1969.0,Current,UNKNOWN,UNKNOWN,MED — Mechanical Engineering Department,Collected,https://standards.bis.gov.in/website/know-your-standards,IS 2825,Yes,,"BIS searchKnowStandards, collected 2026-09-10",2027-02-28,No
IS 2830,"Carbon steel cast billet ingots, billets, blooms and slabs for re-rolling into steel for general structural purposes - Specification (Third Revision)",2012.0,Withdrawn,UNKNOWN,UNKNOWN,MTD — Metallurgical Engineering Department,Collected,https://standards.bis.gov.in/website/know-your-standards,IS 2830,Yes,,"BIS searchKnowStandards, collected 2026-09-10",2027-03-31,No
IS 2835,Specification for flat transparent sheet glass (Third Revision),1987.0,Current,UNKNOWN,UNKNOWN,CHD — Chemical Department,Collected,https://standards.bis.gov.in/website/know-your-standards,IS 2835,Yes,,"BIS searchKnowStandards, collected 2026-09-10",2029-12-23,No
IS 285,LAUNDRY SOAPS - Specification (Fourth Revision) ,2021.0,Current,UNKNOWN,UNKNOWN,CHD — Chemical Department,Collected,https://standards.bis.gov.in/website/know-your-standards,IS 285,Yes,,"BIS searchKnowStandards, collected 2026-09-10",2031-03-05,No
IS 287,Permissible Moisture Content for Timber Used for Different Purposes - Recommendations (Third Revision),1993.0,Current,UNKNOWN,UNKNOWN,CED — Civil Engineering Department,Collected,https://standards.bis.gov.in/website/know-your-standards,IS 287,Yes,,"BIS searchKnowStandards, collected 2026-09-10",2027-10-31,No
IS 2871,"Branch pipe, universal for fire fighting purpose - Specification (Second Revision)",2012.0,Current,UNKNOWN,UNKNOWN,CED — Civil Engineering Department,Collected,https://standards.bis.gov.in/website/know-your-standards,IS 2871,Yes,,"BIS searchKnowStandards, collected 2026-09-10",2027-06-30,No
IS 2872,"Low carbon steel, cylinders for the storage and transportation of liquefiable gases",1967.0,Withdrawn,UNKNOWN,UNKNOWN,MED — Mechanical Engineering Department,Collected,https://standards.bis.gov.in/website/know-your-standards,IS 2872,Yes,,"BIS searchKnowStandards, collected 2026-09-10",,
IS 2905,Concrete poles for overhead power and telecommunication lines - Methods of test (First Revision),1989.0,Current,UNKNOWN,UNKNOWN,CED — Civil Engineering Department,Collected,https://standards.bis.gov.in/website/know-your-standards,IS 2905,Yes,,"BIS searchKnowStandards, collected 2026-09-10",2027-01-31,No
IS 2906,Sluice Valves for Water Works Purposes (350 to 1200 mm Size),1984.0,Withdrawn,UNKNOWN,UNKNOWN,CED — Civil Engineering Department,Collected,https://standards.bis.gov.in/website/know-your-standards,IS 2906,Yes,,"BIS searchKnowStandards, collected 2026-09-10",,
IS 2911 (Part 1/Sec 1),Design and construction of pile foundations - Code of practice: Part 1 concrete piles: Sec 1 driven cast in-situ concrete piles (Second Revision),2010.0,Withdrawn,UNKNOWN,UNKNOWN,CED — Civil Engineering Department,Collected,https://standards.bis.gov.in/website/know-your-standards,IS 2911,Yes,,"BIS searchKnowStandards, collected 2026-09-10",2030-05-31,No
IS 2925,Specification for industrial safety helmets (Second Revision),1984.0,Current,UNKNOWN,UNKNOWN,CED — Civil Engineering Department,Collected,https://standards.bis.gov.in/website/know-your-standards,IS 2925,Yes,,"BIS searchKnowStandards, collected 2026-09-10",2030-06-20,No
IS 2930,Functional requirements for hose laying tender for fire brigade use (First Revision),1980.0,Withdrawn,UNKNOWN,UNKNOWN,CED — Civil Engineering Department,Collected,https://standards.bis.gov.in/website/know-your-standards,IS 2930,Yes,,"BIS searchKnowStandards, collected 2026-09-10",2027-09-30,No
IS 2932,Air Drying Enamel Paint for Architectural and Industrial Applications - Specification (Fifth Revision),2025.0,Current,UNKNOWN,UNKNOWN,CHD — Chemical Department,Collected,https://standards.bis.gov.in/website/know-your-standards,IS 2932,Yes,,"BIS searchKnowStandards, collected 2026-09-10",2030-09-30,No
IS 2950 (Part 1),Code of practice for design and construction of raft foundations: Part 1 design (Second Revision),1981.0,Withdrawn,UNKNOWN,UNKNOWN,CED — Civil Engineering Department,Collected,https://standards.bis.gov.in/website/know-your-standards,IS 2950,Yes,,"BIS searchKnowStandards, collected 2026-09-10",2028-11-30,No
IS 2959,Contractors for voltages not exceeding 1000 V ac or 1200 V dc,1985.0,Withdrawn,UNKNOWN,UNKNOWN,ETD — Electrotechnical Department,Collected,https://standards.bis.gov.in/website/know-your-standards,IS 2959,Yes,,"BIS searchKnowStandards, collected 2026-09-10",,
IS 2963,Copper Alloy Waste Fittings and Waste Plug for Wash Basin and Sinks - Specification (second revision) (amalgamating  IS 3311),2013.0,Current,UNKNOWN,UNKNOWN,CED — Civil Engineering Department,Collected,https://standards.bis.gov.in/website/know-your-standards,IS 2963,Yes,,"BIS searchKnowStandards, collected 2026-09-10",2028-09-30,No
IS 2974 (Part 1),Code of practice for design and construction of machine foundations: Part 1 foundation for reciprocating type machines (Second Revision),1982.0,Current,UNKNOWN,UNKNOWN,CED — Civil Engineering Department,Collected,https://standards.bis.gov.in/website/know-your-standards,IS 2974,Yes,,"BIS searchKnowStandards, collected 2026-09-10",2028-11-30,No
IS 2982,Copper conductors in insulated cables and cords,1965.0,Withdrawn,UNKNOWN,UNKNOWN,ETD — Electrotechnical Department,Collected,https://standards.bis.gov.in/website/know-your-standards,IS 2982,Yes,,"BIS searchKnowStandards, collected 2026-09-10",,
IS 2992,"Insulation resistance testers, hand operated (magneto generator type)",1987.0,Withdrawn,UNKNOWN,UNKNOWN,ETD — Electrotechnical Department,Collected,https://standards.bis.gov.in/website/know-your-standards,IS 2992,Yes,,"BIS searchKnowStandards, collected 2026-09-10",,
IS 2993 (Part 1),"a.c. Motor Capacitors Part 1 General - Performance, Testing and Rating - Safety Requirements - Guidance for Installation and Operation ( Third Revision ) ",2024.0,Current,UNKNOWN,UNKNOWN,ETD — Electrotechnical Department,Collected,https://standards.bis.gov.in/website/know-your-standards,IS 2993,Yes,,"BIS searchKnowStandards, collected 2026-09-10",2029-08-31,No
IS 2997,Specification for air circulator type electric fans and regulators,1964.0,Current,UNKNOWN,UNKNOWN,ETD — Electrotechnical Department,Collected,https://standards.bis.gov.in/website/know-your-standards,IS 2997,Yes,,"BIS searchKnowStandards, collected 2026-09-10",2031-01-16,No
IS 300,Specification for the national flag of India (silk khadi) (second revision) ,1968.0,Current,UNKNOWN,UNKNOWN,TXD — Textile Department,Collected,https://standards.bis.gov.in/website/know-your-standards,IS 300,Yes,,"BIS searchKnowStandards, collected 2026-09-10",2028-03-31,No
IS 302 (Part 1),Safety of household and similar electrical appliances: Part 1 general requirements (Sixth Revision),2008.0,Current,UNKNOWN,UNKNOWN,ETD — Electrotechnical Department,Collected,https://standards.bis.gov.in/website/know-your-standards,IS 302,Yes,,"BIS searchKnowStandards, collected 2026-09-10",2021-01-31,Yes
IS 302 (Part 2/Sec 201),Safety of household and similar electrical appliances: Part 2 particular requirements: Sec 201 electric immersion water heaters (First Revision),2008.0,Current,UNKNOWN,UNKNOWN,ETD — Electrotechnical Department,Collected,https://standards.bis.gov.in/website/know-your-standards,IS 302,Yes,,"BIS searchKnowStandards, collected 2026-09-10",2021-01-31,Yes
IS 302 (Part 2/Sec 202),Safety of household and similar electrical appliances: Part 2 particular requirements: Sec 202 electric stoves,1992.0,Withdrawn,UNKNOWN,UNKNOWN,ETD — Electrotechnical Department,Collected,https://standards.bis.gov.in/website/know-your-standards,IS 302,Yes,,"BIS searchKnowStandards, collected 2026-09-10",2021-01-31,Yes
IS 302 (Part 2/Sec 3),Safety of household and similar electrical appliances: Part 2 particular requirements: Sec 3 electric iron (First Revision),2007.0,Current,UNKNOWN,UNKNOWN,ETD — Electrotechnical Department,Collected,https://standards.bis.gov.in/website/know-your-standards,IS 302,Yes,,"BIS searchKnowStandards, collected 2026-09-10",2021-01-31,Yes
IS 302 (Part 2/Sec 30),Safety of household and similar electrical appliances: Part 2 particular requirements: Sec 30 room heaters (First Revision),2007.0,Current,UNKNOWN,UNKNOWN,ETD — Electrotechnical Department,Collected,https://standards.bis.gov.in/website/know-your-standards,IS 302,Yes,,"BIS searchKnowStandards, collected 2026-09-10",2021-01-31,Yes
IS 3021,Bentonite for use in foundries,1975.0,Withdrawn,UNKNOWN,UNKNOWN,MTD — Metallurgical Engineering Department,Collected,https://standards.bis.gov.in/website/know-your-standards,IS 3021,Yes,,"BIS searchKnowStandards, collected 2026-09-10",,
IS 3024,Cold Rolled Grain Oriented Electrical Steel Strip and Sheet Delivered in Fully Processed State (Third Revision),2015.0,Current,UNKNOWN,UNKNOWN,MTD — Metallurgical Engineering Department,Collected,https://standards.bis.gov.in/website/know-your-standards,IS 3024,Yes,,"BIS searchKnowStandards, collected 2026-09-10",2026-11-01,No
IS 303,IS 303: 2024 Plywood for General Purposes - Specification (fourth revision)  ( Draft Second Amendment of IS 303:2024)  ( ICS 79.060.10),2024.0,Superseded,UNKNOWN,UNKNOWN,CED — Civil Engineering Department,Collected,https://standards.bis.gov.in/website/know-your-standards,IS 303,Yes,,"BIS searchKnowStandards, collected 2026-09-10",2031-03-20,No
IS 3034,Fire Safety of Industrial Buildings: Electrical Generating and Distributing Stations - Code of Practice (Second Revision),1993.0,Current,UNKNOWN,UNKNOWN,CED — Civil Engineering Department,Collected,https://standards.bis.gov.in/website/know-your-standards,IS 3034,Yes,,"BIS searchKnowStandards, collected 2026-09-10",2027-01-31,No
IS 3035 (Part 1),Thermoplastic insulated weatherproof cables: Part 1 PVC insulated and PVC sheathed,1965.0,Withdrawn,UNKNOWN,UNKNOWN,ETD — Electrotechnical Department,Collected,https://standards.bis.gov.in/website/know-your-standards,IS 3035,Yes,,"BIS searchKnowStandards, collected 2026-09-10",,
IS 3042,Specification for single faced sluice gates (200 to 1200 mm),1965.0,Withdrawn,UNKNOWN,UNKNOWN,CED — Civil Engineering Department,Collected,https://standards.bis.gov.in/website/know-your-standards,IS 3042,Yes,,"BIS searchKnowStandards, collected 2026-09-10",2028-09-30,No
IS 3046,Marking of wooden hatenway covers,1965.0,Withdrawn,UNKNOWN,UNKNOWN,TED — Transport Engineering Department,Collected,https://standards.bis.gov.in/website/know-your-standards,IS 3046,Yes,,"BIS searchKnowStandards, collected 2026-09-10",,
IS 306,Specification for tin bronze ingots and castings (Third Revision),1983.0,Current,UNKNOWN,UNKNOWN,MTD — Metallurgical Engineering Department,Collected,https://standards.bis.gov.in/website/know-your-standards,IS 306,Yes,,"BIS searchKnowStandards, collected 2026-09-10",2031-03-23,No
IS 3063,Fasteners - Single coil rectangular section spring lock washers specification (Second Revision),1994.0,Current,UNKNOWN,UNKNOWN,PGD — Production And General Engineering Department,Collected,https://standards.bis.gov.in/website/know-your-standards,IS 3063,Yes,,"BIS searchKnowStandards, collected 2026-09-10",2030-06-25,No
IS 3069,"Glossary of Terms, Symbols and Units Relating to Thermal Insulation Materials ( Second Revision ) ",2020.0,Current,UNKNOWN,UNKNOWN,CHD — Chemical Department,Collected,https://standards.bis.gov.in/website/know-your-standards,IS 3069,Yes,,"BIS searchKnowStandards, collected 2026-09-10",2029-04-30,No
IS 307,Carbon Dioxide ï¿½Specification  (Third Revision),2024.0,Current,UNKNOWN,UNKNOWN,CHD — Chemical Department,Collected,https://standards.bis.gov.in/website/know-your-standards,IS 307,Yes,,"BIS searchKnowStandards, collected 2026-09-10",2029-08-31,No
IS 3070 (Part 1),Surge Arresters for Alternating Current Systems - Part 1 : Non-linear Resistor Type Surge Arresters,1985.0,Withdrawn,UNKNOWN,UNKNOWN,ETD — Electrotechnical Department,Collected,https://standards.bis.gov.in/website/know-your-standards,IS 3070,Yes,,"BIS searchKnowStandards, collected 2026-09-10",,
IS 3070 (Part 2),Lightning arresters for alternating current systems: Part 2 Expulsion type lighting arresters,1989.0,Withdrawn,UNKNOWN,UNKNOWN,ETD — Electrotechnical Department,Collected,https://standards.bis.gov.in/website/know-your-standards,IS 3070,Yes,,"BIS searchKnowStandards, collected 2026-09-10",,
IS 3070 (Part 3),Lightning aresters for alternating current systems - Specification: Part 3 metal oxide lightning arresters without gaps,1993.0,Withdrawn,UNKNOWN,UNKNOWN,ETD — Electrotechnical Department,Collected,https://standards.bis.gov.in/website/know-your-standards,IS 3070,Yes,,"BIS searchKnowStandards, collected 2026-09-10",,
IS 3072,Code of practice for installation and maintenance of switchgear,1975.0,Withdrawn,UNKNOWN,UNKNOWN,ETD — Electrotechnical Department,Collected,https://standards.bis.gov.in/website/know-your-standards,IS 3072,Yes,,"BIS searchKnowStandards, collected 2026-09-10",,
IS 3073,Assessment of surface roughness,1967.0,Current,UNKNOWN,UNKNOWN,PGD — Production And General Engineering Department,Collected,https://standards.bis.gov.in/website/know-your-standards,IS 3073,Yes,,"BIS searchKnowStandards, collected 2026-09-10",2031-07-06,No
IS 3075 (Part 1),Specification for circlips: Part 1 for shafts  (First Revision),1986.0,Current,UNKNOWN,UNKNOWN,PGD — Production And General Engineering Department,Collected,https://standards.bis.gov.in/website/know-your-standards,IS 3075,Yes,,"BIS searchKnowStandards, collected 2026-09-10",2027-03-31,No
IS 3078,TEXTILES RINGS FOR SPINNING AND DOUBLING FRAMES SPECIFICATION (Fifth Revision),2023.0,Current,UNKNOWN,UNKNOWN,TXD — Textile Department,Collected,https://standards.bis.gov.in/website/know-your-standards,IS 3078,Yes,,"BIS searchKnowStandards, collected 2026-09-10",2028-07-31,No
IS 3087,Practicle boards of wood and other lingnocellulosic materials (medium density) for general purposes -Specification,2005.0,Current,UNKNOWN,UNKNOWN,CED — Civil Engineering Department,Collected,https://standards.bis.gov.in/website/know-your-standards,IS 3087,Yes,,"BIS searchKnowStandards, collected 2026-09-10",2025-02-28,Yes
IS 3091,Aluminium bronze ingots and castings for overhead fittings in electric traction - Specification (First Revision),1999.0,Current,UNKNOWN,UNKNOWN,MTD — Metallurgical Engineering Department,Collected,https://standards.bis.gov.in/website/know-your-standards,IS 3091,Yes,,"BIS searchKnowStandards, collected 2026-09-10",2031-03-23,No
IS 3097,Veneered Medium Density Particle Boards from Wood and other Lignocellulosic Material - Specification  ( Third Revision ),2025.0,Current,UNKNOWN,UNKNOWN,CED — Civil Engineering Department,Collected,https://standards.bis.gov.in/website/know-your-standards,IS 3097,Yes,,"BIS searchKnowStandards, collected 2026-09-10",2030-08-31,No
IS 3099 (Part 1 TO 2),Microscopes - Slips and slidesspecification: Part 1 microscope slips: Part 2 microscope slides  (First Revision),1992.0,Current,UNKNOWN,UNKNOWN,PGD — Production And General Engineering Department,Collected,https://standards.bis.gov.in/website/know-your-standards,IS 3099,Yes,,"BIS searchKnowStandards, collected 2026-09-10",2030-10-28,No
IS 3106,"Code of practice for selection, installation, maintenance of fuses (voltage not exceeding 650 volts)",1996.0,Withdrawn,UNKNOWN,UNKNOWN,ETD — Electrotechnical Department,Collected,https://standards.bis.gov.in/website/know-your-standards,IS 3106,Yes,,"BIS searchKnowStandards, collected 2026-09-10",,
IS 3114,Code of Practice for Laying of Cast Iron Pipes (Second Revision),1994.0,Current,UNKNOWN,UNKNOWN,CED — Civil Engineering Department,Collected,https://standards.bis.gov.in/website/know-your-standards,IS 3114,Yes,,"BIS searchKnowStandards, collected 2026-09-10",2029-08-31,No
IS 3116,Sealing compound for lead - Acid bateries (Bitumen Based) - Specification (First Revision) ,2002.0,Superseded,UNKNOWN,UNKNOWN,"PCD — Petroleum, Coal And Related Products Department",Collected,https://standards.bis.gov.in/website/know-your-standards,IS 3116,Yes,,"BIS searchKnowStandards, collected 2026-09-10",2031-03-25,No
IS 3136,Specification for polycrystalline semiconductor rectifier equipment,1965.0,Withdrawn,UNKNOWN,UNKNOWN,ETD — Electrotechnical Department,Collected,https://standards.bis.gov.in/website/know-your-standards,IS 3136,Yes,,"BIS searchKnowStandards, collected 2026-09-10",,
IS 3138,Hexagonal Bolts and Nuts (M42 to M150),1966.0,Withdrawn,UNKNOWN,UNKNOWN,PGD — Production And General Engineering Department,Collected,https://standards.bis.gov.in/website/know-your-standards,IS 3138,Yes,,"BIS searchKnowStandards, collected 2026-09-10",,
IS 3144,Mineral Wool Thermal Insulation Materials - Method of Test (Third Revision),2024.0,Current,UNKNOWN,UNKNOWN,CHD — Chemical Department,Collected,https://standards.bis.gov.in/website/know-your-standards,IS 3144,Yes,,"BIS searchKnowStandards, collected 2026-09-10",2029-09-30,No
IS 318,Specification for leaded tin bronze ingots and castings (Second Revision),1981.0,Current,UNKNOWN,UNKNOWN,MTD — Metallurgical Engineering Department,Collected,https://standards.bis.gov.in/website/know-your-standards,IS 318,Yes,,"BIS searchKnowStandards, collected 2026-09-10",2031-03-23,No
IS 3188,Characteristics Of String Insulator Units,1980.0,Withdrawn,UNKNOWN,UNKNOWN,ETD — Electrotechnical Department,Collected,https://standards.bis.gov.in/website/know-your-standards,IS 3188,Yes,,"BIS searchKnowStandards, collected 2026-09-10",,
IS 320,Specification for high tensile brass rods and sections (Other Than Forging Stock) (Second Revision),1980.0,Current,UNKNOWN,UNKNOWN,MTD — Metallurgical Engineering Department,Collected,https://standards.bis.gov.in/website/know-your-standards,IS 320,Yes,,"BIS searchKnowStandards, collected 2026-09-10",2027-03-31,No
IS 3203,Methods of testing local thickness of electroplated coatings (First Revision),1982.0,Current,UNKNOWN,UNKNOWN,MTD — Metallurgical Engineering Department,Collected,https://standards.bis.gov.in/website/know-your-standards,IS 3203,Yes,,"BIS searchKnowStandards, collected 2026-09-10",2031-03-27,No
IS 3224,Valve for compressed gas cylinders excluding liquefied petroleum gas (LPG) cylinders - Specification (fourth revision),2021.0,Current,UNKNOWN,UNKNOWN,MED — Mechanical Engineering Department,Collected,https://standards.bis.gov.in/website/know-your-standards,IS 3224,Yes,,"BIS searchKnowStandards, collected 2026-09-10",2030-12-12,No
IS 3287,Industrial lighting fittings with plastic reflectors,1965.0,Withdrawn,UNKNOWN,UNKNOWN,ETD — Electrotechnical Department,Collected,https://standards.bis.gov.in/website/know-your-standards,IS 3287,Yes,,"BIS searchKnowStandards, collected 2026-09-10",,
IS 3311,Waste Plug And Its Accessories For Sinks And Wash-basins,1979.0,Withdrawn,UNKNOWN,UNKNOWN,CED — Civil Engineering Department,Collected,https://standards.bis.gov.in/website/know-your-standards,IS 3311,Yes,,"BIS searchKnowStandards, collected 2026-09-10",,
IS 3312,steel shelving cabinets (adjustable type) -Specification,1984.0,Withdrawn,UNKNOWN,UNKNOWN,CED — Civil Engineering Department,Collected,https://standards.bis.gov.in/website/know-your-standards,IS 3312,Yes,,"BIS searchKnowStandards, collected 2026-09-10",,
IS 3313,Steel Filing Cabinets for General Office Purposes - Specification,1983.0,Withdrawn,UNKNOWN,UNKNOWN,CED — Civil Engineering Department,Collected,https://standards.bis.gov.in/website/know-your-standards,IS 3313,Yes,,"BIS searchKnowStandards, collected 2026-09-10",2025-05-31,Yes
IS 3346,"Method for the determination of thermal conductivity of thermal insulation materials (Two Slab, Guarded Hot - Plate Method) (First Revision)",1980.0,Current,UNKNOWN,UNKNOWN,CHD — Chemical Department,Collected,https://standards.bis.gov.in/website/know-your-standards,IS 3346,Yes,,"BIS searchKnowStandards, collected 2026-09-10",2027-06-30,No
IS 3347 (Part 1/Sec 1),Dimensions for porcelain transformer bushings for use in normal and lightly polluted atmospheres: Part 1 up to and including 1 kV: Sec 1 Porcelain Parts (First Revision),1979.0,Current,UNKNOWN,UNKNOWN,ETD — Electrotechnical Department,Collected,https://standards.bis.gov.in/website/know-your-standards,IS 3347,Yes,,"BIS searchKnowStandards, collected 2026-09-10",2030-05-31,No
IS 3366,Pan Vibrators,1965.0,Withdrawn,UNKNOWN,UNKNOWN,MED — Mechanical Engineering Department,Collected,https://standards.bis.gov.in/website/know-your-standards,IS 3366,Yes,,"BIS searchKnowStandards, collected 2026-09-10",,
IS 3384,Specification for bitumen primer for use in waterproofing and damp-proofing (First Revision),1986.0,Current,UNKNOWN,UNKNOWN,CED — Civil Engineering Department,Collected,https://standards.bis.gov.in/website/know-your-standards,IS 3384,Yes,,"BIS searchKnowStandards, collected 2026-09-10",2030-03-26,No
IS 3385 (Part 1),Code of practice for measurement of civil engineering works: Part 1 Pile foundations,1965.0,Withdrawn,UNKNOWN,UNKNOWN,CED — Civil Engineering Department,Collected,https://standards.bis.gov.in/website/know-your-standards,IS 3385,Yes,,"BIS searchKnowStandards, collected 2026-09-10",,
IS 3400 (Part 1),Methods of Test for Vulcanized Rubber Part 1 Tensile Stress-Strain Properties,2021.0,Current,UNKNOWN,UNKNOWN,"PCD — Petroleum, Coal And Related Products Department",Collected,https://standards.bis.gov.in/website/know-your-standards,IS 3400,Yes,,"BIS searchKnowStandards, collected 2026-09-10",2031-07-09,No
IS 3401,SILICA GEL  SPECIFICATION,2023.0,Current,UNKNOWN,UNKNOWN,CHD — Chemical Department,Collected,https://standards.bis.gov.in/website/know-your-standards,IS 3401,Yes,,"BIS searchKnowStandards, collected 2026-09-10",2028-08-31,No
IS 3412,Electric water boilers - Specification (Second Revision),1994.0,Withdrawn,UNKNOWN,UNKNOWN,ETD — Electrotechnical Department,Collected,https://standards.bis.gov.in/website/know-your-standards,IS 3412,Yes,,"BIS searchKnowStandards, collected 2026-09-10",2029-10-03,No
IS 3414,Code of Practice for Design and Installation of Joints in Buildings,1968.0,Current,UNKNOWN,UNKNOWN,CED — Civil Engineering Department,Collected,https://standards.bis.gov.in/website/know-your-standards,IS 3414,Yes,,"BIS searchKnowStandards, collected 2026-09-10",2030-09-17,No
IS 3452 (Part 1),Toggle Switches - Part I : General Requirements and Tests,1966.0,Withdrawn,UNKNOWN,UNKNOWN,LITD — Electronics And Information Technology Department,Collected,https://standards.bis.gov.in/website/know-your-standards,IS 3452,Yes,,"BIS searchKnowStandards, collected 2026-09-10",,
IS 3468,Pipe nuts - Specification (Second Revision),1991.0,Current,UNKNOWN,UNKNOWN,PGD — Production And General Engineering Department,Collected,https://standards.bis.gov.in/website/know-your-standards,IS 3468,Yes,,"BIS searchKnowStandards, collected 2026-09-10",2030-06-25,No
IS 3473,Solvent-extracted Groundnut Oil,1966.0,Withdrawn,UNKNOWN,UNKNOWN,FAD — Food And Agriculture Department,Collected,https://standards.bis.gov.in/website/know-your-standards,IS 3473,Yes,,"BIS searchKnowStandards, collected 2026-09-10",,
IS 3495 (Part 1),Burnt Clay Building Bricks â€” Methods of Tests Part 1 Determination of Compressive Strength ( Fourth Revision ) ,2019.0,Current,UNKNOWN,UNKNOWN,CED — Civil Engineering Department,Collected,https://standards.bis.gov.in/website/know-your-standards,IS 3495,Yes,,"BIS searchKnowStandards, collected 2026-09-10",2031-02-17,No
IS 350,"Organic, Baking, Impregnating, Insulating Varnishes For Electrical Purposes",1968.0,Withdrawn,UNKNOWN,UNKNOWN,ETD — Electrotechnical Department,Collected,https://standards.bis.gov.in/website/know-your-standards,IS 350,Yes,,"BIS searchKnowStandards, collected 2026-09-10",,
IS 3502,Steel chequered plates (Third Revision),2009.0,Current,UNKNOWN,UNKNOWN,MTD — Metallurgical Engineering Department,Collected,https://standards.bis.gov.in/website/know-your-standards,IS 3502,Yes,,"BIS searchKnowStandards, collected 2026-09-10",2026-11-30,No
IS 3513 (Part 2),Resin treated compressed wood laminates (compregs) - Specification Part 2 For chemical purposes,1989.0,Current,UNKNOWN,UNKNOWN,CED — Civil Engineering Department,Collected,https://standards.bis.gov.in/website/know-your-standards,IS 3513,Yes,,"BIS searchKnowStandards, collected 2026-09-10",2029-10-31,No
IS 3521 (Part 1),Personal fall arrest systems  - Specification : Part 1 full body harness (Fourth Revision),2021.0,Current,UNKNOWN,UNKNOWN,CHD — Chemical Department,Collected,https://standards.bis.gov.in/website/know-your-standards,IS 3521,Yes,,"BIS searchKnowStandards, collected 2026-09-10",2031-01-02,No
IS 3531,Corrosion of metals and alloys ï¿½ Vocabulary,2024.0,Current,UNKNOWN,UNKNOWN,MTD — Metallurgical Engineering Department,Collected,https://standards.bis.gov.in/website/know-your-standards,IS 3531,Yes,,"BIS searchKnowStandards, collected 2026-09-10",2029-03-31,No
IS 355,Rosin For Paints And Varnishes,1952.0,Withdrawn,UNKNOWN,UNKNOWN,CHD — Chemical Department,Collected,https://standards.bis.gov.in/website/know-your-standards,IS 355,Yes,,"BIS searchKnowStandards, collected 2026-09-10",,
IS 3558,Code of Practice for Use of Immersion Vibrators for Consolidating Concrete (First Revision),1983.0,Current,UNKNOWN,UNKNOWN,CED — Civil Engineering Department,Collected,https://standards.bis.gov.in/website/know-your-standards,IS 3558,Yes,,"BIS searchKnowStandards, collected 2026-09-10",2028-06-30,No
IS 3564,Hydraulically Regulated Door Closers -Specification,1995.0,Current,UNKNOWN,UNKNOWN,CED — Civil Engineering Department,Collected,https://standards.bis.gov.in/website/know-your-standards,IS 3564,Yes,,"BIS searchKnowStandards, collected 2026-09-10",2028-09-30,No
IS 3576,Spices And  Condiments - Turmeric Whole and Ground - Specification (Third Revision),2022.0,Current,UNKNOWN,UNKNOWN,FAD — Food And Agriculture Department,Collected,https://standards.bis.gov.in/website/know-your-standards,IS 3576,Yes,,"BIS searchKnowStandards, collected 2026-09-10",2027-03-31,No
IS 3582,Basket Strainers For Fire Fighting Purposes (cylindrical Type) (First Revision),1984.0,Current,UNKNOWN,UNKNOWN,CED — Civil Engineering Department,Collected,https://standards.bis.gov.in/website/know-your-standards,IS 3582,Yes,,"BIS searchKnowStandards, collected 2026-09-10",2030-06-20,No
IS 3588,Specification for electric axial flow fans (First Revision),1987.0,Current,UNKNOWN,UNKNOWN,ETD — Electrotechnical Department,Collected,https://standards.bis.gov.in/website/know-your-standards,IS 3588,Yes,,"BIS searchKnowStandards, collected 2026-09-10",2031-01-16,No
IS 3597,Concrete pipes - Methods of test,1998.0,Current,UNKNOWN,UNKNOWN,CED — Civil Engineering Department,Collected,https://standards.bis.gov.in/website/know-your-standards,IS 3597,Yes,,"BIS searchKnowStandards, collected 2026-09-10",2028-11-30,No
IS 3600 (Part 1),Method of testing fusion welded joints and weld metal in steel Part 1 Destructive tests on welds in metallic materials - Tensile test on cruciform and lapped joints (Third revision of IS 3600 (Part 1)),2022.0,Current,UNKNOWN,UNKNOWN,MTD — Metallurgical Engineering Department,Collected,https://standards.bis.gov.in/website/know-your-standards,IS 3600,Yes,,"BIS searchKnowStandards, collected 2026-09-10",2027-03-31,No
IS 3613,Acceptance tests for wire flux combination for submerged arc welding,1974.0,Withdrawn,UNKNOWN,UNKNOWN,MTD — Metallurgical Engineering Department,Collected,https://standards.bis.gov.in/website/know-your-standards,IS 3613,Yes,,"BIS searchKnowStandards, collected 2026-09-10",,
IS 3614,Fire Doors and Doorsets - Specification (first revision),2021.0,Current,UNKNOWN,UNKNOWN,CED — Civil Engineering Department,Collected,https://standards.bis.gov.in/website/know-your-standards,IS 3614,Yes,,"BIS searchKnowStandards, collected 2026-09-10",2029-05-24,No
IS 3614 (Part 2),Metallic and non-metallic fire check doors - Resistance test and performance criteria,1992.0,Withdrawn,UNKNOWN,UNKNOWN,CED — Civil Engineering Department,Collected,https://standards.bis.gov.in/website/know-your-standards,IS 3614,Yes,,"BIS searchKnowStandards, collected 2026-09-10",2029-05-24,No
IS 3618,Specification for phosphate treatment of iron and steel for protection against corrosion,1966.0,Current,UNKNOWN,UNKNOWN,MTD — Metallurgical Engineering Department,Collected,https://standards.bis.gov.in/website/know-your-standards,IS 3618,Yes,,"BIS searchKnowStandards, collected 2026-09-10",2031-03-27,No
IS 362,Parliament Hinges -specification,1991.0,Current,UNKNOWN,UNKNOWN,CED — Civil Engineering Department,Collected,https://standards.bis.gov.in/website/know-your-standards,IS 362,Yes,,"BIS searchKnowStandards, collected 2026-09-10",2031-01-20,No
IS 3624,Specification for pressure and vacuum gauges (Second Revision),1987.0,Current,UNKNOWN,UNKNOWN,ETD — Electrotechnical Department,Collected,https://standards.bis.gov.in/website/know-your-standards,IS 3624,Yes,,"BIS searchKnowStandards, collected 2026-09-10",2023-04-30,Yes
IS 3629,Structural Timber In Building - Specification (First Revision),1986.0,Current,UNKNOWN,UNKNOWN,CED — Civil Engineering Department,Collected,https://standards.bis.gov.in/website/know-your-standards,IS 3629,Yes,,"BIS searchKnowStandards, collected 2026-09-10",2030-09-17,No
IS 3637,Specification for gas - Operated relays,1966.0,Current,UNKNOWN,UNKNOWN,ETD — Electrotechnical Department,Collected,https://standards.bis.gov.in/website/know-your-standards,IS 3637,Yes,,"BIS searchKnowStandards, collected 2026-09-10",2021-01-01,Yes
IS 3658,Code of practice for liquid penetrant flaw detection (Second Revision),1999.0,Current,UNKNOWN,UNKNOWN,MTD — Metallurgical Engineering Department,Collected,https://standards.bis.gov.in/website/know-your-standards,IS 3658,Yes,,"BIS searchKnowStandards, collected 2026-09-10",2031-02-20,No
IS 3664,Code of practice for ultrasonic pulse echo testing by contact and immersion methods (first revision),1981.0,Current,UNKNOWN,UNKNOWN,MTD — Metallurgical Engineering Department,Collected,https://standards.bis.gov.in/website/know-your-standards,IS 3664,Yes,,"BIS searchKnowStandards, collected 2026-09-10",2031-01-08,No
IS 3676,Pressure sensitive adhesive PVC tapes,1986.0,Withdrawn,UNKNOWN,UNKNOWN,"PCD — Petroleum, Coal And Related Products Department",Collected,https://standards.bis.gov.in/website/know-your-standards,IS 3676,Yes,,"BIS searchKnowStandards, collected 2026-09-10",,
IS 3681,"Gears - Cylindrical, gears - Accuracies  (First Revision)",1995.0,Current,UNKNOWN,UNKNOWN,PGD — Production And General Engineering Department,Collected,https://standards.bis.gov.in/website/know-your-standards,IS 3681,Yes,,"BIS searchKnowStandards, collected 2026-09-10",2030-09-30,No
IS 3696 (Part 1),Safety code of scaffolds and ladders: Part 1 Scaffolds,1987.0,Current,UNKNOWN,UNKNOWN,CED — Civil Engineering Department,Collected,https://standards.bis.gov.in/website/know-your-standards,IS 3696,Yes,,"BIS searchKnowStandards, collected 2026-09-10",2027-03-01,No
IS 3696 (Part 2),Scaffolds and Ladders - Code of Safety - Part 2 : Ladders,1991.0,Current,UNKNOWN,UNKNOWN,CED — Civil Engineering Department,Collected,https://standards.bis.gov.in/website/know-your-standards,IS 3696,Yes,,"BIS searchKnowStandards, collected 2026-09-10",2027-03-01,No
IS 3700 (Part 1),Essential Ratings and Characteristics of Semiconductor Devices - Part 1 : General,1972.0,Withdrawn,UNKNOWN,UNKNOWN,LITD — Electronics And Information Technology Department,Collected,https://standards.bis.gov.in/website/know-your-standards,IS 3700,Yes,,"BIS searchKnowStandards, collected 2026-09-10",,
IS 3716,Application guide for insulation coordination,1978.0,Withdrawn,UNKNOWN,UNKNOWN,ETD — Electrotechnical Department,Collected,https://standards.bis.gov.in/website/know-your-standards,IS 3716,Yes,,"BIS searchKnowStandards, collected 2026-09-10",,
IS 3735,Canvas Shoes Rubber Sole - Specification (Third Revision ),2025.0,Current,UNKNOWN,UNKNOWN,CHD — Chemical Department,Collected,https://standards.bis.gov.in/website/know-your-standards,IS 3735,Yes,,"BIS searchKnowStandards, collected 2026-09-10",2030-11-17,No
IS 3736,"Canvas boots, rubber sole - Specification (Second Revision)",1995.0,Current,UNKNOWN,UNKNOWN,CHD — Chemical Department,Collected,https://standards.bis.gov.in/website/know-your-standards,IS 3736,Yes,,"BIS searchKnowStandards, collected 2026-09-10",2026-11-30,No
IS 3757,Specification for high strength structural bolts (Second Revision),1985.0,Current,UNKNOWN,UNKNOWN,PGD — Production And General Engineering Department,Collected,https://standards.bis.gov.in/website/know-your-standards,IS 3757,Yes,,"BIS searchKnowStandards, collected 2026-09-10",2028-01-15,No
IS 3764,Code of safety for excavation work,1992.0,Current,UNKNOWN,UNKNOWN,CED — Civil Engineering Department,Collected,https://standards.bis.gov.in/website/know-your-standards,IS 3764,Yes,,"BIS searchKnowStandards, collected 2026-09-10",2027-03-31,No
IS 3792,Guide for Heat Insulation of Non-industrial Buildings (First Revision),1978.0,Current,UNKNOWN,UNKNOWN,CED — Civil Engineering Department,Collected,https://standards.bis.gov.in/website/know-your-standards,IS 3792,Yes,,"BIS searchKnowStandards, collected 2026-09-10",2028-11-30,No
IS 3812 (Part 1),"Pulverized fuel ash - Specification: Part 1 For use as pozzolana in cement, cement mortar and concrete (Third Revision)",2013.0,Current,UNKNOWN,UNKNOWN,CED — Civil Engineering Department,Collected,https://standards.bis.gov.in/website/know-your-standards,IS 3812,Yes,,"BIS searchKnowStandards, collected 2026-09-10",2027-11-30,No
IS 3815,Point Hooks with Shank for General Engineering Purposes,1969.0,Withdrawn,UNKNOWN,UNKNOWN,MED — Mechanical Engineering Department,Collected,https://standards.bis.gov.in/website/know-your-standards,IS 3815,Yes,,"BIS searchKnowStandards, collected 2026-09-10",,
IS 3818,Continuous (Piano) hinges -Specification,1992.0,Current,UNKNOWN,UNKNOWN,CED — Civil Engineering Department,Collected,https://standards.bis.gov.in/website/know-your-standards,IS 3818,Yes,,"BIS searchKnowStandards, collected 2026-09-10",2027-01-31,No
IS 3843,Steel back flap hinges -Specification,1995.0,Superseded,UNKNOWN,UNKNOWN,CED — Civil Engineering Department,Collected,https://standards.bis.gov.in/website/know-your-standards,IS 3843,Yes,,"BIS searchKnowStandards, collected 2026-09-10",2030-12-24,No
IS 3844,Code of practice for installation and maintenance of internal fire hydrants and hose reels on premises (First Revision),1989.0,Current,UNKNOWN,UNKNOWN,CED — Civil Engineering Department,Collected,https://standards.bis.gov.in/website/know-your-standards,IS 3844,Yes,,"BIS searchKnowStandards, collected 2026-09-10",2030-06-20,No
IS 3861,"Method of Measurement of Plinth, Carpet and Rentable Area of Buildings",2002.0,Current,UNKNOWN,UNKNOWN,CED — Civil Engineering Department,Collected,https://standards.bis.gov.in/website/know-your-standards,IS 3861,Yes,,"BIS searchKnowStandards, collected 2026-09-10",2027-09-30,No
IS 388,"Hydroquinone, Photographic Grade - Specification  (Fourth Revision)",2024.0,Current,UNKNOWN,UNKNOWN,CHD — Chemical Department,Collected,https://standards.bis.gov.in/website/know-your-standards,IS 388,Yes,,"BIS searchKnowStandards, collected 2026-09-10",2029-05-31,No
IS 3895,Specification for monocrystalline semiconductor rectifier cells and stacks,1966.0,Withdrawn,UNKNOWN,UNKNOWN,ETD — Electrotechnical Department,Collected,https://standards.bis.gov.in/website/know-your-standards,IS 3895,Yes,,"BIS searchKnowStandards, collected 2026-09-10",,
IS 3913,Hydrometry - Functional requirements and characteristics of suspended - Sediment samplers (Second Revision),2014.0,Withdrawn,UNKNOWN,UNKNOWN,WRD — Water Resources Department,Collected,https://standards.bis.gov.in/website/know-your-standards,IS 3913,Yes,,"BIS searchKnowStandards, collected 2026-09-10",2030-03-31,No
IS 3917,Scoop type bed material samplers - Specification (First Revision),2003.0,Current,UNKNOWN,UNKNOWN,WRD — Water Resources Department,Collected,https://standards.bis.gov.in/website/know-your-standards,IS 3917,Yes,,"BIS searchKnowStandards, collected 2026-09-10",2028-03-31,No
IS 3935,Code of practice for composite construction,1966.0,Current,UNKNOWN,UNKNOWN,CED — Civil Engineering Department,Collected,https://standards.bis.gov.in/website/know-your-standards,IS 3935,Yes,,"BIS searchKnowStandards, collected 2026-09-10",2027-04-30,No
IS 3938,Specification for electric wire rope hoists (Second Revision),1983.0,Current,UNKNOWN,UNKNOWN,MED — Mechanical Engineering Department,Collected,https://standards.bis.gov.in/website/know-your-standards,IS 3938,Yes,,"BIS searchKnowStandards, collected 2026-09-10",2031-03-12,No
IS 3939,"Maize Sheller, Manually - Operated",1979.0,Withdrawn,UNKNOWN,UNKNOWN,FAD — Food And Agriculture Department,Collected,https://standards.bis.gov.in/website/know-your-standards,IS 3939,Yes,,"BIS searchKnowStandards, collected 2026-09-10",,
IS 3950,Specification for surface boxes for sluice valves (first revision),1979.0,Current,UNKNOWN,UNKNOWN,CED — Civil Engineering Department,Collected,https://standards.bis.gov.in/website/know-your-standards,IS 3950,Yes,,"BIS searchKnowStandards, collected 2026-09-10",2027-10-31,No
IS 3959,SKIN POWDER - SPECIFICATION,2023.0,Current,UNKNOWN,UNKNOWN,"PCD — Petroleum, Coal And Related Products Department",Collected,https://standards.bis.gov.in/website/know-your-standards,IS 3959,Yes,,"BIS searchKnowStandards, collected 2026-09-10",2028-10-31,No
IS 3963,Specification for roof extractor units (First Revision),1987.0,Withdrawn,UNKNOWN,UNKNOWN,ETD — Electrotechnical Department,Collected,https://standards.bis.gov.in/website/know-your-standards,IS 3963,Yes,,"BIS searchKnowStandards, collected 2026-09-10",2029-06-04,No
IS 3976,Safety Rubber Canvas Boots for Miners Ã¢â‚¬â€ Specification ( Sixth Revision ),2018.0,Current,UNKNOWN,UNKNOWN,CHD — Chemical Department,Collected,https://standards.bis.gov.in/website/know-your-standards,IS 3976,Yes,,"BIS searchKnowStandards, collected 2026-09-10",2028-06-30,No
IS 3986,Specificaiton for sodium lauryl sulphate for cosmetic industry (Third Revision),1988.0,Withdrawn,UNKNOWN,UNKNOWN,"PCD — Petroleum, Coal And Related Products Department",Collected,https://standards.bis.gov.in/website/know-your-standards,IS 3986,Yes,,"BIS searchKnowStandards, collected 2026-09-10",2029-08-31,No
IS 4000,High strength bolts in steel structures - Code of practice (First Revision),1992.0,Current,UNKNOWN,UNKNOWN,CED — Civil Engineering Department,Collected,https://standards.bis.gov.in/website/know-your-standards,IS 4000,Yes,,"BIS searchKnowStandards, collected 2026-09-10",2027-12-31,No
IS 4003 (Part 1),Pipe Wrenches - Specification   Part 1 General Purpose(Second revision),2024.0,Current,UNKNOWN,UNKNOWN,PGD — Production And General Engineering Department,Collected,https://standards.bis.gov.in/website/know-your-standards,IS 4003,Yes,,"BIS searchKnowStandards, collected 2026-09-10",2027-04-01,No
IS 4007 (Part 1),Specification for terminals for electronic equipment: Part 1 general requirements and tests (First Revision),1982.0,Withdrawn,UNKNOWN,UNKNOWN,LITD — Electronics And Information Technology Department,Collected,https://standards.bis.gov.in/website/know-your-standards,IS 4007,Yes,,"BIS searchKnowStandards, collected 2026-09-10",2024-06-30,Yes
IS 4009 (Part 1),Specification for grease nipples: Part 1 button head grease nipples  (First Revision),1981.0,Withdrawn,UNKNOWN,UNKNOWN,PGD — Production And General Engineering Department,Collected,https://standards.bis.gov.in/website/know-your-standards,IS 4009,Yes,,"BIS searchKnowStandards, collected 2026-09-10",2030-07-28,No
IS 401,Preservation of Timber - Code of Practice (Fourth Revision),2001.0,Current,UNKNOWN,UNKNOWN,CED — Civil Engineering Department,Collected,https://standards.bis.gov.in/website/know-your-standards,IS 401,Yes,,"BIS searchKnowStandards, collected 2026-09-10",2026-10-31,No
IS 4012,Dust-proof Electric Lighting Fittings,1967.0,Withdrawn,UNKNOWN,UNKNOWN,ETD — Electrotechnical Department,Collected,https://standards.bis.gov.in/website/know-your-standards,IS 4012,Yes,,"BIS searchKnowStandards, collected 2026-09-10",,
IS 4013,Dust-tight Electric Lighting Fittings,1967.0,Withdrawn,UNKNOWN,UNKNOWN,ETD — Electrotechnical Department,Collected,https://standards.bis.gov.in/website/know-your-standards,IS 4013,Yes,,"BIS searchKnowStandards, collected 2026-09-10",,
IS 4014 (Part 1),Code of practice for steel tubular scaffolding: Part 1 definitions and materials,1967.0,Current,UNKNOWN,UNKNOWN,CED — Civil Engineering Department,Collected,https://standards.bis.gov.in/website/know-your-standards,IS 4014,Yes,,"BIS searchKnowStandards, collected 2026-09-10",2031-01-20,No
IS 4029,Guide for testing three phase induction motors (First Revision),2010.0,Current,UNKNOWN,UNKNOWN,ETD — Electrotechnical Department,Collected,https://standards.bis.gov.in/website/know-your-standards,IS 4029,Yes,,"BIS searchKnowStandards, collected 2026-09-10",2029-09-30,No
IS 4031 (Part 1),Methods of Physical Tests for Hydraulic Cement: Part 1 Determination of Fineness by Dry Sieving (Second Revision),1996.0,Current,UNKNOWN,UNKNOWN,CED — Civil Engineering Department,Collected,https://standards.bis.gov.in/website/know-your-standards,IS 4031,Yes,,"BIS searchKnowStandards, collected 2026-09-10",2031-02-28,No
IS 4031 (Part 6),Methods of Physical Tests for Hydraulic Cement: Part 6 Determination of Compressive Strength of Hydraulic Cement other than Masonry Cement (First Revision),1988.0,Current,UNKNOWN,UNKNOWN,CED — Civil Engineering Department,Collected,https://standards.bis.gov.in/website/know-your-standards,IS 4031,Yes,,"BIS searchKnowStandards, collected 2026-09-10",2031-02-28,No
IS 4032,Method of Chemical Analysis of Hydraulic Cement (First Revision),1985.0,Current,UNKNOWN,UNKNOWN,CED — Civil Engineering Department,Collected,https://standards.bis.gov.in/website/know-your-standards,IS 4032,Yes,,"BIS searchKnowStandards, collected 2026-09-10",2029-03-31,No
IS 4043,"Recommendations for Symbolic Designation of Direction of Closing and Faces of Doors, Windows and Shutters",1969.0,Current,UNKNOWN,UNKNOWN,CED — Civil Engineering Department,Collected,https://standards.bis.gov.in/website/know-your-standards,IS 4043,Yes,,"BIS searchKnowStandards, collected 2026-09-10",2027-01-31,No
IS 4047,Specification for bitumen mastic for use in water proofing of roofs (First Revision),1967.0,Withdrawn,UNKNOWN,UNKNOWN,ETD — Electrotechnical Department,Collected,https://standards.bis.gov.in/website/know-your-standards,IS 4047,Yes,,"BIS searchKnowStandards, collected 2026-09-10",,
IS 408,"Grease No. 0, Graphited — Specification ( Third Revision ) ",2020.0,Current,UNKNOWN,UNKNOWN,"PCD — Petroleum, Coal And Related Products Department",Collected,https://standards.bis.gov.in/website/know-your-standards,IS 408,Yes,,"BIS searchKnowStandards, collected 2026-09-10",2030-11-07,No
IS 4082,Stacking and storage of construction materials and components at site - Recommendations (Second Revision),1996.0,Current,UNKNOWN,UNKNOWN,CED — Civil Engineering Department,Collected,https://standards.bis.gov.in/website/know-your-standards,IS 4082,Yes,,"BIS searchKnowStandards, collected 2026-09-10",2028-05-31,No
IS 4091,Code of practice for design and construction of foundations for transmission line towers and poles (First Revision),1979.0,Current,UNKNOWN,UNKNOWN,CED — Civil Engineering Department,Collected,https://standards.bis.gov.in/website/know-your-standards,IS 4091,Yes,,"BIS searchKnowStandards, collected 2026-09-10",2030-05-31,No
IS 4097,Specification for material (Gravel) for use as filter pack in tubewells (First Revision),2019.0,Current,UNKNOWN,UNKNOWN,MED — Mechanical Engineering Department,Collected,https://standards.bis.gov.in/website/know-your-standards,IS 4097,Yes,,"BIS searchKnowStandards, collected 2026-09-10",2029-03-31,No
IS 4106,"Textiles – Bunting cloth, cotton khadi, dyed – Specification (second revision)",2019.0,Current,UNKNOWN,UNKNOWN,TXD — Textile Department,Collected,https://standards.bis.gov.in/website/know-your-standards,IS 4106,Yes,,"BIS searchKnowStandards, collected 2026-09-10",2028-11-30,No
IS 4111 (Part 1),Code of Practice for Ancillary Structures in Sewerage System: Part 1 Manholes (First Revision),1986.0,Current,UNKNOWN,UNKNOWN,CED — Civil Engineering Department,Collected,https://standards.bis.gov.in/website/know-your-standards,IS 4111,Yes,,"BIS searchKnowStandards, collected 2026-09-10",2027-02-28,No
IS 4127,Laying of Glazed Stoneware Pipes - Code of Practice (Second Revision) ,2023.0,Current,UNKNOWN,UNKNOWN,CED — Civil Engineering Department,Collected,https://standards.bis.gov.in/website/know-your-standards,IS 4127,Yes,,"BIS searchKnowStandards, collected 2026-09-10",2028-11-30,No
IS 4148,Surgical rubber gloves - Specification (First Revision),1989.0,Withdrawn,UNKNOWN,UNKNOWN,MHD — Medical Equipment And Hospital Planning Department,Collected,https://standards.bis.gov.in/website/know-your-standards,IS 4148,Yes,,"BIS searchKnowStandards, collected 2026-09-10",2026-11-30,No
IS 415,SHUTTLECOCKS  SPECIFICATION,2022.0,Current,UNKNOWN,UNKNOWN,PGD — Production And General Engineering Department,Collected,https://standards.bis.gov.in/website/know-your-standards,IS 415,Yes,,"BIS searchKnowStandards, collected 2026-09-10",2031-06-18,No
IS 4199,"Toilet soap, liquid - Specification (Third Revision)",2001.0,Current,UNKNOWN,UNKNOWN,CHD — Chemical Department,Collected,https://standards.bis.gov.in/website/know-your-standards,IS 4199,Yes,,"BIS searchKnowStandards, collected 2026-09-10",2029-02-28,No
IS 4201,Application guide for current transformer (First Revision),1983.0,Current,UNKNOWN,UNKNOWN,ETD — Electrotechnical Department,Collected,https://standards.bis.gov.in/website/know-your-standards,IS 4201,Yes,,"BIS searchKnowStandards, collected 2026-09-10",2029-12-31,No
IS 4218 (Part 1),ISO general purpose metric screw threads : Part 1 Basic and design profile (third revision),2025.0,Current,UNKNOWN,UNKNOWN,PGD — Production And General Engineering Department,Collected,https://standards.bis.gov.in/website/know-your-standards,IS 4218,Yes,,"BIS searchKnowStandards, collected 2026-09-10",2030-05-31,No
IS 4232,Turnip,1967.0,Withdrawn,UNKNOWN,UNKNOWN,FAD — Food And Agriculture Department,Collected,https://standards.bis.gov.in/website/know-your-standards,IS 4232,Yes,,"BIS searchKnowStandards, collected 2026-09-10",,
IS 424,Plastic Asphalt,1965.0,Withdrawn,UNKNOWN,UNKNOWN,CHD — Chemical Department,Collected,https://standards.bis.gov.in/website/know-your-standards,IS 424,Yes,,"BIS searchKnowStandards, collected 2026-09-10",,
IS 4253 (Part 1),Cork composition sheets - Specification: Part 1 plain cork sheets (Second Revision),2008.0,Current,UNKNOWN,UNKNOWN,MED — Mechanical Engineering Department,Collected,https://standards.bis.gov.in/website/know-your-standards,IS 4253,Yes,,"BIS searchKnowStandards, collected 2026-09-10",2029-12-31,No
IS 4257 (Part 1),Dimensions for clamping arrangements for porcelain transformer bushings: Part 1 for 12 kV to 52 kV bushings (First Revision),1981.0,Current,UNKNOWN,UNKNOWN,ETD — Electrotechnical Department,Collected,https://standards.bis.gov.in/website/know-your-standards,IS 4257,Yes,,"BIS searchKnowStandards, collected 2026-09-10",2029-01-31,No
IS 4260,Recommended practice for ultrasonic testing of butt welds in ferritic steel (Third Revision),2004.0,Current,UNKNOWN,UNKNOWN,MTD — Metallurgical Engineering Department,Collected,https://standards.bis.gov.in/website/know-your-standards,IS 4260,Yes,,"BIS searchKnowStandards, collected 2026-09-10",2031-03-20,No
IS 427,"Distemper, dry, colour as required - Specification (Third Revision)",2013.0,Current,UNKNOWN,UNKNOWN,CHD — Chemical Department,Collected,https://standards.bis.gov.in/website/know-your-standards,IS 427,Yes,,"BIS searchKnowStandards, collected 2026-09-10",2028-09-30,No
IS 428,Washable distemper - Specification (Third Revision),2013.0,Current,UNKNOWN,UNKNOWN,CHD — Chemical Department,Collected,https://standards.bis.gov.in/website/know-your-standards,IS 428,Yes,,"BIS searchKnowStandards, collected 2026-09-10",2028-03-31,No
IS 4283,Withdrawal,1981.0,Withdrawn,UNKNOWN,UNKNOWN,ETD — Electrotechnical Department,Collected,https://standards.bis.gov.in/website/know-your-standards,IS 4283,Yes,,"BIS searchKnowStandards, collected 2026-09-10",,
IS 4288,PVC insulated (heavy duty) electric cables with solid aluminium conductors for voltages upto and including 1 100 V,1988.0,Withdrawn,UNKNOWN,UNKNOWN,ETD — Electrotechnical Department,Collected,https://standards.bis.gov.in/website/know-your-standards,IS 4288,Yes,,"BIS searchKnowStandards, collected 2026-09-10",,
IS 4308,"Dry Chemical Powders for Fire Fighting - BC, ABC and D Types - Specification ( Third Revision ) ",2019.0,Current,UNKNOWN,UNKNOWN,CED — Civil Engineering Department,Collected,https://standards.bis.gov.in/website/know-your-standards,IS 4308,Yes,,"BIS searchKnowStandards, collected 2026-09-10",2030-06-20,No
IS 4326,Earthquake resistant design and construction of buildings - Code of practice,2013.0,Current,UNKNOWN,UNKNOWN,CED — Civil Engineering Department,Collected,https://standards.bis.gov.in/website/know-your-standards,IS 4326,Yes,,"BIS searchKnowStandards, collected 2026-09-10",2028-07-31,No
IS 4346,Specification for washers for use with fittings for water services (first revision),1982.0,Current,UNKNOWN,UNKNOWN,CED — Civil Engineering Department,Collected,https://standards.bis.gov.in/website/know-your-standards,IS 4346,Yes,,"BIS searchKnowStandards, collected 2026-09-10",2031-02-27,No
IS 4351,Steel Frames for Doors - Specification (Third Revision),2024.0,Current,UNKNOWN,UNKNOWN,CED — Civil Engineering Department,Collected,https://standards.bis.gov.in/website/know-your-standards,IS 4351,Yes,,"BIS searchKnowStandards, collected 2026-09-10",2029-10-31,No
IS 4353,Submerged arc welding of mild steel and low alloy steels - Recommendations (First Revision),1995.0,Current,UNKNOWN,UNKNOWN,MTD — Metallurgical Engineering Department,Collected,https://standards.bis.gov.in/website/know-your-standards,IS 4353,Yes,,"BIS searchKnowStandards, collected 2026-09-10",2031-02-27,No
IS 4364,Medical Laboratory Glassware  Serological Pipettes - Specification  First Revision,2024.0,Current,UNKNOWN,UNKNOWN,MHD — Medical Equipment And Hospital Planning Department,Collected,https://standards.bis.gov.in/website/know-your-standards,IS 4364,Yes,,"BIS searchKnowStandards, collected 2026-09-10",2029-01-31,No
IS 4379,Identification of the Contents of Industrial Gas Cylinders (Second Revision) Amendment - 1,2021.0,Superseded,UNKNOWN,UNKNOWN,MED — Mechanical Engineering Department,Collected,https://standards.bis.gov.in/website/know-your-standards,IS 4379,Yes,,"BIS searchKnowStandards, collected 2026-09-10",2030-10-30,No
IS 444,"Rubber Hoses, Textile-Reinforced, for General-Purpose Water Applications - Specification (Sixth Revision)",2025.0,Current,UNKNOWN,UNKNOWN,"PCD — Petroleum, Coal And Related Products Department",Collected,https://standards.bis.gov.in/website/know-your-standards,IS 444,Yes,,"BIS searchKnowStandards, collected 2026-09-10",2030-05-31,No
IS 4457,Ceramic unglazed vitreous acid resisting tiles - Specification (Second Revision),2007.0,Current,UNKNOWN,UNKNOWN,CED — Civil Engineering Department,Collected,https://standards.bis.gov.in/website/know-your-standards,IS 4457,Yes,,"BIS searchKnowStandards, collected 2026-09-10",2027-01-31,No
IS 4503,Specification for shell and tube type heat exchangers,1967.0,Current,UNKNOWN,UNKNOWN,MED — Mechanical Engineering Department,Collected,https://standards.bis.gov.in/website/know-your-standards,IS 4503,Yes,,"BIS searchKnowStandards, collected 2026-09-10",2028-09-30,No
IS 451,Technical supply conditions for wood screws (Third Revision),1999.0,Current,UNKNOWN,UNKNOWN,PGD — Production And General Engineering Department,Collected,https://standards.bis.gov.in/website/know-your-standards,IS 451,Yes,,"BIS searchKnowStandards, collected 2026-09-10",2030-06-25,No
IS 452,Specification for door spring rat - Tail type (Second Revision),1973.0,Current,UNKNOWN,UNKNOWN,CED — Civil Engineering Department,Collected,https://standards.bis.gov.in/website/know-your-standards,IS 452,Yes,,"BIS searchKnowStandards, collected 2026-09-10",2031-01-20,No
IS 4540,Specification for monocrystalline semiconductor rectifier assemblies and equipment,1968.0,Withdrawn,UNKNOWN,UNKNOWN,ETD — Electrotechnical Department,Collected,https://standards.bis.gov.in/website/know-your-standards,IS 4540,Yes,,"BIS searchKnowStandards, collected 2026-09-10",,
IS 457,Code of practice for general construction of plain and reinforced concrete for dams and other massive structures,1957.0,Current,UNKNOWN,UNKNOWN,CED — Civil Engineering Department,Collected,https://standards.bis.gov.in/website/know-your-standards,IS 457,Yes,,"BIS searchKnowStandards, collected 2026-09-10",2031-03-27,No
IS 4572,"Fibre ropes  - Polyamide  3-, 4-, 8- and 12- strand ropes (fifth revision)",2022.0,Current,UNKNOWN,UNKNOWN,TXD — Textile Department,Collected,https://standards.bis.gov.in/website/know-your-standards,IS 4572,Yes,,"BIS searchKnowStandards, collected 2026-09-10",2027-03-31,No
IS 4595,GENERAL REQUIREMENTS FOR NON-SPARKING TOOLS,1969.0,Current,UNKNOWN,UNKNOWN,PGD — Production And General Engineering Department,Collected,https://standards.bis.gov.in/website/know-your-standards,IS 4595,Yes,,"BIS searchKnowStandards, collected 2026-09-10",2030-12-15,No
IS 460 (Part 1),Test Sieves — Specification Part 1 Wire Cloth Test Sieves ( Fourth Revision ) ,2020.0,Current,UNKNOWN,UNKNOWN,CED — Civil Engineering Department,Collected,https://standards.bis.gov.in/website/know-your-standards,IS 460,Yes,,"BIS searchKnowStandards, collected 2026-09-10",2031-01-12,No
IS 4656,Form Vibrators For Concrete,1968.0,Withdrawn,UNKNOWN,UNKNOWN,MED — Mechanical Engineering Department,Collected,https://standards.bis.gov.in/website/know-your-standards,IS 4656,Yes,,"BIS searchKnowStandards, collected 2026-09-10",,
IS 4671,Expanded polystyrene for thermal insulation purposes,2018.0,Current,UNKNOWN,UNKNOWN,CHD — Chemical Department,Collected,https://standards.bis.gov.in/website/know-your-standards,IS 4671,Yes,,"BIS searchKnowStandards, collected 2026-09-10",2028-07-31,No
IS 4691,Rotating electrical Machines Part 5 Degrees of protection provided by enclosure for rotating electrical machinery,1985.0,Withdrawn,UNKNOWN,UNKNOWN,ETD — Electrotechnical Department,Collected,https://standards.bis.gov.in/website/know-your-standards,IS 4691,Yes,,"BIS searchKnowStandards, collected 2026-09-10",,
IS 4697,Methods of measurements on geiger - Muller counter tubes,1968.0,Current,UNKNOWN,UNKNOWN,LITD — Electronics And Information Technology Department,Collected,https://standards.bis.gov.in/website/know-your-standards,IS 4697,Yes,,"BIS searchKnowStandards, collected 2026-09-10",2029-08-31,No
IS 4699,Specification for refined secondary zinc (First Revision),1984.0,Withdrawn,UNKNOWN,UNKNOWN,MTD — Metallurgical Engineering Department,Collected,https://standards.bis.gov.in/website/know-your-standards,IS 4699,Yes,,"BIS searchKnowStandards, collected 2026-09-10",2028-03-31,No
IS 470,Method for conducting serigraph test for determining the tenacity and elongation of category I raw silk (tentative),1953.0,Withdrawn,UNKNOWN,UNKNOWN,TXD — Textile Department,Collected,https://standards.bis.gov.in/website/know-your-standards,IS 470,Yes,,"BIS searchKnowStandards, collected 2026-09-10",,
IS 4710,Switches and switch-isolators above 1000 V but not exceeding 11000 V,1968.0,Withdrawn,UNKNOWN,UNKNOWN,ETD — Electrotechnical Department,Collected,https://standards.bis.gov.in/website/know-your-standards,IS 4710,Yes,,"BIS searchKnowStandards, collected 2026-09-10",,
IS 4711,"Methods for sampling of steel pipes, tubes and fittings (Second Revision)",2008.0,Current,UNKNOWN,UNKNOWN,MTD — Metallurgical Engineering Department,Collected,https://standards.bis.gov.in/website/know-your-standards,IS 4711,Yes,,"BIS searchKnowStandards, collected 2026-09-10",2029-03-31,No
IS 4729,Measurement and evaluation of vibration of rotating electrical machines,1975.0,Withdrawn,UNKNOWN,UNKNOWN,ETD — Electrotechnical Department,Collected,https://standards.bis.gov.in/website/know-your-standards,IS 4729,Yes,,"BIS searchKnowStandards, collected 2026-09-10",,
IS 4733,Methods Of Sampling And Test For Sewage Effluents,1972.0,Withdrawn,UNKNOWN,UNKNOWN,CHD — Chemical Department,Collected,https://standards.bis.gov.in/website/know-your-standards,IS 4733,Yes,,"BIS searchKnowStandards, collected 2026-09-10",,
IS 4764,Tolerance limits for Sewage Effluents discharged into inland surface waters (First Revision),1973.0,Withdrawn,UNKNOWN,UNKNOWN,CHD — Chemical Department,Collected,https://standards.bis.gov.in/website/know-your-standards,IS 4764,Yes,,"BIS searchKnowStandards, collected 2026-09-10",,
IS 4770,Rubber gloves - Electrical purposes - Specification (First Revision),1991.0,Withdrawn,UNKNOWN,UNKNOWN,"PCD — Petroleum, Coal And Related Products Department",Collected,https://standards.bis.gov.in/website/know-your-standards,IS 4770,Yes,,"BIS searchKnowStandards, collected 2026-09-10",2022-07-31,Yes
IS 4794 (Part 1),Specification for push - Button switches: Part 1 general requirements and tests,1968.0,Withdrawn,UNKNOWN,UNKNOWN,LITD — Electronics And Information Technology Department,Collected,https://standards.bis.gov.in/website/know-your-standards,IS 4794,Yes,,"BIS searchKnowStandards, collected 2026-09-10",,
IS 4800 (Part 1),Enamelled round winding wires: Part 1 Conductors data,1968.0,Withdrawn,UNKNOWN,UNKNOWN,ETD — Electrotechnical Department,Collected,https://standards.bis.gov.in/website/know-your-standards,IS 4800,Yes,,"BIS searchKnowStandards, collected 2026-09-10",,
IS 4811,Cinnamon whole - Specification (Second Revision),2014.0,Current,UNKNOWN,UNKNOWN,FAD — Food And Agriculture Department,Collected,https://standards.bis.gov.in/website/know-your-standards,IS 4811,Yes,,"BIS searchKnowStandards, collected 2026-09-10",2029-06-30,No
IS 482,Reels for Covered Round Electrical Winding Wires,1981.0,Withdrawn,UNKNOWN,UNKNOWN,ETD — Electrotechnical Department,Collected,https://standards.bis.gov.in/website/know-your-standards,IS 482,Yes,,"BIS searchKnowStandards, collected 2026-09-10",,
IS 4827,Electroplated coatings of nickel and chromium on copper and copper alloys,1983.0,Withdrawn,UNKNOWN,UNKNOWN,MTD — Metallurgical Engineering Department,Collected,https://standards.bis.gov.in/website/know-your-standards,IS 4827,Yes,,"BIS searchKnowStandards, collected 2026-09-10",,
IS 4853,Recommended practice for radiographic inspection of fusion welded butt joints in steel pipes (First Revision),1982.0,Current,UNKNOWN,UNKNOWN,MTD — Metallurgical Engineering Department,Collected,https://standards.bis.gov.in/website/know-your-standards,IS 4853,Yes,,"BIS searchKnowStandards, collected 2026-09-10",2030-10-16,No
IS 487,"Brushes, paints and varnishes - Oval ferrule bound and Round ferrule bound (Sixth Revision) Amendment - 1",2023.0,Superseded,UNKNOWN,UNKNOWN,CHD — Chemical Department,Collected,https://standards.bis.gov.in/website/know-your-standards,IS 487,Yes,,"BIS searchKnowStandards, collected 2026-09-10",2031-02-18,No
IS 4889,Methods of determination of efficiency of rotating electrical machines,1968.0,Withdrawn,UNKNOWN,UNKNOWN,ETD — Electrotechnical Department,Collected,https://standards.bis.gov.in/website/know-your-standards,IS 4889,Yes,,"BIS searchKnowStandards, collected 2026-09-10",2022-03-31,Yes
IS 4890,Methods for measurement of suspended sediment in open channels,1968.0,Current,UNKNOWN,UNKNOWN,WRD — Water Resources Department,Collected,https://standards.bis.gov.in/website/know-your-standards,IS 4890,Yes,,"BIS searchKnowStandards, collected 2026-09-10",2030-08-31,No
IS 4894,Specification for centrifugal fans (First Revision),1987.0,Current,UNKNOWN,UNKNOWN,ETD — Electrotechnical Department,Collected,https://standards.bis.gov.in/website/know-your-standards,IS 4894,Yes,,"BIS searchKnowStandards, collected 2026-09-10",2031-01-16,No
IS 4905,Random sampling and randomization procedures (First Revision),2015.0,Current,UNKNOWN,UNKNOWN,MSD — Management System Department,Collected,https://standards.bis.gov.in/website/know-your-standards,IS 4905,Yes,,"BIS searchKnowStandards, collected 2026-09-10",2030-03-31,No
IS 4923,Hollow steel sections for structural use - Specification (Third Revision),2017.0,Current,UNKNOWN,UNKNOWN,MTD — Metallurgical Engineering Department,Collected,https://standards.bis.gov.in/website/know-your-standards,IS 4923,Yes,,"BIS searchKnowStandards, collected 2026-09-10",2028-03-31,No
IS 4925,CONCRETE BATCHING AND MIXING PLANT  SPECIFICATION Second Revision ,2023.0,Current,UNKNOWN,UNKNOWN,MED — Mechanical Engineering Department,Collected,https://standards.bis.gov.in/website/know-your-standards,IS 4925,Yes,,"BIS searchKnowStandards, collected 2026-09-10",2028-07-31,No
IS 4926,Ready - Mixed Concrete - Code of Practice (Second Revision),2003.0,Current,UNKNOWN,UNKNOWN,CED — Civil Engineering Department,Collected,https://standards.bis.gov.in/website/know-your-standards,IS 4926,Yes,,"BIS searchKnowStandards, collected 2026-09-10",2027-04-30,No
IS 4927,Unlined flax canvas hose for fire fighting - Specification (First Revision),1992.0,Withdrawn,UNKNOWN,UNKNOWN,CED — Civil Engineering Department,Collected,https://standards.bis.gov.in/website/know-your-standards,IS 4927,Yes,,"BIS searchKnowStandards, collected 2026-09-10",2027-09-30,No
IS 493 (Part 1),Specification for general purpose machinery and spindle oils: Part 1 machinery oils (Second Revision),2019.0,Withdrawn,UNKNOWN,UNKNOWN,"PCD — Petroleum, Coal And Related Products Department",Collected,https://standards.bis.gov.in/website/know-your-standards,IS 493,Yes,,"BIS searchKnowStandards, collected 2026-09-10",2029-04-30,No
IS 4947,GAS CARTRIDGES FOR USE IN FIRE EXTINGUISHERS - SPECIFICATION (Third Revision),2006.0,Current,UNKNOWN,UNKNOWN,CED — Civil Engineering Department,Collected,https://standards.bis.gov.in/website/know-your-standards,IS 4947,Yes,,"BIS searchKnowStandards, collected 2026-09-10",2027-02-28,No
IS 4953, Wooden Handles for Hand Hammers  Specification,2023.0,Current,UNKNOWN,UNKNOWN,CED — Civil Engineering Department,Collected,https://standards.bis.gov.in/website/know-your-standards,IS 4953,Yes,,"BIS searchKnowStandards, collected 2026-09-10",2028-12-01,No
IS 4955,Household Laundry Detergent Powders — Specification ( Fifth Revision )  ,2020.0,Current,UNKNOWN,UNKNOWN,CHD — Chemical Department,Collected,https://standards.bis.gov.in/website/know-your-standards,IS 4955,Yes,,"BIS searchKnowStandards, collected 2026-09-10",2030-03-31,No
IS 4990,PLYWOOD FOR CONCRETE SHUTTERING WORKS  SPECIFICATION  (Fourth Revision),2024.0,Superseded,UNKNOWN,UNKNOWN,CED — Civil Engineering Department,Collected,https://standards.bis.gov.in/website/know-your-standards,IS 4990,Yes,,"BIS searchKnowStandards, collected 2026-09-10",2029-04-30,No
IS 500,"Potassium Metabisulphite, Photographic Grade - Specification  (Fifth Revision)",2024.0,Current,UNKNOWN,UNKNOWN,CHD — Chemical Department,Collected,https://standards.bis.gov.in/website/know-your-standards,IS 500,Yes,,"BIS searchKnowStandards, collected 2026-09-10",2029-07-31,No
IS 5026,General requirements and tests for radio frequency cables (First Revision),1987.0,Withdrawn,UNKNOWN,UNKNOWN,LITD — Electronics And Information Technology Department,Collected,https://standards.bis.gov.in/website/know-your-standards,IS 5026,Yes,,"BIS searchKnowStandards, collected 2026-09-10",2028-02-28,No
IS 5051 (Part 1),Specification for relays for electronics and telecommunication equipment: Part 1 general requirements and tests (First Revision),1982.0,Withdrawn,UNKNOWN,UNKNOWN,LITD — Electronics And Information Technology Department,Collected,https://standards.bis.gov.in/website/know-your-standards,IS 5051,Yes,,"BIS searchKnowStandards, collected 2026-09-10",2024-06-30,Yes
IS 5120,Technical requirements for rotodynamic special purpose pumps (First Revision),1977.0,Current,UNKNOWN,UNKNOWN,MED — Mechanical Engineering Department,Collected,https://standards.bis.gov.in/website/know-your-standards,IS 5120,Yes,,"BIS searchKnowStandards, collected 2026-09-10",2026-10-31,No
IS 513 (Part 1),Cold reduced carbon steel sheet and strip: Part 1 cold forming and drawing purpose (Sixth Revision),2016.0,Current,UNKNOWN,UNKNOWN,MTD — Metallurgical Engineering Department,Collected,https://standards.bis.gov.in/website/know-your-standards,IS 513,Yes,,"BIS searchKnowStandards, collected 2026-09-10",2026-11-30,No
IS 5132,Hose reel tubing for fire fighting,1969.0,Withdrawn,UNKNOWN,UNKNOWN,"PCD — Petroleum, Coal And Related Products Department",Collected,https://standards.bis.gov.in/website/know-your-standards,IS 5132,Yes,,"BIS searchKnowStandards, collected 2026-09-10",,
IS 5211,"Dental Scissors, Straight and Curved — Specification (First Revision)",2026.0,Current,UNKNOWN,UNKNOWN,MHD — Medical Equipment And Hospital Planning Department,Collected,https://standards.bis.gov.in/website/know-your-standards,IS 5211,Yes,,"BIS searchKnowStandards, collected 2026-09-10",2031-02-04,No
IS 5284,Recommendations for community milking shed,1969.0,Withdrawn,UNKNOWN,UNKNOWN,FAD — Food And Agriculture Department,Collected,https://standards.bis.gov.in/website/know-your-standards,IS 5284,Yes,,"BIS searchKnowStandards, collected 2026-09-10",2026-03-31,Yes
IS 5290,Landing Valves - Specification (Fourth Revision),2025.0,Current,UNKNOWN,UNKNOWN,CED — Civil Engineering Department,Collected,https://standards.bis.gov.in/website/know-your-standards,IS 5290,Yes,,"BIS searchKnowStandards, collected 2026-09-10",2030-03-31,No
IS 5300,Specification for porcelain guy strain insulators,1969.0,Current,UNKNOWN,UNKNOWN,ETD — Electrotechnical Department,Collected,https://standards.bis.gov.in/website/know-your-standards,IS 5300,Yes,,"BIS searchKnowStandards, collected 2026-09-10",2029-11-20,No
IS 5306,"Sodium carboxymethyl cellulose, food grade - Specification (Second Revision)",1996.0,Current,UNKNOWN,UNKNOWN,FAD — Food And Agriculture Department,Collected,https://standards.bis.gov.in/website/know-your-standards,IS 5306,Yes,,"BIS searchKnowStandards, collected 2026-09-10",2030-01-31,No
IS 5308,"Slotted countersunk head and slotted raised countersunk head screws, small head series (diameter range 1.6 to 6 mm)",1969.0,Withdrawn,UNKNOWN,UNKNOWN,PGD — Production And General Engineering Department,Collected,https://standards.bis.gov.in/website/know-your-standards,IS 5308,Yes,,"BIS searchKnowStandards, collected 2026-09-10",,
IS 531,Specification for leaded brass strip for instrument parts (Second Revision),1981.0,Current,UNKNOWN,UNKNOWN,MTD — Metallurgical Engineering Department,Collected,https://standards.bis.gov.in/website/know-your-standards,IS 531,Yes,,"BIS searchKnowStandards, collected 2026-09-10",2031-03-23,No
IS 5321,Specification for Soda lime as Carbon dioxide absorbent (first revision),2022.0,Current,UNKNOWN,UNKNOWN,CHD — Chemical Department,Collected,https://standards.bis.gov.in/website/know-your-standards,IS 5321,Yes,,"BIS searchKnowStandards, collected 2026-09-10",2027-12-31,No
IS 5329,Code of practice for sanitary pipe work above ground for buildings,1983.0,Current,UNKNOWN,UNKNOWN,CED — Civil Engineering Department,Collected,https://standards.bis.gov.in/website/know-your-standards,IS 5329,Yes,,"BIS searchKnowStandards, collected 2026-09-10",2027-02-28,No
IS 5330,Criteria for design of anchor blocks for penstocks with expansion joints (First Revision),1984.0,Current,UNKNOWN,UNKNOWN,WRD — Water Resources Department,Collected,https://standards.bis.gov.in/website/know-your-standards,IS 5330,Yes,,"BIS searchKnowStandards, collected 2026-09-10",2030-03-31,No
IS 5334,Magnetic particle flaw detection of welds - Code of practice (Third Revision),2014.0,Current,UNKNOWN,UNKNOWN,MTD — Metallurgical Engineering Department,Collected,https://standards.bis.gov.in/website/know-your-standards,IS 5334,Yes,,"BIS searchKnowStandards, collected 2026-09-10",2031-03-20,No
IS 5350 (Part 1),Dimensions of indoor and outdoor porcelain post insulators and post insulator units for systems with nominal voltages greater than 1 000 V: Part 1 indoor post insulators,1970.0,Withdrawn,UNKNOWN,UNKNOWN,ETD — Electrotechnical Department,Collected,https://standards.bis.gov.in/website/know-your-standards,IS 5350,Yes,,"BIS searchKnowStandards, collected 2026-09-10",2024-03-31,Yes
IS 5410,Cement paint - Specification (Second Revision),2013.0,Current,UNKNOWN,UNKNOWN,CHD — Chemical Department,Collected,https://standards.bis.gov.in/website/know-your-standards,IS 5410,Yes,,"BIS searchKnowStandards, collected 2026-09-10",2031-06-22,No
IS 5411 (Part 1),Plastic emulsion paint Part 1 For interior use,1974.0,Withdrawn,UNKNOWN,UNKNOWN,CHD — Chemical Department,Collected,https://standards.bis.gov.in/website/know-your-standards,IS 5411,Yes,,"BIS searchKnowStandards, collected 2026-09-10",,
IS 5414,GASKETS AND PACKINGS  GLAND PACKING JUTE AND HEMP  SPECIFICATION   Second Revision ,2024.0,Current,UNKNOWN,UNKNOWN,MED — Mechanical Engineering Department,Collected,https://standards.bis.gov.in/website/know-your-standards,IS 5414,Yes,,"BIS searchKnowStandards, collected 2026-09-10",2029-08-31,No
IS 5424,Rubber Mats For Electrical Purpose,1969.0,Withdrawn,UNKNOWN,UNKNOWN,ETD — Electrotechnical Department,Collected,https://standards.bis.gov.in/website/know-your-standards,IS 5424,Yes,,"BIS searchKnowStandards, collected 2026-09-10",,
IS 544,Groundnut oil - Specification (Third Revision),2014.0,Current,UNKNOWN,UNKNOWN,FAD — Food And Agriculture Department,Collected,https://standards.bis.gov.in/website/know-your-standards,IS 544,Yes,,"BIS searchKnowStandards, collected 2026-09-10",2029-03-31,No
IS 5445,Specification for  long fluted machine reamers with morse taper  shanks (first revision),1978.0,Current,UNKNOWN,UNKNOWN,PGD — Production And General Engineering Department,Collected,https://standards.bis.gov.in/website/know-your-standards,IS 5445,Yes,,"BIS searchKnowStandards, collected 2026-09-10",2031-03-30,No
IS 5454,Burnt Clay Bricks and Burnt Clay Tiles ï¿½ Methods of Sampling,2024.0,Current,UNKNOWN,UNKNOWN,CED — Civil Engineering Department,Collected,https://standards.bis.gov.in/website/know-your-standards,IS 5454,Yes,,"BIS searchKnowStandards, collected 2026-09-10",2029-03-31,No
IS 5455,Specification for cast iron steps for manholes,1969.0,Current,UNKNOWN,UNKNOWN,CED — Civil Engineering Department,Collected,https://standards.bis.gov.in/website/know-your-standards,IS 5455,Yes,,"BIS searchKnowStandards, collected 2026-09-10",2027-10-31,No
IS 546,Mustard oil - Specification (Third Revision),2014.0,Current,UNKNOWN,UNKNOWN,FAD — Food And Agriculture Department,Collected,https://standards.bis.gov.in/website/know-your-standards,IS 546,Yes,,"BIS searchKnowStandards, collected 2026-09-10",2029-03-31,No
IS 5477 (Part 1),Fixing the capacities of reservoirs methods: Part 1 general requirements (First Revision),1999.0,Current,UNKNOWN,UNKNOWN,WRD — Water Resources Department,Collected,https://standards.bis.gov.in/website/know-your-standards,IS 5477,Yes,,"BIS searchKnowStandards, collected 2026-09-10",2029-10-31,No
IS 5484,EC GRADE ALUMINIUM ROD PRODUCED BY CONTINUOUS CASTING AND ROLLING - SPECIFICATION,2023.0,Current,UNKNOWN,UNKNOWN,MTD — Metallurgical Engineering Department,Collected,https://standards.bis.gov.in/website/know-your-standards,IS 5484,Yes,,"BIS searchKnowStandards, collected 2026-09-10",2028-05-31,No
IS 5500 (Part 1),Vibratory roller - General requirements: Part 1 self - Propelled tandem drum (Second Revision),2004.0,Current,UNKNOWN,UNKNOWN,MED — Mechanical Engineering Department,Collected,https://standards.bis.gov.in/website/know-your-standards,IS 5500,Yes,,"BIS searchKnowStandards, collected 2026-09-10",2031-03-02,No
IS 5504,Spiral Welded Pipes - Specification (Second Revision),2025.0,Current,UNKNOWN,UNKNOWN,MTD — Metallurgical Engineering Department,Collected,https://standards.bis.gov.in/website/know-your-standards,IS 5504,Yes,,"BIS searchKnowStandards, collected 2026-09-10",2030-09-30,No
IS 5522,Stainless steel sheets and strips for utensils - Specification (Third Revision),2014.0,Current,UNKNOWN,UNKNOWN,MTD — Metallurgical Engineering Department,Collected,https://standards.bis.gov.in/website/know-your-standards,IS 5522,Yes,,"BIS searchKnowStandards, collected 2026-09-10",2029-04-30,No
IS 5525,Recommendations for Detailing of Reinforcement in Reinforced Concrete works,1969.0,Withdrawn,UNKNOWN,UNKNOWN,CED — Civil Engineering Department,Collected,https://standards.bis.gov.in/website/know-your-standards,IS 5525,Yes,,"BIS searchKnowStandards, collected 2026-09-10",2028-06-30,No
IS 5547,Application guide for capacitor voltage transformers (First Revision),1983.0,Current,UNKNOWN,UNKNOWN,ETD — Electrotechnical Department,Collected,https://standards.bis.gov.in/website/know-your-standards,IS 5547,Yes,,"BIS searchKnowStandards, collected 2026-09-10",2021-03-31,Yes
IS 555,Specification for electric table type fans and regulators (Third Revision),1979.0,Current,UNKNOWN,UNKNOWN,ETD — Electrotechnical Department,Collected,https://standards.bis.gov.in/website/know-your-standards,IS 555,Yes,,"BIS searchKnowStandards, collected 2026-09-10",2031-01-16,No
IS 5553 (Part 1),Reactors  - Part 1 : General,1989.0,Withdrawn,UNKNOWN,UNKNOWN,ETD — Electrotechnical Department,Collected,https://standards.bis.gov.in/website/know-your-standards,IS 5553,Yes,,"BIS searchKnowStandards, collected 2026-09-10",2029-09-30,No
IS 5557 (Part 1),All Rubber Gum Boots and Ankle Boots   Part 1 Safety and Protective    (Fifth Revision),2024.0,Superseded,UNKNOWN,UNKNOWN,CHD — Chemical Department,Collected,https://standards.bis.gov.in/website/know-your-standards,IS 5557,Yes,,"BIS searchKnowStandards, collected 2026-09-10",2031-06-09,No
IS 5557 (Part 2),All rubber gum boots and ankle boots: Part 2 occupational purposes,2018.0,Current,UNKNOWN,UNKNOWN,CHD — Chemical Department,Collected,https://standards.bis.gov.in/website/know-your-standards,IS 5557,Yes,,"BIS searchKnowStandards, collected 2026-09-10",2031-06-09,No
IS 5557,Industrial and protective rubber knee and ankle boots - Specification (Fourth Revision),2004.0,Withdrawn,UNKNOWN,UNKNOWN,CHD — Chemical Department,Collected,https://standards.bis.gov.in/website/know-your-standards,IS 5557,Yes,,"BIS searchKnowStandards, collected 2026-09-10",2031-06-09,No
IS 556,Leclanche Type Radio Batteries,1960.0,Withdrawn,UNKNOWN,UNKNOWN,ETD — Electrotechnical Department,Collected,https://standards.bis.gov.in/website/know-your-standards,IS 556,Yes,,"BIS searchKnowStandards, collected 2026-09-10",,
IS 5571,Guide for selection and installation of electrical equipment in hazardous areas (Other Than Mines) (Third Revision),2009.0,Withdrawn,UNKNOWN,UNKNOWN,ETD — Electrotechnical Department,Collected,https://standards.bis.gov.in/website/know-your-standards,IS 5571,Yes,,"BIS searchKnowStandards, collected 2026-09-10",,
IS 5572,Classification of hazardous areas (Other Than Mines) having flammable gases and vapours for electrical installation (Third Revision),2009.0,Current,UNKNOWN,UNKNOWN,ETD — Electrotechnical Department,Collected,https://standards.bis.gov.in/website/know-your-standards,IS 5572,Yes,,"BIS searchKnowStandards, collected 2026-09-10",2028-01-31,No
IS 5600,Pumps - Sewage and drainage - Specification (First Revision),2002.0,Current,UNKNOWN,UNKNOWN,MED — Mechanical Engineering Department,Collected,https://standards.bis.gov.in/website/know-your-standards,IS 5600,Yes,,"BIS searchKnowStandards, collected 2026-09-10",2027-12-31,No
IS 5604,Hand-Operated Universal Gearless Pulling and Lifting Machines  Specification (Second Revision),2025.0,Current,UNKNOWN,UNKNOWN,MED — Mechanical Engineering Department,Collected,https://standards.bis.gov.in/website/know-your-standards,IS 5604,Yes,,"BIS searchKnowStandards, collected 2026-09-10",2030-08-31,No
IS 5608 (Part 1),"Specification for low - Frequency cables and wires with PVC insulation and PVC sheath: Part 1 general requirements, test and measuring methods (First Revision)",1991.0,Withdrawn,UNKNOWN,UNKNOWN,LITD — Electronics And Information Technology Department,Collected,https://standards.bis.gov.in/website/know-your-standards,IS 5608,Yes,,"BIS searchKnowStandards, collected 2026-09-10",,
IS 5611,Code of practice for construction of waste stabilization ponds (Faculative Type) (First Revision),1987.0,Current,UNKNOWN,UNKNOWN,CED — Civil Engineering Department,Collected,https://standards.bis.gov.in/website/know-your-standards,IS 5611,Yes,,"BIS searchKnowStandards, collected 2026-09-10",2027-11-30,No
IS 5613 (Part 1/Sec 1),"Code of practice for design, installation and maintenance of overhead power lines: Part 1 lines up to and including 11 kV Sec 1 design (First Revision)",1985.0,Current,UNKNOWN,UNKNOWN,ETD — Electrotechnical Department,Collected,https://standards.bis.gov.in/website/know-your-standards,IS 5613,Yes,,"BIS searchKnowStandards, collected 2026-09-10",2026-06-01,Yes
IS 5621,Hollow insulators for use in electrical equipment,1980.0,Withdrawn,UNKNOWN,UNKNOWN,ETD — Electrotechnical Department,Collected,https://standards.bis.gov.in/website/know-your-standards,IS 5621,Yes,,"BIS searchKnowStandards, collected 2026-09-10",,
IS 5624,FOUNDATION BOLTS  SPECIFICATION Second Revision,2021.0,Current,UNKNOWN,UNKNOWN,PGD — Production And General Engineering Department,Collected,https://standards.bis.gov.in/website/know-your-standards,IS 5624,Yes,,"BIS searchKnowStandards, collected 2026-09-10",2026-11-30,No
IS 5640,Method of Test for Determining Aggregates Impact Value of Soft Coarse Aggregates,1970.0,Current,UNKNOWN,UNKNOWN,CED — Civil Engineering Department,Collected,https://standards.bis.gov.in/website/know-your-standards,IS 5640,Yes,,"BIS searchKnowStandards, collected 2026-09-10",2031-03-27,No
IS 5650,"Specification for clips, paper  (First Revision)",1988.0,Current,UNKNOWN,UNKNOWN,PGD — Production And General Engineering Department,Collected,https://standards.bis.gov.in/website/know-your-standards,IS 5650,Yes,,"BIS searchKnowStandards, collected 2026-09-10",2028-12-31,No
IS 5653,"Specification for pins, paper, straight  (First Revision)",1988.0,Current,UNKNOWN,UNKNOWN,PGD — Production And General Engineering Department,Collected,https://standards.bis.gov.in/website/know-your-standards,IS 5653,Yes,,"BIS searchKnowStandards, collected 2026-09-10",2028-12-31,No
IS 5676,Moulded solid rubber soles and heels - SpecificatlOn (Second Revision),1995.0,Current,UNKNOWN,UNKNOWN,CHD — Chemical Department,Collected,https://standards.bis.gov.in/website/know-your-standards,IS 5676,Yes,,"BIS searchKnowStandards, collected 2026-09-10",2026-11-30,No
IS 5715,Specification for glass carboys (First Revision),1986.0,Current,UNKNOWN,UNKNOWN,CHD — Chemical Department,Collected,https://standards.bis.gov.in/website/know-your-standards,IS 5715,Yes,,"BIS searchKnowStandards, collected 2026-09-10",2029-12-23,No
IS 5725,PSYCHROMETERS UNVENTILATED  DRY AND WET BULB HYGROMETERS  - SPECIFICATION  (First Revision ),2025.0,Current,UNKNOWN,UNKNOWN,CHD — Chemical Department,Collected,https://standards.bis.gov.in/website/know-your-standards,IS 5725,Yes,,"BIS searchKnowStandards, collected 2026-09-10",2030-06-30,No
IS 5728,Guide for short-circuit calculations,1970.0,Withdrawn,UNKNOWN,UNKNOWN,ETD — Electrotechnical Department,Collected,https://standards.bis.gov.in/website/know-your-standards,IS 5728,Yes,,"BIS searchKnowStandards, collected 2026-09-10",,
IS 5792,High Voltage Expulsion And Similar Fuses,1970.0,Withdrawn,UNKNOWN,UNKNOWN,ETD — Electrotechnical Department,Collected,https://standards.bis.gov.in/website/know-your-standards,IS 5792,Yes,,"BIS searchKnowStandards, collected 2026-09-10",,
IS 5807 (Part 3),Methods of test for clear finishes for wooden furniture: Part 3 Resistance to marking by oils and fats,1971.0,Current,UNKNOWN,UNKNOWN,CED — Civil Engineering Department,Collected,https://standards.bis.gov.in/website/know-your-standards,IS 5807,Yes,,"BIS searchKnowStandards, collected 2026-09-10",2027-09-30,No
IS 5820,PRECAST CONCRETE CABLE COVERS   â€” SPECIFICATION  (first revision),2024.0,Current,UNKNOWN,UNKNOWN,CED — Civil Engineering Department,Collected,https://standards.bis.gov.in/website/know-your-standards,IS 5820,Yes,,"BIS searchKnowStandards, collected 2026-09-10",2029-08-31,No
IS 5822,Code of practice for laying of electrically welded steel pipes for water supply (Second Revision),1994.0,Current,UNKNOWN,UNKNOWN,CED — Civil Engineering Department,Collected,https://standards.bis.gov.in/website/know-your-standards,IS 5822,Yes,,"BIS searchKnowStandards, collected 2026-09-10",2029-08-31,No
IS 5832,BLACK PEPPER OLEORESIN – SPECIFICATION,2026.0,Current,UNKNOWN,UNKNOWN,FAD — Food And Agriculture Department,Collected,https://standards.bis.gov.in/website/know-your-standards,IS 5832,Yes,,"BIS searchKnowStandards, collected 2026-09-10",2031-02-23,No
IS 585,Voltages and frequency for transmission and distribution systems,1962.0,Withdrawn,UNKNOWN,UNKNOWN,ETD — Electrotechnical Department,Collected,https://standards.bis.gov.in/website/know-your-standards,IS 585,Yes,,"BIS searchKnowStandards, collected 2026-09-10",,
IS 5892,Concrete transit mixers - Specification (First Revision),2004.0,Current,UNKNOWN,UNKNOWN,MED — Mechanical Engineering Department,Collected,https://standards.bis.gov.in/website/know-your-standards,IS 5892,Yes,,"BIS searchKnowStandards, collected 2026-09-10",2030-05-31,No
IS 5903,Types of Safety Device for Gas Cylinders and Gas Cylinder Valves  ( Second Revision ),2025.0,Current,UNKNOWN,UNKNOWN,MED — Mechanical Engineering Department,Collected,https://standards.bis.gov.in/website/know-your-standards,IS 5903,Yes,,"BIS searchKnowStandards, collected 2026-09-10",2030-05-31,No
IS 5908,Method of measurement of electrical installations in buildings,1970.0,Withdrawn,UNKNOWN,UNKNOWN,ETD — Electrotechnical Department,Collected,https://standards.bis.gov.in/website/know-your-standards,IS 5908,Yes,,"BIS searchKnowStandards, collected 2026-09-10",,
IS 5921 (Part 1),Metal-clad base materials for printed circuits for use in electronic and telecommunication equipment: Part 1 General requirements and test,1993.0,Withdrawn,UNKNOWN,UNKNOWN,LITD — Electronics And Information Technology Department,Collected,https://standards.bis.gov.in/website/know-your-standards,IS 5921,Yes,,"BIS searchKnowStandards, collected 2026-09-10",,
IS 5961,Specification for cast iron gratings for drainage purposes,1970.0,Current,UNKNOWN,UNKNOWN,CED — Civil Engineering Department,Collected,https://standards.bis.gov.in/website/know-your-standards,IS 5961,Yes,,"BIS searchKnowStandards, collected 2026-09-10",2027-10-31,No
IS 5969,"Metal polish, paste - Specification (First Revision)",1992.0,Current,UNKNOWN,UNKNOWN,CHD — Chemical Department,Collected,https://standards.bis.gov.in/website/know-your-standards,IS 5969,Yes,,"BIS searchKnowStandards, collected 2026-09-10",2028-01-31,No
IS 5991,Specification for ballast rakes,1971.0,Current,UNKNOWN,UNKNOWN,PGD — Production And General Engineering Department,Collected,https://standards.bis.gov.in/website/know-your-standards,IS 5991,Yes,,"BIS searchKnowStandards, collected 2026-09-10",2030-12-15,No
IS 600,Code of practice for construction of BUKHARI type rural foodgrain storage structures,1986.0,Withdrawn,UNKNOWN,UNKNOWN,FAD — Food And Agriculture Department,Collected,https://standards.bis.gov.in/website/know-your-standards,IS 600,Yes,,"BIS searchKnowStandards, collected 2026-09-10",,
IS 6003,Indented Wire For Prestressed Concrete - Specification (Second Revision),2010.0,Current,UNKNOWN,UNKNOWN,CED — Civil Engineering Department,Collected,https://standards.bis.gov.in/website/know-your-standards,IS 6003,Yes,,"BIS searchKnowStandards, collected 2026-09-10",2031-03-01,No
IS 6051,Code for designation of aluminium and its alloys,1970.0,Current,UNKNOWN,UNKNOWN,MTD — Metallurgical Engineering Department,Collected,https://standards.bis.gov.in/website/know-your-standards,IS 6051,Yes,,"BIS searchKnowStandards, collected 2026-09-10",2030-01-31,No
IS 6057,Specification for hard anodic coatings on aluminium and aluminium alloys (First Revision),1988.0,Current,UNKNOWN,UNKNOWN,MTD — Metallurgical Engineering Department,Collected,https://standards.bis.gov.in/website/know-your-standards,IS 6057,Yes,,"BIS searchKnowStandards, collected 2026-09-10",2031-03-27,No
IS 6071,Specification for synthetic separators for lead - Acid batteries (First Revision),1986.0,Current,UNKNOWN,UNKNOWN,ETD — Electrotechnical Department,Collected,https://standards.bis.gov.in/website/know-your-standards,IS 6071,Yes,,"BIS searchKnowStandards, collected 2026-09-10",2029-08-31,No
IS 6073,Autoclaved Reinforced Cellular Concrete Floor and Roof Slabs - Specification (First Revision),2006.0,Current,UNKNOWN,UNKNOWN,CED — Civil Engineering Department,Collected,https://standards.bis.gov.in/website/know-your-standards,IS 6073,Yes,,"BIS searchKnowStandards, collected 2026-09-10",2027-01-31,No
IS 6103,Method of test for specific resistance (Resistivity) of electrical insulating liquids,1971.0,Withdrawn,UNKNOWN,UNKNOWN,ETD — Electrotechnical Department,Collected,https://standards.bis.gov.in/website/know-your-standards,IS 6103,Yes,,"BIS searchKnowStandards, collected 2026-09-10",2026-10-31,No
IS 6104,Insulating Liquids ï¿½ Determination of Interfacial Tension with the Ring Method ï¿½ Method of Test ( First Revision ),2024.0,Current,UNKNOWN,UNKNOWN,ETD — Electrotechnical Department,Collected,https://standards.bis.gov.in/website/know-your-standards,IS 6104,Yes,,"BIS searchKnowStandards, collected 2026-09-10",2029-07-31,No
IS 612,Roasted chicory powder - Specification (Third Revision),1992.0,Current,UNKNOWN,UNKNOWN,FAD — Food And Agriculture Department,Collected,https://standards.bis.gov.in/website/know-your-standards,IS 612,Yes,,"BIS searchKnowStandards, collected 2026-09-10",2028-07-31,No
IS 6121,Lactarius sp Canned in Oil,1985.0,Withdrawn,UNKNOWN,UNKNOWN,FAD — Food And Agriculture Department,Collected,https://standards.bis.gov.in/website/know-your-standards,IS 6121,Yes,,"BIS searchKnowStandards, collected 2026-09-10",,
IS 6127,Varnish spar and fungicidal - specification (First Revision),2023.0,Current,UNKNOWN,UNKNOWN,CHD — Chemical Department,Collected,https://standards.bis.gov.in/website/know-your-standards,IS 6127,Yes,,"BIS searchKnowStandards, collected 2026-09-10",2028-09-30,No
IS 613,Copper rods and bars for electrical purposes - Specification (Third Revision),2000.0,Current,UNKNOWN,UNKNOWN,MTD — Metallurgical Engineering Department,Collected,https://standards.bis.gov.in/website/know-your-standards,IS 613,Yes,,"BIS searchKnowStandards, collected 2026-09-10",2030-03-31,No
IS 6159,Recommended practice for design and fabrication of iron and steel products prior to galvanizing and metal spraying (Second Revision),1998.0,Withdrawn,UNKNOWN,UNKNOWN,MTD — Metallurgical Engineering Department,Collected,https://standards.bis.gov.in/website/know-your-standards,IS 6159,Yes,,"BIS searchKnowStandards, collected 2026-09-10",2026-03-31,Yes
IS 6160,Rectangular conductors for electrical machines,1971.0,Withdrawn,UNKNOWN,UNKNOWN,ETD — Electrotechnical Department,Collected,https://standards.bis.gov.in/website/know-your-standards,IS 6160,Yes,,"BIS searchKnowStandards, collected 2026-09-10",,
IS 6162 (Part 1),Specification for paper - Covered aluminium conductors: Part 1 round conductors,1971.0,Withdrawn,UNKNOWN,UNKNOWN,ETD — Electrotechnical Department,Collected,https://standards.bis.gov.in/website/know-your-standards,IS 6162,Yes,,"BIS searchKnowStandards, collected 2026-09-10",2023-06-30,Yes
IS 6175 (Part 1),Screwing taps: Part 1 Hand and short machine screwing taps for ISO metric screw threads sizes ml to m2.5 -- Specification (second revision),1992.0,Withdrawn,UNKNOWN,UNKNOWN,PGD — Production And General Engineering Department,Collected,https://standards.bis.gov.in/website/know-your-standards,IS 6175,Yes,,"BIS searchKnowStandards, collected 2026-09-10",2029-08-31,No
IS 6209,Methods for Partial Discharge Measurements,1982.0,Withdrawn,UNKNOWN,UNKNOWN,ETD — Electrotechnical Department,Collected,https://standards.bis.gov.in/website/know-your-standards,IS 6209,Yes,,"BIS searchKnowStandards, collected 2026-09-10",,
IS 62305 (Part 1),Protection against lightning: Part 1 general principles,2010.0,Current,UNKNOWN,UNKNOWN,ETD — Electrotechnical Department,Collected,https://standards.bis.gov.in/website/know-your-standards,IS 62305,Yes,,"BIS searchKnowStandards, collected 2026-09-10",2029-12-31,No
IS 6234,Portable Fire Extinguishers Water Type (Stored Pressure) -Specification,2003.0,Withdrawn,UNKNOWN,UNKNOWN,CED — Civil Engineering Department,Collected,https://standards.bis.gov.in/website/know-your-standards,IS 6234,Yes,,"BIS searchKnowStandards, collected 2026-09-10",,
IS 6236,Direct Recording Electrical Measuring Instruments and Their Accessories ( First Revision ) ,2020.0,Current,UNKNOWN,UNKNOWN,ETD — Electrotechnical Department,Collected,https://standards.bis.gov.in/website/know-your-standards,IS 6236,Yes,,"BIS searchKnowStandards, collected 2026-09-10",2031-02-26,No
IS 6249,flush valves and fittings for marine use,1971.0,Withdrawn,UNKNOWN,UNKNOWN,CED — Civil Engineering Department,Collected,https://standards.bis.gov.in/website/know-your-standards,IS 6249,Yes,,"BIS searchKnowStandards, collected 2026-09-10",,
IS 6262,Method of test for power factor and dielectric constant of electrical insulating liquids,1971.0,Withdrawn,UNKNOWN,UNKNOWN,ETD — Electrotechnical Department,Collected,https://standards.bis.gov.in/website/know-your-standards,IS 6262,Yes,,"BIS searchKnowStandards, collected 2026-09-10",2026-10-31,No
IS 6272,Specification for industrial cooling fans (Man Coolers) (First Revision),1987.0,Withdrawn,UNKNOWN,UNKNOWN,ETD — Electrotechnical Department,Collected,https://standards.bis.gov.in/website/know-your-standards,IS 6272,Yes,,"BIS searchKnowStandards, collected 2026-09-10",2029-06-04,No
IS 6279,Specification for equipment for grit removal devices,1971.0,Current,UNKNOWN,UNKNOWN,CED — Civil Engineering Department,Collected,https://standards.bis.gov.in/website/know-your-standards,IS 6279,Yes,,"BIS searchKnowStandards, collected 2026-09-10",2031-02-13,No
IS 6280,Specification for sewage screens,1971.0,Current,UNKNOWN,UNKNOWN,CED — Civil Engineering Department,Collected,https://standards.bis.gov.in/website/know-your-standards,IS 6280,Yes,,"BIS searchKnowStandards, collected 2026-09-10",2031-02-13,No
IS 6295,Code of practice for water supply and drainage in high altitudes and/or sub - Zero temperature regions (First Revision),1986.0,Current,UNKNOWN,UNKNOWN,CED — Civil Engineering Department,Collected,https://standards.bis.gov.in/website/know-your-standards,IS 6295,Yes,,"BIS searchKnowStandards, collected 2026-09-10",2027-02-28,No
IS 6297 (Part 1),"Specification for transformers and inductors (Power, Audio, Pulse And Switching) for electronic equipment: Part 1 general requirements and tests",1971.0,Current,UNKNOWN,UNKNOWN,LITD — Electronics And Information Technology Department,Collected,https://standards.bis.gov.in/website/know-your-standards,IS 6297,Yes,,"BIS searchKnowStandards, collected 2026-09-10",2029-01-30,No
IS 6304,Stationary Batteries â€” Lead-Acid Batteries with Pasted Positive Plates â€” Specification (Third Revision),2024.0,Current,UNKNOWN,UNKNOWN,ETD — Electrotechnical Department,Collected,https://standards.bis.gov.in/website/know-your-standards,IS 6304,Yes,,"BIS searchKnowStandards, collected 2026-09-10",2029-08-31,No
IS 6312,Polyethylene containers for the transport of materials - Specification (Second Revision),1994.0,Current,UNKNOWN,UNKNOWN,"PCD — Petroleum, Coal And Related Products Department",Collected,https://standards.bis.gov.in/website/know-your-standards,IS 6312,Yes,,"BIS searchKnowStandards, collected 2026-09-10",2031-01-20,No
IS 6313 (Part 1),Anti-termite measures in buildings - Code of practice: Part 1 Constructional measures,1981.0,Current,UNKNOWN,UNKNOWN,CED — Civil Engineering Department,Collected,https://standards.bis.gov.in/website/know-your-standards,IS 6313,Yes,,"BIS searchKnowStandards, collected 2026-09-10",2030-09-10,No
IS 6315,Floor springs (hydraulically regulated) for heavy doors -,1992.0,Current,UNKNOWN,UNKNOWN,CED — Civil Engineering Department,Collected,https://standards.bis.gov.in/website/know-your-standards,IS 6315,Yes,,"BIS searchKnowStandards, collected 2026-09-10",2027-01-31,No
IS 636,Non - Percolating flexible fire fighting delivery hose - Specification (Fourth Revision),2018.0,Current,UNKNOWN,UNKNOWN,"PCD — Petroleum, Coal And Related Products Department",Collected,https://standards.bis.gov.in/website/know-your-standards,IS 636,Yes,,"BIS searchKnowStandards, collected 2026-09-10",2029-03-31,No
IS 6362,Designation of methods of cooling of rotating electrical machines (First Revision),1995.0,Current,UNKNOWN,UNKNOWN,ETD — Electrotechnical Department,Collected,https://standards.bis.gov.in/website/know-your-standards,IS 6362,Yes,,"BIS searchKnowStandards, collected 2026-09-10",2027-11-30,No
IS 6381,"Electrical Apparatus for Explosive Gas Atmospheres - Increased Safety ""e""",2004.0,Withdrawn,UNKNOWN,UNKNOWN,ETD — Electrotechnical Department,Collected,https://standards.bis.gov.in/website/know-your-standards,IS 6381,Yes,,"BIS searchKnowStandards, collected 2026-09-10",,
IS 6382,Code of Practice for Design and Installation of Fixed Carbon Dioxide Fire Extinguishing System,1984.0,Withdrawn,UNKNOWN,UNKNOWN,CED — Civil Engineering Department,Collected,https://standards.bis.gov.in/website/know-your-standards,IS 6382,Yes,,"BIS searchKnowStandards, collected 2026-09-10",,
IS 6403,Code of practice for determination of bearing capacity of shallow foundations,1981.0,Current,UNKNOWN,UNKNOWN,CED — Civil Engineering Department,Collected,https://standards.bis.gov.in/website/know-your-standards,IS 6403,Yes,,"BIS searchKnowStandards, collected 2026-09-10",2026-12-31,No
IS 6411,Specification for gel - Coated glass fibre reinforced polyester resin bath tubs (first revision),1985.0,Current,UNKNOWN,UNKNOWN,CED — Civil Engineering Department,Collected,https://standards.bis.gov.in/website/know-your-standards,IS 6411,Yes,,"BIS searchKnowStandards, collected 2026-09-10",2031-02-27,No
IS 6418,Specification for cast iron and malleable cast iron flanges for general engineering purposes,1971.0,Current,UNKNOWN,UNKNOWN,MTD — Metallurgical Engineering Department,Collected,https://standards.bis.gov.in/website/know-your-standards,IS 6418,Yes,,"BIS searchKnowStandards, collected 2026-09-10",2030-02-28,No
IS 6419,Welding rods and bare electrodes for gas shielded arc welding of structural steel - Specification (First Revision),1996.0,Current,UNKNOWN,UNKNOWN,MTD — Metallurgical Engineering Department,Collected,https://standards.bis.gov.in/website/know-your-standards,IS 6419,Yes,,"BIS searchKnowStandards, collected 2026-09-10",2031-02-27,No
IS 6441 (Part 1),Methods of test for autoclaved cellular concrete products: Part 1 determination of unit weight or bulk density and moisture content,1972.0,Current,UNKNOWN,UNKNOWN,CED — Civil Engineering Department,Collected,https://standards.bis.gov.in/website/know-your-standards,IS 6441,Yes,,"BIS searchKnowStandards, collected 2026-09-10",2027-01-31,No
IS 6452,High Alumina Cement for Structural use - Specification (First Revision),1989.0,Current,UNKNOWN,UNKNOWN,CED — Civil Engineering Department,Collected,https://standards.bis.gov.in/website/know-your-standards,IS 6452,Yes,,"BIS searchKnowStandards, collected 2026-09-10",2029-03-31,No
IS 6455,Single Row Deep Groove Ball Bearings — Specification ( Second Revision ),2026.0,Current,UNKNOWN,UNKNOWN,PGD — Production And General Engineering Department,Collected,https://standards.bis.gov.in/website/know-your-standards,IS 6455,Yes,,"BIS searchKnowStandards, collected 2026-09-10",2031-02-27,No
IS 6457,SINGLE ROW CYLINDRICAL ROLLER BEARINGS  SPECIFICATION,2024.0,Current,UNKNOWN,UNKNOWN,PGD — Production And General Engineering Department,Collected,https://standards.bis.gov.in/website/know-your-standards,IS 6457,Yes,,"BIS searchKnowStandards, collected 2026-09-10",2027-04-01,No
IS 6474,Polyethylene insulation and sheath of electric cables,1984.0,Withdrawn,UNKNOWN,UNKNOWN,ETD — Electrotechnical Department,Collected,https://standards.bis.gov.in/website/know-your-standards,IS 6474,Yes,,"BIS searchKnowStandards, collected 2026-09-10",,
IS 6477,"Dimensions for wrought aluminium and aluminium alloys, extruded hollow sections (First Revision)",1983.0,Current,UNKNOWN,UNKNOWN,MTD — Metallurgical Engineering Department,Collected,https://standards.bis.gov.in/website/know-your-standards,IS 6477,Yes,,"BIS searchKnowStandards, collected 2026-09-10",2031-03-17,No
IS 649,"Methods of testing steel sheets for magnetic circuits of power electrical apparatus (Second Revision,)",1997.0,Current,UNKNOWN,UNKNOWN,MTD — Metallurgical Engineering Department,Collected,https://standards.bis.gov.in/website/know-your-standards,IS 649,Yes,,"BIS searchKnowStandards, collected 2026-09-10",2029-03-31,No
IS 650,Standard sand for testing cement - Specification (Second Revision),1991.0,Current,UNKNOWN,UNKNOWN,CED — Civil Engineering Department,Collected,https://standards.bis.gov.in/website/know-your-standards,IS 650,Yes,,"BIS searchKnowStandards, collected 2026-09-10",2028-06-30,No
IS 651,Glazed stoneware pipes and fittings - Specification (Sixth Revision),2007.0,Current,UNKNOWN,UNKNOWN,CED — Civil Engineering Department,Collected,https://standards.bis.gov.in/website/know-your-standards,IS 651,Yes,,"BIS searchKnowStandards, collected 2026-09-10",2027-10-31,No
IS 6518,Guidelines for control of sediment in reservoirs (Second Revision),2017.0,Current,UNKNOWN,UNKNOWN,WRD — Water Resources Department,Collected,https://standards.bis.gov.in/website/know-your-standards,IS 6518,Yes,,"BIS searchKnowStandards, collected 2026-09-10",2027-04-30,No
IS 652,Specification for wooden separators for lead - Acid storage batteries (Revised),1960.0,Withdrawn,UNKNOWN,UNKNOWN,CED — Civil Engineering Department,Collected,https://standards.bis.gov.in/website/know-your-standards,IS 652,Yes,,"BIS searchKnowStandards, collected 2026-09-10",2029-10-31,No
IS 6530,Code of practice for laying of asbestos cement pressure pipes,1972.0,Current,UNKNOWN,UNKNOWN,CED — Civil Engineering Department,Collected,https://standards.bis.gov.in/website/know-your-standards,IS 6530,Yes,,"BIS searchKnowStandards, collected 2026-09-10",2027-01-31,No
IS 6553,Environmental requirements for semiconductor devices and integrated circuits,1971.0,Withdrawn,UNKNOWN,UNKNOWN,LITD — Electronics And Information Technology Department,Collected,https://standards.bis.gov.in/website/know-your-standards,IS 6553,Yes,,"BIS searchKnowStandards, collected 2026-09-10",,
IS 6573,Dimensions for pneumatic coal pick shanks and chuck bushings  (First Revision),1987.0,Current,UNKNOWN,UNKNOWN,PGD — Production And General Engineering Department,Collected,https://standards.bis.gov.in/website/know-your-standards,IS 6573,Yes,,"BIS searchKnowStandards, collected 2026-09-10",2026-06-30,Yes
IS 659,Safety code for air conditioning,1964.0,Withdrawn,UNKNOWN,UNKNOWN,MED — Mechanical Engineering Department,Collected,https://standards.bis.gov.in/website/know-your-standards,IS 659,Yes,,"BIS searchKnowStandards, collected 2026-09-10",,
IS 6594,TECHNICAL SUPPLY CONDITIONS FOR STEEL WIRE ROPES AND STRANDS  (Fourth Revision ),2024.0,Current,UNKNOWN,UNKNOWN,MED — Mechanical Engineering Department,Collected,https://standards.bis.gov.in/website/know-your-standards,IS 6594,Yes,,"BIS searchKnowStandards, collected 2026-09-10",2029-10-31,No
IS 660,Safety code for mechanical refrigeration,1963.0,Withdrawn,UNKNOWN,UNKNOWN,MED — Mechanical Engineering Department,Collected,https://standards.bis.gov.in/website/know-your-standards,IS 660,Yes,,"BIS searchKnowStandards, collected 2026-09-10",,
IS 6603,"Stainless Steel Semi-Finished Products, Bars, Wire Rods and Bright Bars â€” Specification  (Second Revision) ",2024.0,Current,UNKNOWN,UNKNOWN,MTD — Metallurgical Engineering Department,Collected,https://standards.bis.gov.in/website/know-your-standards,IS 6603,Yes,,"BIS searchKnowStandards, collected 2026-09-10",2029-05-31,No
IS 661,Thermal insulation of cold storage - Code of practice (Fourth Revision),2019.0,Current,UNKNOWN,UNKNOWN,CHD — Chemical Department,Collected,https://standards.bis.gov.in/website/know-your-standards,IS 661,Yes,,"BIS searchKnowStandards, collected 2026-09-10",2029-03-31,No
IS 6619,Safety code for semiconductor rectifier equipment,1972.0,Withdrawn,UNKNOWN,UNKNOWN,ETD — Electrotechnical Department,Collected,https://standards.bis.gov.in/website/know-your-standards,IS 6619,Yes,,"BIS searchKnowStandards, collected 2026-09-10",2029-01-31,No
IS 6623,High Strength Structural Nuts,2004.0,Current,UNKNOWN,UNKNOWN,PGD — Production And General Engineering Department,Collected,https://standards.bis.gov.in/website/know-your-standards,IS 6623,Yes,,"BIS searchKnowStandards, collected 2026-09-10",2030-06-25,No
IS 6631,Steel Pipes for Hydraulic Purposes,1972.0,Current,UNKNOWN,UNKNOWN,MTD — Metallurgical Engineering Department,Collected,https://standards.bis.gov.in/website/know-your-standards,IS 6631,Yes,,"BIS searchKnowStandards, collected 2026-09-10",2029-06-30,No
IS 6649,Specification for hardened and tempered washers for high strength structural bolts and nuts  (First Revision),1985.0,Current,UNKNOWN,UNKNOWN,PGD — Production And General Engineering Department,Collected,https://standards.bis.gov.in/website/know-your-standards,IS 6649,Yes,,"BIS searchKnowStandards, collected 2026-09-10",2030-05-02,No
IS 6664,Rubber microcellular sheets for soles and heels - Specification (First Revision),1992.0,Current,UNKNOWN,UNKNOWN,CHD — Chemical Department,Collected,https://standards.bis.gov.in/website/know-your-standards,IS 6664,Yes,,"BIS searchKnowStandards, collected 2026-09-10",2026-11-30,No
IS 6719,Solid Pvc Soles And Heels,1972.0,Current,UNKNOWN,UNKNOWN,CHD — Chemical Department,Collected,https://standards.bis.gov.in/website/know-your-standards,IS 6719,Yes,,"BIS searchKnowStandards, collected 2026-09-10",2028-05-31,No
IS 6721, Sandal and Slippers - Specification (First revision) Amendment - 2,2023.0,Superseded,UNKNOWN,UNKNOWN,CHD — Chemical Department,Collected,https://standards.bis.gov.in/website/know-your-standards,IS 6721,Yes,,"BIS searchKnowStandards, collected 2026-09-10",2030-12-17,No
IS 6746,Unsaturated polyester resin systems - Specification (First Revision),1994.0,Current,UNKNOWN,UNKNOWN,"PCD — Petroleum, Coal And Related Products Department",Collected,https://standards.bis.gov.in/website/know-your-standards,IS 6746,Yes,,"BIS searchKnowStandards, collected 2026-09-10",2030-07-31,No
IS 6784,Methods for performance testing of water meters (Domestic Type) (Second Revision),1996.0,Current,UNKNOWN,UNKNOWN,CED — Civil Engineering Department,Collected,https://standards.bis.gov.in/website/know-your-standards,IS 6784,Yes,,"BIS searchKnowStandards, collected 2026-09-10",2027-03-31,No
IS 6831:2023 P,Caustic Potash — Specification (Third Revision),2023.0,Superseded,UNKNOWN,UNKNOWN,CHD — Chemical Department,Collected,https://standards.bis.gov.in/website/know-your-standards,IS 6831,Yes,,"BIS searchKnowStandards, collected 2026-09-10",2031-03-25,No
IS 6850,Agar Microbiological Grade - Specification,2023.0,Current,UNKNOWN,UNKNOWN,FAD — Food And Agriculture Department,Collected,https://standards.bis.gov.in/website/know-your-standards,IS 6850,Yes,,"BIS searchKnowStandards, collected 2026-09-10",2028-06-30,No
IS 690,Method for determination of colour fastness of textile materials to sea water (First Revision),1988.0,Withdrawn,UNKNOWN,UNKNOWN,TXD — Textile Department,Collected,https://standards.bis.gov.in/website/know-your-standards,IS 690,Yes,,"BIS searchKnowStandards, collected 2026-09-10",,
IS 6908,Asbestos - Cement pipes and fitkIngs for sewerage and drainage - Specification (First Revision),1991.0,Current,UNKNOWN,UNKNOWN,CED — Civil Engineering Department,Collected,https://standards.bis.gov.in/website/know-your-standards,IS 6908,Yes,,"BIS searchKnowStandards, collected 2026-09-10",2027-01-31,No
IS 6909,Supersulphated Cement - Specification (First Revision),1990.0,Current,UNKNOWN,UNKNOWN,CED — Civil Engineering Department,Collected,https://standards.bis.gov.in/website/know-your-standards,IS 6909,Yes,,"BIS searchKnowStandards, collected 2026-09-10",2031-03-01,No
IS 6911,"STAINLESS STEEL PLATE, SHEET AND STRIP - SPECIFICATION (Third revision)",2026.0,Current,UNKNOWN,UNKNOWN,MTD — Metallurgical Engineering Department,Collected,https://standards.bis.gov.in/website/know-your-standards,IS 6911,Yes,,"BIS searchKnowStandards, collected 2026-09-10",2031-02-18,No
IS 6925,Methods of Test for Determination of Water Soluble Chlorides in Concrete Admixtures,1973.0,Current,UNKNOWN,UNKNOWN,CED — Civil Engineering Department,Collected,https://standards.bis.gov.in/website/know-your-standards,IS 6925,Yes,,"BIS searchKnowStandards, collected 2026-09-10",2031-03-27,No
IS 6946,Flexible (Pliable) Non-metallic Conduits for Electrical Installations,1973.0,Withdrawn,UNKNOWN,UNKNOWN,ETD — Electrotechnical Department,Collected,https://standards.bis.gov.in/website/know-your-standards,IS 6946,Yes,,"BIS searchKnowStandards, collected 2026-09-10",,
IS 6949,Specification for summation current transformers,1973.0,Current,UNKNOWN,UNKNOWN,ETD — Electrotechnical Department,Collected,https://standards.bis.gov.in/website/know-your-standards,IS 6949,Yes,,"BIS searchKnowStandards, collected 2026-09-10",2030-12-15,No
IS 6950,PIG HOOKS  SPECIFICATION First Revision of IS 6950,2024.0,Current,UNKNOWN,UNKNOWN,FAD — Food And Agriculture Department,Collected,https://standards.bis.gov.in/website/know-your-standards,IS 6950,Yes,,"BIS searchKnowStandards, collected 2026-09-10",2029-01-31,No
IS 7016 (Part 1/Sec 1),"Methods of Test for Rubber or Plastics Coated Fabrics  Part 1 Determination of Roll Characteristics  Section 1 Methods for Determination of Length, Width and Net Mass ( Third Revision )",2022.0,Current,UNKNOWN,UNKNOWN,TXD — Textile Department,Collected,https://standards.bis.gov.in/website/know-your-standards,IS 7016,Yes,,"BIS searchKnowStandards, collected 2026-09-10",2031-08-11,No
IS 702,Industrial bitumen - Specification (Third Revision) ,2022.0,Superseded,UNKNOWN,UNKNOWN,"PCD — Petroleum, Coal And Related Products Department",Collected,https://standards.bis.gov.in/website/know-your-standards,IS 702,Yes,,"BIS searchKnowStandards, collected 2026-09-10",2031-03-12,No
IS 7022 (Part 1),"Water Related â€” Glossary of Terms  Part 1 Water, Sewage and Industrial Effluents (First Revision)",2024.0,Current,UNKNOWN,UNKNOWN,CHD — Chemical Department,Collected,https://standards.bis.gov.in/website/know-your-standards,IS 7022,Yes,,"BIS searchKnowStandards, collected 2026-09-10",2029-09-30,No
IS 7023,Methods of tests for high pressure mercury vapour lamps,1973.0,Withdrawn,UNKNOWN,UNKNOWN,ETD — Electrotechnical Department,Collected,https://standards.bis.gov.in/website/know-your-standards,IS 7023,Yes,,"BIS searchKnowStandards, collected 2026-09-10",,
IS 7056,Textiles - Cotton Towelling and Towels - Specification (Second revison),2024.0,Current,UNKNOWN,UNKNOWN,TXD — Textile Department,Collected,https://standards.bis.gov.in/website/know-your-standards,IS 7056,Yes,,"BIS searchKnowStandards, collected 2026-09-10",2029-07-31,No
IS 707,"Timber Technology and Utilization of Wood, Bamboo and Cane - Glossary of Terms (Third Revision)",2011.0,Current,UNKNOWN,UNKNOWN,CED — Civil Engineering Department,Collected,https://standards.bis.gov.in/website/know-your-standards,IS 707,Yes,,"BIS searchKnowStandards, collected 2026-09-10",2026-10-31,No
IS 7088,Recommended practice for anodizing aluminium and its alloys,1973.0,Current,UNKNOWN,UNKNOWN,MTD — Metallurgical Engineering Department,Collected,https://standards.bis.gov.in/website/know-your-standards,IS 7088,Yes,,"BIS searchKnowStandards, collected 2026-09-10",2031-03-27,No
IS 7090,Guidelines for rapid mixing devices (First Revision),1985.0,Current,UNKNOWN,UNKNOWN,CED — Civil Engineering Department,Collected,https://standards.bis.gov.in/website/know-your-standards,IS 7090,Yes,,"BIS searchKnowStandards, collected 2026-09-10",2031-02-13,No
IS 710,MARINE PLYWOOD -  SPECIFICATION (Third Revision),2024.0,Current,UNKNOWN,UNKNOWN,CED — Civil Engineering Department,Collected,https://standards.bis.gov.in/website/know-your-standards,IS 710,Yes,,"BIS searchKnowStandards, collected 2026-09-10",2029-04-30,No
IS 715,Coated Abrasives,2002.0,Current,UNKNOWN,UNKNOWN,PGD — Production And General Engineering Department,Collected,https://standards.bis.gov.in/website/know-your-standards,IS 715,Yes,,"BIS searchKnowStandards, collected 2026-09-10",2029-09-30,No
IS 7181,"Specification for horizontally cast iron double flanged pipes for water, gas and sewage (First Revision)",1986.0,Withdrawn,UNKNOWN,UNKNOWN,MTD — Metallurgical Engineering Department,Collected,https://standards.bis.gov.in/website/know-your-standards,IS 7181,Yes,,"BIS searchKnowStandards, collected 2026-09-10",2029-12-31,No
IS 7215,Tolerances for fabrication of steel structures,1974.0,Current,UNKNOWN,UNKNOWN,CED — Civil Engineering Department,Collected,https://standards.bis.gov.in/website/know-your-standards,IS 7215,Yes,,"BIS searchKnowStandards, collected 2026-09-10",2031-01-20,No
IS 7231,Plastic flushing cisterns for water closets and urinals - Specification (third revision),2021.0,Current,UNKNOWN,UNKNOWN,CED — Civil Engineering Department,Collected,https://standards.bis.gov.in/website/know-your-standards,IS 7231,Yes,,"BIS searchKnowStandards, collected 2026-09-10",2026-03-31,Yes
IS 7232,Method for imhoff cone test,1974.0,Current,UNKNOWN,UNKNOWN,CED — Civil Engineering Department,Collected,https://standards.bis.gov.in/website/know-your-standards,IS 7232,Yes,,"BIS searchKnowStandards, collected 2026-09-10",2027-11-30,No
IS 7242,Specification for concrete spreaders,1974.0,Current,UNKNOWN,UNKNOWN,MED — Mechanical Engineering Department,Collected,https://standards.bis.gov.in/website/know-your-standards,IS 7242,Yes,,"BIS searchKnowStandards, collected 2026-09-10",2027-03-31,No
IS 725,Specification for copper wire nails (Revised),1961.0,Current,UNKNOWN,UNKNOWN,PGD — Production And General Engineering Department,Collected,https://standards.bis.gov.in/website/know-your-standards,IS 725,Yes,,"BIS searchKnowStandards, collected 2026-09-10",2030-06-25,No
IS 7251,Specification for concrete finishers,1974.0,Current,UNKNOWN,UNKNOWN,MED — Mechanical Engineering Department,Collected,https://standards.bis.gov.in/website/know-your-standards,IS 7251,Yes,,"BIS searchKnowStandards, collected 2026-09-10",2027-03-31,No
IS 7269,"Numbering of aircraft engines, engine cylinders, combustion chambers and direction of rotation of engines and propellers",1974.0,Withdrawn,UNKNOWN,UNKNOWN,TED — Transport Engineering Department,Collected,https://standards.bis.gov.in/website/know-your-standards,IS 7269,Yes,,"BIS searchKnowStandards, collected 2026-09-10",,
IS 7273,Methods of testing fusion welded joints in aluminium and aluminium alloys,1974.0,Withdrawn,UNKNOWN,UNKNOWN,MTD — Metallurgical Engineering Department,Collected,https://standards.bis.gov.in/website/know-your-standards,IS 7273,Yes,,"BIS searchKnowStandards, collected 2026-09-10",2028-05-25,No
IS 7280,Bare wire electrodes for submerged arc welding of structural steels,1974.0,Withdrawn,UNKNOWN,UNKNOWN,MTD — Metallurgical Engineering Department,Collected,https://standards.bis.gov.in/website/know-your-standards,IS 7280,Yes,,"BIS searchKnowStandards, collected 2026-09-10",,
IS 7285 (Part 1),Refillable seamless steel gas cylinders - Specification: Part 1 normalized steel cylinders (Fourth Revision),2018.0,Current,UNKNOWN,UNKNOWN,MED — Mechanical Engineering Department,Collected,https://standards.bis.gov.in/website/know-your-standards,IS 7285,Yes,,"BIS searchKnowStandards, collected 2026-09-10",2027-10-31,No
IS 729,DRAWER LOCKS CUPBOARD LOCKS AND BOX LOCKS - SPECIFICATION,2021.0,Current,UNKNOWN,UNKNOWN,MED — Mechanical Engineering Department,Collected,https://standards.bis.gov.in/website/know-your-standards,IS 729,Yes,,"BIS searchKnowStandards, collected 2026-09-10",2031-03-12,No
IS 7293,Safety code for working with construction machinery,1974.0,Current,UNKNOWN,UNKNOWN,CED — Civil Engineering Department,Collected,https://standards.bis.gov.in/website/know-your-standards,IS 7293,Yes,,"BIS searchKnowStandards, collected 2026-09-10",2027-03-31,No
IS 7311,Seamless high  carbon steel cylinders for permanent and high pressure liquefiable gases,1974.0,Withdrawn,UNKNOWN,UNKNOWN,MED — Mechanical Engineering Department,Collected,https://standards.bis.gov.in/website/know-your-standards,IS 7311,Yes,,"BIS searchKnowStandards, collected 2026-09-10",,
IS 7321,"Code of practice for selection, handling and erection of concrete poles for overhead power and telecommunication lines",1974.0,Current,UNKNOWN,UNKNOWN,CED — Civil Engineering Department,Collected,https://standards.bis.gov.in/website/know-your-standards,IS 7321,Yes,,"BIS searchKnowStandards, collected 2026-09-10",2030-08-01,No
IS 7322,specials for steel cylinder reinforced concrete pipes,1985.0,Current,UNKNOWN,UNKNOWN,CED — Civil Engineering Department,Collected,https://standards.bis.gov.in/website/know-your-standards,IS 7322,Yes,,"BIS searchKnowStandards, collected 2026-09-10",2030-08-01,No
IS 7323,Operation of reservoirs - Guidelines (First Revision),1994.0,Current,UNKNOWN,UNKNOWN,WRD — Water Resources Department,Collected,https://standards.bis.gov.in/website/know-your-standards,IS 7323,Yes,,"BIS searchKnowStandards, collected 2026-09-10",2028-01-31,No
IS 7328,Specification for polyethylene material for moulding and extrusion (Third Revision) ,2020.0,Current,UNKNOWN,UNKNOWN,"PCD — Petroleum, Coal And Related Products Department",Collected,https://standards.bis.gov.in/website/know-your-standards,IS 7328,Yes,,"BIS searchKnowStandards, collected 2026-09-10",2030-07-31,No
IS 7343,Code of practice for ultrasonic testing of ferrous welded pipes and tubular products - (First Revision),1986.0,Current,UNKNOWN,UNKNOWN,MTD — Metallurgical Engineering Department,Collected,https://standards.bis.gov.in/website/know-your-standards,IS 7343,Yes,,"BIS searchKnowStandards, collected 2026-09-10",2031-01-09,No
IS 735,Wrought aluminium and aluminium alloys forging stock (for general engineering purposes),1956.0,Withdrawn,UNKNOWN,UNKNOWN,MTD — Metallurgical Engineering Department,Collected,https://standards.bis.gov.in/website/know-your-standards,IS 735,Yes,,"BIS searchKnowStandards, collected 2026-09-10",,
IS 7357,Code of practice for structural design of surge tanks,1974.0,Current,UNKNOWN,UNKNOWN,WRD — Water Resources Department,Collected,https://standards.bis.gov.in/website/know-your-standards,IS 7357,Yes,,"BIS searchKnowStandards, collected 2026-09-10",2030-03-31,No
IS 736,Specification for wrought aluminium and aluminium alloy plate for general engineering purposes (Third Revision),1986.0,Current,UNKNOWN,UNKNOWN,MTD — Metallurgical Engineering Department,Collected,https://standards.bis.gov.in/website/know-your-standards,IS 736,Yes,,"BIS searchKnowStandards, collected 2026-09-10",2031-02-20,No
IS 737,WROUGHT ALUMINIUM AND ALUMINIUM ALLOY SHEET AND STRIP FOR GENERAL ENGINEERING PURPOSES  SPECIFICATION (Fifth Revision) Amendment - 1,2024.0,Superseded,UNKNOWN,UNKNOWN,MTD — Metallurgical Engineering Department,Collected,https://standards.bis.gov.in/website/know-your-standards,IS 737,Yes,,"BIS searchKnowStandards, collected 2026-09-10",2030-12-29,No
IS 7391 (Part 1),Specification For cotton Covered Copper Conductors : Part 1 round conductors,1974.0,Current,UNKNOWN,UNKNOWN,ETD — Electrotechnical Department,Collected,https://standards.bis.gov.in/website/know-your-standards,IS 7391,Yes,,"BIS searchKnowStandards, collected 2026-09-10",2023-01-01,Yes
IS 7403,Code of practice for selection of standard worm and helical gear boxes,1974.0,Current,UNKNOWN,UNKNOWN,PGD — Production And General Engineering Department,Collected,https://standards.bis.gov.in/website/know-your-standards,IS 7403,Yes,,"BIS searchKnowStandards, collected 2026-09-10",2028-03-31,No
IS 7404 (Part 1),Paper covered copper conductors - Specification: Part 1 round conductors (First Revision),1991.0,Withdrawn,UNKNOWN,UNKNOWN,ETD — Electrotechnical Department,Collected,https://standards.bis.gov.in/website/know-your-standards,IS 7404,Yes,,"BIS searchKnowStandards, collected 2026-09-10",2029-12-25,No
IS 7421,Specification for porcelain bushings for alternating voltages upto and including 1 000 V (First Revision),1988.0,Current,UNKNOWN,UNKNOWN,ETD — Electrotechnical Department,Collected,https://standards.bis.gov.in/website/know-your-standards,IS 7421,Yes,,"BIS searchKnowStandards, collected 2026-09-10",2031-05-08,No
IS 745,Textiles  Handloom cotton bed sheets  Specification,2021.0,Current,UNKNOWN,UNKNOWN,TXD — Textile Department,Collected,https://standards.bis.gov.in/website/know-your-standards,IS 745,Yes,,"BIS searchKnowStandards, collected 2026-09-10",2031-01-28,No
IS 7452,"Hot Rolled Steel Sections for Doors, Windows and Ventilators - Specification (Second Revision)",1990.0,Current,UNKNOWN,UNKNOWN,CED — Civil Engineering Department,Collected,https://standards.bis.gov.in/website/know-your-standards,IS 7452,Yes,,"BIS searchKnowStandards, collected 2026-09-10",2027-12-31,No
IS 7538,Three - Phase squirrel cage induction motors for centrifugal pumps for agricultural application - Specification (First Revision),1996.0,Current,UNKNOWN,UNKNOWN,ETD — Electrotechnical Department,Collected,https://standards.bis.gov.in/website/know-your-standards,IS 7538,Yes,,"BIS searchKnowStandards, collected 2026-09-10",2031-02-02,No
IS 7558,Code of practice for domestic hot water installations,1974.0,Current,UNKNOWN,UNKNOWN,CED — Civil Engineering Department,Collected,https://standards.bis.gov.in/website/know-your-standards,IS 7558,Yes,,"BIS searchKnowStandards, collected 2026-09-10",2027-02-28,No
IS 7572,Guide for testing single - Phase AC and universal motors,1974.0,Current,UNKNOWN,UNKNOWN,ETD — Electrotechnical Department,Collected,https://standards.bis.gov.in/website/know-your-standards,IS 7572,Yes,,"BIS searchKnowStandards, collected 2026-09-10",2029-06-30,No
IS 760,Blanks For Jute Spinning Roller Discs,1956.0,Withdrawn,UNKNOWN,UNKNOWN,TXD — Textile Department,Collected,https://standards.bis.gov.in/website/know-your-standards,IS 760,Yes,,"BIS searchKnowStandards, collected 2026-09-10",,
IS 7637,5 - Chloro - 2 - Toluidine - Specification (First Revision),1992.0,Current,UNKNOWN,UNKNOWN,"PCD — Petroleum, Coal And Related Products Department",Collected,https://standards.bis.gov.in/website/know-your-standards,IS 7637,Yes,,"BIS searchKnowStandards, collected 2026-09-10",2029-10-31,No
IS 765,Method for determination of colour fastness of textile materials to washing: Test 4,1979.0,Withdrawn,UNKNOWN,UNKNOWN,TXD — Textile Department,Collected,https://standards.bis.gov.in/website/know-your-standards,IS 765,Yes,,"BIS searchKnowStandards, collected 2026-09-10",,
IS 771 (Part 1),Specification for glazed fire - Clay sanitary appliances: Part 1 general requirements,1979.0,Withdrawn,UNKNOWN,UNKNOWN,CED — Civil Engineering Department,Collected,https://standards.bis.gov.in/website/know-your-standards,IS 771,Yes,,"BIS searchKnowStandards, collected 2026-09-10",,
IS 774,Ceramic (Vitreous China) flushing cisterns for water closets and urinals - Specification (sixth revision),2021.0,Current,UNKNOWN,UNKNOWN,CED — Civil Engineering Department,Collected,https://standards.bis.gov.in/website/know-your-standards,IS 774,Yes,,"BIS searchKnowStandards, collected 2026-09-10",2026-12-30,No
IS 775,Cast Iron Brackets And Supports For Wash Basins And Sinks,1970.0,Withdrawn,UNKNOWN,UNKNOWN,CED — Civil Engineering Department,Collected,https://standards.bis.gov.in/website/know-your-standards,IS 775,Yes,,"BIS searchKnowStandards, collected 2026-09-10",,
IS 7784 (Part 1),Design of cross drainage works - Code of practice: Part 1 general features (Second Revision),2013.0,Current,UNKNOWN,UNKNOWN,WRD — Water Resources Department,Collected,https://standards.bis.gov.in/website/know-your-standards,IS 7784,Yes,,"BIS searchKnowStandards, collected 2026-09-10",2029-09-30,No
IS 779,Water meters (Domestic Type) - Specification (Sixth Revision),1994.0,Current,UNKNOWN,UNKNOWN,CED — Civil Engineering Department,Collected,https://standards.bis.gov.in/website/know-your-standards,IS 779,Yes,,"BIS searchKnowStandards, collected 2026-09-10",2031-02-27,No
IS 7809 (Part 1),Specification for pressure sensitive adhesive tapes for electrical purposes: Part 1 general requirements,1975.0,Current,UNKNOWN,UNKNOWN,ETD — Electrotechnical Department,Collected,https://standards.bis.gov.in/website/know-your-standards,IS 7809,Yes,,"BIS searchKnowStandards, collected 2026-09-10",2028-01-31,No
IS 7809 (Part 3/Sec 1),Specification for pressure sensitive adhesive insulating tapes for electrical purposes: Part 3 requirements or individual materials: Sec 1 plasticized polyvinylchloride tapes with non - Thermosetting adhesive (First Revision),1986.0,Current,UNKNOWN,UNKNOWN,ETD — Electrotechnical Department,Collected,https://standards.bis.gov.in/website/know-your-standards,IS 7809,Yes,,"BIS searchKnowStandards, collected 2026-09-10",2028-01-31,No
IS 7814,"Phosphor bronze sheet, strip and foil - Specification (Second Revision)",2005.0,Current,UNKNOWN,UNKNOWN,MTD — Metallurgical Engineering Department,Collected,https://standards.bis.gov.in/website/know-your-standards,IS 7814,Yes,,"BIS searchKnowStandards, collected 2026-09-10",2031-03-23,No
IS 7816,Guide for testing insulation resistance of rotating machines,1975.0,Withdrawn,UNKNOWN,UNKNOWN,ETD — Electrotechnical Department,Collected,https://standards.bis.gov.in/website/know-your-standards,IS 7816,Yes,,"BIS searchKnowStandards, collected 2026-09-10",,
IS 782,Specification for caulking lead (Third Revision),1978.0,Withdrawn,UNKNOWN,UNKNOWN,CED — Civil Engineering Department,Collected,https://standards.bis.gov.in/website/know-your-standards,IS 782,Yes,,"BIS searchKnowStandards, collected 2026-09-10",,
IS 784,Prestressed concrete pipes (Including Specials) - Specification (Third Revision),2019.0,Current,UNKNOWN,UNKNOWN,CED — Civil Engineering Department,Collected,https://standards.bis.gov.in/website/know-your-standards,IS 784,Yes,,"BIS searchKnowStandards, collected 2026-09-10",2029-03-31,No
IS 7861 (Part 1),Code of Practice for Extreme Weather Concreting: Part 1 Recommended Practice for Hot Weather Concreting,1975.0,Current,UNKNOWN,UNKNOWN,CED — Civil Engineering Department,Collected,https://standards.bis.gov.in/website/know-your-standards,IS 7861,Yes,,"BIS searchKnowStandards, collected 2026-09-10",2031-03-27,No
IS 7887,Mild steel wire rod for general engineering purposes - Specification (First Revision),1992.0,Current,UNKNOWN,UNKNOWN,MTD — Metallurgical Engineering Department,Collected,https://standards.bis.gov.in/website/know-your-standards,IS 7887,Yes,,"BIS searchKnowStandards, collected 2026-09-10",2027-03-31,No
IS 797,COMMON SALT FOR CHEMICAL INDUSTRIES  SPECIFICATION,2023.0,Current,UNKNOWN,UNKNOWN,CHD — Chemical Department,Collected,https://standards.bis.gov.in/website/know-your-standards,IS 797,Yes,,"BIS searchKnowStandards, collected 2026-09-10",2028-10-31,No
IS 798,Orthophosphoric Acid — Specification ( Third Revision ) ,2020.0,Current,UNKNOWN,UNKNOWN,CHD — Chemical Department,Collected,https://standards.bis.gov.in/website/know-your-standards,IS 798,Yes,,"BIS searchKnowStandards, collected 2026-09-10",2029-04-30,No
IS 8000 (Part 1),"Geometrical product specifications (GPS) -- Geometrical tolerancing: Part 1 Tolerances of form, orientation, location and run-out (Second Revision) ",2019.0,Current,UNKNOWN,UNKNOWN,PGD — Production And General Engineering Department,Collected,https://standards.bis.gov.in/website/know-your-standards,IS 8000,Yes,,"BIS searchKnowStandards, collected 2026-09-10",2028-08-31,No
IS 802 (Part 1/Sec 1),"Use of structural steel in overhead transmission line towers - Code of practice: Part 1 materials, loads and design strengths: sec 1 materials and loads (Fourth Revision)",2015.0,Current,UNKNOWN,UNKNOWN,CED — Civil Engineering Department,Collected,https://standards.bis.gov.in/website/know-your-standards,IS 802,Yes,,"BIS searchKnowStandards, collected 2026-09-10",2030-08-31,No
IS 803,"Code of Practice for Design, Fabrication and Erection of Vertical Mild Steel Cylindrical Welded Oil Storage Tanks (First Revision)",1976.0,Current,UNKNOWN,UNKNOWN,CED — Civil Engineering Department,Collected,https://standards.bis.gov.in/website/know-your-standards,IS 803,Yes,,"BIS searchKnowStandards, collected 2026-09-10",2027-12-31,No
IS 8034,Submersible pumpsets - Specification (Third Revision),2018.0,Current,UNKNOWN,UNKNOWN,MED — Mechanical Engineering Department,Collected,https://standards.bis.gov.in/website/know-your-standards,IS 8034,Yes,,"BIS searchKnowStandards, collected 2026-09-10",2027-10-31,No
IS 8041,Rapid Hardening Portland Cement - Specification (Second Revision),1990.0,Current,UNKNOWN,UNKNOWN,CED — Civil Engineering Department,Collected,https://standards.bis.gov.in/website/know-your-standards,IS 8041,Yes,,"BIS searchKnowStandards, collected 2026-09-10",2029-03-31,No
IS 8043,Hydrophobic Portland Cement - Specification (Second Revision),1991.0,Current,UNKNOWN,UNKNOWN,CED — Civil Engineering Department,Collected,https://standards.bis.gov.in/website/know-your-standards,IS 8043,Yes,,"BIS searchKnowStandards, collected 2026-09-10",2029-03-31,No
IS 8048,Specification for electrocardiograph (First Revision),1985.0,Withdrawn,UNKNOWN,UNKNOWN,MHD — Medical Equipment And Hospital Planning Department,Collected,https://standards.bis.gov.in/website/know-your-standards,IS 8048,Yes,,"BIS searchKnowStandards, collected 2026-09-10",,
IS 8062 (Part 2),"Cathodic protection of buried pipeline/ structure for transportation of natural gas, oil and liquids - Code of practice (First Revision)",2006.0,Current,UNKNOWN,UNKNOWN,MTD — Metallurgical Engineering Department,Collected,https://standards.bis.gov.in/website/know-your-standards,IS 8062,Yes,,"BIS searchKnowStandards, collected 2026-09-10",2028-11-30,No
IS 807,"Design, erection and testing (Structural Portion) of cranes and hoists - Code of practice (Second Revision)",2006.0,Current,UNKNOWN,UNKNOWN,MED — Mechanical Engineering Department,Collected,https://standards.bis.gov.in/website/know-your-standards,IS 807,Yes,,"BIS searchKnowStandards, collected 2026-09-10",2031-03-12,No
IS 8090,"Specification for couplings, branch pipe, nozzle used in hose reel tubing for fire fighting (First Revision)",1976.0,Current,UNKNOWN,UNKNOWN,CED — Civil Engineering Department,Collected,https://standards.bis.gov.in/website/know-your-standards,IS 8090,Yes,,"BIS searchKnowStandards, collected 2026-09-10",2030-06-20,No
IS 8119,Specification for copper brazed steel tubing,1976.0,Current,UNKNOWN,UNKNOWN,MTD — Metallurgical Engineering Department,Collected,https://standards.bis.gov.in/website/know-your-standards,IS 8119,Yes,,"BIS searchKnowStandards, collected 2026-09-10",2029-03-31,No
IS 813 (Part 1),Welding and Allied Processes Symbolic Representation on Drawings-Welded Joints (Second Revision),2018.0,Current,UNKNOWN,UNKNOWN,MTD — Metallurgical Engineering Department,Collected,https://standards.bis.gov.in/website/know-your-standards,IS 813,Yes,,"BIS searchKnowStandards, collected 2026-09-10",2028-06-30,No
IS 8142,Method of test for determining setting time of concrete by penetration resistance,1976.0,Withdrawn,UNKNOWN,UNKNOWN,CED — Civil Engineering Department,Collected,https://standards.bis.gov.in/website/know-your-standards,IS 8142,Yes,,"BIS searchKnowStandards, collected 2026-09-10",,
IS 817 (Part 1),Training of welders - Code of practice: Part 1 manual metal arc welding (Second Revision),1992.0,Withdrawn,UNKNOWN,UNKNOWN,MTD — Metallurgical Engineering Department,Collected,https://standards.bis.gov.in/website/know-your-standards,IS 817,Yes,,"BIS searchKnowStandards, collected 2026-09-10",2028-05-25,No
IS 8187,D-type fuses,1976.0,Withdrawn,UNKNOWN,UNKNOWN,ETD — Electrotechnical Department,Collected,https://standards.bis.gov.in/website/know-your-standards,IS 8187,Yes,,"BIS searchKnowStandards, collected 2026-09-10",,
IS 822,Code of procedure for inspection of welds,1970.0,Withdrawn,UNKNOWN,UNKNOWN,MTD — Metallurgical Engineering Department,Collected,https://standards.bis.gov.in/website/know-your-standards,IS 822,Yes,,"BIS searchKnowStandards, collected 2026-09-10",2028-05-25,No
IS 8225,Acoustics - Measurement of Sound Absorption in a Reverberation Room (Second Revision),2018.0,Current,UNKNOWN,UNKNOWN,LITD — Electronics And Information Technology Department,Collected,https://standards.bis.gov.in/website/know-your-standards,IS 8225,Yes,,"BIS searchKnowStandards, collected 2026-09-10",2029-09-30,No
IS 823,Code of procedure for manual metal arc welding of mild steel,1964.0,Withdrawn,UNKNOWN,UNKNOWN,MTD — Metallurgical Engineering Department,Collected,https://standards.bis.gov.in/website/know-your-standards,IS 823,Yes,,"BIS searchKnowStandards, collected 2026-09-10",,
IS 8231,"Specification for clips, paper, spring type",1976.0,Current,UNKNOWN,UNKNOWN,PGD — Production And General Engineering Department,Collected,https://standards.bis.gov.in/website/know-your-standards,IS 8231,Yes,,"BIS searchKnowStandards, collected 2026-09-10",2028-12-31,No
IS 8263,Radio Interference Test on High-Voltage Insulators  (Second Revision),2024.0,Current,UNKNOWN,UNKNOWN,ETD — Electrotechnical Department,Collected,https://standards.bis.gov.in/website/know-your-standards,IS 8263,Yes,,"BIS searchKnowStandards, collected 2026-09-10",2029-10-31,No
IS 829,Specification for hockey sticks (Second Revision),1978.0,Current,UNKNOWN,UNKNOWN,PGD — Production And General Engineering Department,Collected,https://standards.bis.gov.in/website/know-your-standards,IS 829,Yes,,"BIS searchKnowStandards, collected 2026-09-10",2027-12-31,No
IS 8320,General requirements and methods of tests for lead - Acid storage batteries (Second Revision),2000.0,Current,UNKNOWN,UNKNOWN,ETD — Electrotechnical Department,Collected,https://standards.bis.gov.in/website/know-your-standards,IS 8320,Yes,,"BIS searchKnowStandards, collected 2026-09-10",2031-07-06,No
IS 8321,Glossary of terms applicable to plumbing work,1976.0,Withdrawn,UNKNOWN,UNKNOWN,CED — Civil Engineering Department,Collected,https://standards.bis.gov.in/website/know-your-standards,IS 8321,Yes,,"BIS searchKnowStandards, collected 2026-09-10",,
IS 8331,Textiles- Angola Shirtings- Specification,2023.0,Current,UNKNOWN,UNKNOWN,TXD — Textile Department,Collected,https://standards.bis.gov.in/website/know-your-standards,IS 8331,Yes,,"BIS searchKnowStandards, collected 2026-09-10",2028-08-31,No
IS 8402,Methods of sampling and test for pressure sensitive adhesive tapes (First Revision),1987.0,Current,UNKNOWN,UNKNOWN,"PCD — Petroleum, Coal And Related Products Department",Collected,https://standards.bis.gov.in/website/know-your-standards,IS 8402,Yes,,"BIS searchKnowStandards, collected 2026-09-10",2030-07-31,No
IS 841,Specification for steel hammers (Second Revision),1983.0,Current,UNKNOWN,UNKNOWN,PGD — Production And General Engineering Department,Collected,https://standards.bis.gov.in/website/know-your-standards,IS 841,Yes,,"BIS searchKnowStandards, collected 2026-09-10",2030-12-16,No
IS 8413 (Part 1),Requirements for biological treatment equipment: Part 1 Trickling filters,1977.0,Current,UNKNOWN,UNKNOWN,CED — Civil Engineering Department,Collected,https://standards.bis.gov.in/website/know-your-standards,IS 8413,Yes,,"BIS searchKnowStandards, collected 2026-09-10",2031-02-13,No
IS 8419,Underdrainage System of Rapid Sand Gravity Filtration Equipment - Requirements (First Revision),2023.0,Current,UNKNOWN,UNKNOWN,CED — Civil Engineering Department,Collected,https://standards.bis.gov.in/website/know-your-standards,IS 8419,Yes,,"BIS searchKnowStandards, collected 2026-09-10",2028-11-30,No
IS 8423,Specification for controlled percolating hose for fire fighting (First revision),1994.0,Current,UNKNOWN,UNKNOWN,CED — Civil Engineering Department,Collected,https://standards.bis.gov.in/website/know-your-standards,IS 8423,Yes,,"BIS searchKnowStandards, collected 2026-09-10",2030-06-20,No
IS 8442,Stand Post Type Water and Water-cum-Foam Monitor for Fire Fighting - Specification  (Second Revision),2024.0,Current,UNKNOWN,UNKNOWN,CED — Civil Engineering Department,Collected,https://standards.bis.gov.in/website/know-your-standards,IS 8442,Yes,,"BIS searchKnowStandards, collected 2026-09-10",2029-10-31,No
IS 8448,Automatic line voltage correctors (Step Type) for domestic use - Specification (First Revision),1989.0,Current,UNKNOWN,UNKNOWN,ETD — Electrotechnical Department,Collected,https://standards.bis.gov.in/website/know-your-standards,IS 8448,Yes,,"BIS searchKnowStandards, collected 2026-09-10",2030-06-30,No
IS 8468 (Part 1),Tap - Changers Part 1 Performance Requirements and Test Methods (First Revision) ,2018.0,Current,UNKNOWN,UNKNOWN,ETD — Electrotechnical Department,Collected,https://standards.bis.gov.in/website/know-your-standards,IS 8468,Yes,,"BIS searchKnowStandards, collected 2026-09-10",2030-12-12,No
IS 8478,Application guide for on - Load tap - Changers,1977.0,Current,UNKNOWN,UNKNOWN,ETD — Electrotechnical Department,Collected,https://standards.bis.gov.in/website/know-your-standards,IS 8478,Yes,,"BIS searchKnowStandards, collected 2026-09-10",2030-12-12,No
IS 848,"Synthetic Resin Adhesives for Plywood (Phenolic, Aminoplastic and Bio-Materials Based) - Specification  ( Third Revision )",2025.0,Current,UNKNOWN,UNKNOWN,CED — Civil Engineering Department,Collected,https://standards.bis.gov.in/website/know-your-standards,IS 848,Yes,,"BIS searchKnowStandards, collected 2026-09-10",2030-06-30,No
IS 8500,Structural Steel - Microalloyed (Medium and High Strength Qualities),1991.0,Withdrawn,UNKNOWN,UNKNOWN,MTD — Metallurgical Engineering Department,Collected,https://standards.bis.gov.in/website/know-your-standards,IS 8500,Yes,,"BIS searchKnowStandards, collected 2026-09-10",,
IS 851,Specification for synthetic resin adhesives for construction work (Non - Structural) in wood (First Revision),1978.0,Withdrawn,UNKNOWN,UNKNOWN,CED — Civil Engineering Department,Collected,https://standards.bis.gov.in/website/know-your-standards,IS 851,Yes,,"BIS searchKnowStandards, collected 2026-09-10",2029-10-31,No
IS 853,BONE MEAL RAW  SPECIFICATION,2023.0,Current,UNKNOWN,UNKNOWN,FAD — Food And Agriculture Department,Collected,https://standards.bis.gov.in/website/know-your-standards,IS 853,Yes,,"BIS searchKnowStandards, collected 2026-09-10",2028-06-30,No
IS 8530,Maximum demand indicators (class 1),1977.0,Withdrawn,UNKNOWN,UNKNOWN,ETD — Electrotechnical Department,Collected,https://standards.bis.gov.in/website/know-your-standards,IS 8530,Yes,,"BIS searchKnowStandards, collected 2026-09-10",,
IS 8544 (Part 1),Motor starters for voltages not exceeding 1 000 V: Part 1 Direction line ac starters,1977.0,Withdrawn,UNKNOWN,UNKNOWN,ETD — Electrotechnical Department,Collected,https://standards.bis.gov.in/website/know-your-standards,IS 8544,Yes,,"BIS searchKnowStandards, collected 2026-09-10",,
IS 8544 (Part 2),Motor starters for voltages not exceeding 1 000 V: Part 2 Star-delta starters,1977.0,Withdrawn,UNKNOWN,UNKNOWN,ETD — Electrotechnical Department,Collected,https://standards.bis.gov.in/website/know-your-standards,IS 8544,Yes,,"BIS searchKnowStandards, collected 2026-09-10",,
IS 8544 (Part 3/Sec 1),"Motor starters for voltages not exceeding 1000 V: Part 3 Rheostatic motor starters, Sec 1 general requirements",1979.0,Withdrawn,UNKNOWN,UNKNOWN,ETD — Electrotechnical Department,Collected,https://standards.bis.gov.in/website/know-your-standards,IS 8544,Yes,,"BIS searchKnowStandards, collected 2026-09-10",,
IS 8544 (Part 4),Motor starters for voltages not exceeding 1 000 V: Part 4 Reduced voltage ac starters: two step auto-transformer starters,1979.0,Withdrawn,UNKNOWN,UNKNOWN,ETD — Electrotechnical Department,Collected,https://standards.bis.gov.in/website/know-your-standards,IS 8544,Yes,,"BIS searchKnowStandards, collected 2026-09-10",,
IS 863,Medical Textiles - Cotton bandage cloth - Specification third revision of IS 863,2023.0,Current,UNKNOWN,UNKNOWN,TXD — Textile Department,Collected,https://standards.bis.gov.in/website/know-your-standards,IS 863,Yes,,"BIS searchKnowStandards, collected 2026-09-10",2028-12-31,No
IS 8662,"Enamel, synthetic exterior: (A) undercoating (B) finishing, for railway coaches - Specification (Second Revision)",2004.0,Withdrawn,UNKNOWN,UNKNOWN,CHD — Chemical Department,Collected,https://standards.bis.gov.in/website/know-your-standards,IS 8662,Yes,,"BIS searchKnowStandards, collected 2026-09-10",2024-05-31,Yes
IS 8686,Specification for static protective relays,1977.0,Withdrawn,UNKNOWN,UNKNOWN,ETD — Electrotechnical Department,Collected,https://standards.bis.gov.in/website/know-your-standards,IS 8686,Yes,,"BIS searchKnowStandards, collected 2026-09-10",2021-03-31,Yes
IS 870,"Ready Mixed Paint, Brushing, Finishing, Egg Shell Gloss, for Interior Use, to Indian Standard Colours",1962.0,Withdrawn,UNKNOWN,UNKNOWN,CHD — Chemical Department,Collected,https://standards.bis.gov.in/website/know-your-standards,IS 870,Yes,,"BIS searchKnowStandards, collected 2026-09-10",,
IS 8709,Colour Retention of Vitreous Enamel Coatings - Method of Test (First revision),2023.0,Current,UNKNOWN,UNKNOWN,CHD — Chemical Department,Collected,https://standards.bis.gov.in/website/know-your-standards,IS 8709,Yes,,"BIS searchKnowStandards, collected 2026-09-10",2028-07-31,No
IS 8724,Dimensions of carrier and bases used in rewirable fuses,1978.0,Withdrawn,UNKNOWN,UNKNOWN,ETD — Electrotechnical Department,Collected,https://standards.bis.gov.in/website/know-your-standards,IS 8724,Yes,,"BIS searchKnowStandards, collected 2026-09-10",,
IS 8756,"Specification for ball, catches for use in wooden almirahs",1978.0,Current,UNKNOWN,UNKNOWN,CED — Civil Engineering Department,Collected,https://standards.bis.gov.in/website/know-your-standards,IS 8756,Yes,,"BIS searchKnowStandards, collected 2026-09-10",2027-01-31,No
IS 8757,Glossary of Terms Associated With Fire Safety (Second Revision),2021.0,Current,UNKNOWN,UNKNOWN,CED — Civil Engineering Department,Collected,https://standards.bis.gov.in/website/know-your-standards,IS 8757,Yes,,"BIS searchKnowStandards, collected 2026-09-10",2029-05-24,No
IS 8784,Specification for thermocouple compensating cables (Second Revision),1987.0,Current,UNKNOWN,UNKNOWN,ETD — Electrotechnical Department,Collected,https://standards.bis.gov.in/website/know-your-standards,IS 8784,Yes,,"BIS searchKnowStandards, collected 2026-09-10",2023-04-30,Yes
IS 8792,Line Traps for AC Power Systems Second Revision,2023.0,Current,UNKNOWN,UNKNOWN,LITD — Electronics And Information Technology Department,Collected,https://standards.bis.gov.in/website/know-your-standards,IS 8792,Yes,,"BIS searchKnowStandards, collected 2026-09-10",2029-05-15,No
IS 8793,Line traps for ac power systems methods of tests (First Revision),1995.0,Withdrawn,UNKNOWN,UNKNOWN,LITD — Electronics And Information Technology Department,Collected,https://standards.bis.gov.in/website/know-your-standards,IS 8793,Yes,,"BIS searchKnowStandards, collected 2026-09-10",2028-05-31,No
IS 884,First-Aid Hose-Reel for Fire Fighting - Specification (Second Revision),2025.0,Current,UNKNOWN,UNKNOWN,CED — Civil Engineering Department,Collected,https://standards.bis.gov.in/website/know-your-standards,IS 884,Yes,,"BIS searchKnowStandards, collected 2026-09-10",2030-04-30,No
IS 8887,Bitumen Emulsion for Roads (Cationic Type),2018.0,Superseded,UNKNOWN,UNKNOWN,"PCD — Petroleum, Coal And Related Products Department",Collected,https://standards.bis.gov.in/website/know-your-standards,IS 8887,Yes,,"BIS searchKnowStandards, collected 2026-09-10",2031-03-25,No
IS 8931,"Copper alloy single taps, combination tap assemblies, stop valves and single lever mixers for water services — Specification (second revision)",2021.0,Current,UNKNOWN,UNKNOWN,CED — Civil Engineering Department,Collected,https://standards.bis.gov.in/website/know-your-standards,IS 8931,Yes,,"BIS searchKnowStandards, collected 2026-09-10",2026-12-30,No
IS 8989,Safety code for erection of concrete framed structures,1978.0,Current,UNKNOWN,UNKNOWN,CED — Civil Engineering Department,Collected,https://standards.bis.gov.in/website/know-your-standards,IS 8989,Yes,,"BIS searchKnowStandards, collected 2026-09-10",2028-03-31,No
IS 8997,COUPLING DEVICES FOR PLC SYSTEMS,2022.0,Current,UNKNOWN,UNKNOWN,LITD — Electronics And Information Technology Department,Collected,https://standards.bis.gov.in/website/know-your-standards,IS 8997,Yes,,"BIS searchKnowStandards, collected 2026-09-10",2028-11-26,No
IS 8998,Coupling Devices for PLC Systems Methods of Tests ( First Revision),2023.0,Current,UNKNOWN,UNKNOWN,LITD — Electronics And Information Technology Department,Collected,https://standards.bis.gov.in/website/know-your-standards,IS 8998,Yes,,"BIS searchKnowStandards, collected 2026-09-10",2029-05-15,No
IS 900,"Code of Practice for Storage, Installation and Maintenance of Induction Motors ( Third Revision ) ",2019.0,Current,UNKNOWN,UNKNOWN,ETD — Electrotechnical Department,Collected,https://standards.bis.gov.in/website/know-your-standards,IS 900,Yes,,"BIS searchKnowStandards, collected 2026-09-10",2029-06-30,No
IS 9000 (Part 19/Sec 1 to 5),Basic environmental testing procedures for electronic and electrical items: Part 19 test u: robustness of terminations and integral mounting devices (First Revision),1986.0,Current,UNKNOWN,UNKNOWN,LITD — Electronics And Information Technology Department,Collected,https://standards.bis.gov.in/website/know-your-standards,IS 9000,Yes,,"BIS searchKnowStandards, collected 2026-09-10",2027-10-31,No
IS 9000 (Part 6),Basic environmental testing procedures for electronic and electrical items: Part 6 composite temperature/humidity cyclic test,1978.0,Withdrawn,UNKNOWN,UNKNOWN,LITD — Electronics And Information Technology Department,Collected,https://standards.bis.gov.in/website/know-your-standards,IS 9000,Yes,,"BIS searchKnowStandards, collected 2026-09-10",2027-10-31,No
IS 901,"Specification for couplings, double male and double female instantaneous pattern for fire fighting (Third Revision)",1988.0,Current,UNKNOWN,UNKNOWN,CED — Civil Engineering Department,Collected,https://standards.bis.gov.in/website/know-your-standards,IS 901,Yes,,"BIS searchKnowStandards, collected 2026-09-10",2027-09-30,No
IS 9013,"Method of Making, Curing and Determining Compressive Strength of accelerated-cured Concrete Test Specimens",1978.0,Current,UNKNOWN,UNKNOWN,CED — Civil Engineering Department,Collected,https://standards.bis.gov.in/website/know-your-standards,IS 9013,Yes,,"BIS searchKnowStandards, collected 2026-09-10",2028-06-30,No
IS 902,Suction hose couplings for fire fighting purposes - Specification (Third Revision),1992.0,Current,UNKNOWN,UNKNOWN,CED — Civil Engineering Department,Collected,https://standards.bis.gov.in/website/know-your-standards,IS 902,Yes,,"BIS searchKnowStandards, collected 2026-09-10",2027-09-30,No
IS 903,"Fire Hose Delivery Couplings, Branch Pipe, Nozzles and Nozzle Spanner - Specification (Fifth Revision)",2025.0,Current,UNKNOWN,UNKNOWN,CED — Civil Engineering Department,Collected,https://standards.bis.gov.in/website/know-your-standards,IS 903,Yes,,"BIS searchKnowStandards, collected 2026-09-10",2030-03-31,No
IS 904,Specification for 2 - Way and 4 - Way suction collecting heads for fire fighting purposes (Second Revision),1983.0,Current,UNKNOWN,UNKNOWN,CED — Civil Engineering Department,Collected,https://standards.bis.gov.in/website/know-your-standards,IS 904,Yes,,"BIS searchKnowStandards, collected 2026-09-10",2030-06-20,No
IS 907,"Specification for suction strainers, cylindrical type for fire fighting purposes (Second Revision)",1984.0,Current,UNKNOWN,UNKNOWN,CED — Civil Engineering Department,Collected,https://standards.bis.gov.in/website/know-your-standards,IS 907,Yes,,"BIS searchKnowStandards, collected 2026-09-10",2030-06-20,No
IS 908,"Specification for fire hydrant, stand post type (Second Revision)",1975.0,Current,UNKNOWN,UNKNOWN,CED — Civil Engineering Department,Collected,https://standards.bis.gov.in/website/know-your-standards,IS 908,Yes,,"BIS searchKnowStandards, collected 2026-09-10",2030-06-20,No
IS 909,"Underground fire hydrant, sluice valve type - Specification (Third Revision)",1992.0,Current,UNKNOWN,UNKNOWN,CED — Civil Engineering Department,Collected,https://standards.bis.gov.in/website/know-your-standards,IS 909,Yes,,"BIS searchKnowStandards, collected 2026-09-10",2027-09-30,No
IS 9110,"Specification for hand operated augers for cleaning water - Closets, pjpes and sewers",1979.0,Current,UNKNOWN,UNKNOWN,CED — Civil Engineering Department,Collected,https://standards.bis.gov.in/website/know-your-standards,IS 9110,Yes,,"BIS searchKnowStandards, collected 2026-09-10",2031-02-13,No
IS 9130,Specification for edible spray dried potato flour,1979.0,Withdrawn,UNKNOWN,UNKNOWN,FAD — Food And Agriculture Department,Collected,https://standards.bis.gov.in/website/know-your-standards,IS 9130,Yes,,"BIS searchKnowStandards, collected 2026-09-10",2028-06-23,No
IS 9135,Guide for testing of circuit - Breakers with respect to out - Of - Phase switching,1979.0,Withdrawn,UNKNOWN,UNKNOWN,ETD — Electrotechnical Department,Collected,https://standards.bis.gov.in/website/know-your-standards,IS 9135,Yes,,"BIS searchKnowStandards, collected 2026-09-10",2022-03-31,Yes
IS 9137,"Code for Hydraulic Performance Acceptance Tests for Centrifugal, Mixed and Axial Flow Pumps - Class C (First Revision) ",2019.0,Current,UNKNOWN,UNKNOWN,MED — Mechanical Engineering Department,Collected,https://standards.bis.gov.in/website/know-your-standards,IS 9137,Yes,,"BIS searchKnowStandards, collected 2026-09-10",2029-03-31,No
IS 919 (Part 1),"Geometrical Product Specifications (GPS) - ISO Code System for Tolerances on Linear Sizes Part 1 Basis of Tolerance, Deviation and Fits (Third Revision)",2014.0,Current,UNKNOWN,UNKNOWN,PGD — Production And General Engineering Department,Collected,https://standards.bis.gov.in/website/know-your-standards,IS 919,Yes,,"BIS searchKnowStandards, collected 2026-09-10",2029-04-30,No
IS 9213,Specification for bod bottles,1979.0,Current,UNKNOWN,UNKNOWN,CHD — Chemical Department,Collected,https://standards.bis.gov.in/website/know-your-standards,IS 9213,Yes,,"BIS searchKnowStandards, collected 2026-09-10",2029-12-23,No
IS 9220,Specification for tableware made of melamine plastics,1979.0,Withdrawn,UNKNOWN,UNKNOWN,"PCD — Petroleum, Coal And Related Products Department",Collected,https://standards.bis.gov.in/website/know-your-standards,IS 9220,Yes,,"BIS searchKnowStandards, collected 2026-09-10",2029-03-31,No
IS 9223,Portable Earth Resistance Meters,1989.0,Withdrawn,UNKNOWN,UNKNOWN,ETD — Electrotechnical Department,Collected,https://standards.bis.gov.in/website/know-your-standards,IS 9223,Yes,,"BIS searchKnowStandards, collected 2026-09-10",,
IS 9224 (Part 1),Low Voltage Fuses: Part 1 General Requirements,1979.0,Withdrawn,UNKNOWN,UNKNOWN,ETD — Electrotechnical Department,Collected,https://standards.bis.gov.in/website/know-your-standards,IS 9224,Yes,,"BIS searchKnowStandards, collected 2026-09-10",,
IS 9224 (Part 2),Low voltage fuses: Part 2 Supplementary requirements for fuses for industrial applications,1979.0,Withdrawn,UNKNOWN,UNKNOWN,ETD — Electrotechnical Department,Collected,https://standards.bis.gov.in/website/know-your-standards,IS 9224,Yes,,"BIS searchKnowStandards, collected 2026-09-10",,
IS 9228,Chairs for chairlifts - Specification (First Revision),2019.0,Superseded,UNKNOWN,UNKNOWN,MED — Mechanical Engineering Department,Collected,https://standards.bis.gov.in/website/know-your-standards,IS 9228,Yes,,"BIS searchKnowStandards, collected 2026-09-10",2030-11-24,No
IS 9283,LINE OPERATED A.C. MOTORS FOR SUBMERSIBLE PUMPSETS - SPECIFICATION (THIRD  REVISION)  Amendment - 1,2024.0,Superseded,UNKNOWN,UNKNOWN,ETD — Electrotechnical Department,Collected,https://standards.bis.gov.in/website/know-your-standards,IS 9283,Yes,,"BIS searchKnowStandards, collected 2026-09-10",2031-04-08,No
IS 9284,Method of test for Abrasion Resistance of Concrete,1979.0,Current,UNKNOWN,UNKNOWN,CED — Civil Engineering Department,Collected,https://standards.bis.gov.in/website/know-your-standards,IS 9284,Yes,,"BIS searchKnowStandards, collected 2026-09-10",2031-03-27,No
IS 933,Portable chemical foam fire extinguisher,1989.0,Withdrawn,UNKNOWN,UNKNOWN,CED — Civil Engineering Department,Collected,https://standards.bis.gov.in/website/know-your-standards,IS 933,Yes,,"BIS searchKnowStandards, collected 2026-09-10",,
IS 9335 (Part 1),Cellulosic Papers for Electrical Purposes â€”Specification Part 1 Definitions and General Requirements  (First Revision),2024.0,Current,UNKNOWN,UNKNOWN,ETD — Electrotechnical Department,Collected,https://standards.bis.gov.in/website/know-your-standards,IS 9335,Yes,,"BIS searchKnowStandards, collected 2026-09-10",2029-04-30,No
IS 9338,Cast iron/S.G. Iron/Cast Steel screw-down stop valves  for water works purposes - Specification (second revision),2013.0,Current,UNKNOWN,UNKNOWN,CED — Civil Engineering Department,Collected,https://standards.bis.gov.in/website/know-your-standards,IS 9338,Yes,,"BIS searchKnowStandards, collected 2026-09-10",2028-09-30,No
IS 9348,Coupling capacitors and capacitor dividers (First Revision),1998.0,Withdrawn,UNKNOWN,UNKNOWN,ETD — Electrotechnical Department,Collected,https://standards.bis.gov.in/website/know-your-standards,IS 9348,Yes,,"BIS searchKnowStandards, collected 2026-09-10",,
IS 937,Specification for Washers For Water Fittings For Fire Fighting Purposes (Second Revision),1981.0,Withdrawn,UNKNOWN,UNKNOWN,CED — Civil Engineering Department,Collected,https://standards.bis.gov.in/website/know-your-standards,IS 937,Yes,,"BIS searchKnowStandards, collected 2026-09-10",2027-09-30,No
IS 940,"Specification for Portable Fire Extinguisher, Water Type (Gas Cartridge) -",2003.0,Withdrawn,UNKNOWN,UNKNOWN,CED — Civil Engineering Department,Collected,https://standards.bis.gov.in/website/know-your-standards,IS 940,Yes,,"BIS searchKnowStandards, collected 2026-09-10",,
IS 9402,High-Voltage Fuses for the External Protection of Shunt Capacitors  (First Revision),2024.0,Current,UNKNOWN,UNKNOWN,ETD — Electrotechnical Department,Collected,https://standards.bis.gov.in/website/know-your-standards,IS 9402,Yes,,"BIS searchKnowStandards, collected 2026-09-10",2029-09-30,No
IS 9417,Welding of High Strength Steel Bars for Reinforced Concrete Construction - Recommendations (Second Revision),2018.0,Current,UNKNOWN,UNKNOWN,CED — Civil Engineering Department,Collected,https://standards.bis.gov.in/website/know-your-standards,IS 9417,Yes,,"BIS searchKnowStandards, collected 2026-09-10",2028-06-30,No
IS 9457,SAFETY COLOURS SAFETY SIGNS AND ACCIDENT PREVENTION TAGS -   CODE OF PRACTICE  (Second Revision),2025.0,Current,UNKNOWN,UNKNOWN,CHD — Chemical Department,Collected,https://standards.bis.gov.in/website/know-your-standards,IS 9457,Yes,,"BIS searchKnowStandards, collected 2026-09-10",2030-05-31,No
IS 9511,Specification for earth knobs for neutral conductors,1980.0,Withdrawn,UNKNOWN,UNKNOWN,ETD — Electrotechnical Department,Collected,https://standards.bis.gov.in/website/know-your-standards,IS 9511,Yes,,"BIS searchKnowStandards, collected 2026-09-10",2029-03-31,No
IS 9562,Specification for non - Metal helmet for police force,1980.0,Current,UNKNOWN,UNKNOWN,CED — Civil Engineering Department,Collected,https://standards.bis.gov.in/website/know-your-standards,IS 9562,Yes,,"BIS searchKnowStandards, collected 2026-09-10",2027-09-30,No
IS 9567,Tin or tin - Lead coated copper wire - Specificaiton (First Revision),2001.0,Current,UNKNOWN,UNKNOWN,LITD — Electronics And Information Technology Department,Collected,https://standards.bis.gov.in/website/know-your-standards,IS 9567,Yes,,"BIS searchKnowStandards, collected 2026-09-10",2028-12-11,No
IS 9629,"Maize atta, maize maida and maize suji - Specification (First Revision)",2004.0,Withdrawn,UNKNOWN,UNKNOWN,FAD — Food And Agriculture Department,Collected,https://standards.bis.gov.in/website/know-your-standards,IS 9629,Yes,,"BIS searchKnowStandards, collected 2026-09-10",2028-08-31,No
IS 9668,Provision and maintenance of water supplies for fire fighting - Code of practice (First Revision),1990.0,Current,UNKNOWN,UNKNOWN,CED — Civil Engineering Department,Collected,https://standards.bis.gov.in/website/know-your-standards,IS 9668,Yes,,"BIS searchKnowStandards, collected 2026-09-10",2030-06-20,No
IS 9676,Reference ambient temperature for electrical equipment,1980.0,Current,UNKNOWN,UNKNOWN,ETD — Electrotechnical Department,Collected,https://standards.bis.gov.in/website/know-your-standards,IS 9676,Yes,,"BIS searchKnowStandards, collected 2026-09-10",2030-01-31,No
IS 9708,Stockbridge vibration dampers for overhead power lines - Specification (First Revision),1993.0,Current,UNKNOWN,UNKNOWN,ETD — Electrotechnical Department,Collected,https://standards.bis.gov.in/website/know-your-standards,IS 9708,Yes,,"BIS searchKnowStandards, collected 2026-09-10",2024-01-01,Yes
IS 9739,Specification for pressure reducing valves for domestic water supply systems,1981.0,Current,UNKNOWN,UNKNOWN,CED — Civil Engineering Department,Collected,https://standards.bis.gov.in/website/know-your-standards,IS 9739,Yes,,"BIS searchKnowStandards, collected 2026-09-10",2027-10-31,No
IS 9740,Shaving cream - Specification (First Revision),2018.0,Current,UNKNOWN,UNKNOWN,"PCD — Petroleum, Coal And Related Products Department",Collected,https://standards.bis.gov.in/website/know-your-standards,IS 9740,Yes,,"BIS searchKnowStandards, collected 2026-09-10",2029-03-31,No
IS 9758,Specification for flush valves and fittings for water closets and urinals,1981.0,Current,UNKNOWN,UNKNOWN,CED — Civil Engineering Department,Collected,https://standards.bis.gov.in/website/know-your-standards,IS 9758,Yes,,"BIS searchKnowStandards, collected 2026-09-10",2027-10-31,No
IS 9759,Guidelines for dewatering during construction,1981.0,Current,UNKNOWN,UNKNOWN,CED — Civil Engineering Department,Collected,https://standards.bis.gov.in/website/know-your-standards,IS 9759,Yes,,"BIS searchKnowStandards, collected 2026-09-10",2026-11-30,No
IS 9762,Specification for polyethylene floats (Spherical) for float valves (first revision),1994.0,Current,UNKNOWN,UNKNOWN,CED — Civil Engineering Department,Collected,https://standards.bis.gov.in/website/know-your-standards,IS 9762,Yes,,"BIS searchKnowStandards, collected 2026-09-10",2031-02-27,No
IS 9800,Meat and Meat Products — Day - Old Chicks (Layers and Broilers) Basic Requirements (First Revision),1993.0,Current,UNKNOWN,UNKNOWN,FAD — Food And Agriculture Department,Collected,https://standards.bis.gov.in/website/know-your-standards,IS 9800,Yes,,"BIS searchKnowStandards, collected 2026-09-10",2029-08-05,No
IS 9815 (Part 1),Servo-Motor Operated Automatic Line Voltage Correctors Part 1 Correctors for Single-Phase Applications - Specification ( Third Revision ),2025.0,Current,UNKNOWN,UNKNOWN,ETD — Electrotechnical Department,Collected,https://standards.bis.gov.in/website/know-your-standards,IS 9815,Yes,,"BIS searchKnowStandards, collected 2026-09-10",2030-02-28,No
IS 9842,Preformed fibrous pipe insulation - Specification,2024.0,Current,UNKNOWN,UNKNOWN,CHD — Chemical Department,Collected,https://standards.bis.gov.in/website/know-your-standards,IS 9842,Yes,,"BIS searchKnowStandards, collected 2026-09-10",2029-01-31,No
IS 9845,Determination of overall migration of constituents of plastics materials and articles intended to come in contact with foodstuffs - Method of analysis (Second Revision),1998.0,Current,UNKNOWN,UNKNOWN,"PCD — Petroleum, Coal And Related Products Department",Collected,https://standards.bis.gov.in/website/know-your-standards,IS 9845,Yes,,"BIS searchKnowStandards, collected 2026-09-10",2030-07-31,No
IS 9912,Coal tar based coating material and primers for protecting iron or steel pipelines - Specification (First Revision),1981.0,Withdrawn,UNKNOWN,UNKNOWN,"PCD — Petroleum, Coal And Related Products Department",Collected,https://standards.bis.gov.in/website/know-your-standards,IS 9912,Yes,,"BIS searchKnowStandards, collected 2026-09-10",2030-07-31,No
IS 9920 (Part 1),High Voltage Switches - Part 1 : Switches for Rated Voltages Above 1 kV and Less Than 52 Kv,2002.0,Withdrawn,UNKNOWN,UNKNOWN,ETD — Electrotechnical Department,Collected,https://standards.bis.gov.in/website/know-your-standards,IS 9920,Yes,,"BIS searchKnowStandards, collected 2026-09-10",,
IS 9921 (Part 1),Alternating Current Disconnectors (Isolators) and Earthing Switches for Voltages Above 1 000 V - Part I : General and Definitions,1981.0,Withdrawn,UNKNOWN,UNKNOWN,ETD — Electrotechnical Department,Collected,https://standards.bis.gov.in/website/know-your-standards,IS 9921,Yes,,"BIS searchKnowStandards, collected 2026-09-10",,
IS 9926,Specification for fuse - Wire used in rewirable type electric fuses up to 650 volts,1981.0,Current,UNKNOWN,UNKNOWN,ETD — Electrotechnical Department,Collected,https://standards.bis.gov.in/website/know-your-standards,IS 9926,Yes,,"BIS searchKnowStandards, collected 2026-09-10",2030-12-08,No
IS 9938,Standard Colours for Insulation for Low-Frequency  Cables and Wires ( First Revision ) ,2025.0,Current,UNKNOWN,UNKNOWN,LITD — Electronics And Information Technology Department,Collected,https://standards.bis.gov.in/website/know-your-standards,IS 9938,Yes,,"BIS searchKnowStandards, collected 2026-09-10",2028-05-31,No
IS 9954,Pictorial surface preparation standards for painting of steel surfaces,1981.0,Current,UNKNOWN,UNKNOWN,CED — Civil Engineering Department,Collected,https://standards.bis.gov.in/website/know-your-standards,IS 9954,Yes,,"BIS searchKnowStandards, collected 2026-09-10",2030-09-17,No
IS 996,SINGLE PHASE ac INDUCTION MOTORS FOR GENERAL PURPOSE (Fouth Revision),2025.0,Current,UNKNOWN,UNKNOWN,ETD — Electrotechnical Department,Collected,https://standards.bis.gov.in/website/know-your-standards,IS 996,Yes,,"BIS searchKnowStandards, collected 2026-09-10",2030-05-31,No
IS 9972,Specification for automatic sprinkler heads for fire protection service (First Revision),2002.0,Current,UNKNOWN,UNKNOWN,CED — Civil Engineering Department,Collected,https://standards.bis.gov.in/website/know-your-standards,IS 9972,Yes,,"BIS searchKnowStandards, collected 2026-09-10",2022-09-30,Yes
IS 9997,ALUMINIUM ALLOY REDRAW RODS FOR ELECTRICAL PURPOSES - SPECIFICATION,2023.0,Current,UNKNOWN,UNKNOWN,MTD — Metallurgical Engineering Department,Collected,https://standards.bis.gov.in/website/know-your-standards,IS 9997,Yes,,"BIS searchKnowStandards, collected 2026-09-10",2028-06-30,No
IS 10553 (Part 2),Requirements for chlorination equipment: Part 2 Vacuum feed type chlorinators,1983.0,Current,UNKNOWN,UNKNOWN,CED — Civil Engineering Department,Collected,https://standards.bis.gov.in/website/know-your-standards,IS 10553,Yes,,"BIS searchKnowStandards, collected 2026-09-10",2027-11-30,No
IS 4988 (Part 4),Glossary of terms and classification of earth moving machinery: Part 4 excavators,1968.0,Withdrawn,UNKNOWN,UNKNOWN,MED — Mechanical Engineering Department,Collected,https://standards.bis.gov.in/website/know-your-standards,IS 4988,Yes,,"BIS searchKnowStandards, collected 2026-09-10",,
IS/IEC 60034 (Part 1),Rotating electrical machines - Part 1: Rating and performance ,2022.0,Current,UNKNOWN,UNKNOWN,ETD — Electrotechnical Department,Collected,https://standards.bis.gov.in/website/know-your-standards,IS/IEC 60034,Yes,,"BIS searchKnowStandards, collected 2026-09-10",2030-03-24,No
IS/IEC 60079 (Part 0),Explosive Atmospheres Part 0 Equipment — General Requirements ( Third Revision ) ,2017.0,Current,UNKNOWN,UNKNOWN,ETD — Electrotechnical Department,Collected,https://standards.bis.gov.in/website/know-your-standards,IS/IEC 60079,Yes,,"BIS searchKnowStandards, collected 2026-09-10",2031-02-26,No
IS/IEC 60255 (Part 1),Measuring relays and protection equipment: Part 1 common requirements,2009.0,Current,UNKNOWN,UNKNOWN,ETD — Electrotechnical Department,Collected,https://standards.bis.gov.in/website/know-your-standards,IS/IEC 60255,Yes,,"BIS searchKnowStandards, collected 2026-09-10",2030-01-31,No
IS/IEC 60529,Degrees of protection provided by enclosures (IP Code),2001.0,Current,UNKNOWN,UNKNOWN,ETD — Electrotechnical Department,Collected,https://standards.bis.gov.in/website/know-your-standards,IS/IEC 60529,Yes,,"BIS searchKnowStandards, collected 2026-09-10",2030-07-31,No
IS/IEC 60898 (Part 1),Electrical accessories - Circuit - Breakers for overcurrent protection for household and similar installations: Part 1 circuit - Breakers for a.c. operation (First Revision),2015.0,Current,UNKNOWN,UNKNOWN,ETD — Electrotechnical Department,Collected,https://standards.bis.gov.in/website/know-your-standards,IS/IEC 60898,Yes,,"BIS searchKnowStandards, collected 2026-09-10",2028-05-01,No
IS/IEC 60947 (Part 1),LOW-VOLTAGE SWITCHGEAR AND CONTROLGEAR PART 1 GENERAL RULES,2020.0,Current,UNKNOWN,UNKNOWN,ETD — Electrotechnical Department,Collected,https://standards.bis.gov.in/website/know-your-standards,IS/IEC 60947,Yes,,"BIS searchKnowStandards, collected 2026-09-10",2028-05-31,No
IS/IEC 60947 (Part 2),Low - Voltage switchgear and controlgear: Part 2 circuit - Breakers (First Revision),2016.0,Current,UNKNOWN,UNKNOWN,ETD — Electrotechnical Department,Collected,https://standards.bis.gov.in/website/know-your-standards,IS/IEC 60947,Yes,,"BIS searchKnowStandards, collected 2026-09-10",2028-05-31,No
IS/IEC 61439 (Part 0),Low-Voltage Switchgear and Controlgear Assemblies Part 0 Guidance to Specifying Assemblies ,2014.0,Current,UNKNOWN,UNKNOWN,ETD — Electrotechnical Department,Collected,https://standards.bis.gov.in/website/know-your-standards,IS/IEC 61439,Yes,,"BIS searchKnowStandards, collected 2026-09-10",2029-03-31,No
IS/IEC 61683,Photovoltaic systems - Power conditioners - Procedure for measuring efficiency,1999.0,Current,UNKNOWN,UNKNOWN,ETD — Electrotechnical Department,Collected,https://standards.bis.gov.in/website/know-your-standards,IS/IEC 61683,Yes,,"BIS searchKnowStandards, collected 2026-09-10",2025-02-28,Yes
IS/IEC 61701,Salt mist corrosion testing of photovoltaic (PV) modules,2011.0,Current,UNKNOWN,UNKNOWN,ETD — Electrotechnical Department,Collected,https://standards.bis.gov.in/website/know-your-standards,IS/IEC 61701,Yes,,"BIS searchKnowStandards, collected 2026-09-10",2024-03-31,Yes
IS/IEC 61730 (Part 1),Photovoltaic (PV) Module Safety Qualification Part 1 Requirements for Construction,2004.0,Current,UNKNOWN,UNKNOWN,ETD — Electrotechnical Department,Collected,https://standards.bis.gov.in/website/know-your-standards,IS/IEC 61730,Yes,,"BIS searchKnowStandards, collected 2026-09-10",2024-06-30,Yes
IS/IEC 61730 (Part 2),Photovoltaic (PV) Module Safety Qualification Part 2 Requirements for Testing,2004.0,Current,UNKNOWN,UNKNOWN,ETD — Electrotechnical Department,Collected,https://standards.bis.gov.in/website/know-your-standards,IS/IEC 61730,Yes,,"BIS searchKnowStandards, collected 2026-09-10",2024-06-30,Yes
IS/IEC 62271 (Part 1),HIGH-VOLTAGE SWITCHGEAR AND CONTROLGEAR PART 1 COMMON SPECIFICATIONS FOR ALTERNATING CURRENT SWITCHGEAR AND CONTROLGEAR,2017.0,Current,UNKNOWN,UNKNOWN,ETD — Electrotechnical Department,Collected,https://standards.bis.gov.in/website/know-your-standards,IS/IEC 62271,Yes,,"BIS searchKnowStandards, collected 2026-09-10",2028-11-01,No
IS 10109,Oil pressure stoves - Offset burner type - Specification (Second Revision),2018.0,Current,UNKNOWN,UNKNOWN,MED — Mechanical Engineering Department,Collected,https://standards.bis.gov.in/website/know-your-standards,IS 10109,Yes,,"BIS searchKnowStandards, collected 2026-09-11",2028-03-31,No
IS 10116,Boric acid - Specification (First Revision),2015.0,Current,UNKNOWN,UNKNOWN,CHD — Chemical Department,Collected,https://standards.bis.gov.in/website/know-your-standards,IS 10116,Yes,,"BIS searchKnowStandards, collected 2026-09-11",2029-04-30,No
IS 1019,Specification for rim latches (Second Revision),1974.0,Current,UNKNOWN,UNKNOWN,CED — Civil Engineering Department,Collected,https://standards.bis.gov.in/website/know-your-standards,IS 1019,Yes,,"BIS searchKnowStandards, collected 2026-09-11",2027-01-31,No
IS 10238,Fasteners - Threaded steel fasteners - Step bolts for steel structures - Specification  (First Revision),2001.0,Current,UNKNOWN,UNKNOWN,PGD — Production And General Engineering Department,Collected,https://standards.bis.gov.in/website/know-your-standards,IS 10238,Yes,,"BIS searchKnowStandards, collected 2026-09-11",2030-06-25,No
IS 1029,Specification for hot-rolled steel strip (Baling) (First Revision),1970.0,Current,UNKNOWN,UNKNOWN,MTD — Metallurgical Engineering Department,Collected,https://standards.bis.gov.in/website/know-your-standards,IS 1029,Yes,,"BIS searchKnowStandards, collected 2026-09-11",2029-03-31,No
IS 10325,"Square tins -- 15 kg/litre for ghee, vanaspati, edible oils and bakery shortenings -- Specification (Second Revision)",2000.0,Current,UNKNOWN,UNKNOWN,PGD — Production And General Engineering Department,Collected,https://standards.bis.gov.in/website/know-your-standards,IS 10325,Yes,,"BIS searchKnowStandards, collected 2026-09-11",2027-04-01,No
IS 10631,Specification for stainless steel for welding electrode core wire,1983.0,Current,UNKNOWN,UNKNOWN,MTD — Metallurgical Engineering Department,Collected,https://standards.bis.gov.in/website/know-your-standards,IS 10631,Yes,,"BIS searchKnowStandards, collected 2026-09-11",2029-04-30,No
IS 10632 (Part 1),Specification for non magnetic stainless steels for electrical applications: Part 1 general requirements,1983.0,Current,UNKNOWN,UNKNOWN,MTD — Metallurgical Engineering Department,Collected,https://standards.bis.gov.in/website/know-your-standards,IS 10632,Yes,,"BIS searchKnowStandards, collected 2026-09-11",2029-04-30,No
IS 10632 (Part 2),Specification for non magnetic stainless steels for electrical applications: Part 2 specific requirements for binding wires,1983.0,Current,UNKNOWN,UNKNOWN,MTD — Metallurgical Engineering Department,Collected,https://standards.bis.gov.in/website/know-your-standards,IS 10632,Yes,,"BIS searchKnowStandards, collected 2026-09-11",2029-04-30,No
IS 10632 (Part 3),"Specification for non magnetic stainless steels for electrical applications: Part 3 specific requirements for sheets, strips and plates",1983.0,Current,UNKNOWN,UNKNOWN,MTD — Metallurgical Engineering Department,Collected,https://standards.bis.gov.in/website/know-your-standards,IS 10632,Yes,,"BIS searchKnowStandards, collected 2026-09-11",2029-04-30,No
IS 10701,Structural plywood - Specification (First Revision),2012.0,Current,UNKNOWN,UNKNOWN,CED — Civil Engineering Department,Collected,https://standards.bis.gov.in/website/know-your-standards,IS 10701,Yes,,"BIS searchKnowStandards, collected 2026-09-11",2027-03-31,No
IS 10773,Wrought copper tubes for refrigeration and air-conditioning purposes — Specification (Second Revision),2025.0,Current,UNKNOWN,UNKNOWN,MTD — Metallurgical Engineering Department,Collected,https://standards.bis.gov.in/website/know-your-standards,IS 10773,Yes,,"BIS searchKnowStandards, collected 2026-09-11",2030-11-28,No
IS 10794,Specification for mild steel wire for cotter pins,1984.0,Current,UNKNOWN,UNKNOWN,MTD — Metallurgical Engineering Department,Collected,https://standards.bis.gov.in/website/know-your-standards,IS 10794,Yes,,"BIS searchKnowStandards, collected 2026-09-11",2027-03-31,No
IS 1084,Textiles – Manila ropes – Specification (fifth revision),2005.0,Current,UNKNOWN,UNKNOWN,TXD — Textile Department,Collected,https://standards.bis.gov.in/website/know-your-standards,IS 1084,Yes,,"BIS searchKnowStandards, collected 2026-09-11",2031-02-27,No
IS 10931,Lauric Acid - Specification (first revision of IS 10931),2023.0,Current,UNKNOWN,UNKNOWN,FAD — Food And Agriculture Department,Collected,https://standards.bis.gov.in/website/know-your-standards,IS 10931,Yes,,"BIS searchKnowStandards, collected 2026-09-11",2028-04-30,No
IS 10951,Specification for polypropylene (pp) materials for moulding and extrusion (Second Revision) ,2020.0,Current,UNKNOWN,UNKNOWN,"PCD — Petroleum, Coal And Related Products Department",Collected,https://standards.bis.gov.in/website/know-your-standards,IS 10951,Yes,,"BIS searchKnowStandards, collected 2026-09-11",2029-08-29,No
IS 11066,"Fibre ropes  - Polyester - 3-, 4-,  8- and 12- strand ropes (third revision)",2022.0,Current,UNKNOWN,UNKNOWN,TXD — Textile Department,Collected,https://standards.bis.gov.in/website/know-your-standards,IS 11066,Yes,,"BIS searchKnowStandards, collected 2026-09-11",2027-03-31,No
IS 1110,Ferrosilicon - Specification (Fifth Revision),2023.0,Current,UNKNOWN,UNKNOWN,MTD — Metallurgical Engineering Department,Collected,https://standards.bis.gov.in/website/know-your-standards,IS 1110,Yes,,"BIS searchKnowStandards, collected 2026-09-11",2028-03-31,No
IS 11169 (Part 1),Specification for steels for cold headingcold extrusion applications: Part 1 wrought carbon and low alloy steels,2022.0,Current,UNKNOWN,UNKNOWN,MTD — Metallurgical Engineering Department,Collected,https://standards.bis.gov.in/website/know-your-standards,IS 11169,Yes,,"BIS searchKnowStandards, collected 2026-09-11",2027-03-31,No
IS 11169 (Part 2),Steels for cold heading/cold extrusion applicationsspecification: Part 2 stainless steels,1989.0,Withdrawn,UNKNOWN,UNKNOWN,MTD — Metallurgical Engineering Department,Collected,https://standards.bis.gov.in/website/know-your-standards,IS 11169,Yes,,"BIS searchKnowStandards, collected 2026-09-11",2027-03-31,No
IS 1117,Laboratory glassware - Single - Volume pipettes (Second Revision),2018.0,Current,UNKNOWN,UNKNOWN,CHD — Chemical Department,Collected,https://standards.bis.gov.in/website/know-your-standards,IS 1117,Yes,,"BIS searchKnowStandards, collected 2026-09-11",2028-11-30,No
IS 11356 (Part 1),Styrene-Butadiene rubber latex - Specification: Part 1 Non-Carboxylated (Second Revision)  ,2023.0,Superseded,UNKNOWN,UNKNOWN,"PCD — Petroleum, Coal And Related Products Department",Collected,https://standards.bis.gov.in/website/know-your-standards,IS 11356,Yes,,"BIS searchKnowStandards, collected 2026-09-11",2030-05-02,No
IS 11356,Styrene-Butadiene rubber latex - Specification (First Revision) ,2020.0,Withdrawn,UNKNOWN,UNKNOWN,"PCD — Petroleum, Coal And Related Products Department",Collected,https://standards.bis.gov.in/website/know-your-standards,IS 11356,Yes,,"BIS searchKnowStandards, collected 2026-09-11",2030-05-02,No
IS 1148,Steel Rivet Bars (medium And High Tensile)--For Structural Purposes--For Structural Purposes,2009.0,Current,UNKNOWN,UNKNOWN,MTD — Metallurgical Engineering Department,Collected,https://standards.bis.gov.in/website/know-your-standards,IS 1148,Yes,,"BIS searchKnowStandards, collected 2026-09-11",2026-11-30,No
IS 11513,Hot rolled carbon steel strip for cold rolling purposes - Specification (Second Revision),2017.0,Current,UNKNOWN,UNKNOWN,MTD — Metallurgical Engineering Department,Collected,https://standards.bis.gov.in/website/know-your-standards,IS 11513,Yes,,"BIS searchKnowStandards, collected 2026-09-11",2027-03-31,No
IS 11536,Processed Cereal Based Complementary Foods ?  Specification ( Third Revision ),2022.0,Current,UNKNOWN,UNKNOWN,FAD — Food And Agriculture Department,Collected,https://standards.bis.gov.in/website/know-your-standards,IS 11536,Yes,,"BIS searchKnowStandards, collected 2026-09-11",2027-03-31,No
IS 11557,2 - NAPHTHYLAMINE - 3: 6: 8 - TRISULPHONIC ACID TECHNICAL  SPECIFICATION,2026.0,Current,UNKNOWN,UNKNOWN,"PCD — Petroleum, Coal And Related Products Department",Collected,https://standards.bis.gov.in/website/know-your-standards,IS 11557,Yes,,"BIS searchKnowStandards, collected 2026-09-11",2031-02-27,No
IS 11587,Specification for structural weather resistant steels,1986.0,Current,UNKNOWN,UNKNOWN,MTD — Metallurgical Engineering Department,Collected,https://standards.bis.gov.in/website/know-your-standards,IS 11587,Yes,,"BIS searchKnowStandards, collected 2026-09-11",2027-01-01,No
IS 1165,Whole Milk Powder — Specification ( Sixth Revision ) ,2022.0,Superseded,UNKNOWN,UNKNOWN,FAD — Food And Agriculture Department,Collected,https://standards.bis.gov.in/website/know-your-standards,IS 1165,Yes,,"BIS searchKnowStandards, collected 2026-09-11",2030-12-15,No
IS 11652,Amendment no. 4 to IS 11652 : 2017 Textiles - High density polyethylene (HDPE)/ polypropylene (PP) woven sacks for packaging of 50 kg cement - Specification (third revision),2017.0,Superseded,UNKNOWN,UNKNOWN,TXD — Textile Department,Collected,https://standards.bis.gov.in/website/know-your-standards,IS 11652,Yes,,"BIS searchKnowStandards, collected 2026-09-11",2031-01-20,No
IS 11657,Phosphorus Oxychloride Technical - Specification (Second Revision) ,2025.0,Current,UNKNOWN,UNKNOWN,CHD — Chemical Department,Collected,https://standards.bis.gov.in/website/know-your-standards,IS 11657,Yes,,"BIS searchKnowStandards, collected 2026-09-11",2030-11-17,No
IS 1166,"SWEETENED CONDENSED MILK, SWEETENED CONDENSED PARTLY SKIMMED MILK, SWEETENED CONDENSED SKIMMED MILK  AND SWEETENED CONDENSD HIGH FAT MILK- SPECIFICATION (Third Revision of IS 1166) Amendment - 1",2022.0,Superseded,UNKNOWN,UNKNOWN,FAD — Food And Agriculture Department,Collected,https://standards.bis.gov.in/website/know-your-standards,IS 1166,Yes,,"BIS searchKnowStandards, collected 2026-09-11",2030-12-15,No
IS 1170,Ferrochromium - Specification Third Revision,2026.0,Current,UNKNOWN,UNKNOWN,MTD — Metallurgical Engineering Department,Collected,https://standards.bis.gov.in/website/know-your-standards,IS 1170,Yes,,"BIS searchKnowStandards, collected 2026-09-11",2031-01-05,No
IS 11744,"Phosphorous Pentachloride, Technical - Specification ( First Revision ) ",2020.0,Current,UNKNOWN,UNKNOWN,CHD — Chemical Department,Collected,https://standards.bis.gov.in/website/know-your-standards,IS 11744,Yes,,"BIS searchKnowStandards, collected 2026-09-11",2029-04-30,No
IS 11890,Specification for high purity primary aluminium ingots for remelting for special applications,1987.0,Current,UNKNOWN,UNKNOWN,MTD — Metallurgical Engineering Department,Collected,https://standards.bis.gov.in/website/know-your-standards,IS 11890,Yes,,"BIS searchKnowStandards, collected 2026-09-11",2027-03-31,No
IS 11946,Specification for soft magnetic iron strips,1987.0,Current,UNKNOWN,UNKNOWN,MTD — Metallurgical Engineering Department,Collected,https://standards.bis.gov.in/website/know-your-standards,IS 11946,Yes,,"BIS searchKnowStandards, collected 2026-09-11",2028-03-31,No
IS 11947,"Specification for soft magnetic iron rods, bars, flats and sections",1987.0,Current,UNKNOWN,UNKNOWN,MTD — Metallurgical Engineering Department,Collected,https://standards.bis.gov.in/website/know-your-standards,IS 11947,Yes,,"BIS searchKnowStandards, collected 2026-09-11",2028-03-31,No
IS 11952,Specification for steels for piston pins (Gudgeon Pins),1986.0,Current,UNKNOWN,UNKNOWN,MTD — Metallurgical Engineering Department,Collected,https://standards.bis.gov.in/website/know-your-standards,IS 11952,Yes,,"BIS searchKnowStandards, collected 2026-09-11",2029-04-30,No
IS 12029,Acid Oil  - Specification (first revision of IS 12029),2023.0,Current,UNKNOWN,UNKNOWN,FAD — Food And Agriculture Department,Collected,https://standards.bis.gov.in/website/know-your-standards,IS 12029,Yes,,"BIS searchKnowStandards, collected 2026-09-11",2031-01-07,No
IS 12045,ALLOYS USED IN ELECTRICAL RESISTANCE METALLIC HEATING ELEMENTS - SPECIFICATION (First Revision),2025.0,Current,UNKNOWN,UNKNOWN,MTD — Metallurgical Engineering Department,Collected,https://standards.bis.gov.in/website/know-your-standards,IS 12045,Yes,,"BIS searchKnowStandards, collected 2026-09-11",2030-07-31,No
IS 12067, Palm fatty acids - Specification (first revision of IS 12067),2023.0,Current,UNKNOWN,UNKNOWN,FAD — Food And Agriculture Department,Collected,https://standards.bis.gov.in/website/know-your-standards,IS 12067,Yes,,"BIS searchKnowStandards, collected 2026-09-11",2028-04-30,No
IS 12068,Specification for rice bran fatty acids,1987.0,Current,UNKNOWN,UNKNOWN,FAD — Food And Agriculture Department,Collected,https://standards.bis.gov.in/website/know-your-standards,IS 12068,Yes,,"BIS searchKnowStandards, collected 2026-09-11",2027-09-30,No
IS 12069,Coconut Fatty Acids - Specification (first revision of IS 12069),2023.0,Current,UNKNOWN,UNKNOWN,FAD — Food And Agriculture Department,Collected,https://standards.bis.gov.in/website/know-your-standards,IS 12069,Yes,,"BIS searchKnowStandards, collected 2026-09-11",2028-04-30,No
IS 12084,Morpholine - Specification (First Revision),2018.0,Current,UNKNOWN,UNKNOWN,CHD — Chemical Department,Collected,https://standards.bis.gov.in/website/know-your-standards,IS 12084,Yes,,"BIS searchKnowStandards, collected 2026-09-11",2028-11-30,No
IS 12124,Rubberseed Fatty Acids - Specification (first revision of IS 12124),2023.0,Current,UNKNOWN,UNKNOWN,FAD — Food And Agriculture Department,Collected,https://standards.bis.gov.in/website/know-your-standards,IS 12124,Yes,,"BIS searchKnowStandards, collected 2026-09-11",2028-04-30,No
IS 12145,Specification for quenched and tempered alloy steel forgings for pressure vessels,1987.0,Current,UNKNOWN,UNKNOWN,MTD — Metallurgical Engineering Department,Collected,https://standards.bis.gov.in/website/know-your-standards,IS 12145,Yes,,"BIS searchKnowStandards, collected 2026-09-11",2029-04-30,No
IS 12146,Specification for carbon manganese steel forgings for pressure vessels,1987.0,Current,UNKNOWN,UNKNOWN,MTD — Metallurgical Engineering Department,Collected,https://standards.bis.gov.in/website/know-your-standards,IS 12146,Yes,,"BIS searchKnowStandards, collected 2026-09-11",2030-12-23,No
IS 12176,Specification for sweetened ultra high temperature (UHT) treated condensed milk,1987.0,Withdrawn,UNKNOWN,UNKNOWN,FAD — Food And Agriculture Department,Collected,https://standards.bis.gov.in/website/know-your-standards,IS 12176,Yes,,"BIS searchKnowStandards, collected 2026-09-11",,
IS 12262,Specification for trapezoidal steel wire for spring washers,1988.0,Current,UNKNOWN,UNKNOWN,MTD — Metallurgical Engineering Department,Collected,https://standards.bis.gov.in/website/know-your-standards,IS 12262,Yes,,"BIS searchKnowStandards, collected 2026-09-11",2027-03-31,No
IS 12345,Vinyl Acetate Monomer â€”  Specification  (First Revision),2024.0,Current,UNKNOWN,UNKNOWN,"PCD — Petroleum, Coal And Related Products Department",Collected,https://standards.bis.gov.in/website/know-your-standards,IS 12345,Yes,,"BIS searchKnowStandards, collected 2026-09-11",2029-05-31,No
IS 12361,Partially Hydrogenated Rice Bran Fatty Acids - Specification (first revision of IS 12361),2023.0,Current,UNKNOWN,UNKNOWN,FAD — Food And Agriculture Department,Collected,https://standards.bis.gov.in/website/know-your-standards,IS 12361,Yes,,"BIS searchKnowStandards, collected 2026-09-11",2028-04-30,No
IS 1254,Corrugated Aluminium Sheet (Fifth Revision),2025.0,Current,UNKNOWN,UNKNOWN,MTD — Metallurgical Engineering Department,Collected,https://standards.bis.gov.in/website/know-your-standards,IS 1254,Yes,,"BIS searchKnowStandards, collected 2026-09-11",2030-03-31,No
IS 12540,Acrylonitrile - Specification (First Revision),2023.0,Current,UNKNOWN,UNKNOWN,"PCD — Petroleum, Coal And Related Products Department",Collected,https://standards.bis.gov.in/website/know-your-standards,IS 12540,Yes,,"BIS searchKnowStandards, collected 2026-09-11",2028-05-31,No
IS 12591,Cold - Reduced tinmill products - Electrolytic chromium / chromium oxide - Coated steel (Second Revision),2018.0,Current,UNKNOWN,UNKNOWN,MTD — Metallurgical Engineering Department,Collected,https://standards.bis.gov.in/website/know-your-standards,IS 12591,Yes,,"BIS searchKnowStandards, collected 2026-09-11",2028-07-31,No
IS 12594,Hot - Dip Zinc Coating on Structural Steel Bars for Concrete Reinforcement - Specification,1988.0,Current,UNKNOWN,UNKNOWN,CED — Civil Engineering Department,Collected,https://standards.bis.gov.in/website/know-your-standards,IS 12594,Yes,,"BIS searchKnowStandards, collected 2026-09-11",2031-03-01,No
IS 12600,"Portland Cement, Low Heat - specification",1989.0,Current,UNKNOWN,UNKNOWN,CED — Civil Engineering Department,Collected,https://standards.bis.gov.in/website/know-your-standards,IS 12600,Yes,,"BIS searchKnowStandards, collected 2026-09-11",2029-03-31,No
IS 12650,Textiles – Jute bags for packing 50 kg foodgrains – Specification (third revision),2018.0,Current,UNKNOWN,UNKNOWN,TXD — Textile Department,Collected,https://standards.bis.gov.in/website/know-your-standards,IS 12650,Yes,,"BIS searchKnowStandards, collected 2026-09-11",2028-03-31,No
IS 1269 (Part 1),Leagal metrology - Material measures of length: Part 1 woven metallic and glass fiber tape measures (Second Revision),1997.0,Withdrawn,UNKNOWN,UNKNOWN,PGD — Production And General Engineering Department,Collected,https://standards.bis.gov.in/website/know-your-standards,IS 1269,Yes,,"BIS searchKnowStandards, collected 2026-09-11",2031-07-13,No
IS 1269 (Part 2),Legal metrology - Material measures of length: Part 2 steel tape measures,1997.0,Withdrawn,UNKNOWN,UNKNOWN,PGD — Production And General Engineering Department,Collected,https://standards.bis.gov.in/website/know-your-standards,IS 1269,Yes,,"BIS searchKnowStandards, collected 2026-09-11",2031-07-13,No
IS 12795,Linear Alkyl Benzene — Specification ( First Revision )  ,2020.0,Current,UNKNOWN,UNKNOWN,CHD — Chemical Department,Collected,https://standards.bis.gov.in/website/know-your-standards,IS 12795,Yes,,"BIS searchKnowStandards, collected 2026-09-11",2030-03-31,No
IS 1284,Wrought Aluminium Alloy Bolt and Screw Stock (for General Engineering Purposes) ? Specification ( Third Revision ),2024.0,Current,UNKNOWN,UNKNOWN,MTD — Metallurgical Engineering Department,Collected,https://standards.bis.gov.in/website/know-your-standards,IS 1284,Yes,,"BIS searchKnowStandards, collected 2026-09-11",2029-03-31,No
IS 12928,Precipitated barium carbonate for ceramic and glass industry - Specification,1990.0,Current,UNKNOWN,UNKNOWN,CHD — Chemical Department,Collected,https://standards.bis.gov.in/website/know-your-standards,IS 12928,Yes,,"BIS searchKnowStandards, collected 2026-09-11",2028-01-31,No
IS 13000,Silica-asbestos-cement Flat Sheets -,1990.0,Current,UNKNOWN,UNKNOWN,CED — Civil Engineering Department,Collected,https://standards.bis.gov.in/website/know-your-standards,IS 13000,Yes,,"BIS searchKnowStandards, collected 2026-09-11",2030-08-01,No
IS 13008,Shallow corrugated asbestos cement sheets -,1990.0,Current,UNKNOWN,UNKNOWN,CED — Civil Engineering Department,Collected,https://standards.bis.gov.in/website/know-your-standards,IS 13008,Yes,,"BIS searchKnowStandards, collected 2026-09-11",2030-08-01,No
IS 13334 (Part 1),Skimmed milk powder - Specification: Part 1 standard grade (Second Revision),2014.0,Current,UNKNOWN,UNKNOWN,FAD — Food And Agriculture Department,Collected,https://standards.bis.gov.in/website/know-your-standards,IS 13334,Yes,,"BIS searchKnowStandards, collected 2026-09-11",2028-07-31,No
IS 13334 (Part 2),Skimmed milk powder - Specification: Part 2 extra grade (First Revision),2014.0,Current,UNKNOWN,UNKNOWN,FAD — Food And Agriculture Department,Collected,https://standards.bis.gov.in/website/know-your-standards,IS 13334,Yes,,"BIS searchKnowStandards, collected 2026-09-11",2028-07-31,No
IS 13352,"Stock for forgings produced from continuously cast blooms, billets and slabs - Specification",1992.0,Current,UNKNOWN,UNKNOWN,MTD — Metallurgical Engineering Department,Collected,https://standards.bis.gov.in/website/know-your-standards,IS 13352,Yes,,"BIS searchKnowStandards, collected 2026-09-11",2029-04-30,No
IS 13387,Tool steel forgings for metal forming - Specification,1992.0,Current,UNKNOWN,UNKNOWN,MTD — Metallurgical Engineering Department,Collected,https://standards.bis.gov.in/website/know-your-standards,IS 13387,Yes,,"BIS searchKnowStandards, collected 2026-09-11",2029-04-30,No
IS 1342,Oil pressure stoves - Specification (Seventh Revision),2019.0,Withdrawn,UNKNOWN,UNKNOWN,MED — Mechanical Engineering Department,Collected,https://standards.bis.gov.in/website/know-your-standards,IS 1342,Yes,,"BIS searchKnowStandards, collected 2026-09-11",2029-03-31,No
IS 13428,PACKAGED NATURAL MINERAL WATER - SPECIFICATION Third Revision ,2024.0,Current,UNKNOWN,UNKNOWN,FAD — Food And Agriculture Department,Collected,https://standards.bis.gov.in/website/know-your-standards,IS 13428,Yes,,"BIS searchKnowStandards, collected 2026-09-11",2029-03-31,No
IS 13601,"Ethylene vinyl acetate (eva) copolymers for its safe use in contact with foodstuffs, pharmaceuticals and drinking water - Specification",1993.0,Current,UNKNOWN,UNKNOWN,"PCD — Petroleum, Coal And Related Products Department",Collected,https://standards.bis.gov.in/website/know-your-standards,IS 13601,Yes,,"BIS searchKnowStandards, collected 2026-09-11",2029-03-31,No
IS 13774,Live Working  Gloves of Insulating Material (Second Revision),2021.0,Current,UNKNOWN,UNKNOWN,ETD — Electrotechnical Department,Collected,https://standards.bis.gov.in/website/know-your-standards,IS 13774,Yes,,"BIS searchKnowStandards, collected 2026-09-11",2026-03-31,Yes
IS 1381 (Part 1),Laboratory glassware - Narrow - Necked boiling flasks (Second Revision),2003.0,Current,UNKNOWN,UNKNOWN,CHD — Chemical Department,Collected,https://standards.bis.gov.in/website/know-your-standards,IS 1381,Yes,,"BIS searchKnowStandards, collected 2026-09-11",2027-12-31,No
IS 13997,"Drums, large open top -- Specification  (First Revision)",2014.0,Current,UNKNOWN,UNKNOWN,PGD — Production And General Engineering Department,Collected,https://standards.bis.gov.in/website/know-your-standards,IS 13997,Yes,,"BIS searchKnowStandards, collected 2026-09-11",2027-01-31,No
IS 14252,Textiles - High density polyethylene (HDPE)/polypropylene (PP) woven sack for filling sand - Specification (second revision) ,2015.0,Current,UNKNOWN,UNKNOWN,TXD — Textile Department,Collected,https://standards.bis.gov.in/website/know-your-standards,IS 14252,Yes,,"BIS searchKnowStandards, collected 2026-09-11",2030-12-24,No
IS 14261,Transmission devices - V - Belts endless narrowv - Belts for industrial use - Specification,1995.0,Current,UNKNOWN,UNKNOWN,PGD — Production And General Engineering Department,Collected,https://standards.bis.gov.in/website/know-your-standards,IS 14261,Yes,,"BIS searchKnowStandards, collected 2026-09-11",2031-06-15,No
IS 14331,Steels for high temperature bolting applications - Specification,1995.0,Current,UNKNOWN,UNKNOWN,MTD — Metallurgical Engineering Department,Collected,https://standards.bis.gov.in/website/know-your-standards,IS 14331,Yes,,"BIS searchKnowStandards, collected 2026-09-11",2028-03-31,No
IS 14407,Aluminium cans for beverages -- Specification (first revision),2023.0,Superseded,UNKNOWN,UNKNOWN,PGD — Production And General Engineering Department,Collected,https://standards.bis.gov.in/website/know-your-standards,IS 14407,Yes,,"BIS searchKnowStandards, collected 2026-09-11",2027-04-01,No
IS 14433,INFANT MILK SUBSTITUTES - SPECIFICATION  (Second Revision of IS 14433) Amendment - 2,2022.0,Superseded,UNKNOWN,UNKNOWN,FAD — Food And Agriculture Department,Collected,https://standards.bis.gov.in/website/know-your-standards,IS 14433,Yes,,"BIS searchKnowStandards, collected 2026-09-11",2030-12-15,No
IS 14434,Polycarbonate moulding and extrusion materials - Specification (First Revision),2023.0,Current,UNKNOWN,UNKNOWN,"PCD — Petroleum, Coal And Related Products Department",Collected,https://standards.bis.gov.in/website/know-your-standards,IS 14434,Yes,,"BIS searchKnowStandards, collected 2026-09-11",2028-05-31,No
IS 14490,Plain Copier Paper â€” Specification  (Second Revision),2024.0,Current,UNKNOWN,UNKNOWN,CHD — Chemical Department,Collected,https://standards.bis.gov.in/website/know-your-standards,IS 14490,Yes,,"BIS searchKnowStandards, collected 2026-09-11",2029-10-31,No
IS 14542,Partly Skimmed Milk Powder — Specification ( First Revision ),2025.0,Current,UNKNOWN,UNKNOWN,FAD — Food And Agriculture Department,Collected,https://standards.bis.gov.in/website/know-your-standards,IS 14542,Yes,,"BIS searchKnowStandards, collected 2026-09-11",2030-12-15,No
IS 14543,Packaged Drinking Water Other than Packaged Natural Mineral Water  Specification Third Revision ,2024.0,Current,UNKNOWN,UNKNOWN,FAD — Food And Agriculture Department,Collected,https://standards.bis.gov.in/website/know-your-standards,IS 14543,Yes,,"BIS searchKnowStandards, collected 2026-09-11",2029-03-31,No
IS 14625,Plastics Feeding Bottles - Specification,2015.0,Superseded,UNKNOWN,UNKNOWN,"PCD — Petroleum, Coal And Related Products Department",Collected,https://standards.bis.gov.in/website/know-your-standards,IS 14625,Yes,,"BIS searchKnowStandards, collected 2026-09-11",2031-05-14,No
IS 14650,UNALLOYED AND ALLOYED STEEL INGOT AND SEMI-FINISHED PRODUCTS FOR RE-ROLLING PURPOSES - SPECIFICATION (First Revision),2023.0,Current,UNKNOWN,UNKNOWN,MTD — Metallurgical Engineering Department,Collected,https://standards.bis.gov.in/website/know-your-standards,IS 14650,Yes,,"BIS searchKnowStandards, collected 2026-09-11",2028-10-31,No
IS 14652,18 percent nickel maraging steel bars and rods - Specification,1999.0,Current,UNKNOWN,UNKNOWN,MTD — Metallurgical Engineering Department,Collected,https://standards.bis.gov.in/website/know-your-standards,IS 14652,Yes,,"BIS searchKnowStandards, collected 2026-09-11",2028-03-31,No
IS 1466,Specification for ferrovanadium (Third Revision),1985.0,Current,UNKNOWN,UNKNOWN,MTD — Metallurgical Engineering Department,Collected,https://standards.bis.gov.in/website/know-your-standards,IS 1466,Yes,,"BIS searchKnowStandards, collected 2026-09-11",2029-03-31,No
IS 1469,Ferromolybdenum - Specification (Fourth Revision),1993.0,Current,UNKNOWN,UNKNOWN,MTD — Metallurgical Engineering Department,Collected,https://standards.bis.gov.in/website/know-your-standards,IS 1469,Yes,,"BIS searchKnowStandards, collected 2026-09-11",2029-03-31,No
IS 14698,"Carbon and low alloy steel billets, blooms, slabs and bars for manufacture of shell bodies and proof shots used in defence services - Specification",1999.0,Current,UNKNOWN,UNKNOWN,MTD — Metallurgical Engineering Department,Collected,https://standards.bis.gov.in/website/know-your-standards,IS 14698,Yes,,"BIS searchKnowStandards, collected 2026-09-11",2028-03-31,No
IS 1470,Silicomanganese — Specification   ( Fifth Revision ),2025.0,Current,UNKNOWN,UNKNOWN,MTD — Metallurgical Engineering Department,Collected,https://standards.bis.gov.in/website/know-your-standards,IS 1470,Yes,,"BIS searchKnowStandards, collected 2026-09-11",2030-11-10,No
IS 14707,Methyl acrylate - Specification,1999.0,Current,UNKNOWN,UNKNOWN,"PCD — Petroleum, Coal And Related Products Department",Collected,https://standards.bis.gov.in/website/know-your-standards,IS 14707,Yes,,"BIS searchKnowStandards, collected 2026-09-11",2029-03-31,No
IS 14708,Ethyl Acrylate  - Specification (First Revision),2025.0,Current,UNKNOWN,UNKNOWN,"PCD — Petroleum, Coal And Related Products Department",Collected,https://standards.bis.gov.in/website/know-your-standards,IS 14708,Yes,,"BIS searchKnowStandards, collected 2026-09-11",2030-04-30,No
IS 14709,n-Butyl Acrylate  - Specification  (First Revision),2025.0,Current,UNKNOWN,UNKNOWN,"PCD — Petroleum, Coal And Related Products Department",Collected,https://standards.bis.gov.in/website/know-your-standards,IS 14709,Yes,,"BIS searchKnowStandards, collected 2026-09-11",2030-04-30,No
IS 14715 (Part 1),Jute geotextiles - (Part 1) Strengthening of sub-grade in roads - Specification (second revision),2016.0,Current,UNKNOWN,UNKNOWN,TXD — Textile Department,Collected,https://standards.bis.gov.in/website/know-your-standards,IS 14715,Yes,,"BIS searchKnowStandards, collected 2026-09-11",2030-05-31,No
IS 14715 (Part 2),Jute geotextiles - (Part 2) Control of bank erosion in rivers and waterways - Specification (second revision) ,2016.0,Current,UNKNOWN,UNKNOWN,TXD — Textile Department,Collected,https://standards.bis.gov.in/website/know-your-standards,IS 14715,Yes,,"BIS searchKnowStandards, collected 2026-09-11",2030-05-31,No
IS 1475,Drinking Water Coolers - Specification  (Fourth Revision),2024.0,Current,UNKNOWN,UNKNOWN,MED — Mechanical Engineering Department,Collected,https://standards.bis.gov.in/website/know-your-standards,IS 1475,Yes,,"BIS searchKnowStandards, collected 2026-09-11",2029-08-31,No
IS 1475 (Part 1),Self - Contained drinking water coolers - Specification: Part 1 energy consumption and performance (Third Revision),2001.0,Withdrawn,UNKNOWN,UNKNOWN,MED — Mechanical Engineering Department,Collected,https://standards.bis.gov.in/website/know-your-standards,IS 1475,Yes,,"BIS searchKnowStandards, collected 2026-09-11",2029-08-31,No
IS 14810,Copper tubes for plumbing - Specification,2000.0,Current,UNKNOWN,UNKNOWN,MTD — Metallurgical Engineering Department,Collected,https://standards.bis.gov.in/website/know-your-standards,IS 14810,Yes,,"BIS searchKnowStandards, collected 2026-09-11",2031-03-23,No
IS 14862,Fibre cement flat sheets - specification,2000.0,Current,UNKNOWN,UNKNOWN,CED — Civil Engineering Department,Collected,https://standards.bis.gov.in/website/know-your-standards,IS 14862,Yes,,"BIS searchKnowStandards, collected 2026-09-11",2030-08-01,No
IS 14871,Products in fibre reinforced cement - Long corrugated or asymmetrical section sheets and fittings for roofing and cladding - Specification,2000.0,Current,UNKNOWN,UNKNOWN,CED — Civil Engineering Department,Collected,https://standards.bis.gov.in/website/know-your-standards,IS 14871,Yes,,"BIS searchKnowStandards, collected 2026-09-11",2030-08-01,No
IS 14887,Textiles - High density polyethylene (HDPE)/polypropylene (PP) woven sacks for packaging of 50 kg food grains - Specification (first revision),2014.0,Current,UNKNOWN,UNKNOWN,TXD — Textile Department,Collected,https://standards.bis.gov.in/website/know-your-standards,IS 14887,Yes,,"BIS searchKnowStandards, collected 2026-09-11",2028-10-31,No
IS 14899,Liquefied petroleum gas (LPG) containers for automotive use - Specification (First Revision) Amendment - 1,2014.0,Superseded,UNKNOWN,UNKNOWN,MED — Mechanical Engineering Department,Collected,https://standards.bis.gov.in/website/know-your-standards,IS 14899,Yes,,"BIS searchKnowStandards, collected 2026-09-11",2030-11-10,No
IS 14900,Transparent float glass - Specification (First Revision),2018.0,Current,UNKNOWN,UNKNOWN,CHD — Chemical Department,Collected,https://standards.bis.gov.in/website/know-your-standards,IS 14900,Yes,,"BIS searchKnowStandards, collected 2026-09-11",2031-01-30,No
IS 14912,"Door closers, concealed type (Hydraulically Regulated) - Specification",2001.0,Withdrawn,UNKNOWN,UNKNOWN,CED — Civil Engineering Department,Collected,https://standards.bis.gov.in/website/know-your-standards,IS 14912,Yes,,"BIS searchKnowStandards, collected 2026-09-11",2027-01-31,No
IS 14928,Textiles - Composite synthetic fibre ropes - Specification,2001.0,Current,UNKNOWN,UNKNOWN,TXD — Textile Department,Collected,https://standards.bis.gov.in/website/know-your-standards,IS 14928,Yes,,"BIS searchKnowStandards, collected 2026-09-11",2031-06-11,No
IS 14929,Mixed polyolefin fibre ropes (first revision),2022.0,Current,UNKNOWN,UNKNOWN,TXD — Textile Department,Collected,https://standards.bis.gov.in/website/know-your-standards,IS 14929,Yes,,"BIS searchKnowStandards, collected 2026-09-11",2027-12-31,No
IS 14968,Textiles - High density polyethylene (HDPE)/polypropylene (PP) woven sacks for packing 50 Kg/25 kg sugar - Specification (first revision),2015.0,Current,UNKNOWN,UNKNOWN,TXD — Textile Department,Collected,https://standards.bis.gov.in/website/know-your-standards,IS 14968,Yes,,"BIS searchKnowStandards, collected 2026-09-11",2030-09-01,No
IS 15030,Terephthalic acid - Specification (First Revision),2022.0,Current,UNKNOWN,UNKNOWN,"PCD — Petroleum, Coal And Related Products Department",Collected,https://standards.bis.gov.in/website/know-your-standards,IS 15030,Yes,,"BIS searchKnowStandards, collected 2026-09-11",2027-12-31,No
IS 15041,TEXTILES - FLAT WOVEN WEBBING SLINGS MADE FROM MANMADE FIBRES FOR GENERAL SERVICES - SPECIFICATION (FIRST REVISION),2025.0,Current,UNKNOWN,UNKNOWN,TXD — Textile Department,Collected,https://standards.bis.gov.in/website/know-your-standards,IS 15041,Yes,,"BIS searchKnowStandards, collected 2026-09-11",2030-10-15,No
IS 15100,Multi - Function valve assembly for permanently fixed liquefied petroleum gas (LPG) containers for automotive use - Specification (First Revision),2018.0,Current,UNKNOWN,UNKNOWN,MED — Mechanical Engineering Department,Collected,https://standards.bis.gov.in/website/know-your-standards,IS 15100,Yes,,"BIS searchKnowStandards, collected 2026-09-11",2028-03-31,No
IS 15103,Fire resistant steel - Specification,2002.0,Current,UNKNOWN,UNKNOWN,MTD — Metallurgical Engineering Department,Collected,https://standards.bis.gov.in/website/know-your-standards,IS 15103,Yes,,"BIS searchKnowStandards, collected 2026-09-11",2029-03-31,No
IS 15138,Textiles  - Jute Bags For Packing 50 Kg Sugar  - Specification  (second revision),2024.0,Current,UNKNOWN,UNKNOWN,TXD — Textile Department,Collected,https://standards.bis.gov.in/website/know-your-standards,IS 15138,Yes,,"BIS searchKnowStandards, collected 2026-09-11",2029-12-31,No
IS 15351,Agro textiles – Laminated high density polyethylene (HDPE) woven geomembrane for water proof lining – Specification (second revision),2015.0,Superseded,UNKNOWN,UNKNOWN,TXD — Textile Department,Collected,https://standards.bis.gov.in/website/know-your-standards,IS 15351,Yes,,"BIS searchKnowStandards, collected 2026-09-11",2030-10-30,No
IS 15391,Cold rolled non - Oriented electrical steel sheet and strip-semi-processed type - Specification,2003.0,Current,UNKNOWN,UNKNOWN,MTD — Metallurgical Engineering Department,Collected,https://standards.bis.gov.in/website/know-your-standards,IS 15391,Yes,,"BIS searchKnowStandards, collected 2026-09-11",2029-03-31,No
IS 15392,Aluminium and aluminium alloy bare foil for food packaging - Specification,2003.0,Current,UNKNOWN,UNKNOWN,MTD — Metallurgical Engineering Department,Collected,https://standards.bis.gov.in/website/know-your-standards,IS 15392,Yes,,"BIS searchKnowStandards, collected 2026-09-11",2027-01-01,No
IS 1545,Solid drawn copper and copper alloy tubes for condensers and heat exchangers - Specification (Third Revision),1994.0,Current,UNKNOWN,UNKNOWN,MTD — Metallurgical Engineering Department,Collected,https://standards.bis.gov.in/website/know-your-standards,IS 1545,Yes,,"BIS searchKnowStandards, collected 2026-09-11",2031-03-23,No
IS 15558,INSTANTANEOUS DOMESTIC WATER HEATER  FOR USE WITH LPG -SPECIFICATION  (First Revision of IS 15558)  Amendment No - 2,2024.0,Superseded,UNKNOWN,UNKNOWN,MED — Mechanical Engineering Department,Collected,https://standards.bis.gov.in/website/know-your-standards,IS 15558,Yes,,"BIS searchKnowStandards, collected 2026-09-11",2030-11-20,No
IS 15573,Polyaluminium Chloride (First Revision) Amendment - 3,2018.0,Superseded,UNKNOWN,UNKNOWN,CHD — Chemical Department,Collected,https://standards.bis.gov.in/website/know-your-standards,IS 15573,Yes,,"BIS searchKnowStandards, collected 2026-09-11",2031-02-18,No
IS 15633,Automotive Vehicles - Pneumatic Tyres for Passenger Car Vehicles- Diagonal and Radial Ply - Specification—  Amendment no. 2,2022.0,Superseded,UNKNOWN,UNKNOWN,TED — Transport Engineering Department,Collected,https://standards.bis.gov.in/website/know-your-standards,IS 15633,Yes,,"BIS searchKnowStandards, collected 2026-09-11",2031-02-06,No
IS 15636,Automotive vehicles - Pneumatic tyres for commercial vehicles - Diagonal and radial ply,2022.0,Current,UNKNOWN,UNKNOWN,TED — Transport Engineering Department,Collected,https://standards.bis.gov.in/website/know-your-standards,IS 15636,Yes,,"BIS searchKnowStandards, collected 2026-09-11",2027-03-31,No
IS 15644,Safety of electric toys,2006.0,Current,UNKNOWN,UNKNOWN,ETD — Electrotechnical Department,Collected,https://standards.bis.gov.in/website/know-your-standards,IS 15644,Yes,,"BIS searchKnowStandards, collected 2026-09-11",2031-01-16,No
IS 15647,Hot rolled steel narrow width strip for welded tubes and pipes,2006.0,Current,UNKNOWN,UNKNOWN,MTD — Metallurgical Engineering Department,Collected,https://standards.bis.gov.in/website/know-your-standards,IS 15647,Yes,,"BIS searchKnowStandards, collected 2026-09-11",2026-11-30,No
IS 15757,FOLLOW-UP FORMULA-COMPLEMENTARY FOODS - SPECIFICATION (First Revision of IS 15757) Amendment - 1,2022.0,Superseded,UNKNOWN,UNKNOWN,FAD — Food And Agriculture Department,Collected,https://standards.bis.gov.in/website/know-your-standards,IS 15757,Yes,,"BIS searchKnowStandards, collected 2026-09-11",2030-12-15,No
IS 15768,Textiles — Resistance to Ignition of Fire-Resistant Upholstery Fabrics for use in Public Places — Specification ( First Revision ),2025.0,Current,UNKNOWN,UNKNOWN,TXD — Textile Department,Collected,https://standards.bis.gov.in/website/know-your-standards,IS 15768,Yes,,"BIS searchKnowStandards, collected 2026-09-11",2030-10-28,No
IS 15769,Flux cored (Tubular) electrodes for gas shielded and self - Shielded metal welding of carbon or carbon - Manganese steel,2008.0,Current,UNKNOWN,UNKNOWN,MTD — Metallurgical Engineering Department,Collected,https://standards.bis.gov.in/website/know-your-standards,IS 15769,Yes,,"BIS searchKnowStandards, collected 2026-09-11",2031-02-27,No
IS 15833,Stainless Steel Tower Bolts -specification,2009.0,Current,UNKNOWN,UNKNOWN,CED — Civil Engineering Department,Collected,https://standards.bis.gov.in/website/know-your-standards,IS 15833,Yes,,"BIS searchKnowStandards, collected 2026-09-11",2028-09-30,No
IS 15834 (Bi-lingual),Stainless Steel Sliding Door Bolts for use with Padlocks - Specification,2008.0,Current,UNKNOWN,UNKNOWN,CED — Civil Engineering Department,Collected,https://standards.bis.gov.in/website/know-your-standards,IS 15834,Yes,,"BIS searchKnowStandards, collected 2026-09-11",2023-09-30,Yes
IS 15869,Textiles – Open weave coir Bhoovastra – Specification (first revision),2020.0,Current,UNKNOWN,UNKNOWN,TXD — Textile Department,Collected,https://standards.bis.gov.in/website/know-your-standards,IS 15869,Yes,,"BIS searchKnowStandards, collected 2026-09-11",2030-03-31,No
IS 15884,ALTERNATING CURRENT DIRECT CONNECTED STATIC PREPAYMENT METERS FOR ACTIVE ENERGY CLASS 1 AND 2  SPECIFICATION,2024.0,Current,UNKNOWN,UNKNOWN,ETD — Electrotechnical Department,Collected,https://standards.bis.gov.in/website/know-your-standards,IS 15884,Yes,,"BIS searchKnowStandards, collected 2026-09-11",2029-09-30,No
IS 15895,High alumina refractory cement - Specification (First Revision),2018.0,Current,UNKNOWN,UNKNOWN,MTD — Metallurgical Engineering Department,Collected,https://standards.bis.gov.in/website/know-your-standards,IS 15895,Yes,,"BIS searchKnowStandards, collected 2026-09-11",2028-08-31,No
IS 15907,Agro textiles – High density polyethylene (HDPE) woven beds for vermiculture – Specification,2010.0,Current,UNKNOWN,UNKNOWN,TXD — Textile Department,Collected,https://standards.bis.gov.in/website/know-your-standards,IS 15907,Yes,,"BIS searchKnowStandards, collected 2026-09-11",2029-12-31,No
IS 15909,PVC Geomembranes for Lining - Specification ( Second Revision ) ,2020.0,Current,UNKNOWN,UNKNOWN,TXD — Textile Department,Collected,https://standards.bis.gov.in/website/know-your-standards,IS 15909,Yes,,"BIS searchKnowStandards, collected 2026-09-11",2030-03-31,No
IS 15911,Structural steel (Ordinary Quality) - Specification,2010.0,Current,UNKNOWN,UNKNOWN,MTD — Metallurgical Engineering Department,Collected,https://standards.bis.gov.in/website/know-your-standards,IS 15911,Yes,,"BIS searchKnowStandards, collected 2026-09-11",2026-11-30,No
IS 15914,"High tensile strength flat rolled steel plate (Up To 6 Mm), sheet and strip for the manufacture of welded gas cylinder - Specification",2011.0,Current,UNKNOWN,UNKNOWN,MTD — Metallurgical Engineering Department,Collected,https://standards.bis.gov.in/website/know-your-standards,IS 15914,Yes,,"BIS searchKnowStandards, collected 2026-09-11",2026-09-30,No
IS 15962,Structural steels for buildings and structures with improved seismic resistance,2012.0,Current,UNKNOWN,UNKNOWN,MTD — Metallurgical Engineering Department,Collected,https://standards.bis.gov.in/website/know-your-standards,IS 15962,Yes,,"BIS searchKnowStandards, collected 2026-09-11",2027-03-31,No
IS 15997,"Low nickel austenitic stainless steel plate, sheet, and strip for utensils and kitchen appliances - Specification",2012.0,Current,UNKNOWN,UNKNOWN,MTD — Metallurgical Engineering Department,Collected,https://standards.bis.gov.in/website/know-your-standards,IS 15997,Yes,,"BIS searchKnowStandards, collected 2026-09-11",2027-10-01,No
IS 16011,Aluminium and aluminium alloy foil for pharmaceutical packaging - Specification,2012.0,Current,UNKNOWN,UNKNOWN,MTD — Metallurgical Engineering Department,Collected,https://standards.bis.gov.in/website/know-your-standards,IS 16011,Yes,,"BIS searchKnowStandards, collected 2026-09-11",2027-03-31,No
IS 16012,Poly - Laminated aluminium cable wrap - Specification,2012.0,Current,UNKNOWN,UNKNOWN,MTD — Metallurgical Engineering Department,Collected,https://standards.bis.gov.in/website/know-your-standards,IS 16012,Yes,,"BIS searchKnowStandards, collected 2026-09-11",2027-03-31,No
IS 16018,Wheeled fire extinguishers - Performance and construction - Specification,2012.0,Current,UNKNOWN,UNKNOWN,CED — Civil Engineering Department,Collected,https://standards.bis.gov.in/website/know-your-standards,IS 16018,Yes,,"BIS searchKnowStandards, collected 2026-09-11",2027-04-30,No
IS 16089,Jute agro-textile – Sapling bags for growth of seedling/ sapling – Specification,2013.0,Current,UNKNOWN,UNKNOWN,TXD — Textile Department,Collected,https://standards.bis.gov.in/website/know-your-standards,IS 16089,Yes,,"BIS searchKnowStandards, collected 2026-09-11",2027-05-31,No
IS 16090,Geo-synthetics - Geo-textiles used as protection (or cushioning) materials - Specification,2013.0,Current,UNKNOWN,UNKNOWN,TXD — Textile Department,Collected,https://standards.bis.gov.in/website/know-your-standards,IS 16090,Yes,,"BIS searchKnowStandards, collected 2026-09-11",2028-01-31,No
IS 16112,Beta picoline - Specification,2013.0,Current,UNKNOWN,UNKNOWN,"PCD — Petroleum, Coal And Related Products Department",Collected,https://standards.bis.gov.in/website/know-your-standards,IS 16112,Yes,,"BIS searchKnowStandards, collected 2026-09-11",2028-07-31,No
IS 16113,Gamma picoline - Specification,2013.0,Current,UNKNOWN,UNKNOWN,"PCD — Petroleum, Coal And Related Products Department",Collected,https://standards.bis.gov.in/website/know-your-standards,IS 16113,Yes,,"BIS searchKnowStandards, collected 2026-09-11",2028-07-31,No
IS 16186,Textiles - Light weight jute sacking bags for packing 50 kg foodgrains - Specification,2014.0,Current,UNKNOWN,UNKNOWN,TXD — Textile Department,Collected,https://standards.bis.gov.in/website/know-your-standards,IS 16186,Yes,,"BIS searchKnowStandards, collected 2026-09-11",2028-03-31,No
IS 16190,Agro textiles - High density polyethylene (HDPE) laminated woven lay flat tube for irrigation purpose - Specification,2014.0,Current,UNKNOWN,UNKNOWN,TXD — Textile Department,Collected,https://standards.bis.gov.in/website/know-your-standards,IS 16190,Yes,,"BIS searchKnowStandards, collected 2026-09-11",2028-09-30,No
IS 16202,Agro textiles - Woven ground covers for horticulture application - Specification,2014.0,Current,UNKNOWN,UNKNOWN,TXD — Textile Department,Collected,https://standards.bis.gov.in/website/know-your-standards,IS 16202,Yes,,"BIS searchKnowStandards, collected 2026-09-11",2028-09-30,No
IS 16208,"Textiles - High density polyethylene (HDPE)/polypropylene (PP) woven sacks for packaging 10 kg, 15 kg, 20 kg, 25 kg and 30 kg foodgrains - Specification",2015.0,Current,UNKNOWN,UNKNOWN,TXD — Textile Department,Collected,https://standards.bis.gov.in/website/know-your-standards,IS 16208,Yes,,"BIS searchKnowStandards, collected 2026-09-11",2030-09-01,No
IS 16352,Geosynthetics – High density polyethylene (HDPE) geomembranes for lining – Specification (first revision),2020.0,Current,UNKNOWN,UNKNOWN,TXD — Textile Department,Collected,https://standards.bis.gov.in/website/know-your-standards,IS 16352,Yes,,"BIS searchKnowStandards, collected 2026-09-11",2030-03-31,No
IS 16362,"Geosynthetics - Geotextiles for Subsurface Drainage, Subgrade Separation, Subgrade Stabilization, Filtration and Erosion Control (In Hard Armor Systems) Applications - Specification (second revision)",2024.0,Current,UNKNOWN,UNKNOWN,TXD — Textile Department,Collected,https://standards.bis.gov.in/website/know-your-standards,IS 16362,Yes,,"BIS searchKnowStandards, collected 2026-09-11",2029-11-30,No
IS 16372,Textiles - Jute bags for packing up to 30 kg foodgrains - Specification,2015.0,Current,UNKNOWN,UNKNOWN,TXD — Textile Department,Collected,https://standards.bis.gov.in/website/know-your-standards,IS 16372,Yes,,"BIS searchKnowStandards, collected 2026-09-11",2030-06-30,No
IS 16390,Agro textiles - Nylon knitted seamless gloves for tobacco harvesters - Specification,2015.0,Current,UNKNOWN,UNKNOWN,TXD — Textile Department,Collected,https://standards.bis.gov.in/website/know-your-standards,IS 16390,Yes,,"BIS searchKnowStandards, collected 2026-09-11",2029-12-31,No
IS 16391,Geosynthetics - Geotextiles used in sub-grade separation in pavement structures - Specification ,2015.0,Withdrawn,UNKNOWN,UNKNOWN,TXD — Textile Department,Collected,https://standards.bis.gov.in/website/know-your-standards,IS 16391,Yes,,"BIS searchKnowStandards, collected 2026-09-11",2029-12-31,No
IS 16392,Geosynthetics - Geotextiles for permanent erosion control in hard armor systems - Specification,2015.0,Withdrawn,UNKNOWN,UNKNOWN,TXD — Textile Department,Collected,https://standards.bis.gov.in/website/know-your-standards,IS 16392,Yes,,"BIS searchKnowStandards, collected 2026-09-11",2029-12-31,No
IS 16393,Geosynthetics - Geotextiles used in subsurface drainage application - Specification,2015.0,Withdrawn,UNKNOWN,UNKNOWN,TXD — Textile Department,Collected,https://standards.bis.gov.in/website/know-your-standards,IS 16393,Yes,,"BIS searchKnowStandards, collected 2026-09-11",2029-12-31,No
IS 16481,Textiles — Synthetic Micro Fibres for Use in Cement Based Matrix — Specification (First Revision),2022.0,Current,UNKNOWN,UNKNOWN,TXD — Textile Department,Collected,https://standards.bis.gov.in/website/know-your-standards,IS 16481,Yes,,"BIS searchKnowStandards, collected 2026-09-11",2027-03-31,No
IS 16513,Agro textiles – Insect nets for agriculture and horticulture purposes – Specification ,2016.0,Current,UNKNOWN,UNKNOWN,TXD — Textile Department,Collected,https://standards.bis.gov.in/website/know-your-standards,IS 16513,Yes,,"BIS searchKnowStandards, collected 2026-09-11",2030-12-22,No
Is 1656,MILK-CEREAL BASED COMPLEMENTARY FOODS  SPECIFICATION  (Fifth Revision of IS 1656)  Amendment - 1,2022.0,Superseded,UNKNOWN,UNKNOWN,FAD — Food And Agriculture Department,Collected,https://standards.bis.gov.in/website/know-your-standards,Is 1656,Yes,,"BIS searchKnowStandards, collected 2026-09-11",2030-12-15,No
IS 16585,MAGNETIC MATERIALS  SPECIFICATIONS FOR INDIVIDUAL MATERIALS  Fe-BASED AMORPHOUS STRIP DELIVERED IN THE SEMI-PROCESSED STATE ,2023.0,Current,UNKNOWN,UNKNOWN,MTD — Metallurgical Engineering Department,Collected,https://standards.bis.gov.in/website/know-your-standards,IS 16585,Yes,,"BIS searchKnowStandards, collected 2026-09-11",2028-08-31,No
IS 16627,Agro textiles – High density polyethylene (HDPE) laminated woven lay flat tube for use in mains and submains of drip irrigation system – Specification ,2017.0,Current,UNKNOWN,UNKNOWN,TXD — Textile Department,Collected,https://standards.bis.gov.in/website/know-your-standards,IS 16627,Yes,,"BIS searchKnowStandards, collected 2026-09-11",2027-03-31,No
IS 16644,"Stress - Relieved, Low Relaxation Steel Wire for Prestressed Concrete - Specification",2018.0,Current,UNKNOWN,UNKNOWN,CED — Civil Engineering Department,Collected,https://standards.bis.gov.in/website/know-your-standards,IS 16644,Yes,,"BIS searchKnowStandards, collected 2026-09-11",2028-05-31,No
IS 16651,High Strength Deformed Stainless Steel Bars and Wires for Concrete Reinforcement - Specification ,2017.0,Current,UNKNOWN,UNKNOWN,CED — Civil Engineering Department,Collected,https://standards.bis.gov.in/website/know-your-standards,IS 16651,Yes,,"BIS searchKnowStandards, collected 2026-09-11",2027-07-31,No
IS 16653,Geosynthetics - Needle punched nonwoven geobags for coastal and waterways protection - Specification ,2017.0,Current,UNKNOWN,UNKNOWN,TXD — Textile Department,Collected,https://standards.bis.gov.in/website/know-your-standards,IS 16653,Yes,,"BIS searchKnowStandards, collected 2026-09-11",2028-01-31,No
IS 16654,Geosynthetics - Polypropylene multifilament woven geobags for coastal and waterways protection - Specification,2017.0,Current,UNKNOWN,UNKNOWN,TXD — Textile Department,Collected,https://standards.bis.gov.in/website/know-your-standards,IS 16654,Yes,,"BIS searchKnowStandards, collected 2026-09-11",2028-01-31,No
IS 16703,Textiles - High density polyethylene (HDPE) polypropylene (PP) woven sacks for packaging of 25 kg polymer materials - Specification,2017.0,Current,UNKNOWN,UNKNOWN,TXD — Textile Department,Collected,https://standards.bis.gov.in/website/know-your-standards,IS 16703,Yes,,"BIS searchKnowStandards, collected 2026-09-11",2031-07-21,No
IS 16709,"Textiles - Polypropylene (PP) woven, laminated, block bottom valve sacks for packaging of 50 kg cement - Specification",2017.0,Current,UNKNOWN,UNKNOWN,TXD — Textile Department,Collected,https://standards.bis.gov.in/website/know-your-standards,IS 16709,Yes,,"BIS searchKnowStandards, collected 2026-09-11",2027-03-31,No
IS 16718,Textiles - Polypropylene Spun Bonded Non-Woven Crop Covers and Fruit Skirting Bags for Agricultural and Horticultural Applications  - Specification (first revision),2021.0,Current,UNKNOWN,UNKNOWN,TXD — Textile Department,Collected,https://standards.bis.gov.in/website/know-your-standards,IS 16718,Yes,,"BIS searchKnowStandards, collected 2026-09-11",2030-12-17,No
IS 1673,"Spectfication for mild steel wire, cold heading quality (Second Revision)",1984.0,Current,UNKNOWN,UNKNOWN,MTD — Metallurgical Engineering Department,Collected,https://standards.bis.gov.in/website/know-your-standards,IS 1673,Yes,,"BIS searchKnowStandards, collected 2026-09-11",2026-11-30,No
IS 16732,Galvanized structural steel - Specification,2019.0,Current,UNKNOWN,UNKNOWN,MTD — Metallurgical Engineering Department,Collected,https://standards.bis.gov.in/website/know-your-standards,IS 16732,Yes,,"BIS searchKnowStandards, collected 2026-09-11",2029-01-31,No
IS 16993,Microfine Ordinary Portland Cement - Specification ,2018.0,Current,UNKNOWN,UNKNOWN,CED — Civil Engineering Department,Collected,https://standards.bis.gov.in/website/know-your-standards,IS 16993,Yes,,"BIS searchKnowStandards, collected 2026-09-11",2028-06-30,No
IS 170,Acetone - Specification (Fifth Revision) ,2020.0,Current,UNKNOWN,UNKNOWN,"PCD — Petroleum, Coal And Related Products Department",Collected,https://standards.bis.gov.in/website/know-your-standards,IS 170,Yes,,"BIS searchKnowStandards, collected 2026-09-11",2029-10-31,No
IS 17042 (Part 1),Diesel Engines — NOx Reduction Agent AUS 32 Part 1 Quality Requirements ( First Revision ) ,2020.0,Withdrawn,UNKNOWN,UNKNOWN,"PCD — Petroleum, Coal And Related Products Department",Collected,https://standards.bis.gov.in/website/know-your-standards,IS 17042,Yes,,"BIS searchKnowStandards, collected 2026-09-11",2030-03-31,No
IS 17070,Jute agrotextiles for growth of plant and suppression of weeds – Specification,2019.0,Current,UNKNOWN,UNKNOWN,TXD — Textile Department,Collected,https://standards.bis.gov.in/website/know-your-standards,IS 17070,Yes,,"BIS searchKnowStandards, collected 2026-09-11",2029-03-31,No
IS 17077 (Part 1),Plastics - Acrylonitrile-butadienestyrene (abs) moulding and extrusion materials : Part 1 designation system and specifications (First Revision),2022.0,Current,UNKNOWN,UNKNOWN,"PCD — Petroleum, Coal And Related Products Department",Collected,https://standards.bis.gov.in/website/know-your-standards,IS 17077,Yes,,"BIS searchKnowStandards, collected 2026-09-11",2027-07-28,No
IS 17111,"HEAT-TREATABLE STEELS, ALLOY STEELS AND FREE-CUTTING STEELS - BALL AND ROLLER BEARING STEELS  ( First Revision )",2025.0,Current,UNKNOWN,UNKNOWN,MTD — Metallurgical Engineering Department,Collected,https://standards.bis.gov.in/website/know-your-standards,IS 17111,Yes,,"BIS searchKnowStandards, collected 2026-09-11",2030-07-31,No
IS 17150,MINI DOMESTIC WATER HEATER FOR USE WITH PIPED  NATURAL GAS  PNG  -  SPECIFICATION  ( First Revision ) ,2025.0,Current,UNKNOWN,UNKNOWN,MED — Mechanical Engineering Department,Collected,https://standards.bis.gov.in/website/know-your-standards,IS 17150,Yes,,"BIS searchKnowStandards, collected 2026-09-11",2030-07-31,No
IS 17153,Domestic gas stoves for use with piped natural gas (PNG) - Specification,2019.0,Current,UNKNOWN,UNKNOWN,MED — Mechanical Engineering Department,Collected,https://standards.bis.gov.in/website/know-your-standards,IS 17153,Yes,,"BIS searchKnowStandards, collected 2026-09-11",2029-03-31,No
IS 17261,Textiles  - Polyester continuous filament fully drawn yarns - Specification (first revision),2022.0,Current,UNKNOWN,UNKNOWN,TXD — Textile Department,Collected,https://standards.bis.gov.in/website/know-your-standards,IS 17261,Yes,,"BIS searchKnowStandards, collected 2026-09-11",2027-03-31,No
IS 17262,Textiles  - Polyester partially oriented yarn (POY) - Specification (first revision),2022.0,Current,UNKNOWN,UNKNOWN,TXD — Textile Department,Collected,https://standards.bis.gov.in/website/know-your-standards,IS 17262,Yes,,"BIS searchKnowStandards, collected 2026-09-11",2027-03-31,No
IS 17263,Textiles  - Polyester staples fibres  - Specification (first revision),2022.0,Current,UNKNOWN,UNKNOWN,TXD — Textile Department,Collected,https://standards.bis.gov.in/website/know-your-standards,IS 17263,Yes,,"BIS searchKnowStandards, collected 2026-09-11",2027-03-31,No
IS 17264,Textiles - Polyester industrial yarn - Specification (first revision),2022.0,Current,UNKNOWN,UNKNOWN,TXD — Textile Department,Collected,https://standards.bis.gov.in/website/know-your-standards,IS 17264,Yes,,"BIS searchKnowStandards, collected 2026-09-11",2027-03-31,No
IS 17265,Textiles — 100 Percent Polyester Spun Grey and White Yarns — Specification  (Second Revision)  Amendment - 3,2023.0,Superseded,UNKNOWN,UNKNOWN,TXD — Textile Department,Collected,https://standards.bis.gov.in/website/know-your-standards,IS 17265,Yes,,"BIS searchKnowStandards, collected 2026-09-11",2031-01-20,No
IS 17266,Textiles – Viscose staple fibres – Specification,2019.0,Current,UNKNOWN,UNKNOWN,TXD — Textile Department,Collected,https://standards.bis.gov.in/website/know-your-standards,IS 17266,Yes,,"BIS searchKnowStandards, collected 2026-09-11",2029-03-31,No
IS 17349,Medical textiles – Shoe covers – Specification,2020.0,Current,UNKNOWN,UNKNOWN,TXD — Textile Department,Collected,https://standards.bis.gov.in/website/know-your-standards,IS 17349,Yes,,"BIS searchKnowStandards, collected 2026-09-11",2029-07-31,No
IS 17354,Medical textiles – Dental bib/Napkins – Specification,2020.0,Current,UNKNOWN,UNKNOWN,TXD — Textile Department,Collected,https://standards.bis.gov.in/website/know-your-standards,IS 17354,Yes,,"BIS searchKnowStandards, collected 2026-09-11",2029-07-31,No
IS 17355,Agro textiles – Propylene spun bonded non-woven mulch mat for agricultural and horticultural applications - Specification,2020.0,Current,UNKNOWN,UNKNOWN,TXD — Textile Department,Collected,https://standards.bis.gov.in/website/know-your-standards,IS 17355,Yes,,"BIS searchKnowStandards, collected 2026-09-11",2030-03-31,No
IS 17356,Agro textiles – Windshield nets for agriculture and horticulture purposes - Specification,2020.0,Current,UNKNOWN,UNKNOWN,TXD — Textile Department,Collected,https://standards.bis.gov.in/website/know-your-standards,IS 17356,Yes,,"BIS searchKnowStandards, collected 2026-09-11",2030-03-31,No
IS 17357,Agro textiles – Harvest nets for agriculture and horticulture purposes - Specification,2020.0,Current,UNKNOWN,UNKNOWN,TXD — Textile Department,Collected,https://standards.bis.gov.in/website/know-your-standards,IS 17357,Yes,,"BIS searchKnowStandards, collected 2026-09-11",2030-03-31,No
IS 17358 (Part 1),Agro textiles – Fencing nets for agriculture and horticulture purposes – Specification Part 1 Fencing nets made from extruded polymer mesh,2020.0,Current,UNKNOWN,UNKNOWN,TXD — Textile Department,Collected,https://standards.bis.gov.in/website/know-your-standards,IS 17358,Yes,,"BIS searchKnowStandards, collected 2026-09-11",2030-03-31,No
IS 17358 (Part 2),Agro textiles — Fencing nets for agriculture and horticulture purposes — Specification Part 2 Fencing nets made from mono filament yarns and combination of tape and mono filament yarns Amendment - 1,2020.0,Superseded,UNKNOWN,UNKNOWN,TXD — Textile Department,Collected,https://standards.bis.gov.in/website/know-your-standards,IS 17358,Yes,,"BIS searchKnowStandards, collected 2026-09-11",2030-03-31,No
IS 17370,p-xylene - Specification (First Revision),2023.0,Current,UNKNOWN,UNKNOWN,"PCD — Petroleum, Coal And Related Products Department",Collected,https://standards.bis.gov.in/website/know-your-standards,IS 17370,Yes,,"BIS searchKnowStandards, collected 2026-09-11",2028-04-30,No
IS 17371,Geosynthetics – Geogrids for flexible pavements – Specification,2020.0,Current,UNKNOWN,UNKNOWN,TXD — Textile Department,Collected,https://standards.bis.gov.in/website/know-your-standards,IS 17371,Yes,,"BIS searchKnowStandards, collected 2026-09-11",2030-03-31,No
IS 17372,Geosynthetics – Polymeric strip/geostrip used as soil reinforcement in retaining structures – Specification,2020.0,Current,UNKNOWN,UNKNOWN,TXD — Textile Department,Collected,https://standards.bis.gov.in/website/know-your-standards,IS 17372,Yes,,"BIS searchKnowStandards, collected 2026-09-11",2030-03-31,No
IS 17373,Geosynthetics - Geogrids used in reinforced soil retaining structures - Specification,2020.0,Current,UNKNOWN,UNKNOWN,TXD — Textile Department,Collected,https://standards.bis.gov.in/website/know-your-standards,IS 17373,Yes,,"BIS searchKnowStandards, collected 2026-09-11",2030-03-31,No
IS 17374,Geosynthetics – Reinforced HDPE membrane for effluents and chemical resistance lining – Specification,2020.0,Current,UNKNOWN,UNKNOWN,TXD — Textile Department,Collected,https://standards.bis.gov.in/website/know-your-standards,IS 17374,Yes,,"BIS searchKnowStandards, collected 2026-09-11",2030-03-31,No
IS 17397 (Part 1),Plastics - Thermoplastic polyurethanes for moulding and extrusion : Part 1 designation system and specifications (First Revision),2022.0,Current,UNKNOWN,UNKNOWN,"PCD — Petroleum, Coal And Related Products Department",Collected,https://standards.bis.gov.in/website/know-your-standards,IS 17397,Yes,,"BIS searchKnowStandards, collected 2026-09-11",2027-07-31,No
IS 17399,"Textiles - Polypropylene (PP)/high density polyethylene (HDPE) laminated woven sacks for mail sorting, storage, transport and distribution - Specification",2020.0,Current,UNKNOWN,UNKNOWN,TXD — Textile Department,Collected,https://standards.bis.gov.in/website/know-your-standards,IS 17399,Yes,,"BIS searchKnowStandards, collected 2026-09-11",2029-10-31,No
IS 17400,Glass Fibre Reinforced Gypsum Building Panels  Specification,2021.0,Current,UNKNOWN,UNKNOWN,CED — Civil Engineering Department,Collected,https://standards.bis.gov.in/website/know-your-standards,IS 17400,Yes,,"BIS searchKnowStandards, collected 2026-09-11",2031-02-18,No
Is 17404,Electrogalvanized Hot Rolled and Cold Reduced Carbon Steel Sheets and Strips â€” Specification  Amendment - 1,2020.0,Superseded,UNKNOWN,UNKNOWN,MTD — Metallurgical Engineering Department,Collected,https://standards.bis.gov.in/website/know-your-standards,Is 17404,Yes,,"BIS searchKnowStandards, collected 2026-09-11",2030-12-04,No
IS 17442,Vinyl chloride monomer - Specification ,2020.0,Current,UNKNOWN,UNKNOWN,"PCD — Petroleum, Coal And Related Products Department",Collected,https://standards.bis.gov.in/website/know-your-standards,IS 17442,Yes,,"BIS searchKnowStandards, collected 2026-09-11",2029-03-01,No
IS 17450,"1,3 Phenylenediamine - Specification  ",2020.0,Superseded,UNKNOWN,UNKNOWN,"PCD — Petroleum, Coal And Related Products Department",Collected,https://standards.bis.gov.in/website/know-your-standards,IS 17450,Yes,,"BIS searchKnowStandards, collected 2026-09-11",2030-07-03,No
IS 17483 (Part 1),Geosynthetics - Geocells - Specification (Part 1) Load Bearing Application ,2020.0,Current,UNKNOWN,UNKNOWN,TXD — Textile Department,Collected,https://standards.bis.gov.in/website/know-your-standards,IS 17483,Yes,,"BIS searchKnowStandards, collected 2026-09-11",2030-03-31,No
IS 17483 (Part 2),"Geosynthetics - Geocells - Specification (Part 2) Slope Erosion Protection Application, Amendment - 3",2020.0,Superseded,UNKNOWN,UNKNOWN,TXD — Textile Department,Collected,https://standards.bis.gov.in/website/know-your-standards,IS 17483,Yes,,"BIS searchKnowStandards, collected 2026-09-11",2030-03-31,No
IS 17509,Disposable Baby Diaper — Specification,2021.0,Current,UNKNOWN,UNKNOWN,TXD — Textile Department,Collected,https://standards.bis.gov.in/website/know-your-standards,IS 17509,Yes,,"BIS searchKnowStandards, collected 2026-09-11",2030-10-22,No
IS 17513,Agro Textiles -  Plant Support Nets for Agriculture and Horticulture Purposes - Specification ,2020.0,Current,UNKNOWN,UNKNOWN,TXD — Textile Department,Collected,https://standards.bis.gov.in/website/know-your-standards,IS 17513,Yes,,"BIS searchKnowStandards, collected 2026-09-11",2030-03-31,No
IS 17514,Reusable Sanitary Pad/Sanitary Napkin/Period Panties - Specification  (First Revision),2025.0,Current,UNKNOWN,UNKNOWN,TXD — Textile Department,Collected,https://standards.bis.gov.in/website/know-your-standards,IS 17514,Yes,,"BIS searchKnowStandards, collected 2026-09-11",2030-03-31,No
IS 17526,DOMESTIC STAINLESS STEEL VACUUM FLASK/BOTTLE - SPECIFICATION,2021.0,Superseded,UNKNOWN,UNKNOWN,MED — Mechanical Engineering Department,Collected,https://standards.bis.gov.in/website/know-your-standards,IS 17526,Yes,,"BIS searchKnowStandards, collected 2026-09-11",2031-02-26,No
IS 17550 (Part 1),Household Refrigerating Appliances - Characteristics and Test Methods Part 1 General Requirements (First Revision),2024.0,Current,UNKNOWN,UNKNOWN,MED — Mechanical Engineering Department,Collected,https://standards.bis.gov.in/website/know-your-standards,IS 17550,Yes,,"BIS searchKnowStandards, collected 2026-09-11",2029-11-30,No
IS 17566,Key locks for security Equipment-Specification,2021.0,Current,UNKNOWN,UNKNOWN,MED — Mechanical Engineering Department,Collected,https://standards.bis.gov.in/website/know-your-standards,IS 17566,Yes,,"BIS searchKnowStandards, collected 2026-09-11",2031-03-30,No
Is 17569,Insulated Containers for Food Storage - Specification ,2021.0,Superseded,UNKNOWN,UNKNOWN,MED — Mechanical Engineering Department,Collected,https://standards.bis.gov.in/website/know-your-standards,Is 17569,Yes,,"BIS searchKnowStandards, collected 2026-09-11",2031-08-11,No
IS 17570 (Part 1),Air Filters for general ventilation   Part 1 Technical specifications requirements and classification system based upon  particulate matter efficiency ePM  ,2021.0,Current,UNKNOWN,UNKNOWN,MED — Mechanical Engineering Department,Collected,https://standards.bis.gov.in/website/know-your-standards,IS 17570,Yes,,"BIS searchKnowStandards, collected 2026-09-11",2030-11-11,No
IS 17609,Fibre ropes of polyester / Polyolefin dual fibres,2021.0,Current,UNKNOWN,UNKNOWN,TXD — Textile Department,Collected,https://standards.bis.gov.in/website/know-your-standards,IS 17609,Yes,,"BIS searchKnowStandards, collected 2026-09-11",2031-03-01,No
IS 17630,Medical Textiles — Bedsheet and Pillow Cover — Specification,2021.0,Current,UNKNOWN,UNKNOWN,TXD — Textile Department,Collected,https://standards.bis.gov.in/website/know-your-standards,IS 17630,Yes,,"BIS searchKnowStandards, collected 2026-09-11",2030-11-20,No
IS 17631,Work Chairs - Specification,2022.0,Current,UNKNOWN,UNKNOWN,CED — Civil Engineering Department,Collected,https://standards.bis.gov.in/website/know-your-standards,IS 17631,Yes,,"BIS searchKnowStandards, collected 2026-09-11",2027-03-31,No
IS 17632,General Purpose Chairs and Stools - Specification,2022.0,Current,UNKNOWN,UNKNOWN,CED — Civil Engineering Department,Collected,https://standards.bis.gov.in/website/know-your-standards,IS 17632,Yes,,"BIS searchKnowStandards, collected 2026-09-11",2027-03-31,No
IS 17633,Tables and Desks - Specification,2022.0,Current,UNKNOWN,UNKNOWN,CED — Civil Engineering Department,Collected,https://standards.bis.gov.in/website/know-your-standards,IS 17633,Yes,,"BIS searchKnowStandards, collected 2026-09-11",2027-03-31,No
IS 17634,Storage Units - Specification,2022.0,Current,UNKNOWN,UNKNOWN,CED — Civil Engineering Department,Collected,https://standards.bis.gov.in/website/know-your-standards,IS 17634,Yes,,"BIS searchKnowStandards, collected 2026-09-11",2027-03-31,No
IS 17635,Beds - Specification,2022.0,Current,UNKNOWN,UNKNOWN,CED — Civil Engineering Department,Collected,https://standards.bis.gov.in/website/know-your-standards,IS 17635,Yes,,"BIS searchKnowStandards, collected 2026-09-11",2027-03-31,No
IS 17658,Polyvinyl chloride (pvc) homopolymers - Specification,2021.0,Current,UNKNOWN,UNKNOWN,"PCD — Petroleum, Coal And Related Products Department",Collected,https://standards.bis.gov.in/website/know-your-standards,IS 17658,Yes,,"BIS searchKnowStandards, collected 2026-09-11",2030-07-31,No
IS 17681,Specification for Bottled water dispensers ,2022.0,Current,UNKNOWN,UNKNOWN,MED — Mechanical Engineering Department,Collected,https://standards.bis.gov.in/website/know-your-standards,IS 17681,Yes,,"BIS searchKnowStandards, collected 2026-09-11",2027-03-31,No
IS 17682,Aluminium Composite Panel - Specification Amendment - 2,2021.0,Superseded,UNKNOWN,UNKNOWN,CED — Civil Engineering Department,Collected,https://standards.bis.gov.in/website/know-your-standards,IS 17682,Yes,,"BIS searchKnowStandards, collected 2026-09-11",2031-11-30,No
IS 17728,Agro Textiles - High Density Polyethylene (HDPE) Laminated Woven Lay Flat Tube and Fittings for use in Rain Irrigation System - Specification,2021.0,Current,UNKNOWN,UNKNOWN,TXD — Textile Department,Collected,https://standards.bis.gov.in/website/know-your-standards,IS 17728,Yes,,"BIS searchKnowStandards, collected 2026-09-11",2030-12-17,No
IS 17729,Agro-Textiles  Flexible Water Storage Tank for Agriculture and Horticulture Purposes  Specification,2021.0,Current,UNKNOWN,UNKNOWN,TXD — Textile Department,Collected,https://standards.bis.gov.in/website/know-your-standards,IS 17729,Yes,,"BIS searchKnowStandards, collected 2026-09-11",2026-03-31,Yes
IS 17730 (Part 1),Agro Textiles — Hail Protection Nets for Agriculture and Horticulture Purposes — Specification Part 1 Warp Knitted Hail Protection Nets,2021.0,Superseded,UNKNOWN,UNKNOWN,TXD — Textile Department,Collected,https://standards.bis.gov.in/website/know-your-standards,IS 17730,Yes,,"BIS searchKnowStandards, collected 2026-09-11",2031-01-15,No
IS 17730 (Part 2),Agro-Textiles  Hail Protection Nets for Agriculture and Horticulture Purposes  Specification Part 2 Woven Hail Protection Nets,2021.0,Superseded,UNKNOWN,UNKNOWN,TXD — Textile Department,Collected,https://standards.bis.gov.in/website/know-your-standards,IS 17730,Yes,,"BIS searchKnowStandards, collected 2026-09-11",2031-01-15,No
IS 17731,Agro-Textiles  Laminated Woven Orchard Protection Covers  Specification,2021.0,Current,UNKNOWN,UNKNOWN,TXD — Textile Department,Collected,https://standards.bis.gov.in/website/know-your-standards,IS 17731,Yes,,"BIS searchKnowStandards, collected 2026-09-11",2030-12-17,No
Is 17790,INSULATED FLASK FOR DOMESTIC USE  SPECIFICATION ,2022.0,Superseded,UNKNOWN,UNKNOWN,MED — Mechanical Engineering Department,Collected,https://standards.bis.gov.in/website/know-your-standards,Is 17790,Yes,,"BIS searchKnowStandards, collected 2026-09-11",2031-08-11,No
IS 17803,POTABLE WATER BOTTLES (METALLIC) - SPECIFICATION,2022.0,Current,UNKNOWN,UNKNOWN,MED — Mechanical Engineering Department,Collected,https://standards.bis.gov.in/website/know-your-standards,IS 17803,Yes,,"BIS searchKnowStandards, collected 2026-09-11",2027-03-31,No
IS 1783 (Part 1),"Drums large, fixed ends -- Specification: Part 1 Grade A drums (Fourth Revision)",2014.0,Current,UNKNOWN,UNKNOWN,PGD — Production And General Engineering Department,Collected,https://standards.bis.gov.in/website/know-your-standards,IS 1783,Yes,,"BIS searchKnowStandards, collected 2026-09-11",2027-01-31,No
IS 1783 (Part 2),"Drums large, fixed ends -- Specification: Part 2 Grade B drums (Fourth Revision)",2014.0,Current,UNKNOWN,UNKNOWN,PGD — Production And General Engineering Department,Collected,https://standards.bis.gov.in/website/know-your-standards,IS 1783,Yes,,"BIS searchKnowStandards, collected 2026-09-11",2027-01-31,No
IS 17875,Stainless Steel seamless pipes and tubes for general service,2022.0,Current,UNKNOWN,UNKNOWN,MTD — Metallurgical Engineering Department,Collected,https://standards.bis.gov.in/website/know-your-standards,IS 17875,Yes,,"BIS searchKnowStandards, collected 2026-09-11",2027-03-31,No
IS 17876,Stainless steel welded pipes and tubes for general service,2022.0,Current,UNKNOWN,UNKNOWN,MTD — Metallurgical Engineering Department,Collected,https://standards.bis.gov.in/website/know-your-standards,IS 17876,Yes,,"BIS searchKnowStandards, collected 2026-09-11",2027-03-31,No
IS 17880,Geosynthetics  - Synthetics polymer rope gabions for coastal and waterways protection - Specification Amendment No. 1,2022.0,Superseded,UNKNOWN,UNKNOWN,TXD — Textile Department,Collected,https://standards.bis.gov.in/website/know-your-standards,IS 17880,Yes,,"BIS searchKnowStandards, collected 2026-09-11",2030-12-29,No
IS 17945,Food for Special Medical Purpose Intended for Infants — Specification ,2022.0,Superseded,UNKNOWN,UNKNOWN,FAD — Food And Agriculture Department,Collected,https://standards.bis.gov.in/website/know-your-standards,IS 17945,Yes,,"BIS searchKnowStandards, collected 2026-09-11",2030-12-15,No
IS 17954,Telescopic Ball Bearing Drawer Slide — Specification,2023.0,Superseded,UNKNOWN,UNKNOWN,CED — Civil Engineering Department,Collected,https://standards.bis.gov.in/website/know-your-standards,IS 17954,Yes,,"BIS searchKnowStandards, collected 2026-09-11",2031-05-21,No
IS 1804,Steel wire ropes – Fibre main cores – Specification (fourth revision),2004.0,Current,UNKNOWN,UNKNOWN,TXD — Textile Department,Collected,https://standards.bis.gov.in/website/know-your-standards,IS 1804,Yes,,"BIS searchKnowStandards, collected 2026-09-11",2029-05-31,No
IS 1812,Specification for carbon steel wire for the manufacture of wood screws (Second Revision) ,1982.0,Current,UNKNOWN,UNKNOWN,MTD — Metallurgical Engineering Department,Collected,https://standards.bis.gov.in/website/know-your-standards,IS 1812,Yes,,"BIS searchKnowStandards, collected 2026-09-11",2027-03-31,No
IS 18297,Cabinet Hinges — Specification,2023.0,Superseded,UNKNOWN,UNKNOWN,CED — Civil Engineering Department,Collected,https://standards.bis.gov.in/website/know-your-standards,IS 18297,Yes,,"BIS searchKnowStandards, collected 2026-09-11",2031-05-21,No
IS 18316,Hot-Rolled and Cold-Rolled Steel Strips Intended for Processing of Semi/Fully Processed Non-Grain Oriented Electrical Steel — Specification,2023.0,Current,UNKNOWN,UNKNOWN,MTD — Metallurgical Engineering Department,Collected,https://standards.bis.gov.in/website/know-your-standards,IS 18316,Yes,,"BIS searchKnowStandards, collected 2026-09-11",2028-08-31,No
IS 18340,Vinyl Sulphone  - Specification,2023.0,Current,UNKNOWN,UNKNOWN,"PCD — Petroleum, Coal And Related Products Department",Collected,https://standards.bis.gov.in/website/know-your-standards,IS 18340,Yes,,"BIS searchKnowStandards, collected 2026-09-11",2028-08-31,No
IS 1835,Specification for round steel wire for ropes (Third Revision),1976.0,Current,UNKNOWN,UNKNOWN,MTD — Metallurgical Engineering Department,Collected,https://standards.bis.gov.in/website/know-your-standards,IS 1835,Yes,,"BIS searchKnowStandards, collected 2026-09-11",2027-03-31,No
IS 18384,"Hot-Rolled Steel Strip, Sheet and  Plates for Welded Steel Pipe for  Pipeline Transportation Systems - Specification Amendment-1",2023.0,Superseded,UNKNOWN,UNKNOWN,MTD — Metallurgical Engineering Department,Collected,https://standards.bis.gov.in/website/know-your-standards,IS 18384,Yes,,"BIS searchKnowStandards, collected 2026-09-11",2031-03-20,No
IS 18385,Hot- Dip galvanized/galvannealed Steels Sheet and strips for Automotive Applications- Specification,2023.0,Current,UNKNOWN,UNKNOWN,MTD — Metallurgical Engineering Department,Collected,https://standards.bis.gov.in/website/know-your-standards,IS 18385,Yes,,"BIS searchKnowStandards, collected 2026-09-11",2031-03-18,No
IS 18427,Three piece round open top metal cans for foods and beverages -- Specification,2024.0,Superseded,UNKNOWN,UNKNOWN,PGD — Production And General Engineering Department,Collected,https://standards.bis.gov.in/website/know-your-standards,IS 18427,Yes,,"BIS searchKnowStandards, collected 2026-09-11",2027-04-01,No
IS 18471,Fasteners -  Drilling Screws with Tapping Screw Thread  - Specification (first revision),2025.0,Current,UNKNOWN,UNKNOWN,PGD — Production And General Engineering Department,Collected,https://standards.bis.gov.in/website/know-your-standards,IS 18471,Yes,,"BIS searchKnowStandards, collected 2026-09-11",2032-04-01,No
IS 18476,Fasteners ï¿½ Hexagon Washer Head Drilling Screws  with Tapping Screw Thread ,2023.0,Current,UNKNOWN,UNKNOWN,PGD — Production And General Engineering Department,Collected,https://standards.bis.gov.in/website/know-your-standards,IS 18476,Yes,,"BIS searchKnowStandards, collected 2026-09-11",2028-11-30,No
IS 18480 (Part 2),Cross Recessed Tapping Screws Part 2 Countersunk Flat Head,2023.0,Current,UNKNOWN,UNKNOWN,PGD — Production And General Engineering Department,Collected,https://standards.bis.gov.in/website/know-your-standards,IS 18480,Yes,,"BIS searchKnowStandards, collected 2026-09-11",2028-11-30,No
IS 18507,Drywall screws — Specification (first revision),2026.0,Current,UNKNOWN,UNKNOWN,PGD — Production And General Engineering Department,Collected,https://standards.bis.gov.in/website/know-your-standards,IS 18507,Yes,,"BIS searchKnowStandards, collected 2026-09-11",2031-02-10,No
IS 18508,Chipboard screws — Specification (first revision),2026.0,Current,UNKNOWN,UNKNOWN,PGD — Production And General Engineering Department,Collected,https://standards.bis.gov.in/website/know-your-standards,IS 18508,Yes,,"BIS searchKnowStandards, collected 2026-09-11",2031-02-23,No
IS 18509,Cross-recessed Countersunk Head Wood Screws ï¿½ Specification,2024.0,Current,UNKNOWN,UNKNOWN,PGD — Production And General Engineering Department,Collected,https://standards.bis.gov.in/website/know-your-standards,IS 18509,Yes,,"BIS searchKnowStandards, collected 2026-09-11",2029-02-28,No
IS 18513,Hot-Dip Zinc- Aluminium-Magnesium Alloy Coated Steel Sheets Plates and Strips - Specification,2023.0,Current,UNKNOWN,UNKNOWN,MTD — Metallurgical Engineering Department,Collected,https://standards.bis.gov.in/website/know-your-standards,IS 18513,Yes,,"BIS searchKnowStandards, collected 2026-09-11",2029-01-09,No
IS 1855,STRANDED STEEL WIRE ROPES FOR WINDING AND MAN-RIDING  HAULAGES IN MINES - SPECIFICATION  ( Fourth Revision),2024.0,Current,UNKNOWN,UNKNOWN,MED — Mechanical Engineering Department,Collected,https://standards.bis.gov.in/website/know-your-standards,IS 1855,Yes,,"BIS searchKnowStandards, collected 2026-09-11",2029-12-31,No
IS 1921,SOLDER WIRE - SOLID AND FLUX CORED - SPECIFICATION (THIRD REVISION),2025.0,Current,UNKNOWN,UNKNOWN,MTD — Metallurgical Engineering Department,Collected,https://standards.bis.gov.in/website/know-your-standards,IS 1921,Yes,,"BIS searchKnowStandards, collected 2026-09-11",2030-05-31,No
IS 1943,Textiles  — A — Twill Jute Bags — Specification ( Third Revision ),2026.0,Current,UNKNOWN,UNKNOWN,TXD — Textile Department,Collected,https://standards.bis.gov.in/website/know-your-standards,IS 1943,Yes,,"BIS searchKnowStandards, collected 2026-09-11",2031-02-10,No
IS 1993,Cold - Reduced tinmill products - Electrolytic tinplate (Fifth Revision),2018.0,Current,UNKNOWN,UNKNOWN,MTD — Metallurgical Engineering Department,Collected,https://standards.bis.gov.in/website/know-your-standards,IS 1993,Yes,,"BIS searchKnowStandards, collected 2026-09-11",2028-06-30,No
IS 2002,Steel Plate for Pressure Vessel for Intermediate and High Temperature Service Including Boilers  â€” Specification  (Fourth Revision),2024.0,Current,UNKNOWN,UNKNOWN,MTD — Metallurgical Engineering Department,Collected,https://standards.bis.gov.in/website/know-your-standards,IS 2002,Yes,,"BIS searchKnowStandards, collected 2026-09-11",2029-08-31,No
IS 2012,Red phosphorus - Specification (First Revision),2006.0,Current,UNKNOWN,UNKNOWN,CHD — Chemical Department,Collected,https://standards.bis.gov.in/website/know-your-standards,IS 2012,Yes,,"BIS searchKnowStandards, collected 2026-09-11",2031-04-06,No
IS 2028,Open Jaw Wrenches (Spanners) — Specification ( Sixth Revision ),2026.0,Current,UNKNOWN,UNKNOWN,PGD — Production And General Engineering Department,Collected,https://standards.bis.gov.in/website/know-your-standards,IS 2028,Yes,,"BIS searchKnowStandards, collected 2026-09-11",2031-02-04,No
IS 2029,RING WRENCHES (SPANNERS) — SPECIFICATION (Fifth Revision),2026.0,Current,UNKNOWN,UNKNOWN,PGD — Production And General Engineering Department,Collected,https://standards.bis.gov.in/website/know-your-standards,IS 2029,Yes,,"BIS searchKnowStandards, collected 2026-09-11",2031-02-04,No
IS 2041,Steel Plates and Strips for Pressure Vessels Used at Moderate  and Low Temperature â€” Specification  (Fourth Revision),2024.0,Current,UNKNOWN,UNKNOWN,MTD — Metallurgical Engineering Department,Collected,https://standards.bis.gov.in/website/know-your-standards,IS 2041,Yes,,"BIS searchKnowStandards, collected 2026-09-11",2029-08-31,No
IS 2052,Compounded feeds for cattle ï¿½ Specification  ,2023.0,Current,UNKNOWN,UNKNOWN,FAD — Food And Agriculture Department,Collected,https://standards.bis.gov.in/website/know-your-standards,IS 2052,Yes,,"BIS searchKnowStandards, collected 2026-09-11",2028-03-31,No
IS 206,Tee and strap hinges - Specification (Fifth Revision),2010.0,Superseded,UNKNOWN,UNKNOWN,CED — Civil Engineering Department,Collected,https://standards.bis.gov.in/website/know-your-standards,IS 206,Yes,,"BIS searchKnowStandards, collected 2026-09-11",2027-01-01,No
IS 2067,Specification for wrought aluminium wire for electrical purposes (Fourth Revision),1975.0,Current,UNKNOWN,UNKNOWN,MTD — Metallurgical Engineering Department,Collected,https://standards.bis.gov.in/website/know-your-standards,IS 2067,Yes,,"BIS searchKnowStandards, collected 2026-09-11",2027-03-31,No
IS 2080,Specification for stabilized hydrogen peroxide (Second Revision),2021.0,Current,UNKNOWN,UNKNOWN,CHD — Chemical Department,Collected,https://standards.bis.gov.in/website/know-your-standards,IS 2080,Yes,,"BIS searchKnowStandards, collected 2026-09-11",2030-12-11,No
IS 2082,Stationary storage type electric water heaters - Specification (Fifth Revision),2018.0,Current,UNKNOWN,UNKNOWN,ETD — Electrotechnical Department,Collected,https://standards.bis.gov.in/website/know-your-standards,IS 2082,Yes,,"BIS searchKnowStandards, collected 2026-09-11",2031-01-16,No
IS 2083,FLASHLIGHT- SPECIFICATION (Third Revision),2024.0,Current,UNKNOWN,UNKNOWN,ETD — Electrotechnical Department,Collected,https://standards.bis.gov.in/website/know-your-standards,IS 2083,Yes,,"BIS searchKnowStandards, collected 2026-09-11",2029-07-31,No
IS 2096,Asbestos cement flat sheets - Specification (First Revision),1992.0,Current,UNKNOWN,UNKNOWN,CED — Civil Engineering Department,Collected,https://standards.bis.gov.in/website/know-your-standards,IS 2096,Yes,,"BIS searchKnowStandards, collected 2026-09-11",2027-01-31,No
IS 2098,Asbestos cement building boards - Specification (First Revision),1997.0,Current,UNKNOWN,UNKNOWN,CED — Civil Engineering Department,Collected,https://standards.bis.gov.in/website/know-your-standards,IS 2098,Yes,,"BIS searchKnowStandards, collected 2026-09-11",2027-01-31,No
IS 21,Wrought Aluminium and Aluminium Alloys for Manufacture of Utensils - Specification (Fifth Revision),2025.0,Current,UNKNOWN,UNKNOWN,MTD — Metallurgical Engineering Department,Collected,https://standards.bis.gov.in/website/know-your-standards,IS 21,Yes,,"BIS searchKnowStandards, collected 2026-09-11",2030-05-31,No
IS 2100,"Specification for steel billets, bars and sections for boilers (First Revision)",1970.0,Current,UNKNOWN,UNKNOWN,MTD — Metallurgical Engineering Department,Collected,https://standards.bis.gov.in/website/know-your-standards,IS 2100,Yes,,"BIS searchKnowStandards, collected 2026-09-11",2027-03-31,No
IS 2191 (Part 1),"Wooden Flush Door Shutters (Cellular, Hollow and Tubular Core Type) — Specification Part 1 Plywood Face Panels ( Fifth Revision )",2022.0,Current,UNKNOWN,UNKNOWN,CED — Civil Engineering Department,Collected,https://standards.bis.gov.in/website/know-your-standards,IS 2191,Yes,,"BIS searchKnowStandards, collected 2026-09-11",2027-12-31,No
IS 2191 (Part 2),"WOODEN FLUSH DOOR SHUTTERS (CELLULAR, HOLLOW AND TUBULAR CORE TYPE) -  SPECIFICATION PART 2 PARTICLE BOARD, HIGH DENSITY FIBRE BOARD, MEDIUM DENSITY FIBRE BOARD AND FIBRE HARDBOARD FACE PANELS (Fourth Revision)",2022.0,Current,UNKNOWN,UNKNOWN,CED — Civil Engineering Department,Collected,https://standards.bis.gov.in/website/know-your-standards,IS 2191,Yes,,"BIS searchKnowStandards, collected 2026-09-11",2027-12-31,No
IS 2255,Specification for mild steel wire rod for the manufacture of machine screws (By Cold Heading Process) (Second Revision),1977.0,Current,UNKNOWN,UNKNOWN,MTD — Metallurgical Engineering Department,Collected,https://standards.bis.gov.in/website/know-your-standards,IS 2255,Yes,,"BIS searchKnowStandards, collected 2026-09-11",2027-03-31,No
Is 2347,DOMESTIC  PRESSURE COOKER - SPECIFICATION (Seventh Revision) ,2023.0,Superseded,UNKNOWN,UNKNOWN,MED — Mechanical Engineering Department,Collected,https://standards.bis.gov.in/website/know-your-standards,Is 2347,Yes,,"BIS searchKnowStandards, collected 2026-09-11",2030-11-20,No
IS 2347,Domestic pressure cooker - Specification (Sixth Revision),2017.0,Withdrawn,UNKNOWN,UNKNOWN,MED — Mechanical Engineering Department,Collected,https://standards.bis.gov.in/website/know-your-standards,IS 2347,Yes,,"BIS searchKnowStandards, collected 2026-09-11",2030-11-20,No
IS 2385,Specification for hot - Rolled mild steel sheet and strip in coil form for cold - Reduced tinplate and cold - Reduced blackplate (First Revision),1977.0,Current,UNKNOWN,UNKNOWN,MTD — Metallurgical Engineering Department,Collected,https://standards.bis.gov.in/website/know-your-standards,IS 2385,Yes,,"BIS searchKnowStandards, collected 2026-09-11",2027-03-31,No
IS 2403,"Short-Pitch Transmission Precision Roller and Bush Chains, Attachments and Associated Chain Sprockets  (Fourth Revision)",2024.0,Current,UNKNOWN,UNKNOWN,PGD — Production And General Engineering Department,Collected,https://standards.bis.gov.in/website/know-your-standards,IS 2403,Yes,,"BIS searchKnowStandards, collected 2026-09-11",2029-07-31,No
IS 2414,Cycle and rickshaw pneumatic tyres - Specification (Fourth Revision),2005.0,Current,UNKNOWN,UNKNOWN,TED — Transport Engineering Department,Collected,https://standards.bis.gov.in/website/know-your-standards,IS 2414,Yes,,"BIS searchKnowStandards, collected 2026-09-11",2031-02-27,No
IS 2415,Cycle - Rubber tubes (Moulded/ Jointed) - Specification (Fourth Revision),2015.0,Current,UNKNOWN,UNKNOWN,TED — Transport Engineering Department,Collected,https://standards.bis.gov.in/website/know-your-standards,IS 2415,Yes,,"BIS searchKnowStandards, collected 2026-09-11",2031-02-27,No
IS 2494 (Part 1),V - Belts - Endless V - Belts for industrial purposes: Part 1 general purpose - Specification (Second Revision),1994.0,Current,UNKNOWN,UNKNOWN,PGD — Production And General Engineering Department,Collected,https://standards.bis.gov.in/website/know-your-standards,IS 2494,Yes,,"BIS searchKnowStandards, collected 2026-09-11",2031-01-15,No
IS 2494 (Part 2),V - Belts - Endless V - Belts for industrial purposes: Part 2 fire resistant and antistatic V - Belts - Specification,1993.0,Current,UNKNOWN,UNKNOWN,PGD — Production And General Engineering Department,Collected,https://standards.bis.gov.in/website/know-your-standards,IS 2494,Yes,,"BIS searchKnowStandards, collected 2026-09-11",2031-01-15,No
IS 2507,Cold-reduced carbon and alloy steel sheets and strips - Specification,2026.0,Current,UNKNOWN,UNKNOWN,MTD — Metallurgical Engineering Department,Collected,https://standards.bis.gov.in/website/know-your-standards,IS 2507,Yes,,"BIS searchKnowStandards, collected 2026-09-11",2031-02-23,No
IS 2552,Steel drums (galvanized and ungalvanized) -- Specification (Third Revision),1989.0,Current,UNKNOWN,UNKNOWN,PGD — Production And General Engineering Department,Collected,https://standards.bis.gov.in/website/know-your-standards,IS 2552,Yes,,"BIS searchKnowStandards, collected 2026-09-11",2028-10-31,No
IS 2566,Textiles  BTwill Jute Bags for Packing Food grains  Specification,2026.0,Current,UNKNOWN,UNKNOWN,TXD — Textile Department,Collected,https://standards.bis.gov.in/website/know-your-standards,IS 2566,Yes,,"BIS searchKnowStandards, collected 2026-09-11",2031-02-10,No
IS 2589,Specificaiton for hard drawn steel wire for upholstery springs (First Revision),1975.0,Current,UNKNOWN,UNKNOWN,MTD — Metallurgical Engineering Department,Collected,https://standards.bis.gov.in/website/know-your-standards,IS 2589,Yes,,"BIS searchKnowStandards, collected 2026-09-11",2027-03-31,No
IS 2590,Specification for primary aluminium ingots for remelting for general engineering purposes (Second Revision),1987.0,Current,UNKNOWN,UNKNOWN,MTD — Metallurgical Engineering Department,Collected,https://standards.bis.gov.in/website/know-your-standards,IS 2590,Yes,,"BIS searchKnowStandards, collected 2026-09-11",2027-01-01,No
IS 26,Tin ingot - Specification (fifth revision),2024.0,Current,UNKNOWN,UNKNOWN,MTD — Metallurgical Engineering Department,Collected,https://standards.bis.gov.in/website/know-your-standards,IS 26,Yes,,"BIS searchKnowStandards, collected 2026-09-11",2029-01-31,No
IS 2619,Glass beakers - Specification (Third Revision),2018.0,Current,UNKNOWN,UNKNOWN,CHD — Chemical Department,Collected,https://standards.bis.gov.in/website/know-your-standards,IS 2619,Yes,,"BIS searchKnowStandards, collected 2026-09-11",2028-12-31,No
IS 2681,Non - Ferrous metal sliding door bolts (Aldrops) for use with padlocks - Specification (Third Revision),1993.0,Current,UNKNOWN,UNKNOWN,CED — Civil Engineering Department,Collected,https://standards.bis.gov.in/website/know-your-standards,IS 2681,Yes,,"BIS searchKnowStandards, collected 2026-09-11",2028-09-30,No
IS 27,Primary Lead - Specification (Fifth Revision).,2023.0,Current,UNKNOWN,UNKNOWN,MTD — Metallurgical Engineering Department,Collected,https://standards.bis.gov.in/website/know-your-standards,IS 27,Yes,,"BIS searchKnowStandards, collected 2026-09-11",2028-10-31,No
IS 2782,Refined Nickel- Specification (First Revision),2023.0,Current,UNKNOWN,UNKNOWN,MTD — Metallurgical Engineering Department,Collected,https://standards.bis.gov.in/website/know-your-standards,IS 2782,Yes,,"BIS searchKnowStandards, collected 2026-09-11",2028-11-30,No
IS 2787,Oil pressure heaters - Specification (Third Revision),2006.0,Withdrawn,UNKNOWN,UNKNOWN,MED — Mechanical Engineering Department,Collected,https://standards.bis.gov.in/website/know-your-standards,IS 2787,Yes,,"BIS searchKnowStandards, collected 2026-09-11",2029-08-09,No
IS 2831,"Carbon steel cast billet ingots, billets, blooms and slabs for re-rolling into structural steel (Ordinary Quality) - Specification (Fourth Revision)",2012.0,Withdrawn,UNKNOWN,UNKNOWN,MTD — Metallurgical Engineering Department,Collected,https://standards.bis.gov.in/website/know-your-standards,IS 2831,Yes,,"BIS searchKnowStandards, collected 2026-09-11",2027-03-31,No
IS 2833,"Aniline, technical - Specification (Second Revision)",2019.0,Current,UNKNOWN,UNKNOWN,"PCD — Petroleum, Coal And Related Products Department",Collected,https://standards.bis.gov.in/website/know-your-standards,IS 2833,Yes,,"BIS searchKnowStandards, collected 2026-09-11",2029-01-31,No
IS 2879,Mild steel for metal arc welding electrodes - Specification (Third Revision),1998.0,Current,UNKNOWN,UNKNOWN,MTD — Metallurgical Engineering Department,Collected,https://standards.bis.gov.in/website/know-your-standards,IS 2879,Yes,,"BIS searchKnowStandards, collected 2026-09-11",2029-03-31,No
IS 297,"SODIUM SULPHIDE, TECHNICAL -   SPECIFICATION   (Third Revision)",2024.0,Current,UNKNOWN,UNKNOWN,CHD — Chemical Department,Collected,https://standards.bis.gov.in/website/know-your-standards,IS 297,Yes,,"BIS searchKnowStandards, collected 2026-09-11",2029-05-31,No
IS 3039,STRUCTURAL STEEL FOR CONSTRUCTION OF  SHIPS - SPECIFICATION (Third revision),2024.0,Current,UNKNOWN,UNKNOWN,MTD — Metallurgical Engineering Department,Collected,https://standards.bis.gov.in/website/know-your-standards,IS 3039,Yes,,"BIS searchKnowStandards, collected 2026-09-11",2029-02-28,No
IS 3055 (Part 1),Clinical thermometers: Part 1 solid stem type - Specification (Second Revision),1994.0,Current,UNKNOWN,UNKNOWN,MHD — Medical Equipment And Hospital Planning Department,Collected,https://standards.bis.gov.in/website/know-your-standards,IS 3055,Yes,,"BIS searchKnowStandards, collected 2026-09-11",2026-02-28,Yes
IS 3055 (Part 2),Clinical thermometers: Part 2 enclosed scale type - Specification (Third Revision),2004.0,Current,UNKNOWN,UNKNOWN,MHD — Medical Equipment And Hospital Planning Department,Collected,https://standards.bis.gov.in/website/know-your-standards,IS 3055,Yes,,"BIS searchKnowStandards, collected 2026-09-11",2026-02-28,Yes
IS 3195,Steel for the manufacture of volute and helical springs (For Railway Rolling Stock) - Specification (Third Revision),1992.0,Current,UNKNOWN,UNKNOWN,MTD — Metallurgical Engineering Department,Collected,https://standards.bis.gov.in/website/know-your-standards,IS 3195,Yes,,"BIS searchKnowStandards, collected 2026-09-11",2027-03-31,No
IS 3196 (Part 2),Welded low carbon steel cylinders exceeding 5 litre water capacity for low pressure liquefiable gases: Part 2 cylinders for liquefiable non - Toxic gases other than lpg - Specification (First Revision),2006.0,Current,UNKNOWN,UNKNOWN,MED — Mechanical Engineering Department,Collected,https://standards.bis.gov.in/website/know-your-standards,IS 3196,Yes,,"BIS searchKnowStandards, collected 2026-09-11",2030-05-31,No
IS 3196 : Part 1,Welded low carbon steel cylinders exceeding 5 litres water capacity for low pressure liquefiable gases: Part 1 cylinders for liquefied petroleum gases (Lpg) - Specification (Sixth Revision),2013.0,Superseded,UNKNOWN,UNKNOWN,MED — Mechanical Engineering Department,Collected,https://standards.bis.gov.in/website/know-your-standards,IS 3196,Yes,,"BIS searchKnowStandards, collected 2026-09-11",2030-05-31,No
IS 3196 (Part 4),Welded low carbon steel cylinders exceeding 5 litre water capacity for low pressure liquefiable gases - Specification: Part 4 cylinders for toxic and corrosive gases,2001.0,Current,UNKNOWN,UNKNOWN,MED — Mechanical Engineering Department,Collected,https://standards.bis.gov.in/website/know-your-standards,IS 3196,Yes,,"BIS searchKnowStandards, collected 2026-09-11",2030-05-31,No
IS 3205,"Precipitated Barium Carbonate, Technical - Specification (Second Revision)",2024.0,Current,UNKNOWN,UNKNOWN,CHD — Chemical Department,Collected,https://standards.bis.gov.in/website/know-your-standards,IS 3205,Yes,,"BIS searchKnowStandards, collected 2026-09-11",2029-12-31,No
IS 3298,Specification for mild steel rivet bars for ship building (First Revision),1981.0,Current,UNKNOWN,UNKNOWN,MTD — Metallurgical Engineering Department,Collected,https://standards.bis.gov.in/website/know-your-standards,IS 3298,Yes,,"BIS searchKnowStandards, collected 2026-09-11",2027-03-31,No
IS 3315,AMENDMENT NO. 1 TO IS 3315 : 2024 DIRECT EVAPORATIVE AIR COOLER - SPECIFICATION (Fourth Revision),2024.0,Superseded,UNKNOWN,UNKNOWN,MED — Mechanical Engineering Department,Collected,https://standards.bis.gov.in/website/know-your-standards,IS 3315,Yes,,"BIS searchKnowStandards, collected 2026-09-11",2031-01-22,No
IS 336,Ether - Specification (Third Revision),2021.0,Current,UNKNOWN,UNKNOWN,"PCD — Petroleum, Coal And Related Products Department",Collected,https://standards.bis.gov.in/website/know-your-standards,IS 336,Yes,,"BIS searchKnowStandards, collected 2026-09-11",2031-03-31,No
IS 3431,Specification for steel for the manufacture of volute helical and laminated springs for automotive suspension (Second Revision),1982.0,Current,UNKNOWN,UNKNOWN,MTD — Metallurgical Engineering Department,Collected,https://standards.bis.gov.in/website/know-your-standards,IS 3431,Yes,,"BIS searchKnowStandards, collected 2026-09-11",2027-03-31,No
IS 3466,Specification For Masonry Cement (Second Revision),1988.0,Current,UNKNOWN,UNKNOWN,CED — Civil Engineering Department,Collected,https://standards.bis.gov.in/website/know-your-standards,IS 3466,Yes,,"BIS searchKnowStandards, collected 2026-09-11",2028-06-30,No
IS 3575,Bitumen drums -- Specification (Third Revision),1993.0,Current,UNKNOWN,UNKNOWN,PGD — Production And General Engineering Department,Collected,https://standards.bis.gov.in/website/know-your-standards,IS 3575,Yes,,"BIS searchKnowStandards, collected 2026-09-11",2027-01-31,No
IS 3650,Specification for combination side cutting pliers (Second Revision),1981.0,Current,UNKNOWN,UNKNOWN,PGD — Production And General Engineering Department,Collected,https://standards.bis.gov.in/website/know-your-standards,IS 3650,Yes,,"BIS searchKnowStandards, collected 2026-09-11",2027-03-31,No
IS 368,Electric immersion water heaters - Specification (Fifth Revision),2014.0,Current,UNKNOWN,UNKNOWN,ETD — Electrotechnical Department,Collected,https://standards.bis.gov.in/website/know-your-standards,IS 368,Yes,,"BIS searchKnowStandards, collected 2026-09-11",2031-01-16,No
IS 3745,Yoke Type Medical Cylinder Valve with Pin Index Connection ( Third Revision ),2024.0,Current,UNKNOWN,UNKNOWN,MED — Mechanical Engineering Department,Collected,https://standards.bis.gov.in/website/know-your-standards,IS 3745,Yes,,"BIS searchKnowStandards, collected 2026-09-11",2030-12-12,No
IS 3748,Tool Steels - Specification,2022.0,Current,UNKNOWN,UNKNOWN,MTD — Metallurgical Engineering Department,Collected,https://standards.bis.gov.in/website/know-your-standards,IS 3748,Yes,,"BIS searchKnowStandards, collected 2026-09-11",2027-11-30,No
IS 3930,Flame and induction hardening steels - Specification (Second Revision),1994.0,Current,UNKNOWN,UNKNOWN,MTD — Metallurgical Engineering Department,Collected,https://standards.bis.gov.in/website/know-your-standards,IS 3930,Yes,,"BIS searchKnowStandards, collected 2026-09-11",2029-04-30,No
IS 4026,ALUMINIUM INGOTS BILLETS AND WIRE BARS EC GRADE,2023.0,Current,UNKNOWN,UNKNOWN,MTD — Metallurgical Engineering Department,Collected,https://standards.bis.gov.in/website/know-your-standards,IS 4026,Yes,,"BIS searchKnowStandards, collected 2026-09-11",2028-05-31,No
IS 4072,Specification for steel for spring washers (First Revision),1975.0,Current,UNKNOWN,UNKNOWN,MTD — Metallurgical Engineering Department,Collected,https://standards.bis.gov.in/website/know-your-standards,IS 4072,Yes,,"BIS searchKnowStandards, collected 2026-09-11",2027-03-31,No
IS 4105,Styrene (vinyl benzene) - Specification (Third Revision),2023.0,Current,UNKNOWN,UNKNOWN,"PCD — Petroleum, Coal And Related Products Department",Collected,https://standards.bis.gov.in/website/know-your-standards,IS 4105,Yes,,"BIS searchKnowStandards, collected 2026-09-11",2028-04-30,No
IS 412,Specification for expanded metal steel sheets for general purposes (Second Revision),1975.0,Current,UNKNOWN,UNKNOWN,MTD — Metallurgical Engineering Department,Collected,https://standards.bis.gov.in/website/know-your-standards,IS 412,Yes,,"BIS searchKnowStandards, collected 2026-09-11",2027-03-31,No
IS 4123,CHAIN PIPE WRENCHES â€” SPECIFICATION  (second revision),2024.0,Current,UNKNOWN,UNKNOWN,PGD — Production And General Engineering Department,Collected,https://standards.bis.gov.in/website/know-your-standards,IS 4123,Yes,,"BIS searchKnowStandards, collected 2026-09-11",2027-04-01,No
IS 4151,Protective helmets for motorcycle riders - Specification (Fourth Revision),2015.0,Current,UNKNOWN,UNKNOWN,CED — Civil Engineering Department,Collected,https://standards.bis.gov.in/website/know-your-standards,IS 4151,Yes,,"BIS searchKnowStandards, collected 2026-09-11",2030-06-20,No
IS 4171,Specification for copper rods and bars for general engineering purposes (First Revision),1983.0,Current,UNKNOWN,UNKNOWN,MTD — Metallurgical Engineering Department,Collected,https://standards.bis.gov.in/website/know-your-standards,IS 4171,Yes,,"BIS searchKnowStandards, collected 2026-09-11",2031-03-23,No
IS 4223,Steel Wire For Umbrella Ribs,1975.0,Current,UNKNOWN,UNKNOWN,MTD — Metallurgical Engineering Department,Collected,https://standards.bis.gov.in/website/know-your-standards,IS 4223,Yes,,"BIS searchKnowStandards, collected 2026-09-11",2027-03-31,No
IS 4224,"Specification for steel wire for staples, pins and clips (First Revision)",1972.0,Current,UNKNOWN,UNKNOWN,MTD — Metallurgical Engineering Department,Collected,https://standards.bis.gov.in/website/know-your-standards,IS 4224,Yes,,"BIS searchKnowStandards, collected 2026-09-11",2027-03-31,No
IS 4246,DOMESTIC GAS STOVE AND BUILT IN HOB FOR  USE WITH LPG  SPECIFICATION   (Sixth Revision ),2025.0,Superseded,UNKNOWN,UNKNOWN,MED — Mechanical Engineering Department,Collected,https://standards.bis.gov.in/website/know-your-standards,IS 4246,Yes,,"BIS searchKnowStandards, collected 2026-09-11",2030-12-16,No
IS 4250,Electric Food-Mixers (Liquidizers and Grinders) and Centrifugal Juicers ï¿½ Specification  ( Second Revision ),2025.0,Current,UNKNOWN,UNKNOWN,ETD — Electrotechnical Department,Collected,https://standards.bis.gov.in/website/know-your-standards,IS 4250,Yes,,"BIS searchKnowStandards, collected 2026-09-11",2030-03-31,No
IS 4270,Steel tubes used for water wells specification (Third Revision),2001.0,Current,UNKNOWN,UNKNOWN,MTD — Metallurgical Engineering Department,Collected,https://standards.bis.gov.in/website/know-your-standards,IS 4270,Yes,,"BIS searchKnowStandards, collected 2026-09-11",2027-02-28,No
IS 4296 (Part 1),Tools for pressing: Part 1 round punches with 60 degrees conical head and straight shank (Second Revision),2016.0,Current,UNKNOWN,UNKNOWN,PGD — Production And General Engineering Department,Collected,https://standards.bis.gov.in/website/know-your-standards,IS 4296,Yes,,"BIS searchKnowStandards, collected 2026-09-11",2030-09-30,No
IS 4368,"Specification for alloy steel billets, blooms and slabs for forging for general engineering purposes",1967.0,Withdrawn,UNKNOWN,UNKNOWN,MTD — Metallurgical Engineering Department,Collected,https://standards.bis.gov.in/website/know-your-standards,IS 4368,Yes,,"BIS searchKnowStandards, collected 2026-09-11",2026-04-06,Yes
IS 4397,Cold - Rolled carbon steel strips for ball and roller bearing cages retainers - Specification (Second Revision),1999.0,Current,UNKNOWN,UNKNOWN,MTD — Metallurgical Engineering Department,Collected,https://standards.bis.gov.in/website/know-your-standards,IS 4397,Yes,,"BIS searchKnowStandards, collected 2026-09-11",2029-03-31,No
IS 4398,"Carbon - Chromium steel for the manufacture of balls, rollers and bearing races - Specification (Second Revision)",1994.0,Current,UNKNOWN,UNKNOWN,MTD — Metallurgical Engineering Department,Collected,https://standards.bis.gov.in/website/know-your-standards,IS 4398,Yes,,"BIS searchKnowStandards, collected 2026-09-11",2029-04-30,No
IS 4409,Ferronickel - Specification (Second Revision),2023.0,Current,UNKNOWN,UNKNOWN,MTD — Metallurgical Engineering Department,Collected,https://standards.bis.gov.in/website/know-your-standards,IS 4409,Yes,,"BIS searchKnowStandards, collected 2026-09-11",2028-03-31,No
IS 4412,Specification for copper wires for general engineering purposes (First Revision),1981.0,Current,UNKNOWN,UNKNOWN,MTD — Metallurgical Engineering Department,Collected,https://standards.bis.gov.in/website/know-your-standards,IS 4412,Yes,,"BIS searchKnowStandards, collected 2026-09-11",2031-03-23,No
IS 4431,Specification for carbon and carbon manganese free cutting steels (First Revision),1978.0,Current,UNKNOWN,UNKNOWN,MTD — Metallurgical Engineering Department,Collected,https://standards.bis.gov.in/website/know-your-standards,IS 4431,Yes,,"BIS searchKnowStandards, collected 2026-09-11",2029-04-30,No
IS 4432,Specification for case hardening steels (First Revision),1988.0,Current,UNKNOWN,UNKNOWN,MTD — Metallurgical Engineering Department,Collected,https://standards.bis.gov.in/website/know-your-standards,IS 4432,Yes,,"BIS searchKnowStandards, collected 2026-09-11",2029-04-30,No
IS 4454 (Part 1),Steel wire for mechanical springs - Specification: Part 1 cold drawn unalloyed steel wire (Third Revision) Amendment - 1,2001.0,Superseded,UNKNOWN,UNKNOWN,MTD — Metallurgical Engineering Department,Collected,https://standards.bis.gov.in/website/know-your-standards,IS 4454,Yes,,"BIS searchKnowStandards, collected 2026-09-11",2030-11-20,No
IS 4454 (Part 2),Steel wire for mechanical springs - Specification : Part 2 oil hardened and tempered steel wire (Second Revision),2001.0,Withdrawn,UNKNOWN,UNKNOWN,MTD — Metallurgical Engineering Department,Collected,https://standards.bis.gov.in/website/know-your-standards,IS 4454,Yes,,"BIS searchKnowStandards, collected 2026-09-11",2030-11-20,No
IS 4454 (Part 4),Steel wires for mechanical springs: Part 4 stainless steel wire (Second Revision),2001.0,Current,UNKNOWN,UNKNOWN,MTD — Metallurgical Engineering Department,Collected,https://standards.bis.gov.in/website/know-your-standards,IS 4454,Yes,,"BIS searchKnowStandards, collected 2026-09-11",2030-11-20,No
IS 4505,Sodium formaldehyde sulphoxylate - Specification (First Revision),2015.0,Current,UNKNOWN,UNKNOWN,CHD — Chemical Department,Collected,https://standards.bis.gov.in/website/know-your-standards,IS 4505,Yes,,"BIS searchKnowStandards, collected 2026-09-11",2031-02-19,No
IS 4508,OPEN ENDED SLUGGING  WRENCHES ( SPANNERS ) — SPECIFICATION  ( Second Revision ) Amendment - 1,2024.0,Superseded,UNKNOWN,UNKNOWN,PGD — Production And General Engineering Department,Collected,https://standards.bis.gov.in/website/know-your-standards,IS 4508,Yes,,"BIS searchKnowStandards, collected 2026-09-11",2031-06-30,No
IS 4509,RING SLUGGING WRENCHES  (SPANNERS) — SPECIFICATION  (second revision) Amendment - 1,2024.0,Superseded,UNKNOWN,UNKNOWN,PGD — Production And General Engineering Department,Collected,https://standards.bis.gov.in/website/know-your-standards,IS 4509,Yes,,"BIS searchKnowStandards, collected 2026-09-11",2031-08-05,No
IS 4521,Wire Ropes Used in Oil Wells and Oil Well Drilling and Other Applications of Petroleum and Natural Gas Industries - Specification  (Third Revision),2024.0,Current,UNKNOWN,UNKNOWN,MED — Mechanical Engineering Department,Collected,https://standards.bis.gov.in/website/know-your-standards,IS 4521,Yes,,"BIS searchKnowStandards, collected 2026-09-11",2029-10-31,No
IS 453,Double Acting Spring Hinges -Specification,1993.0,Current,UNKNOWN,UNKNOWN,CED — Civil Engineering Department,Collected,https://standards.bis.gov.in/website/know-your-standards,IS 453,Yes,,"BIS searchKnowStandards, collected 2026-09-11",2028-09-30,No
IS 4566,"Specification for methylene chloride (dichloromethane), technical (Second Revision) ",2020.0,Current,UNKNOWN,UNKNOWN,"PCD — Petroleum, Coal And Related Products Department",Collected,https://standards.bis.gov.in/website/know-your-standards,IS 4566,Yes,,"BIS searchKnowStandards, collected 2026-09-11",2029-10-31,No
IS 4581,PHOSPHORUS TRICHLORIDE PURE AND ANALYTICAL REAGENT-SPECIFICATION  Second Revision IS 4581,2021.0,Current,UNKNOWN,UNKNOWN,CHD — Chemical Department,Collected,https://standards.bis.gov.in/website/know-your-standards,IS 4581,Yes,,"BIS searchKnowStandards, collected 2026-09-11",2031-02-19,No
IS 459,Corrugated and semi - Corrugated asbestos cement sheets - Specification (Third Revision),1992.0,Current,UNKNOWN,UNKNOWN,CED — Civil Engineering Department,Collected,https://standards.bis.gov.in/website/know-your-standards,IS 459,Yes,,"BIS searchKnowStandards, collected 2026-09-11",2028-01-31,No
IS 4621,Specification for indicating bolts for use in public baths and lavatories (First Revision),1975.0,Current,UNKNOWN,UNKNOWN,CED — Civil Engineering Department,Collected,https://standards.bis.gov.in/website/know-your-standards,IS 4621,Yes,,"BIS searchKnowStandards, collected 2026-09-11",2031-01-20,No
Is 4824,Bead wires for tyres - Specification ( Third Revision)  Amendment - 1,2022.0,Superseded,UNKNOWN,UNKNOWN,MTD — Metallurgical Engineering Department,Collected,https://standards.bis.gov.in/website/know-your-standards,Is 4824,Yes,,"BIS searchKnowStandards, collected 2026-09-11",2030-12-04,No
IS 4824,Bead wire for tyres - Specification (Second Revision),2006.0,Withdrawn,UNKNOWN,UNKNOWN,MTD — Metallurgical Engineering Department,Collected,https://standards.bis.gov.in/website/know-your-standards,IS 4824,Yes,,"BIS searchKnowStandards, collected 2026-09-11",2030-12-04,No
IS 4882,Specification for low carbon steel wire for rivets for use in bearing industry (First Revision),1979.0,Withdrawn,UNKNOWN,UNKNOWN,MTD — Metallurgical Engineering Department,Collected,https://standards.bis.gov.in/website/know-your-standards,IS 4882,Yes,,"BIS searchKnowStandards, collected 2026-09-11",2030-11-11,No
IS 4992,Door Handles for Mortice Locks — Specification  (second revision),2024.0,Superseded,UNKNOWN,UNKNOWN,CED — Civil Engineering Department,Collected,https://standards.bis.gov.in/website/know-your-standards,IS 4992,Yes,,"BIS searchKnowStandards, collected 2026-09-11",2031-05-21,No
IS 5149,"Specification for maleic anhydride, technical (Second Revision) ",2020.0,Current,UNKNOWN,UNKNOWN,"PCD — Petroleum, Coal And Related Products Department",Collected,https://standards.bis.gov.in/website/know-your-standards,IS 5149,Yes,,"BIS searchKnowStandards, collected 2026-09-11",2029-10-31,No
IS 5158,"Phthalic Anhydride, Technical -   Specification (Third Revision)",2025.0,Current,UNKNOWN,UNKNOWN,"PCD — Petroleum, Coal And Related Products Department",Collected,https://standards.bis.gov.in/website/know-your-standards,IS 5158,Yes,,"BIS searchKnowStandards, collected 2026-09-11",2030-08-31,No
IS 5168,Glass feeding bottles - Specification (First Revision),2018.0,Current,UNKNOWN,UNKNOWN,CHD — Chemical Department,Collected,https://standards.bis.gov.in/website/know-your-standards,IS 5168,Yes,,"BIS searchKnowStandards, collected 2026-09-11",2028-12-31,No
IS 517,Specification for methanol (methyl alcohol) (Third Revision)  ,2020.0,Current,UNKNOWN,UNKNOWN,"PCD — Petroleum, Coal And Related Products Department",Collected,https://standards.bis.gov.in/website/know-your-standards,IS 517,Yes,,"BIS searchKnowStandards, collected 2026-09-11",2029-10-31,No
IS 5175,"Fibre ropes  - Polypropylene split film monofilament and multifilament (PP2) and polypropylene high tenacity multifilament (PP3) 3-, 4-, 8- and 12- strand ropes (fourth revision)",2022.0,Current,UNKNOWN,UNKNOWN,TXD — Textile Department,Collected,https://standards.bis.gov.in/website/know-your-standards,IS 5175,Yes,,"BIS searchKnowStandards, collected 2026-09-11",2027-03-31,No
IS 5187,Specification for flush bolts (First Revision),1972.0,Current,UNKNOWN,UNKNOWN,CED — Civil Engineering Department,Collected,https://standards.bis.gov.in/website/know-your-standards,IS 5187,Yes,,"BIS searchKnowStandards, collected 2026-09-11",2031-01-20,No
IS 5244,Safe Deposit Locker Cabinets - Specification ( Fourth Revision )   Amendment No- 3,2020.0,Superseded,UNKNOWN,UNKNOWN,MED — Mechanical Engineering Department,Collected,https://standards.bis.gov.in/website/know-your-standards,IS 5244,Yes,,"BIS searchKnowStandards, collected 2026-09-11",2030-11-06,No
IS 5295,Ethylene glycol  - Specification (Third Revision),2023.0,Current,UNKNOWN,UNKNOWN,"PCD — Petroleum, Coal And Related Products Department",Collected,https://standards.bis.gov.in/website/know-your-standards,IS 5295,Yes,,"BIS searchKnowStandards, collected 2026-09-11",2028-07-31,No
IS 537,Toluene - Specification  (third revision),2025.0,Current,UNKNOWN,UNKNOWN,"PCD — Petroleum, Coal And Related Products Department",Collected,https://standards.bis.gov.in/website/know-your-standards,IS 537,Yes,,"BIS searchKnowStandards, collected 2026-09-11",2031-04-17,No
IS 5405,Disposable Sanitary   Napkin/Panty Liner/Maternity Pad/Period Panty - Specification ( Third Revision ) ,2025.0,Current,UNKNOWN,UNKNOWN,TXD — Textile Department,Collected,https://standards.bis.gov.in/website/know-your-standards,IS 5405,Yes,,"BIS searchKnowStandards, collected 2026-09-11",2030-02-28,No
IS 5478,Specification for thermostat metal sheet and strip,1969.0,Current,UNKNOWN,UNKNOWN,MTD — Metallurgical Engineering Department,Collected,https://standards.bis.gov.in/website/know-your-standards,IS 5478,Yes,,"BIS searchKnowStandards, collected 2026-09-11",2029-03-31,No
IS 550 (Part 1),Safes: Part 1  - Specification ,2022.0,Current,UNKNOWN,UNKNOWN,MED — Mechanical Engineering Department,Collected,https://standards.bis.gov.in/website/know-your-standards,IS 550,Yes,,"BIS searchKnowStandards, collected 2026-09-11",2027-03-31,No
IS 5509,Fire Retardant Plywood - Specification ( Third Revision ),2021.0,Current,UNKNOWN,UNKNOWN,CED — Civil Engineering Department,Collected,https://standards.bis.gov.in/website/know-your-standards,IS 5509,Yes,,"BIS searchKnowStandards, collected 2026-09-11",2031-01-02,No
IS 5517,Steels for hardening and tempering - Speicification (Second Revision),1993.0,Current,UNKNOWN,UNKNOWN,MTD — Metallurgical Engineering Department,Collected,https://standards.bis.gov.in/website/know-your-standards,IS 5517,Yes,,"BIS searchKnowStandards, collected 2026-09-11",2029-04-30,No
IS 5518,Steels for die blocks for drop forging - Specification (Second Revision),1996.0,Current,UNKNOWN,UNKNOWN,MTD — Metallurgical Engineering Department,Collected,https://standards.bis.gov.in/website/know-your-standards,IS 5518,Yes,,"BIS searchKnowStandards, collected 2026-09-11",2029-04-30,No
IS 5651,Specification for steels for pneumatic tools (First Revision),1987.0,Withdrawn,UNKNOWN,UNKNOWN,MTD — Metallurgical Engineering Department,Collected,https://standards.bis.gov.in/website/know-your-standards,IS 5651,Yes,,"BIS searchKnowStandards, collected 2026-09-11",2029-04-30,No
IS 5872,Steel strapping for packaging ( Third Revision),2025.0,Current,UNKNOWN,UNKNOWN,MTD — Metallurgical Engineering Department,Collected,https://standards.bis.gov.in/website/know-your-standards,IS 5872,Yes,,"BIS searchKnowStandards, collected 2026-09-11",2030-03-31,No
IS 5986,"Hot rolled steel sheet, plate and strip for forming and flanging purposes - Specification (Fourth Revision)",2017.0,Current,UNKNOWN,UNKNOWN,MTD — Metallurgical Engineering Department,Collected,https://standards.bis.gov.in/website/know-your-standards,IS 5986,Yes,,"BIS searchKnowStandards, collected 2026-09-11",2026-11-30,No
IS 6006,Uncoated Stress Relieved Strand for Prestressed Concrete - Specification (Second Revision),2014.0,Current,UNKNOWN,UNKNOWN,CED — Civil Engineering Department,Collected,https://standards.bis.gov.in/website/know-your-standards,IS 6006,Yes,,"BIS searchKnowStandards, collected 2026-09-11",2029-03-31,No
IS 6100,SPECIFICATION FOR SODIUM TRIPOLYPHOSPHATE ANHYDROUS TECHNICAL (Second Revision) ,2021.0,Current,UNKNOWN,UNKNOWN,CHD — Chemical Department,Collected,https://standards.bis.gov.in/website/know-your-standards,IS 6100,Yes,,"BIS searchKnowStandards, collected 2026-09-11",2030-12-11,No
IS 6149,Single-Ended Open-Jaw Adjustable Wrenches  Specification,2025.0,Current,UNKNOWN,UNKNOWN,PGD — Production And General Engineering Department,Collected,https://standards.bis.gov.in/website/know-your-standards,IS 6149,Yes,,"BIS searchKnowStandards, collected 2026-09-11",2030-11-10,No
IS 6240,Hot rolled steel plate (Up To 6 Mm) sheet and strip for the manufacture of low pressure liquefiable gas cylinders (Fourth Revision),2008.0,Current,UNKNOWN,UNKNOWN,MTD — Metallurgical Engineering Department,Collected,https://standards.bis.gov.in/website/know-your-standards,IS 6240,Yes,,"BIS searchKnowStandards, collected 2026-09-11",2029-03-31,No
IS 6343,Specification for Door Closers (Pneumatically Regulated) for Light Doors Weighing up to 40 kg,1982.0,Current,UNKNOWN,UNKNOWN,CED — Civil Engineering Department,Collected,https://standards.bis.gov.in/website/know-your-standards,IS 6343,Yes,,"BIS searchKnowStandards, collected 2026-09-11",2031-01-10,No
Is 648,Cold rolled non-oriented electrical steel sheet and strip - Fully processed type - Specification  Sixth Revision Amendment - 1,2022.0,Superseded,UNKNOWN,UNKNOWN,MTD — Metallurgical Engineering Department,Collected,https://standards.bis.gov.in/website/know-your-standards,Is 648,Yes,,"BIS searchKnowStandards, collected 2026-09-11",2030-12-04,No
IS 648,Cold rolled non-oriented electrical steel sheet and strip - Fully processed type - Specification (Fifth Revision),2006.0,Withdrawn,UNKNOWN,UNKNOWN,MTD — Metallurgical Engineering Department,Collected,https://standards.bis.gov.in/website/know-your-standards,IS 648,Yes,,"BIS searchKnowStandards, collected 2026-09-11",2030-12-04,No
IS 6527,Stainless steel wire rods - Specification (First Revision),1995.0,Withdrawn,UNKNOWN,UNKNOWN,MTD — Metallurgical Engineering Department,Collected,https://standards.bis.gov.in/website/know-your-standards,IS 6527,Yes,,"BIS searchKnowStandards, collected 2026-09-11",2029-04-30,No
IS 6528,Stainless steel wire - Specification ( Second Revision ),2024.0,Current,UNKNOWN,UNKNOWN,MTD — Metallurgical Engineering Department,Collected,https://standards.bis.gov.in/website/know-your-standards,IS 6528,Yes,,"BIS searchKnowStandards, collected 2026-09-11",2031-01-10,No
IS 6529,"Stainless steel blooms, billets and slabs for forging - Specification (First Revision)",1996.0,Current,UNKNOWN,UNKNOWN,MTD — Metallurgical Engineering Department,Collected,https://standards.bis.gov.in/website/know-your-standards,IS 6529,Yes,,"BIS searchKnowStandards, collected 2026-09-11",2028-03-31,No
IS 6590,ROPES FOR MOUNTAINEERING ï¿½ SPECIFICATIONS,2023.0,Current,UNKNOWN,UNKNOWN,PGD — Production And General Engineering Department,Collected,https://standards.bis.gov.in/website/know-your-standards,IS 6590,Yes,,"BIS searchKnowStandards, collected 2026-09-11",2028-02-28,No
IS 6754,Specification for aluminium alloy ingots for bearings,1972.0,Current,UNKNOWN,UNKNOWN,MTD — Metallurgical Engineering Department,Collected,https://standards.bis.gov.in/website/know-your-standards,IS 6754,Yes,,"BIS searchKnowStandards, collected 2026-09-11",2030-01-31,No
IS 6902,Specification for steel wire for spokes,1973.0,Current,UNKNOWN,UNKNOWN,MTD — Metallurgical Engineering Department,Collected,https://standards.bis.gov.in/website/know-your-standards,IS 6902,Yes,,"BIS searchKnowStandards, collected 2026-09-11",2027-03-31,No
IS 6913,"Stainless steel tubes for the food, beverage, dairy and pharmaceutical industry ï¿½ Specification ",2023.0,Current,UNKNOWN,UNKNOWN,MTD — Metallurgical Engineering Department,Collected,https://standards.bis.gov.in/website/know-your-standards,IS 6913,Yes,,"BIS searchKnowStandards, collected 2026-09-11",2028-09-30,No
IS 695,Acetic acid - Specification (Fourth Revision) ,2020.0,Current,UNKNOWN,UNKNOWN,"PCD — Petroleum, Coal And Related Products Department",Collected,https://standards.bis.gov.in/website/know-your-standards,IS 695,Yes,,"BIS searchKnowStandards, collected 2026-09-11",2029-10-31,No
IS 6967,Specification for steels for electrically welded round link chains,1973.0,Current,UNKNOWN,UNKNOWN,MTD — Metallurgical Engineering Department,Collected,https://standards.bis.gov.in/website/know-your-standards,IS 6967,Yes,,"BIS searchKnowStandards, collected 2026-09-11",2027-03-31,No
IS 7092 (Part 1),Aluminium alloy tubes for irrigation purposes - Specification: Part 1 welded tubes (Second Revision),1992.0,Current,UNKNOWN,UNKNOWN,MTD — Metallurgical Engineering Department,Collected,https://standards.bis.gov.in/website/know-your-standards,IS 7092,Yes,,"BIS searchKnowStandards, collected 2026-09-11",2027-03-31,No
IS 7092 (Part 2),Specification for aluminium alloy tube for irrigation purposes: Part 2 extruded tube (Second Revision),1987.0,Current,UNKNOWN,UNKNOWN,MTD — Metallurgical Engineering Department,Collected,https://standards.bis.gov.in/website/know-your-standards,IS 7092,Yes,,"BIS searchKnowStandards, collected 2026-09-11",2027-03-31,No
IS 7129,"POTASSIUM CARBONATE, ANHYDROUS  - SPECIFICATION  (Second Revision)",2021.0,Current,UNKNOWN,UNKNOWN,CHD — Chemical Department,Collected,https://standards.bis.gov.in/website/know-your-standards,IS 7129,Yes,,"BIS searchKnowStandards, collected 2026-09-11",2030-12-11,No
IS 7142,Welded Low Carbon Steel Cylinders for Low Pressure Liquefiable Gases not exceeding 5 Litre Water Capacity - Specification  ( Second Revision ),2025.0,Current,UNKNOWN,UNKNOWN,MED — Mechanical Engineering Department,Collected,https://standards.bis.gov.in/website/know-your-standards,IS 7142,Yes,,"BIS searchKnowStandards, collected 2026-09-11",2030-04-30,No
IS 7226,"Specification for cold - Rolled medium, high carbon and low alloy steel strip for general engineering purposes",1974.0,Withdrawn,UNKNOWN,UNKNOWN,MTD — Metallurgical Engineering Department,Collected,https://standards.bis.gov.in/website/know-your-standards,IS 7226,Yes,,"BIS searchKnowStandards, collected 2026-09-11",2027-03-31,No
IS 7283,Hot - Rolled bars for the production of bright bars and machined parts for engineering applications specification (First Revision),1992.0,Current,UNKNOWN,UNKNOWN,MTD — Metallurgical Engineering Department,Collected,https://standards.bis.gov.in/website/know-your-standards,IS 7283,Yes,,"BIS searchKnowStandards, collected 2026-09-11",2027-03-31,No
IS 7302,Valve fittings for self contained breathing apparatus (SCBA) and self contained underwater breathing apparatus (SCUBA) - Specification (First Revision),2018.0,Current,UNKNOWN,UNKNOWN,MED — Mechanical Engineering Department,Collected,https://standards.bis.gov.in/website/know-your-standards,IS 7302,Yes,,"BIS searchKnowStandards, collected 2026-09-11",2027-10-31,No
IS 7312,Welded and seamless steel dissolved acetylene gas cylinders - Specification (Third Revision),2018.0,Current,UNKNOWN,UNKNOWN,MED — Mechanical Engineering Department,Collected,https://standards.bis.gov.in/website/know-your-standards,IS 7312,Yes,,"BIS searchKnowStandards, collected 2026-09-11",2029-03-31,No
IS 734,Specification for wrought aluminium and aluminium alloy forging stock and forgings (For General Engineering Purposes) (Second Revision),1975.0,Current,UNKNOWN,UNKNOWN,MTD — Metallurgical Engineering Department,Collected,https://standards.bis.gov.in/website/know-your-standards,IS 734,Yes,,"BIS searchKnowStandards, collected 2026-09-11",2027-03-31,No
IS 739,Wrought aluminium and aluminium alloys - Wire for general engineering purposes - Specification (Third Revision),1992.0,Current,UNKNOWN,UNKNOWN,MTD — Metallurgical Engineering Department,Collected,https://standards.bis.gov.in/website/know-your-standards,IS 739,Yes,,"BIS searchKnowStandards, collected 2026-09-11",2027-03-31,No
IS 740,Specification for wrought aluminium and aluminium alloy rivet stock for general engineering purposes (Second Revision),1977.0,Current,UNKNOWN,UNKNOWN,MTD — Metallurgical Engineering Department,Collected,https://standards.bis.gov.in/website/know-your-standards,IS 740,Yes,,"BIS searchKnowStandards, collected 2026-09-11",2027-03-31,No
IS 7466,Rubber Gasket for Pressure Cooker - Specification  ( Second Revision ),2023.0,Current,UNKNOWN,UNKNOWN,"PCD — Petroleum, Coal And Related Products Department",Collected,https://standards.bis.gov.in/website/know-your-standards,IS 7466,Yes,,"BIS searchKnowStandards, collected 2026-09-11",2028-05-31,No
IS 7483,Pan Head Screws With Type H or Type Z Cross Recess - Product Grade A (Third Revision) ,2018.0,Current,UNKNOWN,UNKNOWN,PGD — Production And General Engineering Department,Collected,https://standards.bis.gov.in/website/know-your-standards,IS 7483,Yes,,"BIS searchKnowStandards, collected 2026-09-11",2028-10-31,No
IS 7485 (Part 1),Countersunk Flat Head Screws (Common head Style) With Type H or Type Z Cross Recess - Product Grade A Part 1 Steel Screws of Property Class 4.8 ( Third Revision)  ,2018.0,Current,UNKNOWN,UNKNOWN,PGD — Production And General Engineering Department,Collected,https://standards.bis.gov.in/website/know-your-standards,IS 7485,Yes,,"BIS searchKnowStandards, collected 2026-09-11",2028-10-31,No
IS 7486,Raised countersunk head screws (Common Head Style) with type H or type Z cross recess - Product grade A (Third Revision),2018.0,Current,UNKNOWN,UNKNOWN,PGD — Production And General Engineering Department,Collected,https://standards.bis.gov.in/website/know-your-standards,IS 7486,Yes,,"BIS searchKnowStandards, collected 2026-09-11",2028-10-31,No
IS 7494,ALLOYS FOR INTERNAL COMBUSTION ENGINE VALVE APPLICATIONS ï¿½ SPECIFICATION (Second Revision),2023.0,Current,UNKNOWN,UNKNOWN,MTD — Metallurgical Engineering Department,Collected,https://standards.bis.gov.in/website/know-your-standards,IS 7494,Yes,,"BIS searchKnowStandards, collected 2026-09-11",2028-10-31,No
IS 7506,NICKEL POWDER FOR HEAVY ALLOYS AND HARD METALS - SPECIFICATION Second Revision,2026.0,Current,UNKNOWN,UNKNOWN,MTD — Metallurgical Engineering Department,Collected,https://standards.bis.gov.in/website/know-your-standards,IS 7506,Yes,,"BIS searchKnowStandards, collected 2026-09-11",2031-03-05,No
IS 7534,Specificaiton for sliding locking bolts for use with padlocks,1985.0,Current,UNKNOWN,UNKNOWN,CED — Civil Engineering Department,Collected,https://standards.bis.gov.in/website/know-your-standards,IS 7534,Yes,,"BIS searchKnowStandards, collected 2026-09-11",2031-01-20,No
IS 7557,Specification for steel wire (Up To 20 Mm) for the manufacture of cold - Forged rivets (First Revision,1982.0,Current,UNKNOWN,UNKNOWN,MTD — Metallurgical Engineering Department,Collected,https://standards.bis.gov.in/website/know-your-standards,IS 7557,Yes,,"BIS searchKnowStandards, collected 2026-09-11",2027-03-31,No
IS 7620 (Part 1),Specification for diagnostic medical X-ray equipment: Part 1 general and safety requirements (First Revision),1986.0,Current,UNKNOWN,UNKNOWN,MHD — Medical Equipment And Hospital Planning Department,Collected,https://standards.bis.gov.in/website/know-your-standards,IS 7620,Yes,,"BIS searchKnowStandards, collected 2026-09-11",2031-08-07,No
IS 7686,"Specification for 3 ( N, N-Diethyl ) Aminophenol ( First Revision ) ",2020.0,Current,UNKNOWN,UNKNOWN,"PCD — Petroleum, Coal And Related Products Department",Collected,https://standards.bis.gov.in/website/know-your-standards,IS 7686,Yes,,"BIS searchKnowStandards, collected 2026-09-11",2029-10-31,No
IS 7872,Deep Freezers - Specification ( Second Revision ) ,2020.0,Current,UNKNOWN,UNKNOWN,MED — Mechanical Engineering Department,Collected,https://standards.bis.gov.in/website/know-your-standards,IS 7872,Yes,,"BIS searchKnowStandards, collected 2026-09-11",2029-06-30,No
IS 7902,Aluminium alloy forging stock and forgings (Alloy 24345) for aerospace applications - Specification (First Revision),2001.0,Current,UNKNOWN,UNKNOWN,MTD — Metallurgical Engineering Department,Collected,https://standards.bis.gov.in/website/know-your-standards,IS 7902,Yes,,"BIS searchKnowStandards, collected 2026-09-11",2027-03-31,No
IS 7904,High carbon steel wire rods - Specification (Second Revision),2018.0,Current,UNKNOWN,UNKNOWN,MTD — Metallurgical Engineering Department,Collected,https://standards.bis.gov.in/website/know-your-standards,IS 7904,Yes,,"BIS searchKnowStandards, collected 2026-09-11",2028-05-31,No
IS 8042,White Portland Cement - Specification (Third Revision),2015.0,Current,UNKNOWN,UNKNOWN,CED — Civil Engineering Department,Collected,https://standards.bis.gov.in/website/know-your-standards,IS 8042,Yes,,"BIS searchKnowStandards, collected 2026-09-11",2030-12-31,No
IS 8052,"Steel ingots,billets and blooms for the production of springs, rivets and screws for general engineering applications - Specification (Second Revision)",2006.0,Withdrawn,UNKNOWN,UNKNOWN,MTD — Metallurgical Engineering Department,Collected,https://standards.bis.gov.in/website/know-your-standards,IS 8052,Yes,,"BIS searchKnowStandards, collected 2026-09-11",2027-03-31,No
IS 8058,Pyridine - Specification (First Revision),2018.0,Superseded,UNKNOWN,UNKNOWN,"PCD — Petroleum, Coal And Related Products Department",Collected,https://standards.bis.gov.in/website/know-your-standards,IS 8058,Yes,,"BIS searchKnowStandards, collected 2026-09-11",2031-03-03,No
IS 8144,Multipurpose Dry Batteries  Specification (Third Revision),2025.0,Current,UNKNOWN,UNKNOWN,ETD — Electrotechnical Department,Collected,https://standards.bis.gov.in/website/know-your-standards,IS 8144,Yes,,"BIS searchKnowStandards, collected 2026-09-11",2030-06-30,No
IS 8148,Ducted and package air - Conditioners - Specification (Second Revision) ,2018.0,Superseded,UNKNOWN,UNKNOWN,MED — Mechanical Engineering Department,Collected,https://standards.bis.gov.in/website/know-your-standards,IS 8148,Yes,,"BIS searchKnowStandards, collected 2026-09-11",2027-05-12,No
IS 8229,Specification for oil - Well cement (First Revision),1986.0,Current,UNKNOWN,UNKNOWN,CED — Civil Engineering Department,Collected,https://standards.bis.gov.in/website/know-your-standards,IS 8229,Yes,,"BIS searchKnowStandards, collected 2026-09-11",2028-06-30,No
IS 8510 (Part 1 to 3),Specification for tinned steel wire for banding of armatures and rotors,1977.0,Current,UNKNOWN,UNKNOWN,MTD — Metallurgical Engineering Department,Collected,https://standards.bis.gov.in/website/know-your-standards,IS 8510,Yes,,"BIS searchKnowStandards, collected 2026-09-11",2027-03-31,No
IS 8563,Specification for half round mild steel wlRe for the manufacture of split pins,1977.0,Current,UNKNOWN,UNKNOWN,MTD — Metallurgical Engineering Department,Collected,https://standards.bis.gov.in/website/know-your-standards,IS 8563,Yes,,"BIS searchKnowStandards, collected 2026-09-11",2027-03-31,No
IS 8564,Specification for steel wire for nipples for spokes,1977.0,Current,UNKNOWN,UNKNOWN,MTD — Metallurgical Engineering Department,Collected,https://standards.bis.gov.in/website/know-your-standards,IS 8564,Yes,,"BIS searchKnowStandards, collected 2026-09-11",2027-03-31,No
IS 8565,Specification for heald wire,1977.0,Current,UNKNOWN,UNKNOWN,MTD — Metallurgical Engineering Department,Collected,https://standards.bis.gov.in/website/know-your-standards,IS 8565,Yes,,"BIS searchKnowStandards, collected 2026-09-11",2027-03-31,No
IS 8566,Specification for steel wire for reeds,1977.0,Current,UNKNOWN,UNKNOWN,MTD — Metallurgical Engineering Department,Collected,https://standards.bis.gov.in/website/know-your-standards,IS 8566,Yes,,"BIS searchKnowStandards, collected 2026-09-11",2027-03-31,No
IS 8637,H acid - Specification ( Second Revision ) ,2020.0,Current,UNKNOWN,UNKNOWN,"PCD — Petroleum, Coal And Related Products Department",Collected,https://standards.bis.gov.in/website/know-your-standards,IS 8637,Yes,,"BIS searchKnowStandards, collected 2026-09-11",2029-10-31,No
IS 8674,Fibre ropes – Polyethylene – 3- and 4 -strand ropes (third revision),2013.0,Current,UNKNOWN,UNKNOWN,TXD — Textile Department,Collected,https://standards.bis.gov.in/website/know-your-standards,IS 8674,Yes,,"BIS searchKnowStandards, collected 2026-09-11",2027-08-31,No
IS 869,Specification for ethylene dichloride (Third Revision) ,2020.0,Current,UNKNOWN,UNKNOWN,"PCD — Petroleum, Coal And Related Products Department",Collected,https://standards.bis.gov.in/website/know-your-standards,IS 869,Yes,,"BIS searchKnowStandards, collected 2026-09-11",2031-02-28,No
IS 8737,Valve Fittings for Use with Liquefied Petroleum Gas (LPG) of upto 250 litre Water Capacity - Specification (Second Revision),2017.0,Current,UNKNOWN,UNKNOWN,MED — Mechanical Engineering Department,Collected,https://standards.bis.gov.in/website/know-your-standards,IS 8737,Yes,,"BIS searchKnowStandards, collected 2026-09-11",2027-10-31,No
IS 8748,FORGED/ ROLLED CTC SEGMENTS -SPECIFICATION (First Revision),2023.0,Current,UNKNOWN,UNKNOWN,MTD — Metallurgical Engineering Department,Collected,https://standards.bis.gov.in/website/know-your-standards,IS 8748,Yes,,"BIS searchKnowStandards, collected 2026-09-11",2028-08-31,No
IS 8776,Valve Fittings for Use With Liquefied Petroleum Gas (LPG) Cylinders  up to and Including 13 Litre Water Capacity - Specification  (Second Revision),2024.0,Current,UNKNOWN,UNKNOWN,MED — Mechanical Engineering Department,Collected,https://standards.bis.gov.in/website/know-your-standards,IS 8776,Yes,,"BIS searchKnowStandards, collected 2026-09-11",2029-10-31,No
IS 878,Laboratory glassware - Graduated measuring cylinders (Second Revision),2008.0,Current,UNKNOWN,UNKNOWN,CHD — Chemical Department,Collected,https://standards.bis.gov.in/website/know-your-standards,IS 878,Yes,,"BIS searchKnowStandards, collected 2026-09-11",2027-12-31,No
IS 8870,Specification for asbestos cement cable conduits and troughs,1978.0,Current,UNKNOWN,UNKNOWN,CED — Civil Engineering Department,Collected,https://standards.bis.gov.in/website/know-your-standards,IS 8870,Yes,,"BIS searchKnowStandards, collected 2026-09-11",2027-01-31,No
IS 8917,Specification for steel plates for galvanizing pots,1978.0,Current,UNKNOWN,UNKNOWN,MTD — Metallurgical Engineering Department,Collected,https://standards.bis.gov.in/website/know-your-standards,IS 8917,Yes,,"BIS searchKnowStandards, collected 2026-09-11",2027-03-31,No
IS 8951,"Steel cast billet ignots, billets and blooms for production of high carbon steel wire rods - Specification (First Revision)",2001.0,Withdrawn,UNKNOWN,UNKNOWN,MTD — Metallurgical Engineering Department,Collected,https://standards.bis.gov.in/website/know-your-standards,IS 8951,Yes,,"BIS searchKnowStandards, collected 2026-09-11",2026-11-30,No
IS 8952,"Steel ingots, blooms and billets for production of mild steel wire rods for general engineering purposes - Specification (First Revision)",1995.0,Withdrawn,UNKNOWN,UNKNOWN,MTD — Metallurgical Engineering Department,Collected,https://standards.bis.gov.in/website/know-your-standards,IS 8952,Yes,,"BIS searchKnowStandards, collected 2026-09-11",2026-11-30,No
IS 9139,MALLEABLE IRON SHOTS AND GRITS FOR USE IN FOUNDRIES ï¿½ SPECIFICATION,2023.0,Current,UNKNOWN,UNKNOWN,MTD — Metallurgical Engineering Department,Collected,https://standards.bis.gov.in/website/know-your-standards,IS 9139,Yes,,"BIS searchKnowStandards, collected 2026-09-11",2028-12-31,No
IS 915,Laboratory glassware - One - Mark volumetric flasks (Third Revision),2012.0,Current,UNKNOWN,UNKNOWN,CHD — Chemical Department,Collected,https://standards.bis.gov.in/website/know-your-standards,IS 915,Yes,,"BIS searchKnowStandards, collected 2026-09-11",2026-09-30,No
IS 916,Square tins for solid products -- Specification (Fourth Revision),2000.0,Current,UNKNOWN,UNKNOWN,PGD — Production And General Engineering Department,Collected,https://standards.bis.gov.in/website/know-your-standards,IS 916,Yes,,"BIS searchKnowStandards, collected 2026-09-11",2027-01-31,No
IS 9294,COLD-ROLLED STAINLESS STEEL STRIPS FOR RAZOR BLADES - Specification (First Revision),2023.0,Current,UNKNOWN,UNKNOWN,MTD — Metallurgical Engineering Department,Collected,https://standards.bis.gov.in/website/know-your-standards,IS 9294,Yes,,"BIS searchKnowStandards, collected 2026-09-11",2028-08-31,No
IS 9442,"Specification for hot-rolled steel plates, sheets and strips for manufacture of agricultural tillage discs",1980.0,Current,UNKNOWN,UNKNOWN,MTD — Metallurgical Engineering Department,Collected,https://standards.bis.gov.in/website/know-your-standards,IS 9442,Yes,,"BIS searchKnowStandards, collected 2026-09-11",2027-03-31,No
IS 9476,Specification for cold-rolled steel strips for carbon steel razor blades,1980.0,Current,UNKNOWN,UNKNOWN,MTD — Metallurgical Engineering Department,Collected,https://standards.bis.gov.in/website/know-your-standards,IS 9476,Yes,,"BIS searchKnowStandards, collected 2026-09-11",2027-03-31,No
IS 9485,Specification for cold - Reduced and hot - Rolled carbon steel sheet for porcelain enamelling,1980.0,Current,UNKNOWN,UNKNOWN,MTD — Metallurgical Engineering Department,Collected,https://standards.bis.gov.in/website/know-your-standards,IS 9485,Yes,,"BIS searchKnowStandards, collected 2026-09-11",2027-03-31,No
IS 9516,Specification for heat resisting steels,1980.0,Current,UNKNOWN,UNKNOWN,MTD — Metallurgical Engineering Department,Collected,https://standards.bis.gov.in/website/know-your-standards,IS 9516,Yes,,"BIS searchKnowStandards, collected 2026-09-11",2029-04-30,No
IS 9573 (Part 1),Rubber hose for liquefied petroleum gas (Lpg) - Specification: Part 1 industrial application (Fourth Revision),2017.0,Current,UNKNOWN,UNKNOWN,"PCD — Petroleum, Coal And Related Products Department",Collected,https://standards.bis.gov.in/website/know-your-standards,IS 9573,Yes,,"BIS searchKnowStandards, collected 2026-09-11",2029-07-31,No
IS 9573 (Part 2),Rubber hose for liquefied petroleum gas (Lpg) - Specification: Part 2 domestic and commercial application (Fourth Revision),2017.0,Current,UNKNOWN,UNKNOWN,"PCD — Petroleum, Coal And Related Products Department",Collected,https://standards.bis.gov.in/website/know-your-standards,IS 9573,Yes,,"BIS searchKnowStandards, collected 2026-09-11",2029-07-31,No
IS 9627,Specification for asbestos cement pressure pipes (Light Duty),1980.0,Current,UNKNOWN,UNKNOWN,CED — Civil Engineering Department,Collected,https://standards.bis.gov.in/website/know-your-standards,IS 9627,Yes,,"BIS searchKnowStandards, collected 2026-09-11",2030-08-01,No
IS 963,Specification for chrome molybdenum steel bars and rods for aircraft purposes,1958.0,Current,UNKNOWN,UNKNOWN,MTD — Metallurgical Engineering Department,Collected,https://standards.bis.gov.in/website/know-your-standards,IS 963,Yes,,"BIS searchKnowStandards, collected 2026-09-11",2031-02-28,No
IS 9755,Textiles - High density polyethylene (HDPE)/polypropylene(pp)woven sacks for packing fertilizers - Specification (sixth revision),2021.0,Current,UNKNOWN,UNKNOWN,TXD — Textile Department,Collected,https://standards.bis.gov.in/website/know-your-standards,IS 9755,Yes,,"BIS searchKnowStandards, collected 2026-09-11",2030-05-31,No
IS 9798,Low pressure regulators for use with liquefied petroleum gas (LPG) - Specification (Second Revision),2013.0,Current,UNKNOWN,UNKNOWN,MED — Mechanical Engineering Department,Collected,https://standards.bis.gov.in/website/know-your-standards,IS 9798,Yes,,"BIS searchKnowStandards, collected 2026-09-11",2028-11-30,No
IS 9873 (Part 1),SAFETY OF TOYS  PART 1: SAFETY ASPECTS RELATED TO MECHANICAL AND PHYSICAL PROPERTIES (Fifth Revision),2019.0,Current,UNKNOWN,UNKNOWN,"PCD — Petroleum, Coal And Related Products Department",Collected,https://standards.bis.gov.in/website/know-your-standards,IS 9873,Yes,,"BIS searchKnowStandards, collected 2026-09-11",2030-11-30,No
IS 9873 (Part 2),SAFETY OF TOYS  PART 2 FLAMMABILITY (Fourth Revision),2017.0,Withdrawn,UNKNOWN,UNKNOWN,"PCD — Petroleum, Coal And Related Products Department",Collected,https://standards.bis.gov.in/website/know-your-standards,IS 9873,Yes,,"BIS searchKnowStandards, collected 2026-09-11",2030-11-30,No
IS 9873 (Part 3),Safety of toys: Part 3 migration of certain elements (Second Revision),2017.0,Withdrawn,UNKNOWN,UNKNOWN,"PCD — Petroleum, Coal And Related Products Department",Collected,https://standards.bis.gov.in/website/know-your-standards,IS 9873,Yes,,"BIS searchKnowStandards, collected 2026-09-11",2030-11-30,No
IS 9873 (Part 4),"Safety of toys: Part 4 swings, slides and similar activity toys for indoor and outdoor family domestic use",2017.0,Withdrawn,UNKNOWN,UNKNOWN,"PCD — Petroleum, Coal And Related Products Department",Collected,https://standards.bis.gov.in/website/know-your-standards,IS 9873,Yes,,"BIS searchKnowStandards, collected 2026-09-11",2030-11-30,No
IS 9873 (Part 7),Safety of toys: Part 7 requirements and test methods for finger paints,2017.0,Current,UNKNOWN,UNKNOWN,"PCD — Petroleum, Coal And Related Products Department",Collected,https://standards.bis.gov.in/website/know-your-standards,IS 9873,Yes,,"BIS searchKnowStandards, collected 2026-09-11",2030-11-30,No
IS 9873 (Part 9),Safety of Toys Part 9 Certain Phthalates Esters in Toys and Children's Products ,2017.0,Current,UNKNOWN,UNKNOWN,"PCD — Petroleum, Coal And Related Products Department",Collected,https://standards.bis.gov.in/website/know-your-standards,IS 9873,Yes,,"BIS searchKnowStandards, collected 2026-09-11",2030-11-30,No
IS 9962,Specification for steel wire for needles,1981.0,Current,UNKNOWN,UNKNOWN,MTD — Metallurgical Engineering Department,Collected,https://standards.bis.gov.in/website/know-your-standards,IS 9962,Yes,,"BIS searchKnowStandards, collected 2026-09-11",2027-03-31,No
