Tender ID,GeM Bid Id,Product Family,IS Numbers Cited,Count,Outdated Citations,Any Outdated,Unmatched Citations,Usability,OCR Pages,OCR Characters,OCR Dropped
GEM/2024/B/5215084,6700554.0,Unclassified,,0,,Not checked,,Not extractable,0,0,
GEM/2024/B/5217990,6703726.0,Unclassified,,0,,Not checked,,Not extractable,1,48,
GEM/2024/B/5215028,6700487.0,Unclassified,,0,,Not checked,,Read by OCR,1,289,
GEM/2024/B/5218005,6703742.0,Unclassified,,0,,Not checked,,Not extractable,1,160,
GEM/2024/B/5217287,6702956.0,Unclassified,,0,,Not checked,,Read by OCR,1,1961,
GEM/2024/B/5214835,6700260.0,Unclassified,,0,,Not checked,,Read by OCR,2,764,
GEM/2024/B/5218564,6704341.0,Unclassified,,0,,Not checked,,Read by OCR,1,616,
GEM/2024/B/5219940,6705980.0,Unclassified,,0,,Not checked,,Read by OCR,1,223,
GEM/2024/B/5218724,6704545.0,Unclassified,,0,,Not checked,,Read by OCR,2,677,
GEM/2024/B/5223258,6709683.0,Unclassified,,0,,Not checked,,Read by OCR,2,651,
GEM/2024/B/5223383,6709825.0,Unclassified,,0,,Not checked,,Read by OCR,1,1834,
GEM/2024/B/5224289,6710830.0,Unclassified,,0,,Not checked,,Read by OCR,1,612,
GEM/2024/B/5223266,6709691.0,Unclassified,,0,,Not checked,,Read by OCR,3,2024,
GEM/2024/B/5224544,6711108.0,Unclassified,,0,,Not checked,,Read by OCR,2,595,
GEM/2024/B/5220052,6706097.0,Unclassified,,0,,Not checked,,Read by OCR,5,3180,
GEM/2024/B/5216254,6701843.0,Unclassified,,0,,Not checked,,Read by OCR,7,14634,
GEM/2024/B/5228797,6715693.0,Unclassified,,0,,Not checked,,Read by OCR,1,1260,
GEM/2024/B/5229112,6716040.0,Unclassified,,0,,Not checked,,Read by OCR,2,3749,
GEM/2024/B/5228572,6715448.0,Unclassified,,0,,Not checked,,Read by OCR,4,3105,
GEM/2024/B/5230161,6717174.0,Unclassified,,0,,Not checked,,Read by OCR,1,367,
GEM/2024/B/5226545,6713248.0,Unclassified,,0,,Not checked,,Read by OCR,9,1772,
GEM/2024/B/5230741,6717809.0,Unclassified,,0,,Not checked,,Read by OCR,2,4741,
GEM/2024/B/5233495,6720779.0,Unclassified,,0,,Not checked,,Read by OCR,1,404,
GEM/2024/B/5231040,6718133.0,Unclassified,,0,,Not checked,,Read by OCR,2,3273,
GEM/2024/B/5229132,6716066.0,CHD — Chemical Department,IS 5557; IS 15298; IS 15298 (Part I); IS 5852 (incase supplied as per IS: 5557),4,IS 5557 (Superseded),Yes,,Read by OCR,8,9886,
GEM/2024/B/5233747,6721057.0,Unclassified,,0,,Not checked,,Read by OCR,4,1307,
GEM/2024/B/5234453,6721843.0,Unclassified,,0,,Not checked,,Read by OCR,4,8822,
GEM/2024/B/5224456,6711013.0,Unclassified,,0,,Not checked,,Read by OCR,14,26293,
GEM/2024/B/5229449,6716406.0,Unclassified,,0,,Not checked,,Read by OCR,13,21816,
GEM/2024/B/5236776,6724346.0,Unclassified,,0,,Not checked,,Read by OCR,3,4358,
GEM/2024/B/5236224,6723755.0,Unclassified,,0,,Not checked,,Read by OCR,7,22363,
GEM/2024/B/5239585,6727416.0,Unclassified,,0,,Not checked,,Read by OCR,2,7019,
GEM/2024/B/5240424,6728324.0,Unclassified,,0,,Not checked,,Read by OCR,1,2043,
GEM/2024/B/5244240,6732502.0,Unclassified,,0,,Not checked,,Read by OCR,1,377,
GEM/2024/B/5236303,6723842.0,Unclassified,,0,,Not checked,,Read by OCR,12,23695,
GEM/2024/B/5237090,6724684.0,Unclassified,,0,,Not checked,,Read by OCR,8,10301,
GEM/2024/B/5236755,6724322.0,Unclassified,,0,,Not checked,,Read by OCR,8,12295,
GEM/2024/B/5245189,6733554.0,Unclassified,,0,,Not checked,,Not extractable,1,160,
GEM/2024/B/5248665,6737388.0,Unclassified,,0,,Not checked,,Read by OCR,1,401,
GEM/2024/B/5249800,6738734.0,Unclassified,,0,,Not checked,,Not extractable,1,70,
GEM/2024/B/5240297,6728191.0,MTD — Metallurgical Engineering Department,IS 318; IS 1363; IS 1538,3,,No,,Read by OCR,8,8809,
GEM/2024/B/5244928,6733264.0,Unclassified,,0,,Not checked,,Read by OCR,3,4364,
GEM/2024/B/5245176,6733539.0,PGD — Production And General Engineering Department,IS 696; IS 5517,2,IS 696 (Withdrawn),Yes,,Read by OCR,5,5073,
GEM/2024/B/5251601,6740727.0,TXD — Textile Department,IS 894,1,,No,,Read by OCR,1,976,
GEM/2024/B/5260151,6750019.0,Unclassified,,0,,Not checked,,Not extractable,1,0,
GEM/2024/B/5259634,6749469.0,Unclassified,,0,,Not checked,,Read by OCR,2,811,
GEM/2024/B/5258987,6748768.0,Unclassified,,0,,Not checked,,Not extractable,6,0,
GEM/2024/B/5264723,6755004.0,Unclassified,,0,,Not checked,,Read by OCR,4,3439,
GEM/2024/B/5251360,6740455.0,PGD — Production And General Engineering Department,IS 1862,1,,No,,Read by OCR,7,11608,
GEM/2024/B/5266008,6756410.0,Unclassified,,0,,Not checked,,Read by OCR,1,308,
GEM/2024/B/5266113,6756527.0,MTD — Metallurgical Engineering Department,IS 1570 (PART-II),1,IS 1570 (PART-II) (Withdrawn),Yes,,Not extractable,1,170,
GEM/2024/B/5267220,6757738.0,Unclassified,,0,,Not checked,,Read by OCR,2,8342,
GEM/2024/B/5265056,6755378.0,Unclassified,,0,,Not checked,,Read by OCR,9,16726,
GEM/2024/B/5269441,6760134.0,Unclassified,,0,,Not checked,,Read by OCR,2,967,
GEM/2024/B/5268243,6758843.0,Unclassified,,0,,Not checked,,Read by OCR,4,4214,
GEM/2024/B/5270122,6760899.0,Unclassified,,0,,Not checked,,Read by OCR,1,410,
GEM/2024/B/5264920,6755230.0,MED — Mechanical Engineering Department,IS 1570; IS 2048; IS 8531; IS 3400; IS 4682,5,IS 1570 (Withdrawn); IS 2048 (Withdrawn),Yes,,Read by OCR,9,16245,
GEM/2024/B/5271370,6762265.0,Unclassified,,0,,Not checked,,Read by OCR,2,307,
GEM/2024/B/5265434,6755790.0,Unclassified,,0,,Not checked,,Read by OCR,12,6857,
GEM/2024/B/5273388,6764446.0,Unclassified,,0,,Not checked,,Not extractable,1,0,
GEM/2024/B/5270278,6761071.0,Unclassified,,0,,Not checked,,Read by OCR,8,9473,
GEM/2024/B/5279229,6770959.0,Unclassified,,0,,Not checked,,Not extractable,1,156,
GEM/2024/B/5276907,6768340.0,TXD — Textile Department,IS 16186; IS 2813,2,,No,,Read by OCR,7,9842,
GEM/2024/B/5279421,6771182.0,MTD — Metallurgical Engineering Department,IS 5517,1,,No,,Read by OCR,1,1353,
GEM/2024/B/5280573,6772472.0,Unclassified,,0,,Not checked,,Read by OCR,2,395,
GEM/2024/B/5280908,6772849.0,Unclassified,,0,,Not checked,,Read by OCR,1,2679,
GEM/2024/B/5281006,6772957.0,Unclassified,,0,,Not checked,,Read by OCR,1,653,
GEM/2024/B/5248845,6737622.0,Unclassified,,0,,Not checked,,Read by OCR,28,53331,
GEM/2024/B/5284454,6776787.0,Unclassified,,0,,Not checked,,Read by OCR,1,1941,
GEM/2024/B/5281614,6773638.0,MTD — Metallurgical Engineering Department,IS 4001; IS 1030; IS 1875; IS 8500 (Current); IS 2709 (Current),5,IS 8500 (Current) (Withdrawn); IS 2709 (Current) (Withdrawn),Yes,,Read by OCR,3,3972,
GEM/2024/B/5282346,6774426.0,Unclassified,,0,,Not checked,,Read by OCR,4,10267,
GEM/2024/B/5285453,6777915.0,Unclassified,,0,,Not checked,,Read by OCR,3,3232,
GEM/2024/B/5285810,6778293.0,Unclassified,,0,,Not checked,,Read by OCR,1,987,
GEM/2024/B/5287714,6780343.0,Unclassified,,0,,Not checked,,Not extractable,1,115,
GEM/2024/B/5278631,6770228.0,Unclassified,,0,,Not checked,,Read by OCR,12,14529,
GEM/2024/B/5287822,6780461.0,Unclassified,,0,,Not checked,,Read by OCR,2,5093,
GEM/2024/B/5295725,6789162.0,Unclassified,,0,,Not checked,,Not extractable,1,186,
GEM/2024/B/5286816,6779372.0,Unclassified,,0,,Not checked,,Read by OCR,4,10045,
GEM/2024/B/5288130,6780797.0,Unclassified,,0,,Not checked,,Read by OCR,3,3431,
GEM/2024/B/5296774,6790330.0,Unclassified,,0,,Not checked,,Read by OCR,2,2085,
GEM/2024/B/5298562,6792376.0,Unclassified,,0,,Not checked,,Read by OCR,1,521,
GEM/2024/B/5295845,6789300.0,Unclassified,,0,,Not checked,,Read by OCR,4,2579,
GEM/2024/B/5299713,6793643.0,Unclassified,,0,,Not checked,,Read by OCR,1,347,
GEM/2024/B/5272927,6763960.0,Unclassified,,0,,Not checked,,Read by OCR,26,54205,
GEM/2024/B/5302898,6797206.0,Unclassified,,0,,Not checked,,Not extractable,1,85,
GEM/2024/B/5304266,6798711.0,Unclassified,,0,,Not checked,,Not extractable,1,134,
GEM/2024/B/5297002,6790584.0,Unclassified,,0,,Not checked,,Read by OCR,2,5291,
GEM/2024/B/5305150,6799715.0,Unclassified,,0,,Not checked,,Read by OCR,1,661,
GEM/2024/B/5306166,6800889.0,Unclassified,,0,,Not checked,,Read by OCR,5,4996,
GEM/2024/B/5309087,6804105.0,Unclassified,,0,,Not checked,,Not extractable,3,57,
GEM/2024/B/5310583,6805754.0,Unclassified,,0,,Not checked,,Not extractable,1,83,
GEM/2024/B/5311144,6806369.0,Unclassified,,0,,Not checked,,Read by OCR,1,1006,
GEM/2024/B/5311885,6807178.0,Unclassified,,0,,Not checked,,Read by OCR,1,955,
GEM/2024/B/5308790,6803777.0,Unclassified,,0,,Not checked,,Read by OCR,12,27796,
GEM/2024/B/5311915,6807211.0,Unclassified,,0,,Not checked,,Read by OCR,6,5862,
GEM/2024/B/5312413,6807757.0,Unclassified,,0,,Not checked,,Read by OCR,1,1384,
GEM/2024/B/5306090,6800809.0,MSD — Management System Department,IS 2500 (Part-l),1,,No,,Read by OCR,12,16533,
GEM/2024/B/5314014,6809506.0,Unclassified,,0,,Not checked,,Not extractable,1,137,
GEM/2024/B/5285995,6778492.0,Unclassified,,0,,Not checked,,Read by OCR,27,32264,
GEM/2024/B/5314295,6809827.0,Unclassified,,0,,Not checked,,Not extractable,1,156,
GEM/2024/B/5313767,6809226.0,Unclassified,,0,,Not checked,,Read by OCR,2,2978,
GEM/2024/B/5319226,6815227.0,Unclassified,,0,,Not checked,,Read by OCR,1,1126,
GEM/2024/B/5319818,6815903.0,Unclassified,,0,,Not checked,,Read by OCR,4,504,
GEM/2024/B/5318614,6814565.0,Unclassified,,0,,Not checked,,Read by OCR,7,1880,
GEM/2024/B/5319974,6816077.0,Unclassified,,0,,Not checked,,Read by OCR,6,791,
GEM/2024/B/5320972,6817184.0,Unclassified,,0,,Not checked,,Read by OCR,1,217,
GEM/2024/B/5320286,6816433.0,Unclassified,,0,,Not checked,,Read by OCR,2,3473,
GEM/2024/B/5320973,6817185.0,Unclassified,,0,,Not checked,,Read by OCR,1,860,
GEM/2024/B/5323743,6820234.0,Unclassified,,0,,Not checked,,Read by OCR,1,1187,
GEM/2024/B/5323827,6820326.0,Unclassified,,0,,Not checked,,Read by OCR,2,1960,
GEM/2024/B/5324517,6821088.0,Unclassified,,0,,Not checked,,Read by OCR,3,4195,
GEM/2024/B/5323355,6819787.0,Unclassified,,0,,Not checked,,Read by OCR,2,4682,
GEM/2024/B/5324588,6821166.0,Unclassified,,0,,Not checked,,Read by OCR,1,324,
GEM/2024/B/5327297,6824236.0,Unclassified,,0,,Not checked,,Read by OCR,1,413,
GEM/2024/B/5327670,6824670.0,Unclassified,,0,,Not checked,,Read by OCR,2,1351,
GEM/2024/B/5329374,6826600.0,"PCD — Petroleum, Coal And Related Products Department",IS 408,1,,No,,Not extractable,1,100,
GEM/2024/B/5329953,6827273.0,Unclassified,,0,,Not checked,,Read by OCR,2,3005,
GEM/2024/B/5330003,6827331.0,Unclassified,,0,,Not checked,,Read by OCR,1,1036,
GEM/2024/B/5305720,6800388.0,Unclassified,,0,,Not checked,,Read by OCR,41,101671,
GEM/2024/B/5336442,6834459.0,Unclassified,,0,,Not checked,,Read by OCR,3,7794,
GEM/2024/B/5337989,6836168.0,Unclassified,,0,,Not checked,,Not extractable,1,51,
GEM/2024/B/5338320,6836537.0,Unclassified,,0,,Not checked,,Not extractable,1,152,
GEM/2024/B/5335050,6832918.0,CHD — Chemical Department,IS 1540 (Part I); IS 1540 (Part 1); IS 1540 (Part T); IS 3204; IS 1514; IS 1070; IS 266; IS 296,8,IS 1540 (Part I) (Withdrawn); IS 1540 (Part 1) (Withdrawn); IS 1540 (Part T) (Withdrawn); IS 1514 (Withdrawn),Yes,,Read by OCR,12,23612,
GEM/2024/B/5340289,6838712.0,Unclassified,,0,,Not checked,,Not extractable,1,119,
GEM/2024/B/5315242,6810870.0,MTD — Metallurgical Engineering Department,IS 1079; IS 513; IS 9550,3,IS 9550 (Superseded),Yes,,Read by OCR,39,75413,
GEM/2024/B/5341701,6840281.0,Unclassified,,0,,Not checked,,Read by OCR,2,3437,
GEM/2024/B/5324830,6821441.0,Unclassified,,0,,Not checked,,Read by OCR,24,41851,
GEM/2024/B/5342364,6841029.0,Unclassified,,0,,Not checked,,Read by OCR,3,243,
GEM/2024/B/5339491,6837837.0,Unclassified,,0,,Not checked,,Read by OCR,10,6779,
GEM/2024/B/5342435,6841112.0,Unclassified,,0,,Not checked,,Read by OCR,3,6644,
GEM/2024/B/5342968,6841697.0,Unclassified,,0,,Not checked,,Not extractable,1,190,
GEM/2024/B/5343449,6842247.0,Unclassified,,0,,Not checked,,Read by OCR,1,836,
GEM/2024/B/5344011,6842870.0,Unclassified,,0,,Not checked,,Read by OCR,1,1253,
GEM/2024/B/5344204,6843078.0,Unclassified,,0,,Not checked,,Read by OCR,2,2150,
GEM/2024/B/5344970,6843939.0,Unclassified,,0,,Not checked,,Read by OCR,1,2076,
GEM/2024/B/5344973,6843942.0,Unclassified,,0,,Not checked,,Read by OCR,2,1114,
GEM/2024/B/5345272,6844268.0,Unclassified,,0,,Not checked,,Not extractable,1,73,
GEM/2024/B/5342948,6841672.0,Unclassified,,0,,Not checked,,Read by OCR,12,7166,
GEM/2024/B/5343036,6841774.0,Unclassified,,0,,Not checked,,Read by OCR,8,11398,
GEM/2024/B/5341898,6840506.0,Unclassified,,0,,Not checked,,Read by OCR,12,19661,
GEM/2024/B/5346694,6845903.0,Unclassified,,0,,Not checked,,Read by OCR,1,720,
GEM/2024/B/5345321,6844323.0,Unclassified,,0,,Not checked,,Read by OCR,2,4080,
GEM/2024/B/5348667,6848138.0,Unclassified,,0,,Not checked,,Not extractable,3,131,
GEM/2024/B/5349242,6848853.0,Unclassified,,0,,Not checked,,Read by OCR,1,275,
GEM/2024/B/5347420,6846711.0,Unclassified,,0,,Not checked,,Read by OCR,4,4171,
GEM/2024/B/5352239,6852308.0,Unclassified,,0,,Not checked,,Read by OCR,1,1200,
GEM/2024/B/5352245,6852315.0,Unclassified,,0,,Not checked,,Read by OCR,1,238,
GEM/2024/B/5312235,6807566.0,"PCD — Petroleum, Coal And Related Products Department",IS 3400,1,,No,,Read by OCR,61,99760,
GEM/2024/B/5355997,6856487.0,Unclassified,,0,,Not checked,,Read by OCR,3,700,
GEM/2024/B/5356361,6856899.0,Unclassified,,0,,Not checked,,Read by OCR,1,1175,
GEM/2024/B/5346990,6846244.0,Unclassified,,0,,Not checked,,Read by OCR,8,17359,
GEM/2024/B/5356180,6856687.0,Unclassified,,0,,Not checked,,Read by OCR,2,1901,
GEM/2024/B/5357541,6858199.0,Unclassified,,0,,Not checked,,Read by OCR,2,3073,
GEM/2024/B/5356971,6857576.0,Unclassified,,0,,Not checked,,Read by OCR,1,635,
GEM/2024/B/5361113,6862079.0,Unclassified,,0,,Not checked,,Not extractable,1,65,
GEM/2024/B/5350813,6850726.0,Unclassified,,0,,Not checked,,Read by OCR,9,3983,
GEM/2024/B/5362846,6864001.0,Unclassified,,0,,Not checked,,Not extractable,1,194,
GEM/2024/B/5359535,6860372.0,Unclassified,,0,,Not checked,,Read by OCR,3,1418,
GEM/2024/B/5363265,6864463.0,Unclassified,,0,,Not checked,,Read by OCR,1,387,
GEM/2024/B/5361948,6863002.0,Unclassified,,0,,Not checked,,Read by OCR,3,5917,
GEM/2024/B/5366413,6867923.0,Unclassified,,0,,Not checked,,Read by OCR,1,242,
GEM/2024/B/5365742,6867178.0,Unclassified,,0,,Not checked,,Read by OCR,2,1291,
GEM/2024/B/5367521,6869151.0,Unclassified,,0,,Not checked,,Read by OCR,1,1072,
GEM/2024/B/5367894,6869604.0,Unclassified,,0,,Not checked,,Not extractable,1,69,
GEM/2024/B/5367365,6868988.0,Unclassified,,0,,Not checked,,Read by OCR,4,3903,
GEM/2024/B/5346603,6845791.0,Unclassified,,0,,Not checked,,Read by OCR,24,34281,
GEM/2024/B/5369916,6871847.0,Unclassified,,0,,Not checked,,Not extractable,1,199,
GEM/2024/B/5369468,6871343.0,Unclassified,,0,,Not checked,,Read by OCR,1,1352,
GEM/2024/B/5370674,6872658.0,Unclassified,,0,,Not checked,,Not extractable,1,175,
GEM/2024/B/5373040,6875269.0,Unclassified,,0,,Not checked,,Not extractable,1,164,
GEM/2024/B/5375358,6877902.0,Unclassified,,0,,Not checked,,Read by OCR,1,786,
GEM/2024/B/5369270,6871128.0,Unclassified,,0,,Not checked,,Read by OCR,6,5615,
GEM/2024/B/5379572,6882715.0,Unclassified,,0,,Not checked,,Read by OCR,1,471,
GEM/2024/B/5362791,6863945.0,Unclassified,,0,,Not checked,,Read by OCR,12,10521,
GEM/2024/B/5375474,6878036.0,Unclassified,,0,,Not checked,,Read by OCR,4,6284,
GEM/2024/B/5375744,6878346.0,Unclassified,,0,,Not checked,,Read by OCR,4,9411,
GEM/2024/B/5382482,6885912.0,Unclassified,,0,,Not checked,,Not extractable,1,165,
GEM/2024/B/5380616,6883875.0,Unclassified,,0,,Not checked,,Read by OCR,3,8407,
GEM/2024/B/5382951,6886415.0,Unclassified,,0,,Not checked,,Read by OCR,2,1996,
GEM/2024/B/5383993,6887547.0,Unclassified,,0,,Not checked,,Read by OCR,2,323,
GEM/2024/B/5384981,6888651.0,Unclassified,,0,,Not checked,,Read by OCR,2,1673,
GEM/2024/B/5382104,6885504.0,Unclassified,,0,,Not checked,,Read by OCR,5,6200,
GEM/2024/B/5385255,6888963.0,Unclassified,,0,,Not checked,,Read by OCR,1,293,
GEM/2024/B/5386419,6890228.0,Unclassified,,0,,Not checked,,Read by OCR,1,1168,
GEM/2024/B/5387436,6891329.0,Unclassified,,0,,Not checked,,Read by OCR,1,629,
GEM/2024/B/5386836,6890675.0,Unclassified,,0,,Not checked,,Read by OCR,1,2004,
GEM/2024/B/5385096,6888783.0,ETD — Electrotechnical Department,IS 335; IS 6104,2,,No,,Read by OCR,4,6363,
GEM/2024/B/5365682,6867113.0,Unclassified,,0,,Not checked,,Read by OCR,24,45235,
GEM/2024/B/5387776,6891692.0,Unclassified,,0,,Not checked,,Read by OCR,2,325,
GEM/2024/B/5387497,6891392.0,Unclassified,,0,,Not checked,,Read by OCR,2,504,
GEM/2024/B/5388832,6892829.0,Unclassified,,0,,Not checked,,Read by OCR,1,417,
GEM/2024/B/5389717,6893838.0,MTD — Metallurgical Engineering Department,IS 1387; IS 13502,2,,No,,Read by OCR,1,1552,
GEM/2024/B/5390267,6894469.0,Unclassified,,0,,Not checked,,Read by OCR,1,594,
GEM/2024/B/5389809,6893950.0,Unclassified,,0,,Not checked,,Read by OCR,1,1556,
GEM/2024/B/5391619,6895954.0,Unclassified,,0,,Not checked,,Not extractable,1,131,
GEM/2024/B/5393260,6897732.0,Unclassified,,0,,Not checked,,Read by OCR,1,1174,
GEM/2024/B/5394474,6899113.0,Unclassified,,0,,Not checked,,Read by OCR,1,401,
GEM/2024/B/5395218,6899989.0,Unclassified,,0,,Not checked,,Read by OCR,2,410,
GEM/2024/B/5388436,6892399.0,Unclassified,,0,,Not checked,,Read by OCR,4,2815,
GEM/2024/B/5380161,6883374.0,Unclassified,,0,,Not checked,,Read by OCR,12,20559,
GEM/2024/B/5397601,6902627.0,Unclassified,,0,,Not checked,,Read by OCR,3,5250,
GEM/2024/B/5399299,6904533.0,Unclassified,,0,,Not checked,,Read by OCR,3,11168,
GEM/2024/B/5401357,6906920.0,Unclassified,,0,,Not checked,,Read by OCR,1,1439,
GEM/2024/B/5399351,6904596.0,Unclassified,,0,,Not checked,,Read by OCR,4,6611,
GEM/2024/B/5402546,6908256.0,Unclassified,,0,,Not checked,,Read by OCR,1,357,
GEM/2024/B/5402739,6908460.0,Unclassified,,0,,Not checked,,Read by OCR,1,566,
GEM/2024/B/5402689,6908407.0,Electrical cables and wiring,IS 7098 (Part-l),1,,No,,Read by OCR,2,2192,
GEM/2024/B/5403531,6909399.0,Unclassified,,0,,Not checked,,Not extractable,1,166,
GEM/2024/B/5394797,6899504.0,Unclassified,,0,,Not checked,,Read by OCR,10,24256,
GEM/2024/B/5403870,6909791.0,Unclassified,,0,,Not checked,,Not extractable,1,60,
GEM/2024/B/5403628,6909516.0,Unclassified,,0,,Not checked,,Read by OCR,4,875,
GEM/2024/B/5406648,6912950.0,Unclassified,,0,,Not checked,,Read by OCR,1,291,
GEM/2024/B/5400211,6905597.0,Unclassified,,0,,Not checked,,Read by OCR,9,20053,
GEM/2024/B/5404705,6910721.0,Unclassified,,0,,Not checked,,Read by OCR,4,861,
GEM/2024/B/5409190,6915791.0,Unclassified,,0,,Not checked,,Read by OCR,2,287,
GEM/2024/B/5408819,6915355.0,Unclassified,,0,,Not checked,,Read by OCR,2,3512,
GEM/2024/B/5405805,6911996.0,Unclassified,,0,,Not checked,,Read by OCR,6,6081,
GEM/2024/B/5400700,6906160.0,Unclassified,,0,,Not checked,,Read by OCR,12,32518,
GEM/2024/B/5411195,6917960.0,LITD — Electronics And Information Technology Department,IS 9001; IS 2312,2,,No,,Read by OCR,1,922,
GEM/2024/B/5411732,6918546.0,Unclassified,,0,,Not checked,,Read by OCR,1,1072,
GEM/2024/B/5413796,6920797.0,Unclassified,,0,,Not checked,,Read by OCR,1,659,
GEM/2024/B/5408257,6914734.0,Unclassified,,0,,Not checked,,Read by OCR,6,6479,
GEM/2024/B/5414243,6921296.0,Unclassified,,0,,Not checked,,Read by OCR,2,1613,
GEM/2024/B/5414148,6921193.0,Unclassified,,0,,Not checked,,Read by OCR,2,2723,
GEM/2024/B/5414753,6921865.0,Unclassified,,0,,Not checked,,Read by OCR,4,2721,
GEM/2024/B/5415735,6922930.0,Unclassified,,0,,Not checked,,Read by OCR,3,1751,
GEM/2024/B/5416019,6923230.0,Pipes (PVC and GI),IS 4984,1,,No,,Read by OCR,3,3126,
GEM/2024/B/5417585,6924938.0,Unclassified,,0,,Not checked,,Read by OCR,2,231,
GEM/2024/B/5415785,6922981.0,Unclassified,,0,,Not checked,,Read by OCR,9,6675,
GEM/2024/B/5419110,6926658.0,Unclassified,,0,,Not checked,,Not extractable,1,29,
GEM/2024/B/5417318,6924654.0,Unclassified,,0,,Not checked,,Read by OCR,7,11254,
GEM/2024/B/5419663,6927261.0,Unclassified,,0,,Not checked,,Read by OCR,2,1887,
GEM/2024/B/5409562,6916203.0,Unclassified,,0,,Not checked,,Read by OCR,21,34739,
GEM/2024/B/5421358,6929125.0,Unclassified,,0,,Not checked,,Read by OCR,2,2262,
GEM/2024/B/5413967,6920999.0,MTD — Metallurgical Engineering Department,IS 2062; IS 2052,2,,No,,Read by OCR,16,19123,
GEM/2024/B/5425459,6933654.0,Unclassified,,0,,Not checked,,Read by OCR,2,1165,
GEM/2024/B/5421975,6929795.0,Unclassified,,0,,Not checked,,Read by OCR,2,3197,
GEM/2024/B/5420080,6927723.0,MTD — Metallurgical Engineering Department,IS 2102; IS 209; IS 277; IS 513; IS 2500 (Part I); IS 2500 (Part II); IS 2629; IS 4905; IS 13229,9,IS 13229 (Withdrawn),Yes,,Read by OCR,12,20355,
GEM/2024/B/5425624,6933837.0,Unclassified,,0,,Not checked,,Read by OCR,3,10520,
GEM/2024/B/5428130,6936673.0,Unclassified,,0,,Not checked,,Read by OCR,2,1917,
GEM/2024/B/5428128,6936670.0,Unclassified,,0,,Not checked,,Read by OCR,1,3220,
GEM/2024/B/5428712,6937336.0,Unclassified,,0,,Not checked,,Read by OCR,1,416,
GEM/2024/B/5430618,6939483.0,MTD — Metallurgical Engineering Department,IS 7811,1,,No,,Not extractable,1,133,
GEM/2024/B/5430226,6939051.0,Unclassified,,0,,Not checked,,Read by OCR,1,268,
GEM/2024/B/5419021,6926559.0,Unclassified,,0,,Not checked,,Read by OCR,24,22375,
GEM/2024/B/5431087,6940002.0,Unclassified,,0,,Not checked,,Read by OCR,1,658,
GEM/2024/B/5431589,6940590.0,Unclassified,,0,,Not checked,,Read by OCR,1,530,
GEM/2024/B/5433760,6943009.0,Unclassified,,0,,Not checked,,Read by OCR,1,4816,
GEM/2024/B/5431963,6941019.0,Unclassified,,0,,Not checked,,Read by OCR,2,4720,
GEM/2024/B/5434738,6944097.0,Unclassified,,0,,Not checked,,Read by OCR,1,747,
GEM/2024/B/5430804,6939689.0,Unclassified,,0,,Not checked,,Read by OCR,4,7848,
GEM/2024/B/5435308,6944707.0,Unclassified,,0,,Not checked,,Not extractable,1,139,
GEM/2024/B/5436794,6946334.0,Unclassified,,0,,Not checked,,Read by OCR,1,1332,
GEM/2024/B/5437217,6946822.0,Unclassified,,0,,Not checked,,Read by OCR,1,696,
GEM/2024/B/5434206,6943494.0,Unclassified,,0,,Not checked,,Read by OCR,5,19266,
GEM/2024/B/5438460,6948209.0,Unclassified,,0,,Not checked,,Not extractable,2,131,
GEM/2024/B/5437314,6946935.0,Unclassified,,0,,Not checked,,Read by OCR,4,7045,
GEM/2024/B/5437273,6946887.0,Unclassified,,0,,Not checked,,Read by OCR,5,8779,
GEM/2024/B/5440917,6950924.0,Unclassified,,0,,Not checked,,Not extractable,1,132,
GEM/2024/B/5441362,6951429.0,Unclassified,,0,,Not checked,,Read by OCR,1,890,
GEM/2024/B/5440315,6950268.0,Unclassified,,0,,Not checked,,Read by OCR,2,3143,
GEM/2024/B/5441682,6951801.0,Unclassified,,0,,Not checked,,Read by OCR,1,2422,
GEM/2024/B/5441634,6951744.0,Unclassified,,0,,Not checked,,Read by OCR,3,2561,
GEM/2024/B/5442313,6952514.0,Unclassified,,0,,Not checked,,Read by OCR,1,810,
GEM/2024/B/5441748,6951877.0,LED lighting,IS 10322,1,,No,,Read by OCR,4,6789,
GEM/2024/B/5445680,6956279.0,Unclassified,,0,,Not checked,,Read by OCR,1,577,
GEM/2024/B/5445701,6956305.0,Unclassified,,0,,Not checked,,Read by OCR,1,1652,
GEM/2024/B/5446127,6956809.0,Unclassified,,0,,Not checked,,Not extractable,1,161,
GEM/2024/B/5446097,6956774.0,Unclassified,,0,,Not checked,,Read by OCR,2,329,
GEM/2024/B/5446875,6957644.0,Unclassified,,0,,Not checked,,Read by OCR,1,1715,
GEM/2024/B/5446811,6957571.0,Unclassified,,0,,Not checked,,Read by OCR,1,1393,
GEM/2024/B/5448380,6959284.0,Unclassified,,0,,Not checked,,Not extractable,1,81,
GEM/2024/B/5447770,6958623.0,Unclassified,,0,,Not checked,,Not extractable,1,127,
GEM/2024/B/5450547,6961712.0,Electrical cables and wiring,IS 7098 (Part 1),1,,No,,Read by OCR,2,1883,
GEM/2024/B/5420590,6928277.0,FAD — Food And Agriculture Department,IS 2785; IS 2034; IS 253,3,IS 2785 (Withdrawn); IS 2034 (Withdrawn),Yes,,Read by OCR,36,68462,
GEM/2024/B/5452512,6963941.0,Unclassified,,0,,Not checked,,Read by OCR,2,3030,
GEM/2024/B/5454200,6965861.0,Unclassified,,0,,Not checked,,Not extractable,1,159,
GEM/2024/B/5453156,6964662.0,MTD — Metallurgical Engineering Department,IS 1570,1,IS 1570 (Withdrawn),Yes,,Read by OCR,5,10382,
GEM/2024/B/5441390,6951460.0,Unclassified,,0,,Not checked,,Read by OCR,15,29483,
GEM/2024/B/5456805,6968846.0,Unclassified,,0,,Not checked,,Read by OCR,1,346,
GEM/2024/B/5456532,6968531.0,PGD — Production And General Engineering Department,IS 2582; IS 2161,2,,No,,Read by OCR,2,4049,
GEM/2024/B/5458150,6970345.0,Unclassified,,0,,Not checked,,Read by OCR,1,1297,
GEM/2024/B/5450683,6961866.0,Unclassified,,0,,Not checked,,Read by OCR,18,25518,
GEM/2024/B/5458029,6970194.0,Unclassified,,0,,Not checked,,Read by OCR,6,5865,
GEM/2024/B/5462276,6974881.0,Unclassified,,0,,Not checked,,Read by OCR,3,4444,
GEM/2024/B/5459512,6971846.0,Unclassified,,0,,Not checked,,Read by OCR,9,3637,
GEM/2024/B/5458977,6971272.0,TXD — Textile Department,IS 390; IS 667; IS 105; IS 1963; IS 1964; IS 2454; IS 2508; IS 4228; IS 4229; IS 4905; IS 7016 (Pt-2); IS 7016 (Pt-3); IS 7016; IS 8156; IS 14181; IS 11056; IS 1969; IS 6489; IS 2500 (Part-I),19,IS 105 (Withdrawn); IS 2454 (Withdrawn); IS 6489 (Withdrawn),Yes,,Read by OCR,13,17269,
GEM/2024/B/5463792,6976525.0,Unclassified,,0,,Not checked,,Read by OCR,2,345,
GEM/2024/B/5428056,6936577.0,Unclassified,,0,,Not checked,,Read by OCR,52,86821,
GEM/2024/B/5464245,6977082.0,Unclassified,,0,,Not checked,,Read by OCR,2,1144,
GEM/2024/B/5464664,6977558.0,CED — Civil Engineering Department,IS 10; IS 20,2,IS 20 (Withdrawn),Yes,,Read by OCR,2,2697,
GEM/2024/B/5466537,6979664.0,Unclassified,,0,,Not checked,,Read by OCR,1,716,
GEM/2024/B/5454354,6966050.0,MSD — Management System Department,IS 2500 (Part-I),1,,No,,Read by OCR,24,33317,
GEM/2024/B/5468323,6981768.0,Unclassified,,0,,Not checked,,Read by OCR,1,1687,
GEM/2024/B/5463000,6975682.0,Unclassified,,0,,Not checked,,Read by OCR,12,17129,
GEM/2024/B/5472355,6986193.0,Unclassified,,0,,Not checked,,Read by OCR,2,879,
GEM/2024/B/5473446,6987413.0,Unclassified,,0,,Not checked,,Read by OCR,1,364,
GEM/2024/B/5475896,6990096.0,Unclassified,,0,,Not checked,,Read by OCR,1,692,
GEM/2024/B/5476538,6990805.0,Unclassified,,0,,Not checked,,Not extractable,1,168,
GEM/2024/B/5479044,6993740.0,Unclassified,,0,,Not checked,,Read by OCR,1,586,
GEM/2024/B/5479344,6994069.0,Unclassified,,0,,Not checked,,Not extractable,1,60,
GEM/2024/B/5464222,6977051.0,Unclassified,,0,,Not checked,,Read by OCR,12,9194,
GEM/2024/B/5480355,6995197.0,Unclassified,,0,,Not checked,,Read by OCR,2,3156,
GEM/2024/B/5480892,6995819.0,Unclassified,,0,,Not checked,,Read by OCR,1,1612,
GEM/2024/B/5481117,6996069.0,Unclassified,,0,,Not checked,,Read by OCR,3,2942,
GEM/2024/B/5481149,6996106.0,Unclassified,,0,,Not checked,,Not extractable,1,31,
GEM/2024/B/5470320,6984026.0,Unclassified,,0,,Not checked,,Read by OCR,12,27352,
GEM/2024/B/5481844,6996899.0,Unclassified,,0,,Not checked,,Not extractable,1,23,
GEM/2024/B/5481975,6997045.0,Unclassified,,0,,Not checked,,Read by OCR,1,1179,
GEM/2024/B/5483108,6998290.0,Unclassified,,0,,Not checked,,Read by OCR,1,1536,
GEM/2024/B/5483643,6998871.0,Unclassified,,0,,Not checked,,Not extractable,1,190,
GEM/2024/B/5483871,6999112.0,Unclassified,,0,,Not checked,,Read by OCR,1,1556,
GEM/2024/B/5484650,6999936.0,Unclassified,,0,,Not checked,,Read by OCR,1,1170,
GEM/2024/B/5477215,6991598.0,ETD — Electrotechnical Department,IS 14257; IS 7372,2,IS 14257 (Superseded); IS 7372 (Withdrawn),Yes,,Read by OCR,10,15109,
GEM/2024/B/5484914,7000219.0,Electrical cables and wiring,IS 3043,1,,No,,Read by OCR,1,1475,
GEM/2024/B/5486527,7002006.0,Unclassified,,0,,Not checked,,Read by OCR,3,4989,
GEM/2024/B/5486564,7002048.0,CED — Civil Engineering Department,IS 10987,1,,No,,Read by OCR,4,3897,
GEM/2024/B/5488916,7004613.0,Unclassified,,0,,Not checked,,Read by OCR,2,3125,
GEM/2024/B/5490727,7006637.0,CED — Civil Engineering Department,IS 2556 (PART-2); IS 2556 (PART-3),2,,No,,Read by OCR,2,3365,
GEM/2024/B/5489072,7004790.0,Unclassified,,0,,Not checked,,Read by OCR,2,2713,
GEM/2024/B/5491495,7007489.0,Unclassified,,0,,Not checked,,Not extractable,1,24,
GEM/2024/B/5488661,7004341.0,Unclassified,,0,,Not checked,,Read by OCR,8,12322,
GEM/2024/B/5490752,7006667.0,TXD — Textile Department,IS 5485,1,,No,,Read by OCR,2,3955,
GEM/2024/B/5495401,7011779.0,Unclassified,,0,,Not checked,,Read by OCR,2,3308,
GEM/2024/B/5497308,7013885.0,Unclassified,,0,,Not checked,,Read by OCR,1,905,
GEM/2024/B/5497778,7014387.0,CED — Civil Engineering Department,IS 2185 (Part 3),1,,No,,Read by OCR,7,6108,
GEM/2024/B/5463257,6975952.0,Unclassified,,0,,Not checked,,Read by OCR,36,94871,
GEM/2024/B/5480612,6995494.0,FAD — Food And Agriculture Department,IS 16186; IS 4333 (Part II); IS 4333 (Part V),3,,No,,Read by OCR,24,38713,
GEM/2024/B/5500647,7017750.0,Unclassified,,0,,Not checked,,Read by OCR,2,2465,
GEM/2024/B/5502854,7020264.0,Unclassified,,0,,Not checked,,Read by OCR,1,415,
GEM/2024/B/5503510,7021009.0,Unclassified,,0,,Not checked,,Read by OCR,1,467,
GEM/2024/B/5503570,7021075.0,Unclassified,,0,,Not checked,,Read by OCR,2,395,
GEM/2024/B/5504431,7022028.0,Unclassified,,0,,Not checked,,Read by OCR,2,1327,
GEM/2024/B/5504734,7022365.0,Unclassified,,0,,Not checked,,Read by OCR,2,1045,
GEM/2024/B/5501229,7018431.0,Unclassified,,0,,Not checked,,Read by OCR,5,3454,
GEM/2024/B/5505653,7023346.0,ETD — Electrotechnical Department,IS 13369,1,,No,,Read by OCR,1,2494,
GEM/2024/B/5505009,7022658.0,Unclassified,,0,,Not checked,,Read by OCR,2,1886,
GEM/2024/B/5508836,7026849.0,LITD — Electronics And Information Technology Department,IS 9001,1,,No,,Read by OCR,1,865,
GEM/2024/B/5500026,7016960.0,Unclassified,,0,,Not checked,,Read by OCR,15,13598,
GEM/2024/B/5507364,7025191.0,Unclassified,,0,,Not checked,,Read by OCR,2,1474,
GEM/2024/B/5511004,7029273.0,Unclassified,,0,,Not checked,,Read by OCR,1,526,
GEM/2024/B/5513459,7032066.0,Unclassified,,0,,Not checked,,Read by OCR,1,1108,
GEM/2024/B/5510920,7029183.0,Unclassified,,0,,Not checked,,Read by OCR,3,3585,
GEM/2024/B/5517693,7036798.0,Unclassified,,0,,Not checked,,Read by OCR,2,1640,
GEM/2024/B/5504691,7022319.0,Unclassified,,0,,Not checked,,Read by OCR,18,31778,
GEM/2024/B/5496263,7012729.0,Unclassified,,0,,Not checked,,Read by OCR,26,88329,
GEM/2024/B/5510914,7029176.0,Unclassified,,0,,Not checked,,Read by OCR,12,30309,
GEM/2024/B/5522909,7042642.0,Unclassified,,0,,Not checked,,Read by OCR,2,5388,
GEM/2024/B/5523707,7043544.0,Unclassified,,0,,Not checked,,Read by OCR,3,4687,
GEM/2024/B/5527852,7048361.0,Unclassified,,0,,Not checked,,Read by OCR,1,440,
GEM/2024/B/5524411,7044359.0,Unclassified,,0,,Not checked,,Read by OCR,5,9203,
GEM/2024/B/5521718,7041310.0,Unclassified,,0,,Not checked,,Read by OCR,12,16386,
GEM/2024/B/5531136,7052141.0,Unclassified,,0,,Not checked,,Read by OCR,1,214,
GEM/2024/B/5532959,7054149.0,Unclassified,,0,,Not checked,,Read by OCR,1,1728,
GEM/2024/B/5533256,7054472.0,Unclassified,,0,,Not checked,,Read by OCR,1,905,
GEM/2024/B/5534405,7055686.0,Unclassified,,0,,Not checked,,Read by OCR,2,1818,
GEM/2024/B/5535614,7057043.0,Unclassified,,0,,Not checked,,Read by OCR,4,4321,
GEM/2024/B/5536224,7057727.0,Unclassified,,0,,Not checked,,Read by OCR,2,2780,
GEM/2024/B/5537505,7059151.0,Unclassified,,0,,Not checked,,Read by OCR,1,610,
GEM/2024/B/5529151,7049848.0,Unclassified,,0,,Not checked,,Read by OCR,12,2782,
GEM/2024/B/5537630,7059286.0,Unclassified,,0,,Not checked,,Read by OCR,4,8118,
GEM/2024/B/5539775,7061615.0,Unclassified,,0,,Not checked,,Read by OCR,1,981,
GEM/2024/B/5517388,7036458.0,MTD — Metallurgical Engineering Department,IS 9550; IS 4885; IS 4218; IS 1340; IS 1572; IS 3203,6,IS 9550 (Superseded); IS 1340 (Withdrawn),Yes,,Read by OCR,24,33583,
GEM/2024/B/5543063,7065311.0,Unclassified,,0,,Not checked,,Read by OCR,2,1027,
GEM/2024/B/5543076,7065324.0,Unclassified,,0,,Not checked,,Read by OCR,2,1203,
GEM/2024/B/5543253,7065523.0,Unclassified,,0,,Not checked,,Read by OCR,2,2775,
GEM/2024/B/5544687,7067143.0,Unclassified,,0,,Not checked,,Read by OCR,2,950,
GEM/2024/B/5544650,7067099.0,Unclassified,,0,,Not checked,,Read by OCR,3,2107,
GEM/2024/B/5544693,7067149.0,Unclassified,,0,,Not checked,,Read by OCR,2,208,
GEM/2024/B/5545200,7067724.0,Unclassified,,0,,Not checked,,Read by OCR,1,820,
GEM/2024/B/5549466,7072460.0,Unclassified,,0,,Not checked,,Read by OCR,1,1401,
GEM/2024/B/5538382,7060106.0,Unclassified,,0,,Not checked,,Read by OCR,13,13905,
GEM/2024/B/5551198,7074418.0,Unclassified,,0,,Not checked,,Not extractable,2,100,
GEM/2024/B/5550625,7073788.0,Unclassified,,0,,Not checked,,Read by OCR,5,9442,
GEM/2024/B/5520553,7039992.0,Unclassified,,0,,Not checked,,Read by OCR,36,80168,
GEM/2024/B/5551772,7075076.0,Unclassified,,0,,Not checked,,Read by OCR,1,1947,
GEM/2024/B/5553147,7076665.0,Unclassified,,0,,Not checked,,Read by OCR,1,1741,
GEM/2024/B/5553573,7077181.0,Unclassified,,0,,Not checked,,Read by OCR,1,1145,
GEM/2024/B/5552972,7076456.0,Unclassified,,0,,Not checked,,Read by OCR,4,1671,
GEM/2024/B/5554995,7078805.0,Unclassified,,0,,Not checked,,Read by OCR,1,2246,
GEM/2024/B/5554881,7078683.0,Unclassified,,0,,Not checked,,Read by OCR,2,572,
GEM/2024/B/5548828,7071736.0,Unclassified,,0,,Not checked,,Read by OCR,9,15532,
GEM/2024/B/5556909,7080973.0,Unclassified,,0,,Not checked,,Read by OCR,1,715,
GEM/2024/B/5557720,7081882.0,Unclassified,,0,,Not checked,,Read by OCR,1,261,
GEM/2024/B/5561073,7085535.0,Unclassified,,0,,Not checked,,Not extractable,1,16,
GEM/2024/B/5558654,7082911.0,Unclassified,,0,,Not checked,,Not extractable,1,81,
GEM/2024/B/5561879,7086416.0,Unclassified,,0,,Not checked,,Read by OCR,1,3158,
GEM/2024/B/5562279,7086843.0,Unclassified,,0,,Not checked,,Read by OCR,1,1482,
GEM/2024/B/5563768,7088455.0,Unclassified,,0,,Not checked,,Read by OCR,1,1600,
GEM/2024/B/5560068,7084437.0,Unclassified,,0,,Not checked,,Read by OCR,3,3938,
GEM/2024/B/5566275,7091386.0,Unclassified,,0,,Not checked,,Read by OCR,1,1782,
GEM/2024/B/5566861,7092044.0,Unclassified,,0,,Not checked,,Read by OCR,1,537,
GEM/2024/B/5567418,7092713.0,Unclassified,,0,,Not checked,,Read by OCR,1,3004,
GEM/2024/B/5568112,7093487.0,Unclassified,,0,,Not checked,,Read by OCR,1,716,
GEM/2024/B/5562526,7087112.0,Unclassified,,0,,Not checked,,Read by OCR,7,9593,
GEM/2024/B/5572461,7098461.0,MTD — Metallurgical Engineering Department,IS 1161,1,,No,,Read by OCR,1,2063,
GEM/2024/B/5574018,7100250.0,Unclassified,,0,,Not checked,,Not extractable,1,114,
GEM/2024/B/5574111,7100354.0,Unclassified,,0,,Not checked,,Not extractable,1,45,
GEM/2024/B/5575010,7101336.0,Unclassified,,0,,Not checked,,Not extractable,1,141,
GEM/2024/B/5578030,7104674.0,Unclassified,,0,,Not checked,,Read by OCR,4,4321,
GEM/2024/B/5578425,7105104.0,Unclassified,,0,,Not checked,,Not extractable,1,185,
GEM/2024/B/5578905,7105626.0,Unclassified,,0,,Not checked,,Read by OCR,1,424,
GEM/2024/B/5579990,7106836.0,Unclassified,,0,,Not checked,,Read by OCR,1,540,
GEM/2024/B/5580169,7107034.0,Unclassified,,0,,Not checked,,Read by OCR,2,1668,
GEM/2024/B/5537954,7059641.0,FAD — Food And Agriculture Department,IS 4232,1,IS 4232 (Withdrawn),Yes,,Read by OCR,36,30557,
GEM/2024/B/5581695,7108764.0,Unclassified,,0,,Not checked,,Read by OCR,1,865,
GEM/2024/B/5583887,7111239.0,Unclassified,,0,,Not checked,,Not extractable,1,160,
GEM/2024/B/5581433,7108456.0,Unclassified,,0,,Not checked,,Read by OCR,1,1417,
GEM/2024/B/5583912,7111264.0,Unclassified,,0,,Not checked,,Read by OCR,1,1260,
GEM/2024/B/5583910,7111262.0,Unclassified,,0,,Not checked,,Read by OCR,4,232,
GEM/2024/B/5586176,7113860.0,Unclassified,,0,,Not checked,,Read by OCR,1,380,
GEM/2024/B/5587254,7115064.0,Unclassified,,0,,Not checked,,Read by OCR,2,908,
GEM/2024/B/5586818,7114604.0,Unclassified,,0,,Not checked,,Read by OCR,2,3563,
GEM/2024/B/5587573,7115423.0,Unclassified,,0,,Not checked,,Read by OCR,2,1417,
GEM/2024/B/5587945,7115824.0,Unclassified,,0,,Not checked,,Read by OCR,1,569,
GEM/2024/B/5566071,7091138.0,PGD — Production And General Engineering Department,IS 1364,1,,No,,Read by OCR,26,32072,
GEM/2024/B/5588637,7116602.0,Unclassified,,0,,Not checked,,Read by OCR,1,1369,
GEM/2024/B/5556392,7080394.0,MTD — Metallurgical Engineering Department,IS 30,1,IS 30 (Withdrawn),Yes,,Read by OCR,32,66241,
GEM/2024/B/5590751,7118988.0,Unclassified,,0,,Not checked,,Read by OCR,3,2911,
GEM/2024/B/5588187,7116100.0,Unclassified,,0,,Not checked,,Read by OCR,4,3723,
GEM/2024/B/5591756,7120131.0,Unclassified,,0,,Not checked,,Read by OCR,2,701,
GEM/2024/B/5587571,7115421.0,Unclassified,,0,,Not checked,,Read by OCR,9,10023,
GEM/2024/B/5591944,7120334.0,Unclassified,,0,,Not checked,,Read by OCR,3,815,
GEM/2024/B/5593320,7121856.0,Unclassified,,0,,Not checked,,Read by OCR,2,821,
GEM/2024/B/5593522,7122099.0,Unclassified,,0,,Not checked,,Read by OCR,2,757,
GEM/2024/B/5595121,7124097.0,Unclassified,,0,,Not checked,,Read by OCR,1,1121,
GEM/2024/B/5595130,7124106.0,Unclassified,,0,,Not checked,,Not extractable,1,112,
GEM/2024/B/5595107,7124081.0,Unclassified,,0,,Not checked,,Read by OCR,3,548,
GEM/2024/B/5595957,7125045.0,Unclassified,,0,,Not checked,,Read by OCR,1,358,
GEM/2024/B/5596763,7125947.0,Unclassified,,0,,Not checked,,Read by OCR,1,856,
GEM/2024/B/5597982,7127370.0,Unclassified,,0,,Not checked,,Not extractable,1,125,
GEM/2024/B/5599597,7129183.0,Unclassified,,0,,Not checked,,Read by OCR,1,666,
GEM/2024/B/5598350,7127777.0,Unclassified,,0,,Not checked,,Read by OCR,1,398,
GEM/2024/B/5595694,7124756.0,CED — Civil Engineering Department,IS 15658; IS 6441 (Part V); IS 14858,3,IS 15658 (Superseded); IS 14858 (Superseded),Yes,,Read by OCR,2,6783,
GEM/2024/B/5596990,7126222.0,Unclassified,,0,,Not checked,,Read by OCR,1,889,
GEM/2024/B/5603426,7133460.0,Unclassified,,0,,Not checked,,Not extractable,1,177,
GEM/2024/B/5576379,7102835.0,Unclassified,,0,,Not checked,,Read by OCR,27,38444,
GEM/2024/B/5603523,7133566.0,Unclassified,,0,,Not checked,,Read by OCR,2,1959,
GEM/2024/B/5603687,7133753.0,Unclassified,,0,,Not checked,,Read by OCR,3,6453,
GEM/2024/B/5604474,7134618.0,Unclassified,,0,,Not checked,,Read by OCR,2,508,
GEM/2024/B/5604485,7134629.0,Unclassified,,0,,Not checked,,Read by OCR,2,3408,
GEM/2024/B/5605557,7135783.0,MED — Mechanical Engineering Department,IS 2825; IS 7938,2,,No,,Read by OCR,2,3460,
GEM/2024/B/5606534,7136861.0,Unclassified,,0,,Not checked,,Not extractable,1,163,
GEM/2024/B/5609347,7140000.0,Unclassified,,0,,Not checked,,Read by OCR,1,1856,
GEM/2024/B/5610724,7141562.0,Unclassified,,0,,Not checked,,Read by OCR,2,376,
GEM/2024/B/5600279,7129928.0,Unclassified,,0,,Not checked,,Read by OCR,10,13692,
GEM/2024/B/5611511,7142442.0,Unclassified,,0,,Not checked,,Read by OCR,1,809,
GEM/2024/B/5604031,7134138.0,Unclassified,,0,,Not checked,,Read by OCR,10,12357,
GEM/2024/B/5611520,7142451.0,Unclassified,,0,,Not checked,,Read by OCR,3,1542,
GEM/2024/B/5614038,7145305.0,Unclassified,,0,,Not checked,,Read by OCR,3,1645,
GEM/2024/B/5614876,7146282.0,Unclassified,,0,,Not checked,,Read by OCR,1,1640,
GEM/2024/B/5616402,7148006.0,Unclassified,,0,,Not checked,,Read by OCR,1,265,
GEM/2024/B/5617451,7149253.0,Unclassified,,0,,Not checked,,Read by OCR,1,554,
GEM/2024/B/5608344,7138896.0,TXD — Textile Department,IS 15138; IS 14887; IS 1155; IS 460; IS 1009,5,IS 1009 (Withdrawn),Yes,,Read by OCR,12,19598,
GEM/2024/B/5619211,7151309.0,Unclassified,,0,,Not checked,,Read by OCR,2,2449,
GEM/2024/B/5620963,7153344.0,Unclassified,,0,,Not checked,,Read by OCR,2,1132,
GEM/2024/B/5619429,7151550.0,LITD — Electronics And Information Technology Department,IS 13252 (Part 1); IS 302 (Part 1),2,,No,,Read by OCR,4,2026,
GEM/2024/B/5621648,7154102.0,Unclassified,,0,,Not checked,,Read by OCR,1,738,
GEM/2024/B/5621871,7154353.0,Unclassified,,0,,Not checked,,Read by OCR,1,600,
GEM/2024/B/5622039,7154532.0,PGD — Production And General Engineering Department,IS 2102,1,,No,,Read by OCR,2,2118,
GEM/2024/B/5623156,7155761.0,Unclassified,,0,,Not checked,,Not extractable,1,177,
GEM/2024/B/5623761,7156426.0,Unclassified,,0,,Not checked,,Not extractable,1,122,
GEM/2024/B/5622617,7155157.0,Unclassified,,0,,Not checked,,Read by OCR,10,17137,
GEM/2024/B/5625034,7157803.0,Unclassified,,0,,Not checked,,Read by OCR,3,1126,
GEM/2024/B/5623943,7156622.0,Unclassified,,0,,Not checked,,Read by OCR,10,13077,
GEM/2024/B/5625141,7157921.0,Unclassified,,0,,Not checked,,Read by OCR,1,511,
GEM/2024/B/5612081,7143062.0,Unclassified,,0,,Not checked,,Read by OCR,24,47091,
GEM/2024/B/5625941,7158795.0,Unclassified,,0,,Not checked,,Read by OCR,1,988,
GEM/2024/B/5604027,7134134.0,ETD — Electrotechnical Department,IS 2705; IS 16227; IS 3156,3,IS 2705 (Withdrawn); IS 3156 (Withdrawn),Yes,,Read by OCR,24,47895,
GEM/2024/B/5628703,7161836.0,Unclassified,,0,,Not checked,,Read by OCR,2,3517,
GEM/2024/B/5630151,7163479.0,Unclassified,,0,,Not checked,,Not extractable,1,93,
GEM/2024/B/5630918,7164366.0,Unclassified,,0,,Not checked,,Read by OCR,1,1068,
GEM/2024/B/5629722,7162986.0,Unclassified,,0,,Not checked,,Read by OCR,3,2186,
GEM/2024/B/5610975,7141855.0,CHD — Chemical Department,IS 2062; IS 2074; IS 2932,3,,No,,Read by OCR,24,37828,
GEM/2024/B/5626881,7159842.0,Unclassified,,0,,Not checked,,Read by OCR,5,4988,
GEM/2024/B/5628752,7161891.0,CHD — Chemical Department,IS 2932; IS 8442,2,,No,,Read by OCR,6,4981,
GEM/2024/B/5636599,7170687.0,Unclassified,,0,,Not checked,,Not extractable,1,80,
GEM/2024/B/5636525,7170609.0,Unclassified,,0,,Not checked,,Read by OCR,2,249,
GEM/2024/B/5636090,7170126.0,Unclassified,,0,,Not checked,,Read by OCR,1,1416,
GEM/2024/B/5637070,7171208.0,Unclassified,,0,,Not checked,,Not extractable,1,83,
GEM/2024/B/5631592,7165128.0,Unclassified,,0,,Not checked,,Read by OCR,4,2805,
GEM/2024/B/5636901,7171021.0,Unclassified,,0,,Not checked,,Read by OCR,2,2393,
GEM/2024/B/5638636,7172957.0,Unclassified,,0,,Not checked,,Read by OCR,1,1269,
GEM/2024/B/5638017,7172267.0,Unclassified,,0,,Not checked,,Read by OCR,2,2170,
GEM/2024/B/5644053,7179264.0,Unclassified,,0,,Not checked,,Not extractable,1,135,
GEM/2024/B/5643076,7178072.0,Unclassified,,0,,Not checked,,Read by OCR,1,355,
GEM/2024/B/5641507,7176273.0,Unclassified,,0,,Not checked,,Read by OCR,1,4339,
GEM/2024/B/5638177,7172442.0,Unclassified,,0,,Not checked,,Read by OCR,4,5065,
GEM/2024/B/5647664,7183337.0,CHD — Chemical Department,IS 3346,1,,No,,Read by OCR,1,1234,
GEM/2024/B/5648596,7184377.0,Unclassified,,0,,Not checked,,Read by OCR,1,930,
GEM/2024/B/5647162,7182778.0,CED — Civil Engineering Department,IS 3589; IS 5290; IS 5312; IS 884; IS 12585; IS 904; IS 636 (type-A); IS 903,8,,No,,Read by OCR,4,8755,
GEM/2024/B/5651573,7187579.0,TXD — Textile Department,IS 8156 (LATEST),1,,No,,Read by OCR,1,370,
GEM/2024/B/5633045,7166736.0,CED — Civil Engineering Department,IS 3521; IS 2925; IS 2925 (1984),3,,No,,Read by OCR,9,17892,IS 5983
GEM/2024/B/5648699,7184494.0,Unclassified,,0,,Not checked,,Read by OCR,4,1423,
GEM/2024/B/5652273,7188311.0,TXD — Textile Department,IS 5176,1,,No,,Read by OCR,2,254,
GEM/2024/B/5655778,7191999.0,Unclassified,,0,,Not checked,,Not extractable,1,150,
GEM/2024/B/5653579,7189693.0,Unclassified,,0,,Not checked,,Read by OCR,2,2665,
GEM/2024/B/5656252,7192506.0,Unclassified,,0,,Not checked,,Read by OCR,1,1357,
GEM/2024/B/5658376,7194787.0,Unclassified,,0,,Not checked,,Read by OCR,2,298,
GEM/2024/B/5658922,7195375.0,Unclassified,,0,,Not checked,,Read by OCR,1,930,
GEM/2024/B/5659082,7195544.0,Unclassified,,0,,Not checked,,Read by OCR,1,2117,
GEM/2024/B/5660737,7197434.0,MTD — Metallurgical Engineering Department,IS 5075,1,,No,,Read by OCR,1,462,
GEM/2024/B/5660716,7197409.0,Unclassified,,0,,Not checked,,Read by OCR,2,3625,
GEM/2024/B/5648489,7184260.0,Unclassified,,0,,Not checked,,Read by OCR,8,7875,
GEM/2024/B/5665093,7202709.0,Unclassified,,0,,Not checked,,Not extractable,1,155,
GEM/2024/B/5665097,7202714.0,Unclassified,,0,,Not checked,,Read by OCR,1,491,
GEM/2024/B/5667201,7205089.0,Unclassified,,0,,Not checked,,Read by OCR,1,351,
GEM/2024/B/5662330,7199208.0,Unclassified,,0,,Not checked,,Read by OCR,3,7562,
GEM/2024/B/5668148,7206159.0,Unclassified,,0,,Not checked,,Read by OCR,2,3554,
GEM/2024/B/5669943,7208131.0,Unclassified,,0,,Not checked,,Read by OCR,1,462,
GEM/2024/B/5669029,7207130.0,Unclassified,,0,,Not checked,,Read by OCR,1,621,
GEM/2024/B/5671952,7210288.0,Unclassified,,0,,Not checked,,Not extractable,1,67,
GEM/2024/B/5664462,7201973.0,Unclassified,,0,,Not checked,,Read by OCR,6,12334,
GEM/2024/B/5669127,7207242.0,Unclassified,,0,,Not checked,,Read by OCR,2,3552,
GEM/2024/B/5674601,7213167.0,Unclassified,,0,,Not checked,,Read by OCR,1,439,
GEM/2024/B/5678622,7217617.0,Unclassified,,0,,Not checked,,Not extractable,1,92,
GEM/2024/B/5677408,7216250.0,Unclassified,,0,,Not checked,,Read by OCR,1,2447,
GEM/2024/B/5680096,7219403.0,Unclassified,,0,,Not checked,,Read by OCR,3,233,
GEM/2024/B/5682006,7221602.0,Unclassified,,0,,Not checked,,Read by OCR,5,6561,
GEM/2024/B/5681533,7221072.0,Unclassified,,0,,Not checked,,Read by OCR,8,13149,
GEM/2024/B/5680293,7219624.0,CHD — Chemical Department,IS 15298; IS 2051,2,,No,,Read by OCR,8,19697,
GEM/2024/B/5686331,7226444.0,Unclassified,,0,,Not checked,,Not extractable,1,134,
GEM/2024/B/5682086,7221692.0,Unclassified,,0,,Not checked,,Read by OCR,3,1047,
GEM/2024/B/5684995,7224980.0,Unclassified,,0,,Not checked,,Read by OCR,1,2435,
GEM/2024/B/5669965,7208157.0,Unclassified,,0,,Not checked,,Read by OCR,12,24421,
GEM/2024/B/5687986,7228215.0,Unclassified,,0,,Not checked,,Read by OCR,2,268,
GEM/2024/B/5687206,7227378.0,Unclassified,,0,,Not checked,,Read by OCR,1,1023,
GEM/2024/B/5688355,7228617.0,Unclassified,,0,,Not checked,,Not extractable,1,84,
GEM/2024/B/5686566,7226700.0,Unclassified,,0,,Not checked,,Read by OCR,2,3768,
GEM/2024/B/5687988,7228217.0,Unclassified,,0,,Not checked,,Read by OCR,1,370,
GEM/2024/B/5687160,7227330.0,Unclassified,,0,,Not checked,,Read by OCR,2,2163,
GEM/2024/B/5688589,7228871.0,Unclassified,,0,,Not checked,,Read by OCR,1,276,
GEM/2024/B/5690501,7230987.0,Unclassified,,0,,Not checked,,Read by OCR,1,1353,
GEM/2024/B/5693205,7233925.0,Unclassified,,0,,Not checked,,Read by OCR,3,1325,
GEM/2024/B/5694706,7235536.0,Unclassified,,0,,Not checked,,Read by OCR,3,5127,
GEM/2024/B/5695368,7236252.0,Unclassified,,0,,Not checked,,Read by OCR,3,2038,
GEM/2024/B/5690137,7230581.0,TXD — Textile Department,IS 2454; IS 1964; IS 1390; IS 15570; IS 10971 (Part 1); IS 2977; IS 1966 (Part -1); IS 766; IS 105; IS 971; IS 1969 (Part-1); IS 3442; IS 17051,13,IS 2454 (Withdrawn); IS 766 (Withdrawn); IS 105 (Withdrawn); IS 971 (Withdrawn),Yes,,Read by OCR,6,8411,
GEM/2024/B/5696101,7237073.0,Unclassified,,0,,Not checked,,Not extractable,1,118,
GEM/2024/B/5696071,7237041.0,Unclassified,,0,,Not checked,,Read by OCR,3,1522,
GEM/2024/B/5697150,7238243.0,Unclassified,,0,,Not checked,,Read by OCR,2,518,
GEM/2024/B/5698155,7239362.0,Unclassified,,0,,Not checked,,Read by OCR,2,279,
GEM/2024/B/5696016,7236981.0,Unclassified,,0,,Not checked,,Read by OCR,5,10643,
GEM/2024/B/5699468,7240794.0,Unclassified,,0,,Not checked,,Not extractable,1,136,
GEM/2024/B/5698603,7239842.0,Unclassified,,0,,Not checked,,Read by OCR,8,1912,
GEM/2024/B/5692593,7233261.0,Unclassified,,0,,Not checked,,Read by OCR,12,21604,
GEM/2024/B/5700162,7241547.0,Unclassified,,0,,Not checked,,Read by OCR,2,2742,
GEM/2024/B/5701039,7242532.0,Unclassified,,0,,Not checked,,Read by OCR,2,747,
GEM/2024/B/5703906,7245694.0,Unclassified,,0,,Not checked,,Read by OCR,1,1328,
GEM/2024/B/5704005,7245798.0,Unclassified,,0,,Not checked,,Not extractable,4,195,
GEM/2024/B/5701234,7242756.0,PGD — Production And General Engineering Department,IS 2102,1,,No,,Read by OCR,3,5848,
GEM/2024/B/5704335,7246154.0,Unclassified,,0,,Not checked,,Read by OCR,6,2942,
GEM/2024/B/5704864,7246727.0,Unclassified,,0,,Not checked,,Read by OCR,2,2413,
GEM/2024/B/5703963,7245755.0,PGD — Production And General Engineering Department,IS 1891 (Part-l); IS 1891 (Part-I),2,,No,,Read by OCR,9,18023,
GEM/2024/B/5705411,7247311.0,Unclassified,,0,,Not checked,,Read by OCR,2,1186,
GEM/2024/B/5706597,7248639.0,Unclassified,,0,,Not checked,,Read by OCR,1,2875,
GEM/2024/B/5708781,7251108.0,Unclassified,,0,,Not checked,,Read by OCR,1,442,
GEM/2024/B/5698787,7240040.0,Unclassified,,0,,Not checked,,Read by OCR,16,21423,
GEM/2024/B/5713056,7256062.0,Unclassified,,0,,Not checked,,Read by OCR,3,4424,
GEM/2024/B/5713634,7256704.0,Unclassified,,0,,Not checked,,Read by OCR,1,322,
GEM/2024/B/5646788,7182378.0,Unclassified,,0,,Not checked,,Read by OCR,70,116811,
GEM/2024/B/5714263,7257434.0,Unclassified,,0,,Not checked,,Read by OCR,1,754,
GEM/2024/B/5715290,7258681.0,Unclassified,,0,,Not checked,,Read by OCR,1,622,
GEM/2024/B/5705286,7247180.0,Unclassified,,0,,Not checked,,Read by OCR,24,50765,
GEM/2024/B/5715476,7258901.0,ETD — Electrotechnical Department,IS 374,1,,No,,Read by OCR,6,7500,
GEM/2024/B/5715612,7259059.0,Unclassified,,0,,Not checked,,Read by OCR,1,1762,
GEM/2024/B/5712246,7255148.0,Unclassified,,0,,Not checked,,Read by OCR,15,17101,
GEM/2024/B/5720426,7264374.0,Unclassified,,0,,Not checked,,Not extractable,1,187,
GEM/2024/B/5721162,7265222.0,Unclassified,,0,,Not checked,,Not extractable,2,56,
GEM/2024/B/5720544,7264514.0,Unclassified,,0,,Not checked,,Read by OCR,1,827,
GEM/2024/B/5722588,7266792.0,Unclassified,,0,,Not checked,,Read by OCR,1,2518,
GEM/2024/B/5723484,7267776.0,Unclassified,,0,,Not checked,,Not extractable,1,185,IS 60079
GEM/2024/B/5723586,7267882.0,Unclassified,,0,,Not checked,,Read by OCR,2,819,
GEM/2024/B/5725362,7269871.0,Unclassified,,0,,Not checked,,Not extractable,1,144,
GEM/2024/B/5723211,7267479.0,Unclassified,,0,,Not checked,,Read by OCR,5,9339,
GEM/2024/B/5713925,7257029.0,PGD — Production And General Engineering Department,IS 2102 (MED),1,,No,,Read by OCR,20,48417,
GEM/2024/B/5730093,7275158.0,Unclassified,,0,,Not checked,,Read by OCR,1,434,
GEM/2024/B/5728512,7273441.0,Unclassified,,0,,Not checked,,Read by OCR,2,2010,
GEM/2024/B/5732171,7277485.0,Unclassified,,0,,Not checked,,Read by OCR,1,518,
GEM/2024/B/5719727,7263581.0,Unclassified,,0,,Not checked,,Read by OCR,12,21801,
GEM/2024/B/5732887,7278271.0,Unclassified,,0,,Not checked,,Read by OCR,2,1575,
GEM/2024/B/5733121,7278527.0,Unclassified,,0,,Not checked,,Read by OCR,1,435,
GEM/2024/B/5733316,7278738.0,Unclassified,,0,,Not checked,,Not extractable,1,168,
GEM/2024/B/5733875,7279375.0,CED — Civil Engineering Department,IS 2190,1,,No,,Read by OCR,1,3135,
GEM/2024/B/5737498,7283444.0,Unclassified,,0,,Not checked,,Read by OCR,2,1631,
GEM/2024/B/5731639,7276884.0,PGD — Production And General Engineering Department,IS 2102; IS 5517; IS 2102 (MEDIUM CLASS),3,,No,,Read by OCR,10,9674,
GEM/2024/B/5725955,7270569.0,Unclassified,,0,,Not checked,,Read by OCR,12,18299,
GEM/2024/B/5732218,7277537.0,Unclassified,,0,,Not checked,,Read by OCR,12,25961,
GEM/2024/B/5739222,7285375.0,Unclassified,,0,,Not checked,,Read by OCR,2,3699,
GEM/2024/B/5743133,7289936.0,Unclassified,,0,,Not checked,,Read by OCR,1,848,
GEM/2024/B/5740118,7286423.0,Unclassified,,0,,Not checked,,Read by OCR,2,2339,
GEM/2024/B/5744907,7291954.0,Unclassified,,0,,Not checked,,Read by OCR,1,520,
GEM/2024/B/5746013,7293235.0,Unclassified,,0,,Not checked,,Not extractable,1,38,
GEM/2024/B/5745492,7292616.0,Unclassified,,0,,Not checked,,Read by OCR,1,1163,
GEM/2024/B/5741785,7288410.0,Unclassified,,0,,Not checked,,Read by OCR,2,2277,
GEM/2024/B/5739160,7285306.0,Unclassified,,0,,Not checked,,Read by OCR,4,6663,
GEM/2024/B/5707305,7249442.0,Unclassified,,0,,Not checked,,Read by OCR,36,71555,
GEM/2024/B/5752253,7300253.0,Unclassified,,0,,Not checked,,Read by OCR,4,1459,
GEM/2024/B/5749179,7296812.0,Unclassified,,0,,Not checked,,Read by OCR,3,10925,
GEM/2024/B/5754002,7302242.0,Unclassified,,0,,Not checked,,Read by OCR,3,1814,
GEM/2024/B/5754851,7303184.0,Unclassified,,0,,Not checked,,Read by OCR,1,570,
GEM/2024/B/5757972,7306858.0,Unclassified,,0,,Not checked,,Read by OCR,1,1623,
GEM/2024/B/5751199,7299056.0,Unclassified,,0,,Not checked,,Read by OCR,7,8070,
GEM/2024/B/5758241,7307150.0,Unclassified,,0,,Not checked,,Not extractable,1,101,
GEM/2024/B/5758699,7307652.0,Unclassified,,0,,Not checked,,Read by OCR,1,439,
GEM/2024/B/5754363,7302647.0,Unclassified,,0,,Not checked,,Read by OCR,4,6072,
GEM/2024/B/5760004,7309116.0,Unclassified,,0,,Not checked,,Read by OCR,2,1106,
GEM/2024/B/5748025,7295550.0,Unclassified,,0,,Not checked,,Read by OCR,12,18081,
GEM/2024/B/5762487,7311929.0,Unclassified,,0,,Not checked,,Read by OCR,2,2808,
GEM/2024/B/5752792,7300879.0,Unclassified,,0,,Not checked,,Read by OCR,9,14735,
GEM/2024/B/5764019,7313655.0,Unclassified,,0,,Not checked,,Read by OCR,1,1959,
GEM/2024/B/5759678,7308752.0,Unclassified,,0,,Not checked,,Read by OCR,6,11431,
GEM/2024/B/5762264,7311672.0,Unclassified,,0,,Not checked,,Read by OCR,6,12395,
GEM/2024/B/5764472,7314162.0,Unclassified,,0,,Not checked,,Read by OCR,2,2797,
GEM/2024/B/5764598,7314295.0,Unclassified,,0,,Not checked,,Read by OCR,2,6323,
GEM/2025/B/5771062,7321346.0,Unclassified,,0,,Not checked,,Read by OCR,1,3829,
GEM/2024/B/5768646,7318800.0,ETD — Electrotechnical Department,IS 2448; IS 2584,2,IS 2448 (Withdrawn),Yes,,Read by OCR,6,5528,
GEM/2024/B/5764136,7313784.0,Unclassified,,0,,Not checked,,Read by OCR,12,6699,
GEM/2025/B/5773140,7323692.0,Unclassified,,0,,Not checked,,Read by OCR,1,1310,
GEM/2025/B/5772109,7322513.0,MTD — Metallurgical Engineering Department,IS 2507,1,,No,,Read by OCR,3,5216,
GEM/2025/B/5773251,7323818.0,Unclassified,,0,,Not checked,,Read by OCR,1,1056,
GEM/2025/B/5773239,7323804.0,Unclassified,,0,,Not checked,,Read by OCR,4,4510,
GEM/2025/B/5774046,7324729.0,Unclassified,,0,,Not checked,,Read by OCR,3,3670,
GEM/2025/B/5774885,7325690.0,Unclassified,,0,,Not checked,,Read by OCR,2,3235,
GEM/2025/B/5776227,7327225.0,Unclassified,,0,,Not checked,,Read by OCR,2,2799,
GEM/2025/B/5776486,7327504.0,ETD — Electrotechnical Department,IS 15549,1,,No,,Read by OCR,1,1744,
GEM/2025/B/5776828,7327870.0,Unclassified,,0,,Not checked,,Read by OCR,1,837,
GEM/2025/B/5771273,7321577.0,Unclassified,,0,,Not checked,,Read by OCR,16,49652,
GEM/2025/B/5778027,7329284.0,Unclassified,,0,,Not checked,,Read by OCR,1,862,
GEM/2025/B/5778791,7330170.0,Unclassified,,0,,Not checked,,Read by OCR,1,467,
GEM/2025/B/5778834,7330222.0,Unclassified,,0,,Not checked,,Not extractable,1,101,
GEM/2024/B/5762648,7312124.0,MHD — Medical Equipment And Hospital Planning Department,IS 3741; IS 3739,2,,No,,Read by OCR,24,43887,
GEM/2025/B/5779908,7331427.0,Unclassified,,0,,Not checked,,Read by OCR,2,4048,
GEM/2025/B/5780260,7331839.0,Unclassified,,0,,Not checked,,Not extractable,1,130,
GEM/2025/B/5781353,7333118.0,Unclassified,,0,,Not checked,,Read by OCR,2,1607,
GEM/2025/B/5776955,7328013.0,Unclassified,,0,,Not checked,,Read by OCR,12,36652,
GEM/2024/B/5762526,7311974.0,MTD — Metallurgical Engineering Department,IS 1501; IS 1572; IS 2102; IS 2771; IS 3748; IS 4185; IS 8460; IS 3749; IS 4905; IS 1868,10,IS 2771 (Superseded); IS 3749 (Withdrawn),Yes,,Read by OCR,16,15877,
GEM/2025/B/5783286,7335400.0,Unclassified,,0,,Not checked,,Read by OCR,1,453,
GEM/2025/B/5779517,7330984.0,PGD — Production And General Engineering Department,IS 2102,1,,No,,Read by OCR,12,16672,
GEM/2025/B/5785297,7337680.0,Unclassified,,0,,Not checked,,Not extractable,2,185,
GEM/2025/B/5787803,7340571.0,Unclassified,,0,,Not checked,,Read by OCR,1,445,
GEM/2025/B/5788524,7341528.0,Unclassified,,0,,Not checked,,Read by OCR,1,1602,
GEM/2025/B/5788712,7341732.0,Unclassified,,0,,Not checked,,Not extractable,3,164,
GEM/2025/B/5782767,7334821.0,LITD — Electronics And Information Technology Department,IS 13252 (Part 1),1,,No,,Read by OCR,12,26501,
GEM/2025/B/5788325,7341288.0,Unclassified,,0,,Not checked,,Read by OCR,11,19496,
GEM/2025/B/5782394,7334406.0,MTD — Metallurgical Engineering Department,IS 226; IS 2062,2,IS 226 (Withdrawn),Yes,,Read by OCR,8,16239,
GEM/2025/B/5791533,7344865.0,Unclassified,,0,,Not checked,,Read by OCR,1,278,
GEM/2025/B/5789967,7343116.0,Unclassified,,0,,Not checked,,Read by OCR,3,3362,
GEM/2025/B/5794789,7348614.0,Unclassified,,0,,Not checked,,Read by OCR,2,5009,
GEM/2025/B/5793184,7346766.0,"PCD — Petroleum, Coal And Related Products Department",IS 11489; IS 1448; IS 1447,3,,No,,Read by OCR,4,5386,
GEM/2025/B/5795081,7348934.0,Unclassified,,0,,Not checked,,Read by OCR,1,1379,
GEM/2025/B/5795014,7348862.0,Unclassified,,0,,Not checked,,Read by OCR,1,1481,
GEM/2025/B/5796535,7350563.0,Unclassified,,0,,Not checked,,Read by OCR,1,204,
GEM/2025/B/5790700,7343942.0,Unclassified,,0,,Not checked,,Read by OCR,6,10997,
GEM/2025/B/5796757,7350788.0,Unclassified,,0,,Not checked,,Not extractable,1,166,
GEM/2025/B/5797278,7351371.0,Unclassified,,0,,Not checked,,Not extractable,1,51,
GEM/2025/B/5797311,7351408.0,Unclassified,,0,,Not checked,,Read by OCR,1,941,
GEM/2025/B/5797550,7351659.0,Unclassified,,0,,Not checked,,Read by OCR,2,605,
GEM/2025/B/5797889,7352033.0,Unclassified,,0,,Not checked,,Read by OCR,1,706,
GEM/2025/B/5796709,7350737.0,Unclassified,,0,,Not checked,,Read by OCR,9,2832,
GEM/2025/B/5788934,7341975.0,Unclassified,,0,,Not checked,,Read by OCR,20,32439,
GEM/2025/B/5798471,7352685.0,Unclassified,,0,,Not checked,,Read by OCR,6,12945,
GEM/2025/B/5800776,7355230.0,Unclassified,,0,,Not checked,,Read by OCR,1,1363,
GEM/2025/B/5801170,7355674.0,Unclassified,,0,,Not checked,,Read by OCR,1,2495,
GEM/2025/B/5800866,7355330.0,Unclassified,,0,,Not checked,,Read by OCR,2,5183,
GEM/2025/B/5802845,7357528.0,Unclassified,,0,,Not checked,,Read by OCR,2,1267,
GEM/2025/B/5802577,7357249.0,Unclassified,,0,,Not checked,,Not extractable,8,13,
GEM/2025/B/5799538,7353855.0,TXD — Textile Department,IS 16186; IS 2813,2,,No,,Read by OCR,14,19686,
GEM/2025/B/5807821,7362995.0,Unclassified,,0,,Not checked,,Read by OCR,2,3341,
GEM/2025/B/5807699,7362856.0,Unclassified,,0,,Not checked,,Read by OCR,4,3770,
GEM/2025/B/5808876,7364190.0,Unclassified,,0,,Not checked,,Read by OCR,2,588,
GEM/2025/B/5808969,7364305.0,Unclassified,,0,,Not checked,,Read by OCR,2,3960,
GEM/2025/B/5811199,7366796.0,Unclassified,,0,,Not checked,,Read by OCR,1,2201,
GEM/2025/B/5811798,7367497.0,Unclassified,,0,,Not checked,,Not extractable,1,86,
GEM/2025/B/5813413,7369353.0,Unclassified,,0,,Not checked,,Not extractable,1,134,
GEM/2025/B/5812582,7368332.0,Unclassified,,0,,Not checked,,Read by OCR,4,4459,
GEM/2025/B/5815428,7371637.0,Unclassified,,0,,Not checked,,Read by OCR,1,695,
GEM/2025/B/5805277,7360204.0,Unclassified,,0,,Not checked,,Read by OCR,14,20048,
GEM/2025/B/5817118,7373546.0,Unclassified,,0,,Not checked,,Read by OCR,1,503,
GEM/2025/B/5800624,7355060.0,MSD — Management System Department,IS 2500 (Part-I),1,,No,,Read by OCR,24,37805,
GEM/2025/B/5813524,7369485.0,MSD — Management System Department,IS 2500 (Part-I),1,,No,,Read by OCR,12,16686,
GEM/2025/B/5819747,7376456.0,Unclassified,,0,,Not checked,,Read by OCR,1,375,
GEM/2025/B/5820293,7377049.0,Unclassified,,0,,Not checked,,Not extractable,1,49,
GEM/2025/B/5816802,7373189.0,Unclassified,,0,,Not checked,,Read by OCR,15,28591,
GEM/2025/B/5820709,7377503.0,Unclassified,,0,,Not checked,,Read by OCR,1,252,IS 60947
GEM/2025/B/5825093,7382404.0,Unclassified,,0,,Not checked,,Read by OCR,4,332,
GEM/2025/B/5825829,7383236.0,Unclassified,,0,,Not checked,,Read by OCR,1,1285,
GEM/2025/B/5826652,7384154.0,Unclassified,,0,,Not checked,,Read by OCR,1,1240,
GEM/2025/B/5817491,7373973.0,FAD — Food And Agriculture Department,IS 7464; IS 253; IS 7224; IS 1166; IS 1165; IS 873; IS 874; IS 1483,8,IS 7464 (Withdrawn); IS 1166 (Superseded); IS 1165 (Superseded); IS 873 (Withdrawn); IS 874 (Withdrawn); IS 1483 (Withdrawn),Yes,,Read by OCR,24,42729,IS 1320
GEM/2025/B/5826708,7384214.0,PGD — Production And General Engineering Department,IS 2102; IS 4218,2,,No,,Read by OCR,12,12698,
GEM/2025/B/5776375,7327382.0,Unclassified,,0,,Not checked,,Read by OCR,84,284794,
GEM/2025/B/5828500,7386209.0,Unclassified,,0,,Not checked,,Read by OCR,2,1048,
GEM/2025/B/5829951,7387772.0,Unclassified,,0,,Not checked,,Read by OCR,1,228,
GEM/2025/B/5832972,7391150.0,Unclassified,,0,,Not checked,,Read by OCR,1,449,
GEM/2025/B/5819111,7375777.0,Unclassified,,0,,Not checked,,Read by OCR,40,93021,
GEM/2025/B/5821114,7377986.0,Unclassified,,0,,Not checked,,Read by OCR,36,73451,
GEM/2025/B/5827534,7385153.0,Unclassified,,0,,Not checked,,Read by OCR,22,45405,
GEM/2025/B/5836474,7395018.0,Unclassified,,0,,Not checked,,Not extractable,1,164,
GEM/2025/B/5836516,7395062.0,Unclassified,,0,,Not checked,,Read by OCR,1,1083,
GEM/2025/B/5837623,7396333.0,Unclassified,,0,,Not checked,,Read by OCR,1,909,
GEM/2025/B/5836310,7394836.0,Unclassified,,0,,Not checked,,Read by OCR,2,1723,
GEM/2025/B/5838352,7397152.0,Unclassified,,0,,Not checked,,Read by OCR,1,1301,
GEM/2025/B/5840546,7399654.0,Unclassified,,0,,Not checked,,Not extractable,2,156,
GEM/2025/B/5827795,7385443.0,Unclassified,,0,,Not checked,,Read by OCR,12,17945,
GEM/2025/B/5846528,7406435.0,Unclassified,,0,,Not checked,,Not extractable,1,117,
GEM/2025/B/5845971,7405824.0,Unclassified,,0,,Not checked,,Read by OCR,3,5011,
GEM/2025/B/5846615,7406543.0,Unclassified,,0,,Not checked,,Read by OCR,1,2082,
GEM/2025/B/5843608,7403210.0,Unclassified,,0,,Not checked,,Read by OCR,9,18562,
GEM/2025/B/5839968,7398957.0,Unclassified,,0,,Not checked,,Read by OCR,9,12696,
GEM/2025/B/5833833,7392074.0,CHD — Chemical Department,IS 138; IS 301; IS 460 (Part 1); IS 5088,4,IS 138 (Withdrawn),Yes,,Read by OCR,12,12697,
GEM/2025/B/5849651,7409824.0,Unclassified,,0,,Not checked,,Read by OCR,3,1360,
GEM/2025/B/5848656,7408776.0,Unclassified,,0,,Not checked,,Read by OCR,4,3324,
GEM/2025/B/5850358,7410606.0,Unclassified,,0,,Not checked,,Read by OCR,1,470,
GEM/2025/B/5850938,7411240.0,Unclassified,,0,,Not checked,,Read by OCR,4,5155,
GEM/2025/B/5850823,7411110.0,Unclassified,,0,,Not checked,,Read by OCR,5,6516,
GEM/2025/B/5847725,7407772.0,Unclassified,,0,,Not checked,,Read by OCR,16,25275,
GEM/2025/B/5852679,7413182.0,Unclassified,,0,,Not checked,,Read by OCR,1,1948,
GEM/2025/B/5848995,7409137.0,Unclassified,,0,,Not checked,,Read by OCR,4,7830,
GEM/2025/B/5851192,7411519.0,Unclassified,,0,,Not checked,,Read by OCR,2,2393,
GEM/2025/B/5854139,7414804.0,Unclassified,,0,,Not checked,,Read by OCR,1,225,
GEM/2025/B/5854356,7415033.0,Unclassified,,0,,Not checked,,Not extractable,1,113,
GEM/2025/B/5848196,7408281.0,Unclassified,,0,,Not checked,,Read by OCR,16,19570,
GEM/2025/B/5856510,7417479.0,Unclassified,,0,,Not checked,,Not extractable,0,0,
GEM/2025/B/5855422,7416225.0,Unclassified,,0,,Not checked,,Read by OCR,1,1284,
GEM/2025/B/5856868,7417886.0,Unclassified,,0,,Not checked,,Not extractable,1,155,
GEM/2025/B/5854568,7415272.0,Unclassified,,0,,Not checked,,Read by OCR,2,2396,
GEM/2025/B/5854888,7415624.0,Unclassified,,0,,Not checked,,Read by OCR,4,3016,
GEM/2025/B/5856578,7417556.0,Unclassified,,0,,Not checked,,Read by OCR,3,2946,
GEM/2025/B/5857251,7418319.0,Unclassified,,0,,Not checked,,Read by OCR,2,3127,
GEM/2025/B/5859010,7420246.0,Unclassified,,0,,Not checked,,Read by OCR,2,302,
GEM/2025/B/5856171,7417085.0,Unclassified,,0,,Not checked,,Read by OCR,6,4813,
GEM/2025/B/5857495,7418586.0,Unclassified,,0,,Not checked,,Read by OCR,2,2305,
GEM/2025/B/5863509,7425210.0,Unclassified,,0,,Not checked,,Read by OCR,3,4704,
GEM/2025/B/5861305,7422743.0,"PCD — Petroleum, Coal And Related Products Department",IS 13360 (Pt-5/Sec-1),1,,No,,Read by OCR,6,6509,
GEM/2025/B/5865743,7427718.0,Unclassified,,0,,Not checked,,Read by OCR,3,7866,
GEM/2025/B/5856962,7417991.0,PGD — Production And General Engineering Department,IS 2102; IS 2500 (Part-I),2,,No,,Read by OCR,12,14394,
GEM/2025/B/5866952,7429054.0,MTD — Metallurgical Engineering Department,IS 5517,1,,No,,Read by OCR,2,1877,
GEM/2025/B/5864903,7426784.0,Unclassified,,0,,Not checked,,Read by OCR,9,13607,
GEM/2025/B/5867289,7429442.0,Unclassified,,0,,Not checked,,Read by OCR,1,1511,
GEM/2025/B/5868569,7430913.0,Unclassified,,0,,Not checked,,Not extractable,1,134,
GEM/2025/B/5869144,7431538.0,Unclassified,,0,,Not checked,,Read by OCR,2,323,
GEM/2025/B/5869279,7431694.0,Unclassified,,0,,Not checked,,Not extractable,1,72,
GEM/2025/B/5869455,7431890.0,Unclassified,,0,,Not checked,,Read by OCR,1,393,
GEM/2025/B/5866410,7428449.0,Unclassified,,0,,Not checked,,Read by OCR,6,8783,
GEM/2025/B/5870486,7433022.0,Unclassified,,0,,Not checked,,Not extractable,1,84,
GEM/2025/B/5872375,7435316.0,Unclassified,,0,,Not checked,,Read by OCR,1,233,
GEM/2025/B/5858337,7419518.0,Unclassified,,0,,Not checked,,Read by OCR,24,4131,
GEM/2025/B/5873328,7436417.0,Unclassified,,0,,Not checked,,Read by OCR,4,1151,
GEM/2025/B/5874039,7437202.0,Unclassified,,0,,Not checked,,Read by OCR,1,937,
GEM/2025/B/5875966,7439394.0,Unclassified,,0,,Not checked,,Read by OCR,1,2704,
GEM/2025/B/5867192,7429336.0,Unclassified,,0,,Not checked,,Read by OCR,12,19414,
GEM/2025/B/5876551,7440055.0,Unclassified,,0,,Not checked,,Read by OCR,1,609,
GEM/2025/B/5876007,7439442.0,Unclassified,,0,,Not checked,,Read by OCR,4,2133,
GEM/2025/B/5876975,7440513.0,Unclassified,,0,,Not checked,,Read by OCR,1,2012,
GEM/2025/B/5876768,7440293.0,Unclassified,,0,,Not checked,,Read by OCR,2,4889,
GEM/2025/B/5878129,7441807.0,Unclassified,,0,,Not checked,,Read by OCR,4,4190,
GEM/2025/B/5875741,7439129.0,FAD — Food And Agriculture Department,IS 2785; IS 2034,2,IS 2785 (Withdrawn); IS 2034 (Withdrawn),Yes,,Read by OCR,12,21017,
GEM/2025/B/5878225,7441918.0,Unclassified,,0,,Not checked,,Read by OCR,1,1764,
GEM/2025/B/5880554,7444395.0,Unclassified,,0,,Not checked,,Read by OCR,1,308,
GEM/2025/B/5877708,7441323.0,Unclassified,,0,,Not checked,,Read by OCR,6,12469,
GEM/2025/B/5881368,7445311.0,Unclassified,,0,,Not checked,,Read by OCR,1,888,
GEM/2025/B/5882457,7446526.0,Unclassified,,0,,Not checked,,Read by OCR,1,335,
GEM/2025/B/5878298,7442001.0,Unclassified,,0,,Not checked,,Read by OCR,3,4628,
GEM/2025/B/5885116,7449468.0,Unclassified,,0,,Not checked,,Read by OCR,1,1334,
GEM/2025/B/5885418,7449801.0,CED — Civil Engineering Department,IS 2190,1,,No,,Read by OCR,1,3135,
GEM/2025/B/5886467,7450961.0,Unclassified,,0,,Not checked,,Read by OCR,2,541,
GEM/2025/B/5883920,7448162.0,Unclassified,,0,,Not checked,,Read by OCR,15,30681,
GEM/2025/B/5886667,7451187.0,PGD — Production And General Engineering Department,IS 1363; IS 206,2,IS 206 (Superseded),Yes,,Read by OCR,9,8597,
GEM/2025/B/5886762,7451292.0,Unclassified,,0,,Not checked,,Read by OCR,1,1238,
GEM/2025/B/5887181,7451764.0,Unclassified,,0,,Not checked,,Read by OCR,5,8338,
GEM/2025/B/5887502,7452127.0,Unclassified,,0,,Not checked,,Read by OCR,1,504,
GEM/2025/B/5887524,7452149.0,Unclassified,,0,,Not checked,,Not extractable,1,114,
GEM/2025/B/5887891,7452555.0,Unclassified,,0,,Not checked,,Not extractable,1,184,
GEM/2025/B/5889705,7454571.0,Unclassified,,0,,Not checked,,Not extractable,1,145,
GEM/2025/B/5864521,7426368.0,Unclassified,,0,,Not checked,,Read by OCR,48,110587,
GEM/2025/B/5889850,7454731.0,Unclassified,,0,,Not checked,,Read by OCR,1,790,
GEM/2025/B/5891983,7457154.0,Unclassified,,0,,Not checked,,Not extractable,1,129,
GEM/2025/B/5889731,7454603.0,ETD — Electrotechnical Department,IS 13369,1,,No,,Read by OCR,3,1394,
GEM/2025/B/5892750,7458006.0,Unclassified,,0,,Not checked,,Read by OCR,1,969,
GEM/2025/B/5892997,7458285.0,Unclassified,,0,,Not checked,,Read by OCR,1,1039,
GEM/2025/B/5893906,7459292.0,Unclassified,,0,,Not checked,,Read by OCR,1,645,
GEM/2025/B/5881771,7445764.0,Unclassified,,0,,Not checked,,Read by OCR,29,55086,
GEM/2025/B/5894636,7460098.0,Unclassified,,0,,Not checked,,Read by OCR,1,1237,
GEM/2025/B/5895032,7460531.0,Unclassified,,0,,Not checked,,Read by OCR,4,6721,IS 60947
GEM/2025/B/5886769,7451299.0,Unclassified,,0,,Not checked,,Read by OCR,24,61362,
GEM/2025/B/5895470,7461025.0,Unclassified,,0,,Not checked,,Read by OCR,2,3497,
GEM/2025/B/5896754,7462493.0,Unclassified,,0,,Not checked,,Read by OCR,1,984,
GEM/2025/B/5893592,7458946.0,Unclassified,,0,,Not checked,,Read by OCR,12,34518,
GEM/2025/B/5896801,7462542.0,Unclassified,,0,,Not checked,,Read by OCR,1,878,
GEM/2025/B/5900712,7466908.0,Unclassified,,0,,Not checked,,Read by OCR,1,354,
GEM/2025/B/5900864,7467116.0,Unclassified,,0,,Not checked,,Read by OCR,1,637,
GEM/2025/B/5897606,7463451.0,Unclassified,,0,,Not checked,,Read by OCR,3,3620,
GEM/2025/B/5901138,7467472.0,MTD — Metallurgical Engineering Department,IS 2629,1,,No,,Read by OCR,2,276,
GEM/2025/B/5899335,7465346.0,CED — Civil Engineering Department,IS 8112; IS 811; IS 1786; IS 277; IS 14960; IS 706; IS 1659; IS 303; IS 2681; IS 204 (Par(-); IS 208; IS 6315; IS 1237; IS 4985; IS 13712,15,IS 8112 (Withdrawn); IS 706 (Withdrawn); IS 1659 (Superseded); IS 303 (Superseded),Yes,,Read by OCR,4,5301,
GEM/2025/B/5903292,7469991.0,Unclassified,,0,,Not checked,,Read by OCR,2,261,
GEM/2025/B/5894213,7459639.0,Unclassified,,0,,Not checked,,Read by OCR,14,48377,
GEM/2025/B/5905127,7472107.0,Unclassified,,0,,Not checked,,Read by OCR,3,3569,
GEM/2025/B/5902036,7468541.0,MTD — Metallurgical Engineering Department,IS 1239; IS 1219 (Part-I); IS 1239 (Part-I),3,,No,,Read by OCR,6,4884,
GEM/2025/B/5905650,7472703.0,Unclassified,,0,,Not checked,,Not extractable,1,106,
GEM/2025/B/5905427,7472454.0,Unclassified,,0,,Not checked,,Read by OCR,2,4588,
GEM/2025/B/5902605,7469213.0,Unclassified,,0,,Not checked,,Read by OCR,11,13762,
GEM/2025/B/5905679,7472732.0,Unclassified,,0,,Not checked,,Read by OCR,4,3955,
GEM/2025/B/5910977,7478559.0,Unclassified,,0,,Not checked,,Read by OCR,1,700,
GEM/2025/B/5914685,7482656.0,Unclassified,,0,,Not checked,,Read by OCR,2,2095,
GEM/2025/B/5908534,7475867.0,Unclassified,,0,,Not checked,,Read by OCR,6,5238,
GEM/2025/B/5915098,7483121.0,Unclassified,,0,,Not checked,,Read by OCR,1,597,
GEM/2025/B/5914942,7482954.0,Unclassified,,0,,Not checked,,Read by OCR,2,764,
GEM/2025/B/5915361,7483408.0,Unclassified,,0,,Not checked,,Not extractable,1,174,
GEM/2025/B/5915531,7483604.0,Unclassified,,0,,Not checked,,Read by OCR,1,296,
GEM/2025/B/5917305,7485584.0,Unclassified,,0,,Not checked,,Read by OCR,1,706,
GEM/2025/B/5917928,7486270.0,Unclassified,,0,,Not checked,,Read by OCR,1,778,
GEM/2025/B/5918275,7486659.0,Unclassified,,0,,Not checked,,Read by OCR,7,10542,
GEM/2025/B/5919292,7487768.0,Unclassified,,0,,Not checked,,Not extractable,1,66,
GEM/2025/B/5919550,7488046.0,Unclassified,,0,,Not checked,,Read by OCR,1,690,
GEM/2025/B/5906554,7473691.0,Unclassified,,0,,Not checked,,Read by OCR,10,15132,
GEM/2025/B/5921514,7490253.0,MTD — Metallurgical Engineering Department,IS 4432,1,,No,,Read by OCR,4,2148,
GEM/2025/B/5871544,7434358.0,PGD — Production And General Engineering Department,IS 1367; IS 1364,2,,No,,Read by OCR,73,88995,
GEM/2025/B/5924192,7493233.0,Unclassified,,0,,Not checked,,Read by OCR,3,824,
GEM/2025/B/5925741,7494972.0,Unclassified,,0,,Not checked,,Not extractable,1,133,
GEM/2025/B/5926293,7495604.0,Unclassified,,0,,Not checked,,Not extractable,1,134,
GEM/2025/B/5926089,7495352.0,Unclassified,,0,,Not checked,,Read by OCR,2,558,
GEM/2025/B/5927997,7497528.0,Unclassified,,0,,Not checked,,Not extractable,1,100,
GEM/2025/B/5926979,7496386.0,Unclassified,,0,,Not checked,,Read by OCR,1,1441,
GEM/2025/B/5923338,7492294.0,MTD — Metallurgical Engineering Department,IS 1570; IS 2102,2,IS 1570 (Withdrawn),Yes,,Read by OCR,2,6461,
GEM/2025/B/5928462,7498047.0,Unclassified,,0,,Not checked,,Read by OCR,1,1797,
GEM/2025/B/5928835,7498467.0,Unclassified,,0,,Not checked,,Not extractable,1,51,
GEM/2025/B/5929399,7499085.0,Unclassified,,0,,Not checked,,Not extractable,1,146,
GEM/2025/B/5930040,7499937.0,Unclassified,,0,,Not checked,,Not extractable,1,176,
GEM/2025/B/5928695,7498311.0,Unclassified,,0,,Not checked,,Read by OCR,4,615,
GEM/2025/B/5930402,7500392.0,Unclassified,,0,,Not checked,,Read by OCR,2,3032,
GEM/2025/B/5930974,7501079.0,Unclassified,,0,,Not checked,,Not extractable,3,128,
GEM/2025/B/5930100,7500023.0,Unclassified,,0,,Not checked,,Read by OCR,1,1174,
GEM/2025/B/5932340,7502679.0,Unclassified,,0,,Not checked,,Read by OCR,1,2637,
GEM/2025/B/5932622,7503010.0,Unclassified,,0,,Not checked,,Read by OCR,2,1843,
GEM/2025/B/5918117,7486482.0,MED — Mechanical Engineering Department,IS 8034,1,,No,,Read by OCR,24,48347,
GEM/2025/B/5928705,7498322.0,Unclassified,,0,,Not checked,,Read by OCR,12,36954,
GEM/2025/B/5939937,7511234.0,Unclassified,,0,,Not checked,,Read by OCR,1,375,
GEM/2025/B/5932842,7503262.0,Unclassified,,0,,Not checked,,Read by OCR,3,3266,
GEM/2025/B/5944211,7515940.0,Unclassified,,0,,Not checked,,Read by OCR,1,446,
GEM/2025/B/5932387,7502737.0,Unclassified,,0,,Not checked,,Read by OCR,10,24769,
GEM/2025/B/5940007,7511322.0,Unclassified,,0,,Not checked,,Read by OCR,1,1847,
GEM/2025/B/5908476,7475801.0,Unclassified,,0,,Not checked,,Read by OCR,32,108687,
GEM/2025/B/5945283,7517164.0,Unclassified,,0,,Not checked,,Read by OCR,3,4429,
GEM/2025/B/5947006,7519069.0,Unclassified,,0,,Not checked,,Read by OCR,1,1022,
GEM/2025/B/5947496,7519608.0,Unclassified,,0,,Not checked,,Not extractable,1,162,
GEM/2025/B/5946767,7518806.0,Unclassified,,0,,Not checked,,Read by OCR,2,1879,
GEM/2025/B/5946347,7518350.0,TXD — Textile Department,IS 390 (RA 2008); IS 1964; IS 1966; IS 105,4,IS 105 (Withdrawn),Yes,,Read by OCR,8,4516,
GEM/2025/B/5948601,7520808.0,Unclassified,,0,,Not checked,,Not extractable,2,144,
GEM/2025/B/5932645,7503034.0,CED — Civil Engineering Department,IS 2202 (Part I); IS 15622; IS 13592; IS 5382; IS 7231,5,IS 15622 (Superseded),Yes,,Read by OCR,24,52538,
GEM/2025/B/5945429,7517335.0,Unclassified,,0,,Not checked,,Read by OCR,14,50465,
GEM/2025/B/5948559,7520764.0,Unclassified,,0,,Not checked,,Read by OCR,14,36507,
GEM/2025/B/5952229,7524924.0,Unclassified,,0,,Not checked,,Read by OCR,1,909,
GEM/2025/B/5950030,7522444.0,PGD — Production And General Engineering Department,IS 2102 (PT-1); IS 5905,2,,No,,Read by OCR,15,38259,
GEM/2025/B/5952385,7525098.0,Unclassified,,0,,Not checked,,Read by OCR,1,1325,
GEM/2025/B/5950385,7522848.0,Unclassified,,0,,Not checked,,Read by OCR,5,11009,
GEM/2025/B/5952221,7524916.0,Unclassified,,0,,Not checked,,Read by OCR,5,11744,
GEM/2025/B/5953000,7525770.0,Unclassified,,0,,Not checked,,Read by OCR,1,2105,
GEM/2025/B/5955495,7528589.0,Unclassified,,0,,Not checked,,Not extractable,3,156,
GEM/2025/B/5958960,7532491.0,Unclassified,,0,,Not checked,,Not extractable,2,12,
GEM/2025/B/5959450,7533045.0,Unclassified,,0,,Not checked,,Read by OCR,1,1307,
GEM/2025/B/5960658,7534533.0,Unclassified,,0,,Not checked,,Not extractable,1,157,
GEM/2025/B/5955439,7528515.0,Unclassified,,0,,Not checked,,Read by OCR,3,5686,
GEM/2025/B/5956205,7529386.0,Unclassified,,0,,Not checked,,Read by OCR,4,4487,
GEM/2025/B/5961885,7535970.0,Unclassified,,0,,Not checked,,Read by OCR,1,721,
GEM/2025/B/5962267,7536418.0,Unclassified,,0,,Not checked,,Read by OCR,1,1811,
GEM/2025/B/5963471,7537823.0,Unclassified,,0,,Not checked,,Not extractable,1,89,
GEM/2025/B/5962405,7536579.0,Unclassified,,0,,Not checked,,Read by OCR,3,3799,
GEM/2025/B/5968031,7542974.0,Unclassified,,0,,Not checked,,Read by OCR,5,1694,
GEM/2025/B/5947531,7519645.0,Unclassified,,0,,Not checked,,Read by OCR,28,49099,
GEM/2025/B/5960785,7534685.0,MSD — Management System Department,IS 2500,1,,No,,Read by OCR,7,15685,
GEM/2025/B/5969817,7544961.0,Unclassified,,0,,Not checked,,Read by OCR,1,968,
GEM/2025/B/5970212,7545398.0,PGD — Production And General Engineering Department,IS 2102 (MED),1,,No,,Read by OCR,2,1322,
GEM/2025/B/5971766,7547129.0,Unclassified,,0,,Not checked,,Read by OCR,1,2117,
GEM/2025/B/5972160,7547577.0,Unclassified,,0,,Not checked,,Read by OCR,2,1534,
GEM/2025/B/5965375,7540061.0,MTD — Metallurgical Engineering Department,IS 1865; IS 210,2,,No,,Read by OCR,15,37892,
GEM/2025/B/5973305,7548812.0,Unclassified,,0,,Not checked,,Read by OCR,4,4671,
GEM/2025/B/5976542,7552523.0,Unclassified,,0,,Not checked,,Read by OCR,1,1028,
GEM/2025/B/5952607,7525349.0,MTD — Metallurgical Engineering Department,IS 280; IS 7887; IS 1608; IS 1755; IS 9550; IS 1154; IS 5986,7,IS 9550 (Superseded),Yes,,Read by OCR,30,41219,
GEM/2025/B/5977432,7553525.0,Unclassified,,0,,Not checked,,Read by OCR,1,2694,
GEM/2025/B/5968648,7543645.0,Unclassified,,0,,Not checked,,Read by OCR,17,42984,
GEM/2025/B/5978728,7554944.0,Unclassified,,0,,Not checked,,Read by OCR,1,1129,
GEM/2025/B/5978960,7555213.0,Unclassified,,0,,Not checked,,Read by OCR,1,608,
GEM/2025/B/5979250,7555543.0,Unclassified,,0,,Not checked,,Read by OCR,2,2194,
GEM/2025/B/5977757,7553878.0,Unclassified,,0,,Not checked,,Read by OCR,4,9872,
GEM/2025/B/5979734,7556069.0,Unclassified,,0,,Not checked,,Read by OCR,1,434,
GEM/2025/B/5972585,7548025.0,Unclassified,,0,,Not checked,,Read by OCR,16,20995,
GEM/2025/B/5979913,7556278.0,Unclassified,,0,,Not checked,,Read by OCR,1,403,
GEM/2025/B/5976549,7552530.0,Unclassified,,0,,Not checked,,Read by OCR,12,16457,
GEM/2025/B/5979756,7556093.0,Unclassified,,0,,Not checked,,Read by OCR,8,9735,
GEM/2025/B/5981555,7558128.0,Unclassified,,0,,Not checked,,Read by OCR,4,4447,
GEM/2025/B/5979763,7556100.0,MTD — Metallurgical Engineering Department,IS 2062; IS 1852; IS 1500,3,,No,,Read by OCR,8,15077,
GEM/2025/B/5984101,7560955.0,Unclassified,,0,,Not checked,,Read by OCR,2,2654,
GEM/2025/B/5984553,7561466.0,Unclassified,,0,,Not checked,,Not extractable,6,0,
GEM/2025/B/5985116,7562127.0,Unclassified,,0,,Not checked,,Read by OCR,1,811,
GEM/2025/B/5985275,7562311.0,Unclassified,,0,,Not checked,,Read by OCR,2,1205,
GEM/2025/B/5985902,7563023.0,Unclassified,,0,,Not checked,,Read by OCR,2,1884,
GEM/2025/B/5980139,7556536.0,Unclassified,,0,,Not checked,,Read by OCR,12,36993,
GEM/2025/B/5968430,7543399.0,Unclassified,,0,,Not checked,,Read by OCR,36,74396,
GEM/2025/B/5988086,7565502.0,Unclassified,,0,,Not checked,,Not extractable,1,41,
GEM/2025/B/5990776,7568769.0,Unclassified,,0,,Not checked,,Not extractable,1,135,
GEM/2025/B/5990404,7568333.0,PGD — Production And General Engineering Department,IS 715 (latest),1,,No,,Read by OCR,8,3363,
GEM/2025/B/5994045,7572534.0,Unclassified,,0,,Not checked,,Read by OCR,3,244,
GEM/2025/B/5995093,7573723.0,Unclassified,,0,,Not checked,,Read by OCR,1,1247,
GEM/2025/B/5984423,7561332.0,Unclassified,,0,,Not checked,,Read by OCR,6,2147,
GEM/2025/B/5995744,7574442.0,Unclassified,,0,,Not checked,,Read by OCR,1,1827,
GEM/2025/B/5997564,7576498.0,Unclassified,,0,,Not checked,,Read by OCR,3,668,
GEM/2025/B/5999942,7579143.0,Unclassified,,0,,Not checked,,Read by OCR,1,584,
GEM/2025/B/5998080,7577056.0,Unclassified,,0,,Not checked,,Read by OCR,2,2112,
GEM/2025/B/5991738,7569859.0,Unclassified,,0,,Not checked,,Read by OCR,12,17638,
GEM/2025/B/6000048,7579271.0,Unclassified,,0,,Not checked,,Read by OCR,4,4150,
GEM/2025/B/6001450,7580896.0,Unclassified,,0,,Not checked,,Read by OCR,3,2460,
GEM/2025/B/6001594,7581052.0,Unclassified,,0,,Not checked,,Read by OCR,1,829,
GEM/2025/B/5985295,7562335.0,Unclassified,,0,,Not checked,,Read by OCR,29,31673,
GEM/2025/B/6000703,7580036.0,Unclassified,,0,,Not checked,,Read by OCR,5,15122,
GEM/2025/B/5987481,7564804.0,Unclassified,,0,,Not checked,,Read by OCR,20,9203,
GEM/2025/B/6002343,7581935.0,Unclassified,,0,,Not checked,,Read by OCR,2,2908,
GEM/2025/B/6002911,7582568.0,Unclassified,,0,,Not checked,,Read by OCR,2,2251,
GEM/2025/B/6003674,7583437.0,Unclassified,,0,,Not checked,,Read by OCR,2,3493,
GEM/2025/B/6000239,7579503.0,Unclassified,,0,,Not checked,,Read by OCR,12,9886,
GEM/2025/B/6002964,7582624.0,Unclassified,,0,,Not checked,,Read by OCR,3,2416,
GEM/2025/B/6007667,7587987.0,Unclassified,,0,,Not checked,,Read by OCR,1,2259,
GEM/2025/B/6009810,7590398.0,Unclassified,,0,,Not checked,,Read by OCR,1,843,
GEM/2025/B/6006383,7586566.0,Unclassified,,0,,Not checked,,Read by OCR,5,3870,
GEM/2025/B/6009982,7590587.0,Unclassified,,0,,Not checked,,Read by OCR,1,531,
GEM/2025/B/6010226,7590860.0,Unclassified,,0,,Not checked,,Read by OCR,3,1087,
GEM/2025/B/6011693,7592548.0,Unclassified,,0,,Not checked,,Read by OCR,2,349,
GEM/2025/B/6010265,7590900.0,Unclassified,,0,,Not checked,,Read by OCR,2,2856,
GEM/2025/B/6007709,7588030.0,Unclassified,,0,,Not checked,,Read by OCR,5,4555,
GEM/2025/B/6012953,7593968.0,Unclassified,,0,,Not checked,,Read by OCR,1,801,
GEM/2025/B/6015417,7596992.0,Unclassified,,0,,Not checked,,Not extractable,1,187,
GEM/2025/B/6013872,7595076.0,Unclassified,,0,,Not checked,,Read by OCR,3,294,
GEM/2025/B/6015589,7597201.0,Unclassified,,0,,Not checked,,Read by OCR,2,277,
GEM/2025/B/6015995,7597652.0,Unclassified,,0,,Not checked,,Read by OCR,2,1251,
GEM/2025/B/6016143,7597815.0,Unclassified,,0,,Not checked,,Read by OCR,1,282,
GEM/2025/B/6006930,7587180.0,MED — Mechanical Engineering Department,IS 3615; IS 732; IS 659; IS 660; IS 1554,5,IS 659 (Withdrawn); IS 660 (Withdrawn),Yes,,Read by OCR,9,23841,
GEM/2025/B/6016272,7597969.0,Unclassified,,0,,Not checked,,Read by OCR,2,3287,
GEM/2025/B/6015784,7597415.0,Unclassified,,0,,Not checked,,Read by OCR,4,10743,
GEM/2025/B/6010396,7591041.0,Unclassified,,0,,Not checked,,Read by OCR,10,16327,
GEM/2025/B/6016677,7598436.0,Unclassified,,0,,Not checked,,Read by OCR,4,3295,
GEM/2025/B/6017390,7599275.0,Unclassified,,0,,Not checked,,Read by OCR,1,2142,
GEM/2025/B/6011835,7592702.0,Unclassified,,0,,Not checked,,Read by OCR,7,11681,
GEM/2025/B/6017604,7599532.0,Unclassified,,0,,Not checked,,Read by OCR,1,875,
GEM/2025/B/6017534,7599450.0,Unclassified,,0,,Not checked,,Read by OCR,2,2511,
GEM/2025/B/6020109,7602359.0,Unclassified,,0,,Not checked,,Read by OCR,1,826,
GEM/2025/B/6017691,7599633.0,Unclassified,,0,,Not checked,,Read by OCR,1,2217,
GEM/2025/B/6018174,7600174.0,Unclassified,,0,,Not checked,,Read by OCR,1,798,
GEM/2025/B/6023712,7606380.0,Unclassified,,0,,Not checked,,Read by OCR,2,1522,
GEM/2025/B/6023420,7606049.0,Unclassified,,0,,Not checked,,Read by OCR,3,1607,
GEM/2025/B/6021652,7604089.0,Unclassified,,0,,Not checked,,Read by OCR,3,6335,
GEM/2025/B/6026806,7609874.0,Unclassified,,0,,Not checked,,Read by OCR,1,918,
GEM/2025/B/6027696,7610896.0,Unclassified,,0,,Not checked,,Not extractable,1,117,
GEM/2025/B/6027555,7610736.0,Unclassified,,0,,Not checked,,Read by OCR,1,1577,
GEM/2025/B/6029568,7613044.0,Unclassified,,0,,Not checked,,Read by OCR,1,1375,
GEM/2025/B/6023284,7605902.0,Unclassified,,0,,Not checked,,Read by OCR,4,10474,
GEM/2025/B/6031939,7615757.0,Unclassified,,0,,Not checked,,Read by OCR,1,995,
GEM/2025/B/6032484,7616382.0,Unclassified,,0,,Not checked,,Read by OCR,1,412,
GEM/2025/B/6028418,7611724.0,PGD — Production And General Engineering Department,IS 2102,1,,No,,Read by OCR,2,5511,
GEM/2025/B/6025455,7608368.0,PGD — Production And General Engineering Department,IS 2062; IS 1461; IS 10714; IS 10714 (Part20); IS 10714 (Part21),5,,No,,Read by OCR,12,13914,
GEM/2025/B/6033241,7617265.0,Unclassified,,0,,Not checked,,Read by OCR,7,15894,
GEM/2025/B/6032533,7616436.0,Unclassified,,0,,Not checked,,Read by OCR,12,38539,
GEM/2025/B/6032277,7616131.0,CED — Civil Engineering Department,IS 3513; IS 1708; IS 1736; IS 1998,4,,No,,Read by OCR,12,17792,
GEM/2025/B/6035703,7620026.0,Unclassified,,0,,Not checked,,Read by OCR,4,4582,
GEM/2025/B/6037615,7622194.0,Unclassified,,0,,Not checked,,Read by OCR,1,444,
GEM/2025/B/6035261,7619526.0,Unclassified,,0,,Not checked,,Read by OCR,7,14097,
GEM/2025/B/6037860,7622473.0,Unclassified,,0,,Not checked,,Read by OCR,2,3091,
GEM/2025/B/6033365,7617399.0,PGD — Production And General Engineering Department,IS 2102; IS 2500 (Part-I),2,,No,,Read by OCR,12,15614,
GEM/2025/B/6037900,7622521.0,PGD — Production And General Engineering Department,IS 2102,1,,No,,Read by OCR,2,2154,
GEM/2025/B/6038659,7623397.0,PGD — Production And General Engineering Department,IS 696; IS 5517; IS 3073,3,IS 696 (Withdrawn),Yes,,Read by OCR,5,10034,
GEM/2025/B/6039593,7624490.0,Unclassified,,0,,Not checked,,Read by OCR,1,806,
GEM/2025/B/6039621,7624524.0,Unclassified,,0,,Not checked,,Not extractable,1,99,
GEM/2025/B/6039644,7624549.0,Unclassified,,0,,Not checked,,Not extractable,1,99,
GEM/2025/B/6040549,7625585.0,Unclassified,,0,,Not checked,,Read by OCR,2,1549,
GEM/2025/B/6039473,7624346.0,MTD — Metallurgical Engineering Department,IS 277; IS 14246; IS 4923; IS 806; IS 800; IS 694; IS 9537; IS 3043; IS 13032,9,IS 14246 (Superseded),Yes,,Read by OCR,12,14552,
GEM/2025/B/6016953,7598754.0,Unclassified,,0,,Not checked,,Read by OCR,43,95268,
GEM/2025/B/6042045,7627597.0,Unclassified,,0,,Not checked,,Read by OCR,2,5632,
GEM/2025/B/6044295,7630305.0,Unclassified,,0,,Not checked,,Read by OCR,4,6221,
GEM/2025/B/6044055,7630010.0,Unclassified,,0,,Not checked,,Read by OCR,12,13769,
GEM/2025/B/6048098,7634558.0,Unclassified,,0,,Not checked,,Not extractable,1,140,
GEM/2025/B/6048750,7635274.0,Unclassified,,0,,Not checked,,Read by OCR,1,279,
GEM/2025/B/6037418,7621962.0,MTD — Metallurgical Engineering Department,IS 734,1,,No,,Read by OCR,24,79957,
GEM/2025/B/6049274,7635847.0,ETD — Electrotechnical Department,IS 3624,1,,No,,Read by OCR,1,827,
GEM/2025/B/6040765,7625883.0,Unclassified,,0,,Not checked,,Read by OCR,24,24483,
GEM/2025/B/6050117,7636775.0,Unclassified,,0,,Not checked,,Read by OCR,3,3038,
GEM/2025/B/6050683,7637404.0,Unclassified,,0,,Not checked,,Read by OCR,4,3868,
GEM/2025/B/6050700,7637423.0,Unclassified,,0,,Not checked,,Read by OCR,1,1763,
GEM/2025/B/6051209,7637996.0,Unclassified,,0,,Not checked,,Read by OCR,1,1769,
GEM/2025/B/6038689,7623435.0,MTD — Metallurgical Engineering Department,IS 2507; IS 6821 (Table-1); IS 6821; IS 250; IS 3618; IS 335; IS 330; IS 245,8,,No,,Read by OCR,27,36080,
GEM/2025/B/6049139,7635698.0,Unclassified,,0,,Not checked,,Read by OCR,10,12125,
GEM/2025/B/6046790,7633136.0,Unclassified,,0,,Not checked,,Read by OCR,12,20555,
GEM/2025/B/6051654,7638481.0,Unclassified,,0,,Not checked,,Read by OCR,3,440,
GEM/2025/B/6055365,7642718.0,Unclassified,,0,,Not checked,,Not extractable,1,154,
GEM/2025/B/6061375,7650035.0,Unclassified,,0,,Not checked,,Read by OCR,2,914,
GEM/2025/B/6062275,7651139.0,Unclassified,,0,,Not checked,,Read by OCR,2,296,
GEM/2025/B/6052514,7639466.0,Unclassified,,0,,Not checked,,Read by OCR,6,5783,
GEM/2025/B/6059720,7647934.0,Unclassified,,0,,Not checked,,Read by OCR,5,11143,
GEM/2025/B/6062810,7651759.0,Unclassified,,0,,Not checked,,Read by OCR,1,316,
GEM/2025/B/6064279,7653535.0,Unclassified,,0,,Not checked,,Read by OCR,2,2451,
GEM/2025/B/6062400,7651280.0,Unclassified,,0,,Not checked,,Read by OCR,12,18748,
GEM/2025/B/6049808,7636436.0,Unclassified,,0,,Not checked,,Read by OCR,24,52983,
GEM/2025/B/6065000,7654379.0,Unclassified,,0,,Not checked,,Read by OCR,1,1509,
GEM/2025/B/6066061,7655587.0,Unclassified,,0,,Not checked,,Read by OCR,1,305,
GEM/2025/B/6067981,7657745.0,TXD — Textile Department,IS 15138; IS 14887; IS 1155; IS 460,4,,No,,Read by OCR,6,8138,
GEM/2025/B/6064372,7653643.0,Unclassified,,0,,Not checked,,Read by OCR,16,19809,
GEM/2025/B/6072440,7662903.0,Unclassified,,0,,Not checked,,Not extractable,2,135,
GEM/2025/B/6069361,7659354.0,TXD — Textile Department,IS 1895; IS 171; IS 1954; IS 1964; IS 1963; IS 1969; IS 2454; IS 764; IS 1390; IS 1383,10,IS 2454 (Withdrawn); IS 764 (Withdrawn),Yes,,Read by OCR,6,7155,
GEM/2025/B/6075463,7666452.0,Unclassified,,0,,Not checked,,Read by OCR,2,2208,
GEM/2025/B/6067329,7657004.0,Unclassified,,0,,Not checked,,Read by OCR,14,13701,
GEM/2025/B/6079221,7670936.0,Unclassified,,0,,Not checked,,Read by OCR,2,3064,
GEM/2025/B/6079428,7671185.0,Unclassified,,0,,Not checked,,Read by OCR,1,2224,
GEM/2025/B/6079875,7671724.0,Unclassified,,0,,Not checked,,Not extractable,1,82,
GEM/2025/B/6080622,7672632.0,Unclassified,,0,,Not checked,,Not extractable,1,149,
GEM/2025/B/6064156,7653398.0,TXD — Textile Department,IS 1099; IS 1079,2,,No,,Read by OCR,29,67402,
GEM/2025/B/6081541,7673790.0,Unclassified,,0,,Not checked,,Read by OCR,2,989,
GEM/2025/B/6082073,7674475.0,Unclassified,,0,,Not checked,,Read by OCR,1,1668,
GEM/2025/B/6062020,7650830.0,Unclassified,,0,,Not checked,,Read by OCR,36,112827,
GEM/2025/B/6082581,7675095.0,Unclassified,,0,,Not checked,,Read by OCR,1,796,
GEM/2025/B/6079480,7671249.0,Unclassified,,0,,Not checked,,Read by OCR,12,23141,
GEM/2025/B/6083859,7676616.0,Unclassified,,0,,Not checked,,Read by OCR,1,1429,
GEM/2025/B/6079027,7670716.0,Unclassified,,0,,Not checked,,Read by OCR,14,22527,
GEM/2025/B/6083949,7676721.0,Unclassified,,0,,Not checked,,Read by OCR,1,975,
GEM/2025/B/6084170,7677004.0,Unclassified,,0,,Not checked,,Read by OCR,1,2844,
GEM/2025/B/6084072,7676887.0,Unclassified,,0,,Not checked,,Read by OCR,2,2252,
GEM/2025/B/6085048,7678061.0,Unclassified,,0,,Not checked,,Not extractable,1,66,
GEM/2025/B/6085606,7678699.0,Unclassified,,0,,Not checked,,Read by OCR,1,389,
GEM/2025/B/6084595,7677525.0,Unclassified,,0,,Not checked,,Read by OCR,3,3492,
GEM/2025/B/6082038,7674435.0,Unclassified,,0,,Not checked,,Read by OCR,16,37927,
GEM/2025/B/6083071,7675686.0,Unclassified,,0,,Not checked,,Read by OCR,10,15478,
GEM/2025/B/6088041,7681486.0,Unclassified,,0,,Not checked,,Read by OCR,1,1916,
GEM/2025/B/6089084,7682664.0,Unclassified,,0,,Not checked,,Read by OCR,1,476,
GEM/2025/B/6089448,7683093.0,Unclassified,,0,,Not checked,,Read by OCR,1,1795,
GEM/2025/B/6089639,7683310.0,Unclassified,,0,,Not checked,,Read by OCR,2,2596,
GEM/2025/B/6087155,7680456.0,Unclassified,,0,,Not checked,,Read by OCR,4,8629,
GEM/2025/B/6090174,7683912.0,Unclassified,,0,,Not checked,,Read by OCR,2,4387,
GEM/2025/B/6091102,7684977.0,Unclassified,,0,,Not checked,,Read by OCR,1,545,
GEM/2025/B/6090132,7683866.0,MTD — Metallurgical Engineering Department,IS 696; IS 2102; IS 1572; IS 4454; IS 2507; IS 7814; IS 2500 (PART 1); IS 2102 (16),8,IS 696 (Withdrawn); IS 4454 (Superseded),Yes,,Read by OCR,6,12986,
GEM/2025/B/6091790,7685831.0,CHD — Chemical Department,IS 1747,1,,No,,Read by OCR,2,4198,
GEM/2025/B/6091847,7685893.0,Unclassified,,0,,Not checked,,Read by OCR,1,924,
GEM/2025/B/6090053,7683779.0,PGD — Production And General Engineering Department,IS 10236,1,,No,,Read by OCR,11,10831,
GEM/2025/B/6083142,7675772.0,Unclassified,,0,,Not checked,,Read by OCR,16,57519,
GEM/2025/B/6092998,7687171.0,Unclassified,,0,,Not checked,,Read by OCR,3,2120,
GEM/2025/B/6092984,7687155.0,Unclassified,,0,,Not checked,,Read by OCR,4,5833,
GEM/2025/B/6093467,7687700.0,Unclassified,,0,,Not checked,,Read by OCR,1,2220,
GEM/2025/B/6092896,7687052.0,Unclassified,,0,,Not checked,,Read by OCR,12,20417,
GEM/2025/B/6094916,7689367.0,Unclassified,,0,,Not checked,,Read by OCR,8,16363,
GEM/2025/B/6097310,7692097.0,Unclassified,,0,,Not checked,,Read by OCR,3,701,
GEM/2025/B/6095922,7690513.0,Unclassified,,0,,Not checked,,Read by OCR,12,24057,
GEM/2025/B/6096996,7691741.0,Unclassified,,0,,Not checked,,Read by OCR,7,15253,
GEM/2025/B/6097934,7692835.0,Unclassified,,0,,Not checked,,Read by OCR,2,4059,
GEM/2025/B/6100831,7696185.0,Unclassified,,0,,Not checked,,Read by OCR,2,412,
GEM/2025/B/6101450,7696980.0,Unclassified,,0,,Not checked,,Not extractable,1,106,
GEM/2025/B/6090241,7683985.0,Unclassified,,0,,Not checked,,Read by OCR,24,48539,
GEM/2025/B/6101621,7697178.0,Unclassified,,0,,Not checked,,Not extractable,1,137,
GEM/2025/B/6102124,7697774.0,Unclassified,,0,,Not checked,,Read by OCR,1,1697,
GEM/2025/B/6098345,7693311.0,Unclassified,,0,,Not checked,,Read by OCR,3,6141,
GEM/2025/B/6103004,7698738.0,Unclassified,,0,,Not checked,,Read by OCR,1,227,
GEM/2025/B/6103717,7699532.0,Unclassified,,0,,Not checked,,Read by OCR,1,1697,
GEM/2025/B/6102282,7697947.0,Unclassified,,0,,Not checked,,Read by OCR,2,1981,
GEM/2025/B/6101375,7696890.0,Unclassified,,0,,Not checked,,Read by OCR,3,3843,
GEM/2025/B/6104137,7700005.0,Unclassified,,0,,Not checked,,Not extractable,2,93,
GEM/2025/B/6106056,7702127.0,Unclassified,,0,,Not checked,,Read by OCR,1,661,
GEM/2025/B/6104371,7700265.0,Unclassified,,0,,Not checked,,Read by OCR,2,1353,
GEM/2025/B/6106602,7702711.0,Unclassified,,0,,Not checked,,Not extractable,1,52,
GEM/2025/B/6091516,7685522.0,MSD — Management System Department,IS 2500 (Part-I); IS 2500 (Part-l); IS 2102,3,,No,,Read by OCR,25,36715,
GEM/2025/B/6103976,7699831.0,Unclassified,,0,,Not checked,,Read by OCR,4,4562,
GEM/2025/B/6108756,7705104.0,Unclassified,,0,,Not checked,,Not extractable,1,48,
GEM/2025/B/6108624,7704963.0,Unclassified,,0,,Not checked,,Read by OCR,4,1706,
GEM/2025/B/6110030,7706495.0,Unclassified,,0,,Not checked,,Not extractable,1,142,
GEM/2025/B/6109312,7705703.0,"PCD — Petroleum, Coal And Related Products Department",IS 1460,1,IS 1460 (Superseded),Yes,,Read by OCR,4,5966,
GEM/2025/B/6110344,7706822.0,Unclassified,,0,,Not checked,,Read by OCR,2,3102,
GEM/2025/B/6112216,7708863.0,Unclassified,,0,,Not checked,,Read by OCR,1,1359,
GEM/2025/B/6108625,7704964.0,Unclassified,,0,,Not checked,,Read by OCR,8,4419,
GEM/2025/B/6110230,7706701.0,Unclassified,,0,,Not checked,,Read by OCR,6,12429,
GEM/2025/B/6113471,7710227.0,Unclassified,,0,,Not checked,,Read by OCR,1,265,
GEM/2025/B/6107436,7703667.0,Unclassified,,0,,Not checked,,Read by OCR,18,19671,
GEM/2025/B/6113138,7709873.0,Unclassified,,0,,Not checked,,Read by OCR,8,13419,
GEM/2025/B/6115417,7712381.0,Unclassified,,0,,Not checked,,Read by OCR,1,458,
GEM/2025/B/6115695,7712678.0,Unclassified,,0,,Not checked,,Read by OCR,1,628,
GEM/2025/B/6104180,7700052.0,LITD — Electronics And Information Technology Department,IS 13252 (Part 1),1,,No,,Read by OCR,24,58705,
GEM/2025/B/6116134,7713167.0,Unclassified,,0,,Not checked,,Read by OCR,6,8618,
GEM/2025/B/6112907,7709609.0,MTD — Metallurgical Engineering Department,IS 1570,1,IS 1570 (Withdrawn),Yes,,Read by OCR,9,9570,
GEM/2025/B/6117823,7715114.0,TXD — Textile Department,IS 15809; IS 11871,2,,No,,Read by OCR,4,5566,
GEM/2025/B/6118430,7715811.0,Unclassified,,0,,Not checked,,Read by OCR,1,883,
GEM/2025/B/6114567,7711420.0,Unclassified,,0,,Not checked,,Read by OCR,36,47567,
GEM/2025/B/6119284,7716771.0,Unclassified,,0,,Not checked,,Not extractable,1,177,
GEM/2025/B/6119611,7717136.0,Unclassified,,0,,Not checked,,Read by OCR,1,1869,
GEM/2025/B/6118585,7715985.0,Unclassified,,0,,Not checked,,Read by OCR,4,11307,
GEM/2025/B/6121112,7718817.0,Unclassified,,0,,Not checked,,Read by OCR,2,7370,
GEM/2025/B/6124912,7722946.0,Unclassified,,0,,Not checked,,Read by OCR,1,984,
GEM/2025/B/6116174,7713210.0,MSD — Management System Department,IS 2500 (Part-I),1,,No,,Read by OCR,22,31015,
GEM/2025/B/6125662,7723761.0,Unclassified,,0,,Not checked,,Not extractable,1,177,
GEM/2025/B/6126399,7724553.0,Unclassified,,0,,Not checked,,Read by OCR,1,1671,
GEM/2025/B/6125531,7723608.0,Unclassified,,0,,Not checked,,Read by OCR,16,33147,
GEM/2025/B/6114957,7711862.0,Unclassified,,0,,Not checked,,Read by OCR,48,127747,
GEM/2025/B/6130965,7729450.0,Unclassified,,0,,Not checked,,Not extractable,4,0,
GEM/2025/B/6128889,7727208.0,MTD — Metallurgical Engineering Department,IS 2062,1,,No,,Read by OCR,22,30211,
GEM/2025/B/6133078,7731804.0,Unclassified,,0,,Not checked,,Read by OCR,4,6752,
GEM/2025/B/6133342,7732103.0,Unclassified,,0,,Not checked,,Read by OCR,1,646,
GEM/2025/B/6130169,7728584.0,"PCD — Petroleum, Coal And Related Products Department",IS 548; IS 548 (Part I); IS 10325 (as amended); IS 15473 (as amended); IS 548 (Part-l); IS 548 (Part-II); IS 1448; IS 9845; IS 11705; IS 11352; IS 12724; IS 4006 (Part-1),12,,No,,Read by OCR,12,16061,
GEM/2025/B/6134305,7733162.0,MTD — Metallurgical Engineering Department,IS 8791,1,,No,,Read by OCR,4,7849,
GEM/2025/B/6135531,7734529.0,Unclassified,,0,,Not checked,,Read by OCR,3,3342,
GEM/2025/B/6136203,7735266.0,MTD — Metallurgical Engineering Department,IS 4218; IS 2062; IS 3618; IS 2004,4,,No,,Read by OCR,2,1598,
GEM/2025/B/6138161,7737435.0,Unclassified,,0,,Not checked,,Read by OCR,2,585,
GEM/2025/B/6117652,7714908.0,PGD — Production And General Engineering Department,IS 2102; IS 4218,2,,No,,Read by OCR,36,49691,
GEM/2025/B/6138839,7738254.0,Unclassified,,0,,Not checked,,Read by OCR,1,671,
GEM/2025/B/6138986,7738426.0,Unclassified,,0,,Not checked,,Read by OCR,1,1591,
GEM/2025/B/6139632,7739159.0,Unclassified,,0,,Not checked,,Not extractable,1,11,
GEM/2025/B/6138678,7738052.0,Unclassified,,0,,Not checked,,Read by OCR,6,10687,
GEM/2025/B/6141836,7741608.0,Unclassified,,0,,Not checked,,Not extractable,1,164,
GEM/2025/B/6141827,7741599.0,Unclassified,,0,,Not checked,,Read by OCR,4,1699,
GEM/2025/B/6142493,7742349.0,MED — Mechanical Engineering Department,IS 3626,1,,No,,Read by OCR,2,1830,
GEM/2025/B/6143523,7743470.0,Unclassified,,0,,Not checked,,Read by OCR,1,320,
GEM/2025/B/6137600,7736804.0,Unclassified,,0,,Not checked,,Read by OCR,12,23909,
GEM/2025/B/6144031,7744017.0,Unclassified,,0,,Not checked,,Read by OCR,1,940,
GEM/2025/B/6145541,7745651.0,Unclassified,,0,,Not checked,,Not extractable,1,114,
GEM/2025/B/6143993,7743975.0,Unclassified,,0,,Not checked,,Read by OCR,2,2373,
GEM/2025/B/6143697,7743665.0,Unclassified,,0,,Not checked,,Read by OCR,3,5906,
GEM/2025/B/6146429,7746644.0,Unclassified,,0,,Not checked,,Read by OCR,3,2925,
GEM/2025/B/6145911,7746075.0,CHD — Chemical Department,IS 1060 (Part 1); IS 1060 (Part 2); IS 138 (latest issue); IS 2771,4,IS 138 (latest issue) (Withdrawn); IS 2771 (Superseded),Yes,,Read by OCR,10,12349,
GEM/2025/B/6145643,7745768.0,Unclassified,,0,,Not checked,,Read by OCR,12,14135,
GEM/2025/B/6147407,7747721.0,Unclassified,,0,,Not checked,,Read by OCR,2,3933,
GEM/2025/B/6146782,7747026.0,Unclassified,,0,,Not checked,,Read by OCR,6,8839,
GEM/2025/B/6154111,7755233.0,Unclassified,,0,,Not checked,,Read by OCR,1,1200,
GEM/2025/B/6151709,7752482.0,Unclassified,,0,,Not checked,,Read by OCR,5,7126,
GEM/2025/B/6154265,7755409.0,PGD — Production And General Engineering Department,IS 2102,1,,No,,Read by OCR,11,26068,
GEM/2025/B/6154548,7755725.0,Unclassified,,0,,Not checked,,Read by OCR,10,16214,
GEM/2025/B/6156120,7757509.0,Unclassified,,0,,Not checked,,Read by OCR,1,351,
GEM/2025/B/6158497,7760148.0,Unclassified,,0,,Not checked,,Read by OCR,1,338,
GEM/2025/B/6159471,7761208.0,Unclassified,,0,,Not checked,,Not extractable,1,142,
GEM/2025/B/6154772,7755973.0,Unclassified,,0,,Not checked,,Read by OCR,3,2729,
GEM/2025/B/6133511,7732291.0,MTD — Metallurgical Engineering Department,IS 1079; IS 1570; IS 202; IS 2500 (Part-I); IS 5986; IS 2004; IS 513; IS 5985; IS 2062; IS 2102; IS 4218,11,IS 1570 (Withdrawn),Yes,,Read by OCR,54,64904,
GEM/2025/B/6159892,7761658.0,Unclassified,,0,,Not checked,,Read by OCR,1,1386,
GEM/2025/B/6159604,7761345.0,Unclassified,,0,,Not checked,,Read by OCR,3,306,
GEM/2025/B/6160107,7761894.0,Unclassified,,0,,Not checked,,Read by OCR,1,932,
GEM/2025/B/6161916,7763894.0,Unclassified,,0,,Not checked,,Read by OCR,1,559,
GEM/2025/B/6160546,7762370.0,Unclassified,,0,,Not checked,,Read by OCR,2,2799,
GEM/2025/B/6162843,7764898.0,Unclassified,,0,,Not checked,,Read by OCR,3,398,
GEM/2025/B/6163078,7765162.0,Unclassified,,0,,Not checked,,Not extractable,1,76,
GEM/2025/B/6162804,7764851.0,Unclassified,,0,,Not checked,,Read by OCR,3,1049,
GEM/2025/B/6163360,7765464.0,Unclassified,,0,,Not checked,,Read by OCR,1,909,
GEM/2025/B/6164470,7766665.0,Unclassified,,0,,Not checked,,Read by OCR,1,771,
GEM/2025/B/6160063,7761845.0,Unclassified,,0,,Not checked,,Read by OCR,6,8052,
GEM/2025/B/6166612,7769064.0,Unclassified,,0,,Not checked,,Read by OCR,1,1812,
GEM/2025/B/6168266,7770868.0,Unclassified,,0,,Not checked,,Read by OCR,1,1097,
GEM/2025/B/6169251,7771972.0,Unclassified,,0,,Not checked,,Read by OCR,1,499,
GEM/2025/B/6169157,7771875.0,Unclassified,,0,,Not checked,,Read by OCR,4,4865,
GEM/2025/B/6170222,7773049.0,Unclassified,,0,,Not checked,,Read by OCR,1,204,
GEM/2025/B/6121262,7719001.0,Unclassified,,0,,Not checked,,Read by OCR,84,239819,
GEM/2025/B/6170012,7772819.0,Unclassified,,0,,Not checked,,Read by OCR,4,4045,
GEM/2025/B/6171739,7774727.0,Unclassified,,0,,Not checked,,Not extractable,1,189,
GEM/2025/B/6172165,7775190.0,Unclassified,,0,,Not checked,,Read by OCR,1,1848,
GEM/2025/B/6173323,7776488.0,Unclassified,,0,,Not checked,,Read by OCR,2,3414,
GEM/2025/B/6174852,7778191.0,ETD — Electrotechnical Department,IS 16046; IS 15549,2,,No,,Read by OCR,1,2874,
GEM/2025/B/6176396,7779965.0,Unclassified,,0,,Not checked,,Not extractable,1,192,
GEM/2025/B/6176912,7780579.0,Unclassified,,0,,Not checked,,Read by OCR,2,416,
GEM/2025/B/6179311,7783287.0,Unclassified,,0,,Not checked,,Read by OCR,1,869,
GEM/2025/B/6179270,7783241.0,Unclassified,,0,,Not checked,,Read by OCR,2,441,
GEM/2025/B/6180204,7784277.0,Unclassified,,0,,Not checked,,Read by OCR,3,2771,
GEM/2025/B/6146758,7747000.0,Unclassified,,0,,Not checked,,Read by OCR,48,143175,
GEM/2025/B/6174674,7777988.0,Unclassified,,0,,Not checked,,Read by OCR,6,6677,
GEM/2025/B/6181173,7785333.0,Unclassified,,0,,Not checked,,Not extractable,1,60,
GEM/2025/B/6180808,7784946.0,Unclassified,,0,,Not checked,,Read by OCR,1,1147,
GEM/2025/B/6181435,7785615.0,Unclassified,,0,,Not checked,,Not extractable,1,189,
GEM/2025/B/6184883,7789347.0,Unclassified,,0,,Not checked,,Read by OCR,1,265,
GEM/2025/B/6181653,7785846.0,Unclassified,,0,,Not checked,,Read by OCR,1,1671,
GEM/2025/B/6180537,7784649.0,Unclassified,,0,,Not checked,,Read by OCR,3,6363,
GEM/2025/B/6186509,7791139.0,Unclassified,,0,,Not checked,,Not extractable,1,82,
GEM/2025/B/6186915,7791588.0,Unclassified,,0,,Not checked,,Read by OCR,1,1380,
GEM/2025/B/6180479,7784586.0,Unclassified,,0,,Not checked,,Read by OCR,8,8887,
GEM/2025/B/6166023,7768395.0,Unclassified,,0,,Not checked,,Read by OCR,21,48182,
GEM/2025/B/6187726,7792478.0,Unclassified,,0,,Not checked,,Read by OCR,1,1463,
GEM/2025/B/6187813,7792582.0,Unclassified,,0,,Not checked,,Read by OCR,1,456,
GEM/2025/B/6187880,7792651.0,Unclassified,,0,,Not checked,,Read by OCR,1,964,
GEM/2025/B/6185889,7790441.0,MTD — Metallurgical Engineering Department,IS 1573,1,,No,,Read by OCR,4,7999,
GEM/2025/B/6188011,7792789.0,Unclassified,,0,,Not checked,,Read by OCR,2,1099,
GEM/2025/B/6188351,7793174.0,Unclassified,,0,,Not checked,,Read by OCR,2,325,
GEM/2025/B/6187060,7791742.0,Unclassified,,0,,Not checked,,Read by OCR,6,10943,
GEM/2025/B/6188227,7793040.0,Unclassified,,0,,Not checked,,Read by OCR,5,6842,
GEM/2025/B/6191086,7796127.0,Unclassified,,0,,Not checked,,Read by OCR,1,1047,
GEM/2025/B/6186334,7790943.0,Unclassified,,0,,Not checked,,Read by OCR,10,13301,
GEM/2025/B/6191141,7796187.0,Unclassified,,0,,Not checked,,Not extractable,1,125,
GEM/2025/B/6193935,7799304.0,Unclassified,,0,,Not checked,,Not extractable,1,148,
GEM/2025/B/6193988,7799366.0,Unclassified,,0,,Not checked,,Read by OCR,2,375,
GEM/2025/B/6187114,7791797.0,Unclassified,,0,,Not checked,,Read by OCR,9,17266,
GEM/2025/B/6194384,7799837.0,Unclassified,,0,,Not checked,,Read by OCR,1,1062,
GEM/2025/B/6197481,7803250.0,Unclassified,,0,,Not checked,,Read by OCR,1,1513,
GEM/2025/B/6194872,7800396.0,Unclassified,,0,,Not checked,,Read by OCR,12,3395,
GEM/2025/B/6195777,7801390.0,Unclassified,,0,,Not checked,,Read by OCR,8,17699,
GEM/2025/B/6197542,7803315.0,Unclassified,,0,,Not checked,,Read by OCR,9,16985,
GEM/2025/B/6189371,7794284.0,CED — Civil Engineering Department,IS 15622; IS 15477,2,IS 15622 (Superseded); IS 15477 (Superseded),Yes,,Read by OCR,16,39355,
GEM/2025/B/6198211,7804075.0,Unclassified,,0,,Not checked,,Read by OCR,1,2678,
GEM/2025/B/6199625,7805676.0,Unclassified,,0,,Not checked,,Read by OCR,1,1385,
GEM/2025/B/6202983,7809405.0,Unclassified,,0,,Not checked,,Read by OCR,1,1052,
GEM/2025/B/6200099,7806211.0,Unclassified,,0,,Not checked,,Read by OCR,2,1958,
GEM/2025/B/6202048,7808386.0,Unclassified,,0,,Not checked,,Read by OCR,2,1273,
GEM/2025/B/6194964,7800497.0,Unclassified,,0,,Not checked,,Read by OCR,4,3637,
GEM/2025/B/6203132,7809567.0,Unclassified,,0,,Not checked,,Read by OCR,2,3243,
GEM/2025/B/6203395,7809850.0,Unclassified,,0,,Not checked,,Read by OCR,2,3067,
GEM/2025/B/6203729,7810208.0,Unclassified,,0,,Not checked,,Read by OCR,2,2053,
GEM/2025/B/6207218,7814013.0,Unclassified,,0,,Not checked,,Not extractable,1,167,
GEM/2025/B/6209969,7816959.0,Unclassified,,0,,Not checked,,Not extractable,1,158,
GEM/2025/B/6208124,7814966.0,Unclassified,,0,,Not checked,,Not extractable,1,148,
GEM/2025/B/6210766,7817870.0,Unclassified,,0,,Not checked,,Not extractable,1,183,
GEM/2025/B/6211812,7819022.0,Unclassified,,0,,Not checked,,Read by OCR,1,980,
GEM/2025/B/6211180,7818316.0,Unclassified,,0,,Not checked,,Read by OCR,2,4578,
GEM/2025/B/6210131,7817141.0,Unclassified,,0,,Not checked,,Read by OCR,4,7079,
GEM/2025/B/6214631,7822123.0,Unclassified,,0,,Not checked,,Read by OCR,2,1277,
GEM/2025/B/6214502,7821983.0,Unclassified,,0,,Not checked,,Read by OCR,4,2443,
GEM/2025/B/6214795,7822310.0,Unclassified,,0,,Not checked,,Read by OCR,2,5045,
GEM/2025/B/6215369,7822947.0,Unclassified,,0,,Not checked,,Read by OCR,3,405,
GEM/2025/B/6215770,7823386.0,Unclassified,,0,,Not checked,,Not extractable,1,136,
GEM/2025/B/6212801,7820093.0,Unclassified,,0,,Not checked,,Read by OCR,9,19925,
GEM/2025/B/6216781,7824503.0,Unclassified,,0,,Not checked,,Read by OCR,2,1893,
GEM/2025/B/6217683,7825493.0,Unclassified,,0,,Not checked,,Read by OCR,1,531,
GEM/2025/B/6216972,7824706.0,Unclassified,,0,,Not checked,,Read by OCR,2,1087,
GEM/2025/B/6198209,7804073.0,MTD — Metallurgical Engineering Department,IS 2062; IS 875; IS 4923 (1997); IS 2062 (2011); IS 14246; IS 277; IS 4923; IS 1038 (1983); IS 7452 (1990-2 Revision & 2003); IS 15489,10,IS 14246 (Superseded),Yes,,Read by OCR,12,17912,
GEM/2025/B/6219409,7827394.0,TXD — Textile Department,IS 15138; IS 14887; IS 1155; IS 460,4,,No,,Read by OCR,6,8665,
GEM/2025/B/6220078,7828155.0,Unclassified,,0,,Not checked,,Read by OCR,4,4255,
GEM/2025/B/6220508,7828644.0,Unclassified,,0,,Not checked,,Not extractable,1,27,
GEM/2025/B/6221269,7829493.0,Unclassified,,0,,Not checked,,Read by OCR,1,714,
GEM/2025/B/6206015,7812703.0,Unclassified,,0,,Not checked,,Read by OCR,24,65817,
GEM/2025/B/6223182,7831706.0,Unclassified,,0,,Not checked,,Read by OCR,3,1163,
GEM/2025/B/6223316,7831864.0,Unclassified,,0,,Not checked,,Not extractable,1,178,
GEM/2025/B/6224234,7832908.0,Unclassified,,0,,Not checked,,Read by OCR,2,2274,
GEM/2025/B/6228271,7837395.0,PGD — Production And General Engineering Department,IS 2102,1,,No,,Read by OCR,2,4799,
GEM/2025/B/6215531,7823123.0,ETD — Electrotechnical Department,IS 3427; IS 8084,2,IS 3427 (Withdrawn),Yes,,Read by OCR,24,47455,
GEM/2025/B/6228358,7837496.0,PGD — Production And General Engineering Department,"IS 2102 (MED,)",1,,No,,Read by OCR,2,1150,
GEM/2025/B/6230640,7839994.0,PGD — Production And General Engineering Department,IS 2102,1,,No,,Read by OCR,2,5231,
GEM/2025/B/6231036,7840408.0,Unclassified,,0,,Not checked,,Read by OCR,2,4052,
GEM/2025/B/6219943,7828004.0,MSD — Management System Department,IS 2500,1,,No,,Read by OCR,25,45569,
GEM/2025/B/6236320,7846151.0,Unclassified,,0,,Not checked,,Read by OCR,1,761,
GEM/2025/B/6230468,7839804.0,Unclassified,,0,,Not checked,,Read by OCR,8,9069,
GEM/2025/B/6237732,7847717.0,Unclassified,,0,,Not checked,,Read by OCR,2,3071,
GEM/2025/B/6238434,7848493.0,Unclassified,,0,,Not checked,,Read by OCR,1,682,
GEM/2025/B/6219508,7827512.0,Unclassified,,0,,Not checked,,Read by OCR,20,21771,
GEM/2025/B/6238812,7848911.0,Unclassified,,0,,Not checked,,Read by OCR,1,441,
GEM/2025/B/6240123,7850351.0,Unclassified,,0,,Not checked,,Read by OCR,4,2764,
GEM/2025/B/6240951,7851239.0,Unclassified,,0,,Not checked,,Read by OCR,1,341,
GEM/2025/B/6241611,7851986.0,Unclassified,,0,,Not checked,,Not extractable,1,93,
GEM/2025/B/6236919,7846822.0,Unclassified,,0,,Not checked,,Read by OCR,27,56835,
GEM/2025/B/6242575,7853050.0,Unclassified,,0,,Not checked,,Read by OCR,7,15846,
GEM/2025/B/6244009,7854676.0,Unclassified,,0,,Not checked,,Not extractable,1,111,
GEM/2025/B/6246308,7857209.0,Unclassified,,0,,Not checked,,Read by OCR,2,7457,
GEM/2025/B/6238586,7848665.0,Unclassified,,0,,Not checked,,Read by OCR,24,39264,
GEM/2025/B/6247746,7858925.0,Unclassified,,0,,Not checked,,Not extractable,2,80,
GEM/2025/B/6247235,7858325.0,Unclassified,,0,,Not checked,,Read by OCR,4,8286,
GEM/2025/B/6243199,7853773.0,Unclassified,,0,,Not checked,,Read by OCR,12,36901,
GEM/2025/B/6248894,7860225.0,Unclassified,,0,,Not checked,,Read by OCR,1,544,
GEM/2025/B/6223116,7831632.0,MSD — Management System Department,IS 2500 (Part-I); IS 2102; IS 208; IS 280,4,,No,,Read by OCR,48,68289,
GEM/2025/B/6249265,7860633.0,Unclassified,,0,,Not checked,,Read by OCR,1,278,
GEM/2025/B/6249564,7860966.0,Unclassified,,0,,Not checked,,Read by OCR,1,786,
GEM/2025/B/6232901,7842473.0,Unclassified,,0,,Not checked,,Read by OCR,36,80783,
GEM/2025/B/6250678,7862207.0,"PCD — Petroleum, Coal And Related Products Department",IS 4770,1,IS 4770 (Withdrawn),Yes,,Read by OCR,2,3920,
GEM/2025/B/6248422,7859691.0,Unclassified,,0,,Not checked,,Read by OCR,9,14025,
GEM/2025/B/6249058,7860408.0,Unclassified,,0,,Not checked,,Read by OCR,10,6794,
GEM/2025/B/6251204,7862807.0,Unclassified,,0,,Not checked,,Read by OCR,1,869,
GEM/2025/B/6251934,7863632.0,Unclassified,,0,,Not checked,,Read by OCR,1,257,
GEM/2025/B/6256250,7868327.0,Unclassified,,0,,Not checked,,Not extractable,0,0,
GEM/2025/B/6254393,7866292.0,Unclassified,,0,,Not checked,,Read by OCR,1,492,
GEM/2025/B/6256036,7868090.0,Unclassified,,0,,Not checked,,Not extractable,1,120,
GEM/2025/B/6260298,7872744.0,Unclassified,,0,,Not checked,,Read by OCR,2,1571,
GEM/2025/B/6248576,7859868.0,MTD — Metallurgical Engineering Department,IS 733; IS 740; IS 1285; IS 2102 (Part 1); IS 4905; IS 2500 (Part 1); IS 5522; IS 5522 (grade ASTM 304),8,IS 1285 (Withdrawn),Yes,,Read by OCR,12,16956,
GEM/2025/B/6260503,7872967.0,Unclassified,,0,,Not checked,,Read by OCR,4,7963,
GEM/2025/B/6260589,7873072.0,Unclassified,,0,,Not checked,,Read by OCR,2,4680,
GEM/2025/B/6262013,7874630.0,Unclassified,,0,,Not checked,,Not extractable,1,126,
GEM/2025/B/6262645,7875342.0,Unclassified,,0,,Not checked,,Read by OCR,1,442,
GEM/2025/B/6258246,7870486.0,ETD — Electrotechnical Department,IS 5553; IS 2026,2,IS 5553 (Withdrawn),Yes,,Read by OCR,8,11862,
GEM/2025/B/6254800,7866746.0,CED — Civil Engineering Department,IS 456; IS 1893; IS 13920; IS 3370,4,,No,,Read by OCR,8,14523,
GEM/2025/B/6263590,7876374.0,Unclassified,,0,,Not checked,,Read by OCR,2,2148,
GEM/2025/B/6260516,7872982.0,Unclassified,,0,,Not checked,,Read by OCR,6,12234,
GEM/2025/B/6265273,7878252.0,Unclassified,,0,,Not checked,,Not extractable,1,111,
GEM/2025/B/6265451,7878452.0,Unclassified,,0,,Not checked,,Read by OCR,2,1061,
GEM/2025/B/6264806,7877732.0,Unclassified,,0,,Not checked,,Read by OCR,8,5308,
GEM/2025/B/6263980,7876799.0,MTD — Metallurgical Engineering Department,IS 736; IS 2677; IS 504; IS 1816; IS 1608,5,IS 1816 (Withdrawn),Yes,,Read by OCR,6,10043,
GEM/2025/B/6268476,7881729.0,Unclassified,,0,,Not checked,,Read by OCR,7,11698,
GEM/2025/B/6268673,7881946.0,Unclassified,,0,,Not checked,,Read by OCR,5,5344,
GEM/2025/B/6269052,7882372.0,Unclassified,,0,,Not checked,,Read by OCR,1,938,
GEM/2025/B/6270558,7884090.0,Unclassified,,0,,Not checked,,Read by OCR,1,725,
GEM/2025/B/6262971,7875691.0,Unclassified,,0,,Not checked,,Read by OCR,12,19517,
GEM/2025/B/6268975,7882287.0,Unclassified,,0,,Not checked,,Read by OCR,4,6523,
GEM/2025/B/6270997,7884587.0,Unclassified,,0,,Not checked,,Read by OCR,1,299,
GEM/2025/B/6271245,7884867.0,Unclassified,,0,,Not checked,,Read by OCR,1,478,
GEM/2025/B/6271242,7884864.0,Electrical cables and wiring,IS 7098; IS 8130; IS 3975; IS 5831; IS 7098 (Pt-1); IS 8130 (il); IS 7098 (P-1); IS 5831 (il); IS 3975 (ii),9,,No,,Read by OCR,2,2147,
GEM/2025/B/6273502,7887493.0,Unclassified,,0,,Not checked,,Not extractable,1,189,
GEM/2025/B/6273234,7887155.0,MTD — Metallurgical Engineering Department,IS 5517,1,,No,,Read by OCR,2,1631,
GEM/2025/B/6275330,7889595.0,Unclassified,,0,,Not checked,,Read by OCR,1,551,
GEM/2025/B/6268767,7882049.0,Unclassified,,0,,Not checked,,Read by OCR,12,21303,
GEM/2025/B/6277404,7891944.0,Unclassified,,0,,Not checked,,Read by OCR,2,359,
GEM/2025/B/6278249,7892878.0,Unclassified,,0,,Not checked,,Read by OCR,1,824,
GEM/2025/B/6276082,7890417.0,PGD — Production And General Engineering Department,IS 2102 (MED),1,,No,,Read by OCR,3,2959,
GEM/2025/B/6261309,7873861.0,Unclassified,,0,,Not checked,,Read by OCR,24,43057,
GEM/2025/B/6280474,7895306.0,Unclassified,,0,,Not checked,,Read by OCR,12,14007,
GEM/2025/B/6280532,7895368.0,Unclassified,,0,,Not checked,,Read by OCR,2,3093,
GEM/2025/B/6282394,7897384.0,Unclassified,,0,,Not checked,,Not extractable,1,32,
GEM/2025/B/6271667,7885338.0,TXD — Textile Department,IS 834; IS 1954; IS 9686,3,,No,,Read by OCR,12,10221,
GEM/2025/B/6273535,7887535.0,Unclassified,,0,,Not checked,,Read by OCR,26,63461,
GEM/2025/B/6282932,7897962.0,Unclassified,,0,,Not checked,,Read by OCR,1,809,
GEM/2025/B/6284633,7899839.0,Unclassified,,0,,Not checked,,Not extractable,1,177,
GEM/2025/B/6284491,7899684.0,CHD — Chemical Department,IS 265,1,IS 265 (Withdrawn),Yes,,Read by OCR,2,1803,
GEM/2025/B/6285754,7901085.0,Unclassified,,0,,Not checked,,Read by OCR,1,602,
GEM/2025/B/6286245,7901647.0,Unclassified,,0,,Not checked,,Read by OCR,1,588,
GEM/2025/B/6283715,7898853.0,Unclassified,,0,,Not checked,,Read by OCR,3,3204,
GEM/2025/B/6286596,7902036.0,Unclassified,,0,,Not checked,,Read by OCR,1,1610,
GEM/2025/B/6288517,7904154.0,Unclassified,,0,,Not checked,,Read by OCR,2,1262,
GEM/2025/B/6286570,7902007.0,Unclassified,,0,,Not checked,,Read by OCR,4,6443,
GEM/2025/B/6290335,7906187.0,Unclassified,,0,,Not checked,,Read by OCR,4,5903,
GEM/2025/B/6290652,7906544.0,Unclassified,,0,,Not checked,,Not extractable,2,125,
GEM/2025/B/6280077,7894864.0,PGD — Production And General Engineering Department,IS 2155; IS 20; IS 2016; IS 2074; IS 8982; IS 1079,6,IS 20 (Withdrawn),Yes,,Read by OCR,31,54441,
GEM/2025/B/6292001,7908035.0,Unclassified,,0,,Not checked,,Read by OCR,2,4043,IS 14001
GEM/2025/B/6292077,7908121.0,Unclassified,,0,,Not checked,,Not extractable,1,83,
GEM/2025/B/6287678,7903223.0,Unclassified,,0,,Not checked,,Read by OCR,12,21346,
GEM/2025/B/6292816,7908939.0,MTD — Metallurgical Engineering Department,IS 2062,1,,No,,Read by OCR,2,1870,
GEM/2025/B/6294930,7911306.0,Unclassified,,0,,Not checked,,Read by OCR,1,265,
GEM/2025/B/6292908,7909038.0,Unclassified,,0,,Not checked,,Read by OCR,4,1675,
GEM/2025/B/6295600,7912068.0,Unclassified,,0,,Not checked,,Read by OCR,2,5259,
GEM/2025/B/6296317,7912865.0,Unclassified,,0,,Not checked,,Read by OCR,1,3929,
GEM/2025/B/6280473,7895305.0,Unclassified,,0,,Not checked,,Read by OCR,39,114971,
GEM/2025/B/6293353,7909524.0,Unclassified,,0,,Not checked,,Read by OCR,12,13031,
GEM/2025/B/6297840,7914581.0,Unclassified,,0,,Not checked,,Read by OCR,4,883,
GEM/2025/B/6294933,7911310.0,Unclassified,,0,,Not checked,,Read by OCR,12,38334,
GEM/2025/B/6299587,7916704.0,Unclassified,,0,,Not checked,,Read by OCR,1,256,
GEM/2025/B/6290438,7906306.0,CED — Civil Engineering Department,IS 15622; IS 2202 (Part I); IS 7231; IS 13592; IS 5382; IS 8931; IS 2645; IS 733,8,IS 15622 (Superseded),Yes,,Read by OCR,21,53250,
GEM/2025/B/6296345,7912896.0,Unclassified,,0,,Not checked,,Read by OCR,12,3603,
GEM/2025/B/6300693,7917968.0,Unclassified,,0,,Not checked,,Not extractable,1,0,
GEM/2025/B/6301489,7918840.0,Unclassified,,0,,Not checked,,Read by OCR,2,495,
GEM/2025/B/6301902,7919303.0,Unclassified,,0,,Not checked,,Read by OCR,2,761,
GEM/2025/B/6302083,7919520.0,Unclassified,,0,,Not checked,,Read by OCR,1,321,
GEM/2025/B/6296354,7912907.0,Unclassified,,0,,Not checked,,Read by OCR,12,32318,
GEM/2025/B/6303387,7921000.0,Unclassified,,0,,Not checked,,Read by OCR,2,1470,
GEM/2025/B/6305897,7923728.0,Unclassified,,0,,Not checked,,Not extractable,1,100,
GEM/2025/B/6307688,7925712.0,Unclassified,,0,,Not checked,,Not extractable,1,0,
GEM/2025/B/6305489,7923266.0,Unclassified,,0,,Not checked,,Read by OCR,2,1892,
GEM/2025/B/6309128,7927310.0,Unclassified,,0,,Not checked,,Not extractable,1,63,
GEM/2025/B/6310427,7928747.0,Unclassified,,0,,Not checked,,Read by OCR,1,1818,
GEM/2025/B/6309072,7927247.0,Unclassified,,0,,Not checked,,Read by OCR,1,1626,
GEM/2025/B/6310488,7928815.0,Unclassified,,0,,Not checked,,Read by OCR,2,1598,
GEM/2025/B/6310922,7929287.0,Unclassified,,0,,Not checked,,Read by OCR,1,740,
GEM/2025/B/6311519,7929937.0,Unclassified,,0,,Not checked,,Read by OCR,1,584,
GEM/2025/B/6312204,7930680.0,Unclassified,,0,,Not checked,,Read by OCR,1,2209,
GEM/2025/B/6312841,7931379.0,Unclassified,,0,,Not checked,,Read by OCR,1,293,
GEM/2025/B/6313428,7932035.0,Unclassified,,0,,Not checked,,Not extractable,1,188,
GEM/2025/B/6301522,7918874.0,Unclassified,,0,,Not checked,,Read by OCR,11,39913,
GEM/2025/B/6311384,7929784.0,Unclassified,,0,,Not checked,,Read by OCR,4,6980,
GEM/2025/B/6315651,7934502.0,Unclassified,,0,,Not checked,,Not extractable,1,121,
GEM/2025/B/6316049,7934939.0,Unclassified,,0,,Not checked,,Not extractable,1,76,
GEM/2025/B/6316074,7934966.0,PGD — Production And General Engineering Department,IS 2102,1,,No,,Read by OCR,2,2867,
GEM/2025/B/6319999,7939202.0,MTD — Metallurgical Engineering Department,IS 226,1,IS 226 (Withdrawn),Yes,,Read by OCR,3,2547,
GEM/2025/B/6321109,7940425.0,Unclassified,,0,,Not checked,,Read by OCR,2,343,
GEM/2025/B/6320669,7939932.0,ETD — Electrotechnical Department,IS 1180; IS 2026; IS 335; IS 2026 (PartI),4,,No,,Read by OCR,2,3252,
GEM/2025/B/6298682,7915615.0,CHD — Chemical Department,IS 61,1,IS 61 (Withdrawn),Yes,,Read by OCR,24,28111,
GEM/2025/B/6322736,7942275.0,Unclassified,,0,,Not checked,,Read by OCR,2,4053,
GEM/2025/B/6325894,7945993.0,Unclassified,,0,,Not checked,,Read by OCR,1,390,
GEM/2025/B/6325296,7945309.0,Unclassified,,0,,Not checked,,Read by OCR,4,402,
GEM/2025/B/6326501,7946686.0,Unclassified,,0,,Not checked,,Read by OCR,1,424,
GEM/2025/B/6313509,7932119.0,Unclassified,,0,,Not checked,,Read by OCR,13,30279,
GEM/2025/B/6328066,7948438.0,Unclassified,,0,,Not checked,,Not extractable,1,183,
GEM/2025/B/6328390,7948794.0,Unclassified,,0,,Not checked,,Read by OCR,2,1829,
GEM/2025/B/6326674,7946889.0,Unclassified,,0,,Not checked,,Read by OCR,8,8523,
GEM/2025/B/6328917,7949370.0,Unclassified,,0,,Not checked,,Read by OCR,2,2344,
GEM/2025/B/6329737,7950264.0,Unclassified,,0,,Not checked,,Read by OCR,1,2100,
GEM/2025/B/6329776,7950306.0,Unclassified,,0,,Not checked,,Read by OCR,1,319,
GEM/2025/B/6331062,7951752.0,Unclassified,,0,,Not checked,,Read by OCR,1,329,
GEM/2025/B/6332246,7953051.0,Unclassified,,0,,Not checked,,Read by OCR,1,533,
GEM/2025/B/6333476,7954415.0,Unclassified,,0,,Not checked,,Read by OCR,4,4046,
GEM/2025/B/6333528,7954472.0,Unclassified,,0,,Not checked,,Read by OCR,1,1017,
GEM/2025/B/6300542,7917804.0,MSD — Management System Department,IS 2500 (Part-I),1,,No,,Read by OCR,36,43625,
GEM/2025/B/6335941,7957189.0,CHD — Chemical Department,IS 265,1,IS 265 (Withdrawn),Yes,,Read by OCR,1,546,
GEM/2025/B/6336766,7958081.0,Unclassified,,0,,Not checked,,Read by OCR,2,1465,
GEM/2025/B/6321588,7940942.0,Unclassified,,0,,Not checked,,Read by OCR,26,51981,
GEM/2025/B/6339725,7961383.0,MTD — Metallurgical Engineering Department,IS 7291,1,IS 7291 (Withdrawn),Yes,,Not extractable,1,140,
GEM/2025/B/6338379,7959868.0,Unclassified,,0,,Not checked,,Read by OCR,6,8692,
GEM/2025/B/6340750,7962538.0,Unclassified,,0,,Not checked,,Read by OCR,3,2601,
GEM/2025/B/6341573,7963444.0,Unclassified,,0,,Not checked,,Read by OCR,1,3873,
GEM/2025/B/6335260,7956430.0,Unclassified,,0,,Not checked,,Read by OCR,20,36091,
GEM/2025/B/6341593,7963468.0,Unclassified,,0,,Not checked,,Read by OCR,2,2941,
GEM/2025/B/6326520,7946708.0,Unclassified,,0,,Not checked,,Read by OCR,24,51930,
GEM/2025/B/6343556,7965672.0,Unclassified,,0,,Not checked,,Read by OCR,2,875,
GEM/2025/B/6344505,7966707.0,Unclassified,,0,,Not checked,,Read by OCR,1,1732,
GEM/2025/B/6344680,7966906.0,Unclassified,,0,,Not checked,,Not extractable,1,141,
GEM/2025/B/6331049,7951738.0,Unclassified,,0,,Not checked,,Read by OCR,28,59615,
GEM/2025/B/6344770,7967003.0,ETD — Electrotechnical Department,IS 2997,1,,No,,Read by OCR,1,834,
GEM/2025/B/6346237,7968673.0,Unclassified,,0,,Not checked,,Not extractable,1,73,
GEM/2025/B/6344678,7966904.0,Unclassified,,0,,Not checked,,Read by OCR,2,5223,
GEM/2025/B/6344186,7966350.0,Unclassified,,0,,Not checked,,Read by OCR,3,5837,
GEM/2025/B/6346385,7968864.0,Unclassified,,0,,Not checked,,Read by OCR,1,1084,
GEM/2025/B/6346599,7969115.0,Unclassified,,0,,Not checked,,Read by OCR,3,6117,
GEM/2025/B/6350087,7973189.0,Unclassified,,0,,Not checked,,Read by OCR,2,2475,
GEM/2025/B/6345560,7967908.0,Unclassified,,0,,Not checked,,Read by OCR,5,9929,
GEM/2025/B/6349297,7972299.0,Unclassified,,0,,Not checked,,Read by OCR,3,5883,
GEM/2025/B/6350728,7973928.0,CED — Civil Engineering Department,IS 2131; IS 6403; IS 1498; IS 2720; IS 8009 (Pt-l); IS 2720 (Pt-II); IS 1904; IS 1080,8,IS 8009 (Pt-l) (Withdrawn),Yes,,Read by OCR,4,9007,
GEM/2025/B/6353666,7977251.0,MTD — Metallurgical Engineering Department,IS 2825; IS 1239; IS 2062,3,,No,,Read by OCR,2,3399,
GEM/2025/B/6355536,7979295.0,Unclassified,,0,,Not checked,,Read by OCR,2,655,
GEM/2025/B/6355582,7979347.0,Unclassified,,0,,Not checked,,Read by OCR,1,271,
GEM/2025/B/6351017,7974266.0,Unclassified,,0,,Not checked,,Read by OCR,8,6961,
GEM/2025/B/6352036,7975431.0,Unclassified,,0,,Not checked,,Read by OCR,10,14211,
GEM/2025/B/6357744,7981713.0,Unclassified,,0,,Not checked,,Read by OCR,1,304,
GEM/2025/B/6355951,7979758.0,Unclassified,,0,,Not checked,,Read by OCR,7,3559,
GEM/2025/B/6357837,7981815.0,Unclassified,,0,,Not checked,,Read by OCR,2,1699,
GEM/2025/B/6360211,7984444.0,Unclassified,,0,,Not checked,,Read by OCR,2,1849,
GEM/2025/B/6354624,7978307.0,Unclassified,,0,,Not checked,,Read by OCR,12,24044,
GEM/2025/B/6360453,7984737.0,Unclassified,,0,,Not checked,,Read by OCR,1,3920,
GEM/2025/B/6360593,7984894.0,Unclassified,,0,,Not checked,,Read by OCR,1,1110,
GEM/2025/B/6361190,7985557.0,Unclassified,,0,,Not checked,,Read by OCR,1,764,
GEM/2025/B/6355737,7979521.0,Unclassified,,0,,Not checked,,Read by OCR,11,31280,
GEM/2025/B/6362671,7987197.0,Unclassified,,0,,Not checked,,Read by OCR,5,9630,
GEM/2025/B/6360410,7984689.0,Unclassified,,0,,Not checked,,Read by OCR,12,17148,
GEM/2025/B/6364625,7989385.0,Unclassified,,0,,Not checked,,Read by OCR,1,566,
GEM/2025/B/6362284,7986781.0,Unclassified,,0,,Not checked,,Read by OCR,10,19559,
GEM/2025/B/6364939,7989745.0,Unclassified,,0,,Not checked,,Read by OCR,1,1808,
GEM/2025/B/6366737,7991775.0,Unclassified,,0,,Not checked,,Not extractable,1,160,
GEM/2025/B/6365111,7989943.0,Unclassified,,0,,Not checked,,Read by OCR,1,1773,
GEM/2025/B/6339878,7961550.0,Unclassified,,0,,Not checked,,Read by OCR,37,81948,
GEM/2025/B/6369178,7994508.0,Unclassified,,0,,Not checked,,Not extractable,1,157,
GEM/2025/B/6372620,7998513.0,Unclassified,,0,,Not checked,,Read by OCR,1,491,
GEM/2025/B/6371497,7997210.0,Unclassified,,0,,Not checked,,Read by OCR,1,1304,
GEM/2025/B/6360822,7985138.0,Unclassified,,0,,Not checked,,Read by OCR,12,9355,
GEM/2025/B/6374124,8000348.0,Unclassified,,0,,Not checked,,Read by OCR,1,551,
GEM/2025/B/6373549,7999653.0,Unclassified,,0,,Not checked,,Read by OCR,5,7245,
GEM/2025/B/6379441,8006375.0,Unclassified,,0,,Not checked,,Read by OCR,1,271,
GEM/2025/B/6380085,8007079.0,Unclassified,,0,,Not checked,,Not extractable,2,169,
GEM/2025/B/6380183,8007199.0,Unclassified,,0,,Not checked,,Read by OCR,3,6220,
GEM/2025/B/6369437,7994841.0,Unclassified,,0,,Not checked,,Read by OCR,12,41534,
GEM/2025/B/6365279,7990131.0,MSD — Management System Department,IS 2500 (Part-I),1,,No,,Read by OCR,12,19046,
GEM/2025/B/6380855,8007948.0,Unclassified,,0,,Not checked,,Read by OCR,8,16262,
GEM/2025/B/6381178,8008327.0,Unclassified,,0,,Not checked,,Read by OCR,12,3819,
GEM/2025/B/6383221,8010609.0,Unclassified,,0,,Not checked,,Not extractable,1,172,
GEM/2025/B/6381046,8008174.0,MTD — Metallurgical Engineering Department,IS 1239; IS 1608; IS 554; IS 4736,4,,No,,Read by OCR,9,18941,
GEM/2025/B/6382233,8009506.0,Unclassified,,0,,Not checked,,Read by OCR,4,4395,
GEM/2025/B/6385312,8012954.0,Unclassified,,0,,Not checked,,Read by OCR,2,705,
GEM/2025/B/6384381,8011916.0,Unclassified,,0,,Not checked,,Read by OCR,3,6198,
GEM/2025/B/6385976,8013692.0,Unclassified,,0,,Not checked,,Read by OCR,2,329,
GEM/2025/B/6385879,8013588.0,Unclassified,,0,,Not checked,,Read by OCR,3,3517,
GEM/2025/B/6377318,8004004.0,Unclassified,,0,,Not checked,,Read by OCR,22,44155,
GEM/2025/B/6387194,8015056.0,Unclassified,,0,,Not checked,,Not extractable,1,181,
GEM/2025/B/6386912,8014739.0,Unclassified,,0,,Not checked,,Read by OCR,1,948,
GEM/2025/B/6386702,8014498.0,Unclassified,,0,,Not checked,,Read by OCR,2,665,
GEM/2025/B/6386531,8014307.0,Unclassified,,0,,Not checked,,Read by OCR,3,2547,
GEM/2025/B/6389629,8017778.0,Unclassified,,0,,Not checked,,Read by OCR,1,313,
GEM/2025/B/6390576,8018854.0,Unclassified,,0,,Not checked,,Not extractable,2,109,
GEM/2025/B/6391934,8020368.0,Unclassified,,0,,Not checked,,Read by OCR,1,555,
GEM/2025/B/6393509,8022189.0,Unclassified,,0,,Not checked,,Read by OCR,1,410,
GEM/2025/B/6393667,8022374.0,Unclassified,,0,,Not checked,,Read by OCR,3,6189,
GEM/2025/B/6392534,8021051.0,Unclassified,,0,,Not checked,,Read by OCR,3,6207,
GEM/2025/B/6396150,8025289.0,Unclassified,,0,,Not checked,,Not extractable,1,53,
GEM/2025/B/6396552,8025765.0,Unclassified,,0,,Not checked,,Not extractable,1,168,
GEM/2025/B/6395905,8025007.0,Unclassified,,0,,Not checked,,Read by OCR,3,6190,
GEM/2025/B/6397159,8026512.0,Unclassified,,0,,Not checked,,Read by OCR,1,1160,
GEM/2025/B/6397486,8026902.0,Unclassified,,0,,Not checked,,Read by OCR,1,1893,
GEM/2025/B/6396584,8025806.0,Unclassified,,0,,Not checked,,Read by OCR,8,17989,
GEM/2025/B/6399837,8029505.0,Unclassified,,0,,Not checked,,Read by OCR,2,1221,
GEM/2025/B/6396411,8025577.0,Unclassified,,0,,Not checked,,Read by OCR,15,37194,
GEM/2025/B/6400254,8029987.0,Unclassified,,0,,Not checked,,Read by OCR,5,2070,
GEM/2025/B/6400769,8030582.0,Unclassified,,0,,Not checked,,Not extractable,1,190,
GEM/2025/B/6402015,8031946.0,Unclassified,,0,,Not checked,,Read by OCR,1,1167,
GEM/2025/B/6400334,8030095.0,Unclassified,,0,,Not checked,,Read by OCR,4,2383,
GEM/2025/B/6399243,8028816.0,MSD — Management System Department,IS 2500; IS 1865,2,,No,,Read by OCR,3,3263,
GEM/2025/B/6376110,8002629.0,Unclassified,,0,,Not checked,,Read by OCR,49,61648,
GEM/2025/B/6404972,8035191.0,Unclassified,,0,,Not checked,,Read by OCR,1,1682,
GEM/2025/B/6403535,8033565.0,TXD — Textile Department,IS 177; IS 6489; IS 971,3,IS 6489 (Withdrawn); IS 971 (Withdrawn),Yes,,Read by OCR,2,4272,
GEM/2025/B/6404991,8035212.0,Unclassified,,0,,Not checked,,Read by OCR,1,266,
GEM/2025/B/6406482,8036906.0,Unclassified,,0,,Not checked,,Read by OCR,1,1382,
GEM/2025/B/6407084,8037581.0,Unclassified,,0,,Not checked,,Not extractable,1,149,
GEM/2025/B/6404357,8034489.0,Unclassified,,0,,Not checked,,Read by OCR,3,6214,
GEM/2025/B/6389479,8017617.0,Unclassified,,0,,Not checked,,Read by OCR,24,49473,
GEM/2025/B/6407538,8038085.0,MTD — Metallurgical Engineering Department,IS 4771,1,,No,,Read by OCR,4,856,
GEM/2025/B/6403592,8033630.0,Unclassified,,0,,Not checked,,Read by OCR,8,12988,
GEM/2025/B/6412405,8043530.0,Unclassified,,0,,Not checked,,Not extractable,1,161,
GEM/2025/B/6414584,8045977.0,Unclassified,,0,,Not checked,,Read by OCR,1,317,
GEM/2025/B/6409531,8040329.0,Unclassified,,0,,Not checked,,Read by OCR,4,1614,
GEM/2025/B/6415894,8047429.0,Unclassified,,0,,Not checked,,Read by OCR,3,4033,
GEM/2025/B/6416206,8047745.0,Unclassified,,0,,Not checked,,Read by OCR,3,3230,
GEM/2025/B/6416546,8048086.0,Unclassified,,0,,Not checked,,Read by OCR,1,1494,
GEM/2025/B/6417579,8049219.0,Unclassified,,0,,Not checked,,Not extractable,1,0,
GEM/2025/B/6417836,8049529.0,Unclassified,,0,,Not checked,,Read by OCR,2,1598,
GEM/2025/B/6412072,8043163.0,PGD — Production And General Engineering Department,IS 2507; IS 919; IS 2102; IS 10719,4,IS 10719 (Withdrawn),Yes,,Read by OCR,8,6573,
GEM/2025/B/6407514,8038057.0,Unclassified,,0,,Not checked,,Read by OCR,12,24035,
GEM/2025/B/6418018,8049738.0,Unclassified,,0,,Not checked,,Read by OCR,2,679,
GEM/2025/B/6419119,8051021.0,Unclassified,,0,,Not checked,,Not extractable,1,172,
GEM/2025/B/6421516,8053741.0,Unclassified,,0,,Not checked,,Not extractable,1,157,
GEM/2025/B/6418403,8050181.0,Unclassified,,0,,Not checked,,Read by OCR,4,5546,
GEM/2025/B/6409076,8039802.0,Unclassified,,0,,Not checked,,Read by OCR,16,29345,
GEM/2025/B/6422524,8054849.0,Unclassified,,0,,Not checked,,Read by OCR,1,972,
GEM/2025/B/6422714,8055099.0,Unclassified,,0,,Not checked,,Read by OCR,1,1467,
GEM/2025/B/6423440,8056026.0,Unclassified,,0,,Not checked,,Not extractable,1,171,
GEM/2025/B/6418485,8050287.0,Unclassified,,0,,Not checked,,Read by OCR,5,3523,
GEM/2025/B/6424134,8056843.0,Unclassified,,0,,Not checked,,Not extractable,1,94,
GEM/2025/B/6426570,8059675.0,Unclassified,,0,,Not checked,,Not extractable,1,141,
GEM/2025/B/6423187,8055709.0,Unclassified,,0,,Not checked,,Read by OCR,4,2051,
GEM/2025/B/6428109,8061423.0,Unclassified,,0,,Not checked,,Read by OCR,3,468,
GEM/2025/B/6430392,8063908.0,Unclassified,,0,,Not checked,,Not extractable,1,188,
GEM/2025/B/6431240,8064838.0,Unclassified,,0,,Not checked,,Read by OCR,1,406,
GEM/2025/B/6422154,8054430.0,Unclassified,,0,,Not checked,,Read by OCR,10,6539,
GEM/2025/B/6431314,8064918.0,Unclassified,,0,,Not checked,,Not extractable,1,161,
GEM/2025/B/6427435,8060667.0,Unclassified,,0,,Not checked,,Read by OCR,4,12043,
GEM/2025/B/6432604,8066364.0,Unclassified,,0,,Not checked,,Read by OCR,1,3837,
GEM/2025/B/6432599,8066359.0,Unclassified,,0,,Not checked,,Read by OCR,3,3740,
GEM/2025/B/6435986,8070116.0,Unclassified,,0,,Not checked,,Read by OCR,3,1211,
GEM/2025/B/6436008,8070142.0,Unclassified,,0,,Not checked,,Read by OCR,2,2456,
GEM/2025/B/6436045,8070181.0,Unclassified,,0,,Not checked,,Read by OCR,3,2806,
GEM/2025/B/6438418,8072862.0,Unclassified,,0,,Not checked,,Not extractable,1,157,
GEM/2025/B/6439151,8073671.0,Unclassified,,0,,Not checked,,Not extractable,1,91,
GEM/2025/B/6436161,8070311.0,CHD — Chemical Department,IS 265,1,IS 265 (Withdrawn),Yes,,Read by OCR,4,10631,
GEM/2025/B/6435568,8069649.0,Unclassified,,0,,Not checked,,Read by OCR,10,9579,
GEM/2025/B/6440416,8075083.0,Unclassified,,0,,Not checked,,Read by OCR,4,1291,
GEM/2025/B/6440997,8075768.0,Unclassified,,0,,Not checked,,Read by OCR,1,736,
GEM/2025/B/6441618,8076469.0,Unclassified,,0,,Not checked,,Read by OCR,1,837,
GEM/2025/B/6443655,8078730.0,Unclassified,,0,,Not checked,,Not extractable,1,0,
GEM/2025/B/6443366,8078416.0,"PCD — Petroleum, Coal And Related Products Department",IS 15532,1,,No,,Read by OCR,1,1449,
GEM/2025/B/6445493,8080821.0,ETD — Electrotechnical Department,IS 555,1,,No,,Read by OCR,2,2293,
GEM/2025/B/6440850,8075601.0,FAD — Food And Agriculture Department,IS 1006; IS 916,2,IS 1006 (Withdrawn),Yes,,Read by OCR,4,7782,
GEM/2025/B/6447512,8083097.0,Unclassified,,0,,Not checked,,Read by OCR,1,967,
GEM/2025/B/6416257,8047797.0,Unclassified,,0,,Not checked,,Read by OCR,30,35773,
GEM/2025/B/6447531,8083125.0,Unclassified,,0,,Not checked,,Not extractable,1,135,
GEM/2025/B/6448439,8084186.0,Unclassified,,0,,Not checked,,Read by OCR,2,443,
GEM/2025/B/6449086,8085011.0,Unclassified,,0,,Not checked,,Read by OCR,1,339,
GEM/2025/B/6445548,8080881.0,Unclassified,,0,,Not checked,,Read by OCR,6,5359,
GEM/2025/B/6426526,8059625.0,Unclassified,,0,,Not checked,,Read by OCR,24,27963,
GEM/2025/B/6450597,8086811.0,Unclassified,,0,,Not checked,,Read by OCR,2,2960,
GEM/2025/B/6452428,8088979.0,Unclassified,,0,,Not checked,,Read by OCR,2,317,
GEM/2025/B/6452617,8089194.0,Unclassified,,0,,Not checked,,Read by OCR,1,737,
GEM/2025/B/6450817,8087056.0,Unclassified,,0,,Not checked,,Read by OCR,2,2140,
GEM/2025/B/6455306,8092226.0,Unclassified,,0,,Not checked,,Read by OCR,1,1235,
GEM/2025/B/6453111,8089766.0,Unclassified,,0,,Not checked,,Read by OCR,3,846,
GEM/2025/B/6456982,8094088.0,Unclassified,,0,,Not checked,,Read by OCR,1,399,
GEM/2025/B/6457389,8094541.0,Unclassified,,0,,Not checked,,Not extractable,1,97,
GEM/2025/B/6458996,8096342.0,Unclassified,,0,,Not checked,,Read by OCR,3,875,
GEM/2025/B/6460101,8097551.0,Unclassified,,0,,Not checked,,Not extractable,1,130,
GEM/2025/B/6452642,8089224.0,MED — Mechanical Engineering Department,IS 1391 (Part 1),1,IS 1391 (Part 1) (Superseded),Yes,,Read by OCR,6,9909,
GEM/2025/B/6461506,8099151.0,Unclassified,,0,,Not checked,,Not extractable,1,130,
GEM/2025/B/6461078,8098670.0,Unclassified,,0,,Not checked,,Read by OCR,1,471,
GEM/2025/B/6458040,8095269.0,Unclassified,,0,,Not checked,,Read by OCR,8,673,
GEM/2025/B/6448781,8084624.0,Unclassified,,0,,Not checked,,Read by OCR,13,36433,
GEM/2025/B/6462281,8100055.0,Unclassified,,0,,Not checked,,Not extractable,1,156,
GEM/2025/B/6462008,8099746.0,Unclassified,,0,,Not checked,,Read by OCR,2,2140,
GEM/2025/B/6465055,8103134.0,Unclassified,,0,,Not checked,,Not extractable,1,68,
GEM/2025/B/6465480,8103603.0,Unclassified,,0,,Not checked,,Not extractable,1,22,
GEM/2025/B/6463568,8101489.0,Unclassified,,0,,Not checked,,Read by OCR,2,2144,
GEM/2025/B/6466227,8104452.0,Unclassified,,0,,Not checked,,Not extractable,1,111,
GEM/2025/B/6466180,8104401.0,Unclassified,,0,,Not checked,,Read by OCR,2,3426,
GEM/2025/B/6461639,8099313.0,ETD — Electrotechnical Department,IS 5553,1,IS 5553 (Withdrawn),Yes,,Read by OCR,6,7503,
GEM/2025/B/6467320,8105695.0,Unclassified,,0,,Not checked,,Read by OCR,1,854,
GEM/2025/B/6461734,8099424.0,MED — Mechanical Engineering Department,IS 7285 (Part 2),1,,No,,Read by OCR,8,13036,
GEM/2025/B/6467703,8106136.0,Unclassified,,0,,Not checked,,Read by OCR,2,2898,
GEM/2025/B/6475665,8115221.0,Unclassified,,0,,Not checked,,Not extractable,1,123,
GEM/2025/B/6476376,8116058.0,Unclassified,,0,,Not checked,,Read by OCR,1,621,
GEM/2025/B/6468103,8106597.0,Unclassified,,0,,Not checked,,Read by OCR,4,3655,
GEM/2025/B/6468034,8106519.0,Unclassified,,0,,Not checked,,Read by OCR,6,3565,
GEM/2025/B/6471959,8110932.0,Unclassified,,0,,Not checked,,Read by OCR,5,10151,
GEM/2025/B/6482133,8122606.0,Unclassified,,0,,Not checked,,Read by OCR,2,1965,
GEM/2025/B/6480120,8120371.0,Unclassified,,0,,Not checked,,Read by OCR,2,4680,
GEM/2025/B/6482266,8122756.0,Unclassified,,0,,Not checked,,Read by OCR,1,612,
GEM/2025/B/6482757,8123282.0,MTD — Metallurgical Engineering Department,IS 7811; IS 2102 (MED. CL] REDUCED AT COA(W),2,,No,,Read by OCR,2,833,
GEM/2025/B/6483508,8124106.0,Unclassified,,0,,Not checked,,Read by OCR,4,3604,
GEM/2025/B/6484225,8124902.0,CED — Civil Engineering Department,IS 12823,1,,No,,Read by OCR,6,8010,
GEM/2025/B/6484641,8125361.0,Unclassified,,0,,Not checked,,Read by OCR,4,1531,
GEM/2025/B/6477214,8117050.0,MSD — Management System Department,IS 2500 (Part-I),1,,No,,Read by OCR,12,20176,
GEM/2025/B/6485320,8126117.0,Unclassified,,0,,Not checked,,Not extractable,1,86,
GEM/2025/B/6486179,8127070.0,Unclassified,,0,,Not checked,,Not extractable,1,103,
GEM/2025/B/6445481,8080809.0,Unclassified,,0,,Not checked,,Read by OCR,32,80121,
GEM/2025/B/6487283,8128295.0,Unclassified,,0,,Not checked,,Read by OCR,1,2965,
GEM/2025/B/6487464,8128490.0,Unclassified,,0,,Not checked,,Not extractable,1,38,
GEM/2025/B/6487876,8128933.0,Unclassified,,0,,Not checked,,Read by OCR,2,3047,
GEM/2025/B/6488242,8129344.0,Unclassified,,0,,Not checked,,Read by OCR,1,961,
GEM/2025/B/6488316,8129421.0,Unclassified,,0,,Not checked,,Read by OCR,1,2028,
GEM/2025/B/6485125,8125893.0,Unclassified,,0,,Not checked,,Read by OCR,12,20439,
GEM/2025/B/6489141,8130341.0,Unclassified,,0,,Not checked,,Read by OCR,1,1557,
GEM/2025/B/6490481,8131879.0,Unclassified,,0,,Not checked,,Read by OCR,1,413,
GEM/2025/B/6490561,8131962.0,Unclassified,,0,,Not checked,,Read by OCR,1,2191,
GEM/2025/B/6483277,8123856.0,"PCD — Petroleum, Coal And Related Products Department",IS 1212,1,,No,,Read by OCR,16,27266,
GEM/2025/B/6491605,8133148.0,Unclassified,,0,,Not checked,,Read by OCR,1,1333,
GEM/2025/B/6494082,8135928.0,Unclassified,,0,,Not checked,,Read by OCR,2,330,
GEM/2025/B/6485119,8125886.0,Pipes (PVC and GI),IS 13592; IS 5382; IS 2645,3,,No,,Read by OCR,14,35596,
GEM/2025/B/6494541,8136458.0,Unclassified,,0,,Not checked,,Not extractable,2,110,
GEM/2025/B/6487956,8129021.0,Unclassified,,0,,Not checked,,Read by OCR,8,8821,
GEM/2025/B/6494748,8136684.0,Unclassified,,0,,Not checked,,Read by OCR,1,1356,
GEM/2025/B/6494756,8136692.0,Unclassified,,0,,Not checked,,Read by OCR,1,1704,
GEM/2025/B/6495489,8137525.0,Unclassified,,0,,Not checked,,Read by OCR,1,1486,
GEM/2025/B/6490017,8131338.0,Unclassified,,0,,Not checked,,Read by OCR,3,1601,
GEM/2025/B/6496676,8138900.0,Unclassified,,0,,Not checked,,Read by OCR,1,992,
GEM/2025/B/6499321,8141921.0,Unclassified,,0,,Not checked,,Read by OCR,3,3612,
GEM/2025/B/6497324,8139639.0,Unclassified,,0,,Not checked,,Read by OCR,7,11698,
GEM/2025/B/6499397,8142013.0,Unclassified,,0,,Not checked,,Read by OCR,9,16444,
GEM/2025/B/6494833,8136782.0,MTD — Metallurgical Engineering Department,IS 2102; IS 513; IS 2062; IS 1079 (LATEST ISSUE); IS 696,5,IS 696 (Withdrawn),Yes,,Read by OCR,11,8236,
GEM/2025/B/6504092,8147524.0,Unclassified,,0,,Not checked,,Read by OCR,1,594,
GEM/2025/B/6503307,8146572.0,CED — Civil Engineering Department,IS 1892; IS 2720 (all parts); IS 1498; IS 9143; IS 13030; IS 9221; IS 8764; IS 9179; IS 10050; IS 10082; IS 10782; IS 12608; IS 13047; IS 3025; IS 6403; IS 1888; IS 1893 (part-1); IS 64; IS 1892 (clause 3.6.5.3); IS 2720,20,,No,,Read by OCR,5,15971,
GEM/2025/B/6496283,8138454.0,Unclassified,,0,,Not checked,,Read by OCR,18,12461,
GEM/2025/B/6504287,8147763.0,MTD — Metallurgical Engineering Department,IS 7291; IS 10604 (PART-I),2,IS 7291 (Withdrawn),Yes,,Read by OCR,2,265,
GEM/2025/B/6504674,8148222.0,Unclassified,,0,,Not checked,,Read by OCR,2,2882,
GEM/2025/B/6505437,8149089.0,Unclassified,,0,,Not checked,,Read by OCR,1,792,
GEM/2025/B/6505798,8149511.0,Unclassified,,0,,Not checked,,Read by OCR,1,281,
GEM/2025/B/6506893,8150765.0,Unclassified,,0,,Not checked,,Read by OCR,1,1546,
GEM/2025/B/6508131,8152158.0,Unclassified,,0,,Not checked,,Read by OCR,1,226,
GEM/2025/B/6506978,8150856.0,Unclassified,,0,,Not checked,,Read by OCR,3,452,
GEM/2025/B/6509326,8153505.0,Unclassified,,0,,Not checked,,Read by OCR,1,240,
GEM/2025/B/6502787,8145914.0,Pipes (PVC and GI),IS 13592; IS 5382; IS 2645,3,,No,,Read by OCR,14,37182,
GEM/2025/B/6508855,8152974.0,Unclassified,,0,,Not checked,,Read by OCR,1,2944,
GEM/2025/B/6510367,8154644.0,Unclassified,,0,,Not checked,,Read by OCR,1,240,
GEM/2025/B/6511545,8155944.0,Unclassified,,0,,Not checked,,Read by OCR,1,1353,
GEM/2025/B/6514253,8158950.0,Unclassified,,0,,Not checked,,Read by OCR,1,234,
GEM/2025/B/6510422,8154706.0,Unclassified,,0,,Not checked,,Read by OCR,4,4671,
GEM/2025/B/6516701,8161699.0,Unclassified,,0,,Not checked,,Read by OCR,1,1380,
GEM/2025/B/6520854,8166371.0,Unclassified,,0,,Not checked,,Read by OCR,1,590,
GEM/2025/B/6513969,8158650.0,Unclassified,,0,,Not checked,,Read by OCR,12,17260,
GEM/2025/B/6503649,8146984.0,PGD — Production And General Engineering Department,IS 2102; IS 2500 (Part-I),2,,No,,Read by OCR,24,28277,
GEM/2025/B/6522450,8168177.0,Unclassified,,0,,Not checked,,Read by OCR,3,385,
GEM/2025/B/6522787,8168544.0,Unclassified,,0,,Not checked,,Read by OCR,4,1911,
GEM/2025/B/6522923,8168702.0,Unclassified,,0,,Not checked,,Read by OCR,1,713,
GEM/2025/B/6525817,8171956.0,Unclassified,,0,,Not checked,,Not extractable,1,126,
GEM/2025/B/6526789,8173058.0,Unclassified,,0,,Not checked,,Not extractable,1,18,
GEM/2025/B/6527246,8173570.0,CED — Civil Engineering Department,IS 778,1,,No,,Not extractable,1,116,
GEM/2025/B/6527575,8173942.0,Unclassified,,0,,Not checked,,Not extractable,1,0,
GEM/2025/B/6504225,8147691.0,Unclassified,,0,,Not checked,,Read by OCR,36,69482,
GEM/2025/B/6528134,8174584.0,Unclassified,,0,,Not checked,,Read by OCR,2,3229,
GEM/2025/B/6529183,8175750.0,Unclassified,,0,,Not checked,,Read by OCR,2,964,
GEM/2025/B/6514866,8159627.0,Unclassified,,0,,Not checked,,Read by OCR,24,72387,
GEM/2025/B/6530358,8177107.0,Unclassified,,0,,Not checked,,Read by OCR,1,577,
GEM/2025/B/6529219,8175786.0,Unclassified,,0,,Not checked,,Read by OCR,2,1295,
GEM/2025/B/6529583,8176179.0,Unclassified,,0,,Not checked,,Read by OCR,2,904,
GEM/2025/B/6534635,8182024.0,Unclassified,,0,,Not checked,,Read by OCR,1,278,
GEM/2025/B/6522038,8167709.0,Unclassified,,0,,Not checked,,Read by OCR,24,32507,
GEM/2025/B/6534637,8182026.0,Unclassified,,0,,Not checked,,Read by OCR,1,509,
GEM/2025/B/6536296,8183873.0,Unclassified,,0,,Not checked,,Read by OCR,1,692,
GEM/2025/B/6534605,8181992.0,Unclassified,,0,,Not checked,,Read by OCR,2,4938,
GEM/2025/B/6535364,8182820.0,Unclassified,,0,,Not checked,,Read by OCR,2,3765,
GEM/2025/B/6536699,8184302.0,Unclassified,,0,,Not checked,,Read by OCR,3,4729,
GEM/2025/B/6537222,8184877.0,Unclassified,,0,,Not checked,,Read by OCR,2,2312,
GEM/2025/B/6537407,8185078.0,Unclassified,,0,,Not checked,,Read by OCR,1,2363,
GEM/2025/B/6534528,8181903.0,Unclassified,,0,,Not checked,,Read by OCR,12,17902,
GEM/2025/B/6537809,8185520.0,Unclassified,,0,,Not checked,,Read by OCR,4,6723,
GEM/2025/B/6538383,8186131.0,Unclassified,,0,,Not checked,,Read by OCR,1,1848,
GEM/2025/B/6540451,8188403.0,Unclassified,,0,,Not checked,,Not extractable,1,194,
GEM/2025/B/6540384,8188329.0,Unclassified,,0,,Not checked,,Read by OCR,1,517,
GEM/2025/B/6521090,8166644.0,PGD — Production And General Engineering Department,IS 2102; IS 2500 (Part-I),2,,No,,Read by OCR,36,49739,
GEM/2025/B/6546683,8195330.0,Unclassified,,0,,Not checked,,Read by OCR,1,224,
GEM/2025/B/6537151,8184800.0,MTD — Metallurgical Engineering Department,IS 4163; IS 8791,2,,No,,Read by OCR,21,35950,
GEM/2025/B/6546700,8195348.0,Unclassified,,0,,Not checked,,Read by OCR,9,16055,
GEM/2025/B/6547533,8196258.0,Unclassified,,0,,Not checked,,Read by OCR,1,803,
GEM/2025/B/6548225,8197005.0,Unclassified,,0,,Not checked,,Read by OCR,1,791,
GEM/2025/B/6548239,8197021.0,Unclassified,,0,,Not checked,,Read by OCR,1,1647,
GEM/2025/B/6537927,8185642.0,MTD — Metallurgical Engineering Department,IS 1239 (part 1); IS 1239; IS 4736; IS 4711; IS 1608; IS 2329; IS 2328,7,,No,,Read by OCR,20,38599,
GEM/2025/B/6548765,8197612.0,Unclassified,,0,,Not checked,,Read by OCR,3,4160,
GEM/2025/B/6543870,8192220.0,Unclassified,,0,,Not checked,,Read by OCR,24,67589,
GEM/2025/B/6549215,8198122.0,Unclassified,,0,,Not checked,,Read by OCR,1,258,
GEM/2025/B/6548322,8197116.0,Unclassified,,0,,Not checked,,Read by OCR,6,6468,
GEM/2025/B/6550399,8199493.0,Unclassified,,0,,Not checked,,Not extractable,1,198,
GEM/2025/B/6550258,8199327.0,Unclassified,,0,,Not checked,,Read by OCR,1,1229,
GEM/2025/B/6551242,8200430.0,Unclassified,,0,,Not checked,,Read by OCR,1,276,
GEM/2025/B/6551321,8200516.0,Unclassified,,0,,Not checked,,Not extractable,1,72,
GEM/2025/B/6544371,8192758.0,MTD — Metallurgical Engineering Department,IS 2102; IS 2553; IS 1780; IS 18; IS 291; IS 410; IS 319; IS 2062; IS 2082,9,IS 2553 (Superseded),Yes,,Read by OCR,28,35595,IS 15
GEM/2025/B/6551888,8201141.0,Unclassified,,0,,Not checked,,Read by OCR,2,6821,
GEM/2025/B/6554193,8203792.0,Unclassified,,0,,Not checked,,Read by OCR,1,600,
GEM/2025/B/6553964,8203518.0,Unclassified,,0,,Not checked,,Read by OCR,4,4111,
GEM/2025/B/6554185,8203784.0,Unclassified,,0,,Not checked,,Read by OCR,2,4967,
GEM/2025/B/6555539,8205317.0,Unclassified,,0,,Not checked,,Not extractable,1,189,
GEM/2025/B/6554739,8204410.0,Unclassified,,0,,Not checked,,Read by OCR,2,2211,
GEM/2025/B/6555908,8205728.0,Unclassified,,0,,Not checked,,Not extractable,1,182,
GEM/2025/B/6554957,8204667.0,Unclassified,,0,,Not checked,,Read by OCR,8,728,
GEM/2025/B/6555970,8205803.0,MTD — Metallurgical Engineering Department,IS 3748; IS 2102 (MEDIUM CLASS),2,,No,,Read by OCR,4,2853,
GEM/2025/B/6556276,8206143.0,Unclassified,,0,,Not checked,,Read by OCR,1,725,
GEM/2025/B/6556739,8206657.0,MTD — Metallurgical Engineering Department,IS 5517,1,,No,,Read by OCR,2,1691,
GEM/2025/B/6557233,8207318.0,Unclassified,,0,,Not checked,,Read by OCR,1,947,
GEM/2025/B/6547423,8196142.0,Unclassified,,0,,Not checked,,Read by OCR,25,58666,
GEM/2025/B/6557465,8207601.0,Unclassified,,0,,Not checked,,Read by OCR,4,9086,
GEM/2025/B/6555991,8205827.0,Unclassified,,0,,Not checked,,Read by OCR,9,16342,
GEM/2025/B/6560065,8210628.0,Unclassified,,0,,Not checked,,Not extractable,1,43,
GEM/2025/B/6558522,8208889.0,Unclassified,,0,,Not checked,,Read by OCR,4,5064,
GEM/2025/B/6560080,8210644.0,Unclassified,,0,,Not checked,,Read by OCR,1,1667,
GEM/2025/B/6556972,8206987.0,Unclassified,,0,,Not checked,,Read by OCR,8,12227,
GEM/2025/B/6558645,8209035.0,Unclassified,,0,,Not checked,,Read by OCR,2,1669,
GEM/2025/B/6560575,8211199.0,Unclassified,,0,,Not checked,,Read by OCR,2,3844,
GEM/2025/B/6560394,8210999.0,Unclassified,,0,,Not checked,,Read by OCR,2,3141,
GEM/2025/B/6561663,8212479.0,Unclassified,,0,,Not checked,,Read by OCR,4,1630,
GEM/2025/B/6564124,8215204.0,Unclassified,,0,,Not checked,,Read by OCR,1,1890,
GEM/2025/B/6563430,8214454.0,Unclassified,,0,,Not checked,,Read by OCR,6,16034,
GEM/2025/B/6564678,8215833.0,Unclassified,,0,,Not checked,,Read by OCR,1,835,
GEM/2025/B/6565597,8216876.0,Unclassified,,0,,Not checked,,Read by OCR,1,616,
GEM/2025/B/6566183,8217513.0,Unclassified,,0,,Not checked,,Not extractable,1,126,
GEM/2025/B/6560623,8211253.0,Unclassified,,0,,Not checked,,Read by OCR,12,25891,
GEM/2025/B/6566719,8218121.0,Unclassified,,0,,Not checked,,Read by OCR,2,3947,
GEM/2025/B/6563882,8214940.0,Unclassified,,0,,Not checked,,Read by OCR,20,16784,
GEM/2025/B/6571333,8223258.0,Unclassified,,0,,Not checked,,Read by OCR,1,330,
GEM/2025/B/6570496,8222321.0,PGD — Production And General Engineering Department,IS 916,1,,No,,Read by OCR,6,9465,
GEM/2025/B/6570632,8222475.0,Unclassified,,0,,Not checked,,Read by OCR,12,44892,
GEM/2025/B/6577496,8230213.0,Unclassified,,0,,Not checked,,Read by OCR,1,1942,
GEM/2025/B/6578864,8231917.0,Unclassified,,0,,Not checked,,Read by OCR,3,224,
GEM/2025/B/6573074,8225207.0,FAD — Food And Agriculture Department,IS 1051; IS 1061; IS 12015; IS 1448 (P:20); IS 548 (Part 1); IS 10627; IS 8190 (Part II),7,IS 1061 (Withdrawn),Yes,,Read by OCR,12,17760,
GEM/2025/B/6581741,8235239.0,Unclassified,,0,,Not checked,,Not extractable,1,94,
GEM/2025/B/6582265,8235862.0,Unclassified,,0,,Not checked,,Read by OCR,1,274,
GEM/2025/B/6582467,8236100.0,Unclassified,,0,,Not checked,,Read by OCR,2,589,
GEM/2025/B/6572846,8224957.0,Unclassified,,0,,Not checked,,Read by OCR,24,51129,
GEM/2025/B/6583060,8236779.0,Unclassified,,0,,Not checked,,Read by OCR,1,895,
GEM/2025/B/6583230,8236974.0,Unclassified,,0,,Not checked,,Not extractable,1,102,
GEM/2025/B/6584051,8237928.0,Unclassified,,0,,Not checked,,Read by OCR,1,1398,
GEM/2025/B/6584228,8238135.0,Unclassified,,0,,Not checked,,Read by OCR,1,686,
GEM/2025/B/6582885,8236577.0,Unclassified,,0,,Not checked,,Read by OCR,8,10021,
GEM/2025/B/6578986,8232070.0,Unclassified,,0,,Not checked,,Read by OCR,15,40428,
GEM/2025/B/6586226,8240369.0,Unclassified,,0,,Not checked,,Read by OCR,1,815,
GEM/2025/B/6585842,8239947.0,Unclassified,,0,,Not checked,,Read by OCR,6,7909,
GEM/2025/B/6548860,8197728.0,Unclassified,,0,,Not checked,,Read by OCR,56,167751,
GEM/2025/B/6588173,8242606.0,Unclassified,,0,,Not checked,,Read by OCR,4,10463,
GEM/2025/B/6587118,8241398.0,Unclassified,,0,,Not checked,,Read by OCR,6,4142,
GEM/2025/B/6564394,8215512.0,ETD — Electrotechnical Department,IS 13118; IS 2705; IS 1248; IS 722; IS 1554; IS 375,6,IS 13118 (Withdrawn); IS 2705 (Withdrawn); IS 722 (Withdrawn); IS 375 (Withdrawn),Yes,,Read by OCR,48,77951,
GEM/2025/B/6588255,8242697.0,Unclassified,,0,,Not checked,,Read by OCR,2,457,
GEM/2025/B/6588770,8243287.0,Unclassified,,0,,Not checked,,Not extractable,3,96,
GEM/2025/B/6590872,8245668.0,Unclassified,,0,,Not checked,,Read by OCR,2,3994,
GEM/2025/B/6592203,8247180.0,Unclassified,,0,,Not checked,,Read by OCR,1,365,
GEM/2025/B/6591873,8246793.0,Unclassified,,0,,Not checked,,Read by OCR,3,3502,
GEM/2025/B/6592407,8247410.0,Unclassified,,0,,Not checked,,Read by OCR,3,2599,
GEM/2025/B/6592458,8247470.0,Unclassified,,0,,Not checked,,Read by OCR,3,4978,
GEM/2025/B/6592931,8248015.0,Unclassified,,0,,Not checked,,Read by OCR,3,312,
GEM/2025/B/6585506,8239576.0,Unclassified,,0,,Not checked,,Read by OCR,21,69755,
GEM/2025/B/6595675,8251113.0,Unclassified,,0,,Not checked,,Read by OCR,6,1235,
GEM/2025/B/6598525,8254358.0,Unclassified,,0,,Not checked,,Not extractable,1,132,
GEM/2025/B/6598808,8254677.0,Unclassified,,0,,Not checked,,Not extractable,1,129,
GEM/2025/B/6597158,8252814.0,Unclassified,,0,,Not checked,,Read by OCR,3,6621,
GEM/2025/B/6599225,8255150.0,Unclassified,,0,,Not checked,,Read by OCR,1,2817,
GEM/2025/B/6601030,8257205.0,Unclassified,,0,,Not checked,,Read by OCR,1,1044,
GEM/2025/B/6586310,8240472.0,Unclassified,,0,,Not checked,,Read by OCR,16,35231,
GEM/2025/B/6601538,8257803.0,Unclassified,,0,,Not checked,,Read by OCR,1,2142,
GEM/2025/B/6602041,8258366.0,Unclassified,,0,,Not checked,,Read by OCR,1,3455,
GEM/2025/B/6601893,8258203.0,Unclassified,,0,,Not checked,,Read by OCR,1,1495,
GEM/2025/B/6602173,8258510.0,Unclassified,,0,,Not checked,,Not extractable,1,58,
GEM/2025/B/6604485,8261178.0,Unclassified,,0,,Not checked,,Read by OCR,1,1502,
GEM/2025/B/6605100,8261856.0,Unclassified,,0,,Not checked,,Not extractable,1,81,
GEM/2025/B/6604492,8261186.0,Unclassified,,0,,Not checked,,Read by OCR,1,387,
GEM/2025/B/6605530,8262390.0,Unclassified,,0,,Not checked,,Not extractable,1,105,
GEM/2025/B/6606410,8263495.0,MTD — Metallurgical Engineering Department,IS 410; IS 320; IS 210,3,,No,,Read by OCR,3,5682,
GEM/2025/B/6605770,8262696.0,MTD — Metallurgical Engineering Department,IS 1239; IS 4682; IS 3400,3,,No,,Read by OCR,6,4559,
GEM/2025/B/6606468,8263564.0,Unclassified,,0,,Not checked,,Read by OCR,1,2191,
GEM/2025/B/6601637,8257916.0,MTD — Metallurgical Engineering Department,IS 1570; IS 210,2,IS 1570 (Withdrawn),Yes,,Read by OCR,5,10976,
GEM/2025/B/6607374,8264625.0,Unclassified,,0,,Not checked,,Read by OCR,1,921,
GEM/2025/B/6590758,8245543.0,MTD — Metallurgical Engineering Department,IS 4163; IS 8791; IS 3739,3,,No,,Read by OCR,22,42517,
GEM/2025/B/6608898,8266362.0,Unclassified,,0,,Not checked,,Read by OCR,1,1271,
GEM/2025/B/6593602,8248777.0,MTD — Metallurgical Engineering Department,IS 4163; IS 8791,2,,No,,Read by OCR,22,37479,
GEM/2025/B/6609804,8267391.0,Unclassified,,0,,Not checked,,Read by OCR,2,4734,
GEM/2025/B/6607154,8264374.0,MTD — Metallurgical Engineering Department,IS 6005; IS 3618; IS 101; IS 1893; IS 5986; IS 2062; IS 3601; IS 277,8,,No,,Read by OCR,7,9848,
GEM/2025/B/6611370,8269170.0,MTD — Metallurgical Engineering Department,IS 1730; IS 2062; IS 1852,3,IS 1730 (Withdrawn),Yes,,Read by OCR,2,3207,
GEM/2025/B/6612468,8270394.0,Unclassified,,0,,Not checked,,Read by OCR,2,1081,
GEM/2025/B/6614546,8272658.0,Unclassified,,0,,Not checked,,Not extractable,1,80,
GEM/2025/B/6608962,8266430.0,Unclassified,,0,,Not checked,,Read by OCR,7,9258,
GEM/2025/B/6606514,8263613.0,Unclassified,,0,,Not checked,,Read by OCR,12,30908,
GEM/2025/B/6615089,8273263.0,Unclassified,,0,,Not checked,,Read by OCR,2,2366,
GEM/2025/B/6615306,8273504.0,Unclassified,,0,,Not checked,,Read by OCR,1,1734,
GEM/2025/B/6613165,8271143.0,Unclassified,,0,,Not checked,,Read by OCR,8,3719,
GEM/2025/B/6618327,8276903.0,Unclassified,,0,,Not checked,,Read by OCR,2,2085,
GEM/2025/B/6613688,8271711.0,Unclassified,,0,,Not checked,,Read by OCR,13,21524,
GEM/2025/B/6620390,8279295.0,Unclassified,,0,,Not checked,,Read by OCR,5,11596,
GEM/2025/B/6621790,8280929.0,Unclassified,,0,,Not checked,,Read by OCR,3,452,
GEM/2025/B/6614713,8272842.0,Unclassified,,0,,Not checked,,Read by OCR,11,11486,
GEM/2025/B/6621770,8280907.0,Unclassified,,0,,Not checked,,Read by OCR,3,4244,
GEM/2025/B/6617499,8275956.0,Unclassified,,0,,Not checked,,Read by OCR,12,10988,
GEM/2025/B/6621907,8281061.0,Unclassified,,0,,Not checked,,Read by OCR,2,2647,
GEM/2025/B/6622060,8281233.0,Unclassified,,0,,Not checked,,Read by OCR,2,3937,
GEM/2025/B/6622545,8281794.0,Unclassified,,0,,Not checked,,Read by OCR,2,2804,
GEM/2025/B/6623229,8282571.0,Unclassified,,0,,Not checked,,Read by OCR,2,597,
GEM/2025/B/6623900,8283351.0,Unclassified,,0,,Not checked,,Read by OCR,1,1761,
GEM/2025/B/6623949,8283409.0,Unclassified,,0,,Not checked,,Read by OCR,1,1518,
GEM/2025/B/6622675,8281946.0,Unclassified,,0,,Not checked,,Read by OCR,4,3297,
GEM/2025/B/6628866,8288962.0,Unclassified,,0,,Not checked,,Not extractable,1,87,
GEM/2025/B/6630373,8290692.0,Unclassified,,0,,Not checked,,Read by OCR,1,926,
GEM/2025/B/6629048,8289176.0,Unclassified,,0,,Not checked,,Read by OCR,1,1310,
GEM/2025/B/6633073,8293955.0,Unclassified,,0,,Not checked,,Read by OCR,1,1489,
GEM/2025/B/6633930,8294991.0,Unclassified,,0,,Not checked,,Read by OCR,1,856,
GEM/2025/B/6622814,8282100.0,MTD — Metallurgical Engineering Department,IS 696; IS 2102; IS 1572; IS 4454; IS 2507; IS 7814; IS 2500 (PART 1); IS 2102 (16),8,IS 696 (Withdrawn); IS 4454 (Superseded),Yes,,Read by OCR,6,12986,
GEM/2025/B/6628767,8288852.0,Unclassified,,0,,Not checked,,Read by OCR,4,7791,
GEM/2025/B/6634118,8295206.0,Unclassified,,0,,Not checked,,Read by OCR,2,3208,
GEM/2025/B/6631406,8292012.0,Unclassified,,0,,Not checked,,Read by OCR,4,4071,
GEM/2025/B/6634986,8296181.0,Unclassified,,0,,Not checked,,Read by OCR,1,272,
GEM/2025/B/6634464,8295582.0,Unclassified,,0,,Not checked,,Read by OCR,4,2159,
GEM/2025/B/6619878,8278716.0,PGD — Production And General Engineering Department,IS 177; IS 2102; IS 2101,3,IS 2101 (Withdrawn),Yes,,Read by OCR,21,77062,
GEM/2025/B/6635429,8296701.0,Unclassified,,0,,Not checked,,Read by OCR,2,3689,
GEM/2025/B/6634319,8295419.0,Unclassified,,0,,Not checked,,Read by OCR,12,36290,
GEM/2025/B/6638123,8299704.0,Unclassified,,0,,Not checked,,Read by OCR,6,9083,
GEM/2025/B/6638685,8300351.0,Unclassified,,0,,Not checked,,Read by OCR,1,672,
GEM/2025/B/6639023,8300727.0,Unclassified,,0,,Not checked,,Not extractable,1,167,
GEM/2025/B/6639216,8300944.0,Unclassified,,0,,Not checked,,Read by OCR,4,1481,
GEM/2025/B/6634699,8295848.0,Unclassified,,0,,Not checked,,Read by OCR,12,20365,
GEM/2025/B/6639742,8301549.0,Unclassified,,0,,Not checked,,Read by OCR,1,403,
GEM/2025/B/6641121,8303120.0,Unclassified,,0,,Not checked,,Read by OCR,2,957,
GEM/2025/B/6636771,8298222.0,MTD — Metallurgical Engineering Department,IS 2102 (MED); IS 4163; IS 13015; IS 5517,4,IS 13015 (Withdrawn),Yes,,Read by OCR,10,19448,
GEM/2025/B/6635398,8296666.0,Unclassified,,0,,Not checked,,Read by OCR,24,37950,
GEM/2025/B/6643612,8305932.0,Unclassified,,0,,Not checked,,Read by OCR,1,1066,
GEM/2025/B/6640031,8301875.0,MTD — Metallurgical Engineering Department,IS 513,1,,No,,Read by OCR,12,7364,
GEM/2025/B/6643933,8306300.0,Unclassified,,0,,Not checked,,Read by OCR,4,11103,
GEM/2025/B/6643976,8306351.0,Unclassified,,0,,Not checked,,Read by OCR,4,640,
GEM/2025/B/6644817,8307299.0,Unclassified,,0,,Not checked,,Read by OCR,6,10005,
GEM/2025/B/6638557,8300203.0,CED — Civil Engineering Department,IS 636; IS 904 (to be connected to static tank); IS 902; IS 1239 (meduim class); IS 5312; IS 13869; IS 15683,7,IS 13869 (Withdrawn),Yes,,Read by OCR,24,60517,
GEM/2025/B/6645806,8308394.0,Unclassified,,0,,Not checked,,Read by OCR,1,1236,
GEM/2025/B/6643413,8305714.0,CED — Civil Engineering Department,IS 15683; IS 7285,2,,No,,Read by OCR,23,20724,
GEM/2025/B/6645811,8308401.0,Unclassified,,0,,Not checked,,Read by OCR,1,1828,
GEM/2025/B/6648513,8311464.0,Unclassified,,0,,Not checked,,Not extractable,1,191,
GEM/2025/B/6641566,8303617.0,Unclassified,,0,,Not checked,,Read by OCR,24,41071,
GEM/2025/B/6648979,8312008.0,Unclassified,,0,,Not checked,,Read by OCR,2,1251,
GEM/2025/B/6649402,8312494.0,Unclassified,,0,,Not checked,,Read by OCR,2,1944,
GEM/2025/B/6647188,8309934.0,Unclassified,,0,,Not checked,,Read by OCR,4,5012,
GEM/2025/B/6650224,8313377.0,Unclassified,,0,,Not checked,,Read by OCR,2,6751,
GEM/2025/B/6644022,8306401.0,Unclassified,,0,,Not checked,,Read by OCR,16,36816,
GEM/2025/B/6652452,8315980.0,Unclassified,,0,,Not checked,,Read by OCR,3,4510,
GEM/2025/B/6652551,8316091.0,Unclassified,,0,,Not checked,,Read by OCR,1,421,
GEM/2025/B/6651817,8315225.0,Unclassified,,0,,Not checked,,Read by OCR,8,16627,
GEM/2025/B/6653707,8317426.0,Unclassified,,0,,Not checked,,Read by OCR,2,453,
GEM/2025/B/6654152,8317919.0,CED — Civil Engineering Department,IS 383,1,,No,,Read by OCR,2,3012,
GEM/2025/B/6652749,8316306.0,Unclassified,,0,,Not checked,,Read by OCR,4,3886,
GEM/2025/B/6654285,8318065.0,Unclassified,,0,,Not checked,,Read by OCR,1,338,
GEM/2025/B/6654261,8318039.0,Unclassified,,0,,Not checked,,Read by OCR,3,986,
GEM/2025/B/6649606,8312718.0,Unclassified,,0,,Not checked,,Read by OCR,12,43563,
GEM/2025/B/6657735,8322098.0,Unclassified,,0,,Not checked,,Not extractable,1,0,
GEM/2025/B/6654615,8318417.0,Unclassified,,0,,Not checked,,Read by OCR,1,1489,
GEM/2025/B/6658079,8322510.0,Unclassified,,0,,Not checked,,Read by OCR,1,1611,
GEM/2025/B/6655222,8319188.0,Unclassified,,0,,Not checked,,Read by OCR,3,7565,
GEM/2025/B/6659226,8323827.0,Unclassified,,0,,Not checked,,Read by OCR,1,394,
GEM/2025/B/6658983,8323554.0,Unclassified,,0,,Not checked,,Read by OCR,3,6162,
GEM/2025/B/6662773,8327832.0,Unclassified,,0,,Not checked,,Read by OCR,2,1978,
GEM/2025/B/6663356,8328488.0,Unclassified,,0,,Not checked,,Not extractable,1,0,
GEM/2025/B/6649871,8312999.0,Unclassified,,0,,Not checked,,Read by OCR,24,56139,
GEM/2025/B/6663786,8328984.0,Unclassified,,0,,Not checked,,Read by OCR,2,327,
GEM/2025/B/6667337,8332946.0,CHD — Chemical Department,IS 105,1,IS 105 (Withdrawn),Yes,,Read by OCR,1,993,
GEM/2025/B/6669137,8334963.0,Unclassified,,0,,Not checked,,Not extractable,1,190,
GEM/2025/B/6671001,8337070.0,Unclassified,,0,,Not checked,,Read by OCR,1,588,
GEM/2025/B/6661722,8326683.0,Unclassified,,0,,Not checked,,Read by OCR,6,15248,
GEM/2025/B/6672414,8338624.0,Unclassified,,0,,Not checked,,Read by OCR,3,6190,
GEM/2025/B/6671056,8337129.0,Unclassified,,0,,Not checked,,Read by OCR,9,3405,
GEM/2025/B/6673402,8339752.0,Unclassified,,0,,Not checked,,Not extractable,1,68,
GEM/2025/B/6664545,8329822.0,Unclassified,,0,,Not checked,,Read by OCR,12,28446,
GEM/2025/B/6674692,8341221.0,Unclassified,,0,,Not checked,,Read by OCR,2,857,
GEM/2025/B/6674980,8341546.0,Unclassified,,0,,Not checked,,Read by OCR,1,347,
GEM/2025/B/6675277,8341870.0,Unclassified,,0,,Not checked,,Read by OCR,1,723,
GEM/2025/B/6658976,8323547.0,FAD — Food And Agriculture Department,IS 7464; IS 253; IS 7224; IS 1166; IS 1165; IS 874; IS 1483,7,IS 7464 (Withdrawn); IS 1166 (Superseded); IS 1165 (Superseded); IS 874 (Withdrawn); IS 1483 (Withdrawn),Yes,,Read by OCR,24,42525,IS 1320
GEM/2025/B/6674376,8340873.0,Unclassified,,0,,Not checked,,Read by OCR,6,6162,
GEM/2025/B/6676491,8343242.0,Unclassified,,0,,Not checked,,Read by OCR,1,1495,
GEM/2025/B/6678893,8345878.0,Unclassified,,0,,Not checked,,Read by OCR,2,2763,
GEM/2025/B/6677262,8344098.0,Unclassified,,0,,Not checked,,Read by OCR,7,9716,
GEM/2025/B/6681145,8348436.0,Unclassified,,0,,Not checked,,Read by OCR,3,2522,
GEM/2025/B/6681449,8348772.0,Unclassified,,0,,Not checked,,Read by OCR,3,2522,
GEM/2025/B/6681721,8349115.0,Unclassified,,0,,Not checked,,Read by OCR,1,1611,
GEM/2025/B/6684391,8352230.0,Unclassified,,0,,Not checked,,Read by OCR,2,249,
GEM/2025/B/6651204,8314511.0,TXD — Textile Department,IS 6359; IS 1954; IS 7702; IS 1963; IS 1964; IS 1969; IS 1670; IS 3442; IS 832; IS 3456; IS 4726; IS 1390; IS 1843; IS 7151; IS 9738; IS 2454; IS 687,17,IS 2454 (Withdrawn); IS 687 (Withdrawn),Yes,,Read by OCR,62,115153,
GEM/2025/B/6687359,8355640.0,Unclassified,,0,,Not checked,,Read by OCR,2,1452,
GEM/2025/B/6688033,8356393.0,Unclassified,,0,,Not checked,,Not extractable,1,184,
GEM/2025/B/6679028,8346028.0,MTD — Metallurgical Engineering Department,IS 2062,1,,No,,Read by OCR,24,81889,
GEM/2025/B/6679319,8346360.0,MTD — Metallurgical Engineering Department,IS 4170; IS 2826 (Normal); IS 3685 (Methods for chemical analysis of brasses); IS 2654; IS 2866; IS 3620; IS 2305; IS 2826; IS 3685,9,IS 2654 (Withdrawn); IS 2866 (Withdrawn),Yes,,Read by OCR,22,29935,
GEM/2025/B/6688321,8356723.0,Unclassified,,0,,Not checked,,Read by OCR,6,13377,
GEM/2025/B/6688685,8357130.0,Unclassified,,0,,Not checked,,Not extractable,1,161,
GEM/2025/B/6688981,8357471.0,Unclassified,,0,,Not checked,,Read by OCR,1,907,
GEM/2025/B/6690421,8359061.0,Unclassified,,0,,Not checked,,Not extractable,1,73,
GEM/2025/B/6688724,8357175.0,Unclassified,,0,,Not checked,,Read by OCR,2,2612,
GEM/2025/B/6690183,8358803.0,Unclassified,,0,,Not checked,,Read by OCR,2,3209,
GEM/2025/B/6693045,8361946.0,Unclassified,,0,,Not checked,,Read by OCR,1,865,
GEM/2025/B/6685690,8353754.0,Unclassified,,0,,Not checked,,Read by OCR,26,36913,
GEM/2025/B/6693410,8362357.0,Unclassified,,0,,Not checked,,Not extractable,1,11,
GEM/2025/B/6693051,8361952.0,Unclassified,,0,,Not checked,,Read by OCR,8,8936,
GEM/2025/B/6693581,8362544.0,Unclassified,,0,,Not checked,,Read by OCR,4,4145,
GEM/2025/B/6693662,8362633.0,Unclassified,,0,,Not checked,,Read by OCR,1,215,
GEM/2025/B/6695426,8364599.0,Unclassified,,0,,Not checked,,Not extractable,1,155,
GEM/2025/B/6691301,8360003.0,Unclassified,,0,,Not checked,,Read by OCR,12,34787,
GEM/2025/B/6691053,8359741.0,TED — Transport Engineering Department,IS 13018; IS 4722; IS 1460,3,IS 13018 (Withdrawn); IS 4722 (Withdrawn); IS 1460 (Superseded),Yes,,Read by OCR,12,21948,
GEM/2025/B/6696672,8365983.0,Unclassified,,0,,Not checked,,Read by OCR,1,1038,
GEM/2025/B/6696543,8365844.0,Unclassified,,0,,Not checked,,Read by OCR,1,1762,
GEM/2025/B/6696956,8366309.0,Unclassified,,0,,Not checked,,Read by OCR,1,1529,
GEM/2025/B/6697661,8367134.0,Unclassified,,0,,Not checked,,Read by OCR,1,1689,
GEM/2025/B/6698751,8368399.0,Unclassified,,0,,Not checked,,Not extractable,1,150,
GEM/2025/B/6699617,8369400.0,Unclassified,,0,,Not checked,,Not extractable,1,65,
GEM/2025/B/6672846,8339116.0,Unclassified,,0,,Not checked,,Read by OCR,56,145472,
GEM/2025/B/6700177,8370029.0,Unclassified,,0,,Not checked,,Read by OCR,1,921,IS 014001
GEM/2025/B/6701512,8371553.0,Unclassified,,0,,Not checked,,Read by OCR,1,464,
GEM/2025/B/6699231,8368950.0,Unclassified,,0,,Not checked,,Read by OCR,2,4038,
GEM/2025/B/6702466,8372621.0,Unclassified,,0,,Not checked,,Not extractable,4,146,
GEM/2025/B/6702021,8372104.0,Unclassified,,0,,Not checked,,Read by OCR,2,675,
GEM/2025/B/6702431,8372582.0,Unclassified,,0,,Not checked,,Read by OCR,2,2459,
GEM/2025/B/6700135,8369982.0,Unclassified,,0,,Not checked,,Read by OCR,4,5751,
GEM/2025/B/6702532,8372693.0,Unclassified,,0,,Not checked,,Read by OCR,4,5077,
GEM/2025/B/6704600,8375034.0,Unclassified,,0,,Not checked,,Read by OCR,9,12214,
GEM/2025/B/6703677,8373989.0,Unclassified,,0,,Not checked,,Read by OCR,12,14261,
GEM/2025/B/6706747,8377462.0,CED — Civil Engineering Department,IS 785,1,,No,,Read by OCR,3,4213,
GEM/2025/B/6706905,8377627.0,Unclassified,,0,,Not checked,,Read by OCR,2,2235,
GEM/2025/B/6708206,8379185.0,Unclassified,,0,,Not checked,,Read by OCR,2,1793,
GEM/2025/B/6710021,8381236.0,Unclassified,,0,,Not checked,,Read by OCR,2,661,
GEM/2025/B/6707404,8378244.0,Unclassified,,0,,Not checked,,Read by OCR,4,5151,
GEM/2025/B/6712393,8384066.0,Unclassified,,0,,Not checked,,Read by OCR,3,3096,
GEM/2025/B/6713208,8385047.0,Unclassified,,0,,Not checked,,Read by OCR,1,600,
GEM/2025/B/6702822,8373021.0,ETD — Electrotechnical Department,IS 4691; IS 3427,2,IS 4691 (Withdrawn); IS 3427 (Withdrawn),Yes,,Read by OCR,24,47747,
GEM/2025/B/6714162,8386141.0,Unclassified,,0,,Not checked,,Read by OCR,3,8191,
GEM/2025/B/6710513,8381806.0,ETD — Electrotechnical Department,IS 1180,1,,No,,Read by OCR,12,29284,IS 60076
GEM/2025/B/6713749,8385669.0,ETD — Electrotechnical Department,IS 7372; IS 1146; IS 3116; IS 6071,4,IS 7372 (Withdrawn); IS 3116 (Superseded),Yes,,Read by OCR,4,5015,
GEM/2025/B/6718252,8390846.0,Unclassified,,0,,Not checked,,Read by OCR,1,474,
GEM/2025/B/6718344,8390944.0,Unclassified,,0,,Not checked,,Read by OCR,2,623,
GEM/2025/B/6715274,8387470.0,Unclassified,,0,,Not checked,,Read by OCR,2,1949,
GEM/2025/B/6720514,8393359.0,Unclassified,,0,,Not checked,,Read by OCR,2,2959,
GEM/2025/B/6719778,8392550.0,Unclassified,,0,,Not checked,,Read by OCR,3,6524,
GEM/2025/B/6722879,8396010.0,Unclassified,,0,,Not checked,,Read by OCR,1,1519,
GEM/2025/B/6723683,8396905.0,Unclassified,,0,,Not checked,,Read by OCR,1,526,
GEM/2025/B/6717654,8390182.0,Unclassified,,0,,Not checked,,Read by OCR,9,4538,
GEM/2025/B/6724673,8398053.0,Unclassified,,0,,Not checked,,Read by OCR,3,515,
GEM/2025/B/6722081,8395124.0,Unclassified,,0,,Not checked,,Read by OCR,7,9053,
GEM/2025/B/6724933,8398334.0,Unclassified,,0,,Not checked,,Read by OCR,1,904,
GEM/2025/B/6726919,8400572.0,Unclassified,,0,,Not checked,,Read by OCR,1,557,
GEM/2025/B/6725410,8398867.0,Unclassified,,0,,Not checked,,Read by OCR,13,9096,
GEM/2025/B/6724228,8397504.0,Unclassified,,0,,Not checked,,Read by OCR,20,28183,
GEM/2025/B/6727487,8401217.0,Unclassified,,0,,Not checked,,Not extractable,1,110,
GEM/2025/B/6727302,8401013.0,Unclassified,,0,,Not checked,,Read by OCR,1,937,
GEM/2025/B/6729667,8403690.0,Unclassified,,0,,Not checked,,Read by OCR,1,1119,
GEM/2025/B/6704861,8375319.0,Unclassified,,0,,Not checked,,Read by OCR,48,173455,
GEM/2025/B/6729764,8403799.0,Unclassified,,0,,Not checked,,Read by OCR,1,265,
GEM/2025/B/6730949,8405145.0,Unclassified,,0,,Not checked,,Read by OCR,1,394,
GEM/2025/B/6733879,8408411.0,Unclassified,,0,,Not checked,,Read by OCR,1,299,
GEM/2025/B/6727895,8401672.0,Unclassified,,0,,Not checked,,Read by OCR,3,3882,
GEM/2025/B/6736032,8410907.0,CED — Civil Engineering Department,IS 710,1,,No,,Read by OCR,1,344,
GEM/2025/B/6705277,8375773.0,ETD — Electrotechnical Department,IS 16242,1,,No,,Read by OCR,50,65204,IS 14001
GEM/2025/B/6737519,8412603.0,Unclassified,,0,,Not checked,,Read by OCR,1,943,
GEM/2025/B/6737836,8412955.0,Unclassified,,0,,Not checked,,Not extractable,1,120,
GEM/2025/B/6738027,8413180.0,Unclassified,,0,,Not checked,,Read by OCR,1,809,
GEM/2025/B/6735775,8410596.0,Unclassified,,0,,Not checked,,Read by OCR,3,6864,
GEM/2025/B/6738919,8414286.0,Unclassified,,0,,Not checked,,Read by OCR,2,1975,
GEM/2025/B/6742058,8418005.0,Unclassified,,0,,Not checked,,Read by OCR,2,3168,
GEM/2025/B/6744985,8421351.0,Unclassified,,0,,Not checked,,Read by OCR,4,6880,
GEM/2025/B/6730876,8405063.0,Unclassified,,0,,Not checked,,Read by OCR,12,14392,
GEM/2025/B/6745485,8421903.0,Unclassified,,0,,Not checked,,Read by OCR,2,305,
GEM/2025/B/6746377,8422893.0,Unclassified,,0,,Not checked,,Read by OCR,4,2320,
GEM/2025/B/6746991,8423579.0,Unclassified,,0,,Not checked,,Not extractable,1,0,
GEM/2025/B/6741741,8417618.0,TXD — Textile Department,IS 9543; IS 2771; IS 390; IS 667; IS 1912; IS 1963; IS 4084; IS 4472 (Pt-2); IS 4741; IS 4905; IS 7016 (Pt-1 to 3 & 10); IS 14181 (Pt 1-3); IS 8156; IS 12734; IS 11652; IS 2500 (Pt-1),16,IS 2771 (Superseded); IS 11652 (Superseded),Yes,,Read by OCR,12,20330,
GEM/2025/B/6742187,8418152.0,CED — Civil Engineering Department,IS 1731; IS 1730,2,IS 1731 (Withdrawn); IS 1730 (Withdrawn),Yes,,Read by OCR,14,20005,
GEM/2025/B/6747665,8424336.0,Unclassified,,0,,Not checked,,Read by OCR,1,788,
GEM/2025/B/6747919,8424636.0,Unclassified,,0,,Not checked,,Read by OCR,2,4397,
GEM/2025/B/6748875,8425760.0,Unclassified,,0,,Not checked,,Read by OCR,1,1225,
GEM/2025/B/6747351,8423975.0,Unclassified,,0,,Not checked,,Read by OCR,9,17841,
GEM/2025/B/6749095,8426032.0,Unclassified,,0,,Not checked,,Read by OCR,2,1441,
GEM/2025/B/6752107,8429616.0,Unclassified,,0,,Not checked,,Read by OCR,1,438,
GEM/2025/B/6751047,8428330.0,Unclassified,,0,,Not checked,,Read by OCR,1,459,
GEM/2025/B/6752156,8429666.0,Unclassified,,0,,Not checked,,Read by OCR,1,237,
GEM/2025/B/6753196,8430908.0,Unclassified,,0,,Not checked,,Read by OCR,1,233,
GEM/2025/B/6754744,8432687.0,Unclassified,,0,,Not checked,,Not extractable,1,44,
GEM/2025/B/6754500,8432400.0,Unclassified,,0,,Not checked,,Read by OCR,4,3564,
GEM/2025/B/6745127,8421510.0,Unclassified,,0,,Not checked,,Read by OCR,24,67005,
GEM/2025/B/6756379,8434647.0,MTD — Metallurgical Engineering Department,IS 2062 (Grade-A),1,,No,,Read by OCR,3,3222,
GEM/2025/B/6757676,8436227.0,Unclassified,,0,,Not checked,,Read by OCR,2,4833,
GEM/2025/B/6754941,8432899.0,Unclassified,,0,,Not checked,,Read by OCR,8,17247,
GEM/2025/B/6727009,8400681.0,TXD — Textile Department,IS 1719; IS 4927,2,IS 4927 (Withdrawn),Yes,,Read by OCR,48,78355,
GEM/2025/B/6759199,8437975.0,Unclassified,,0,,Not checked,,Read by OCR,3,3893,
GEM/2025/B/6759552,8438398.0,Unclassified,,0,,Not checked,,Read by OCR,1,529,
GEM/2025/B/6759971,8438869.0,Unclassified,,0,,Not checked,,Read by OCR,1,1107,
GEM/2025/B/6759131,8437893.0,FAD — Food And Agriculture Department,IS 2785; IS 2034,2,IS 2785 (Withdrawn); IS 2034 (Withdrawn),Yes,,Read by OCR,7,13708,
GEM/2025/B/6761689,8440805.0,Unclassified,,0,,Not checked,,Read by OCR,1,538,
GEM/2025/B/6762012,8441168.0,Unclassified,,0,,Not checked,,Read by OCR,1,837,
GEM/2025/B/6763417,8442690.0,Unclassified,,0,,Not checked,,Read by OCR,2,2128,
GEM/2025/B/6758905,8437624.0,Unclassified,,0,,Not checked,,Read by OCR,16,20090,
GEM/2025/B/6764424,8443809.0,Unclassified,,0,,Not checked,,Read by OCR,1,1641,
GEM/2025/B/6764823,8444243.0,Unclassified,,0,,Not checked,,Read by OCR,4,5233,
GEM/2025/B/6747106,8423707.0,FAD — Food And Agriculture Department,IS 2785; IS 2034; IS 253,3,IS 2785 (Withdrawn); IS 2034 (Withdrawn),Yes,,Read by OCR,36,69758,
GEM/2025/B/6767141,8446885.0,Unclassified,,0,,Not checked,,Read by OCR,1,890,
GEM/2025/B/6765833,8445374.0,ETD — Electrotechnical Department,IS 2584,1,,No,,Read by OCR,2,2517,
GEM/2025/B/6767427,8447192.0,Unclassified,,0,,Not checked,,Not extractable,1,61,
GEM/2025/B/6767253,8447007.0,Unclassified,,0,,Not checked,,Read by OCR,2,3767,
GEM/2025/B/6767450,8447216.0,Unclassified,,0,,Not checked,,Read by OCR,2,930,
GEM/2025/B/6767852,8447663.0,Unclassified,,0,,Not checked,,Not extractable,1,15,
GEM/2025/B/6767472,8447239.0,Unclassified,,0,,Not checked,,Read by OCR,2,3259,
GEM/2025/B/6768145,8447995.0,Unclassified,,0,,Not checked,,Read by OCR,2,7304,
GEM/2025/B/6769097,8449088.0,Unclassified,,0,,Not checked,,Read by OCR,1,456,
GEM/2025/B/6768201,8448061.0,Unclassified,,0,,Not checked,,Read by OCR,3,1677,
GEM/2025/B/6770822,8451049.0,Unclassified,,0,,Not checked,,Read by OCR,1,1564,
GEM/2025/B/6765165,8444621.0,CED — Civil Engineering Department,IS 4631,1,,No,,Read by OCR,12,24518,
GEM/2025/B/6771665,8452027.0,Pipes (PVC and GI),IS 4984; IS 8008,2,,No,,Read by OCR,1,1757,
GEM/2025/B/6769854,8449986.0,Unclassified,,0,,Not checked,,Read by OCR,4,2578,
GEM/2025/B/6760227,8439160.0,Unclassified,,0,,Not checked,,Read by OCR,22,34981,
GEM/2025/B/6771880,8452260.0,MTD — Metallurgical Engineering Department,IS 5517,1,,No,,Read by OCR,4,9979,
GEM/2025/B/6760830,8439844.0,Unclassified,,0,,Not checked,,Read by OCR,24,33889,
GEM/2025/B/6775742,8456620.0,Unclassified,,0,,Not checked,,Not extractable,1,0,
GEM/2025/B/6772008,8452404.0,Unclassified,,0,,Not checked,,Read by OCR,2,5089,
GEM/2025/B/6776509,8457507.0,Unclassified,,0,,Not checked,,Not extractable,1,195,
GEM/2025/B/6773989,8454675.0,Unclassified,,0,,Not checked,,Read by OCR,4,3511,
GEM/2025/B/6777456,8458559.0,Unclassified,,0,,Not checked,,Read by OCR,1,1188,
GEM/2025/B/6778986,8460309.0,Unclassified,,0,,Not checked,,Read by OCR,1,1466,
GEM/2025/B/6779044,8460372.0,Unclassified,,0,,Not checked,,Read by OCR,1,1773,
GEM/2025/B/6779742,8461180.0,Unclassified,,0,,Not checked,,Read by OCR,1,241,
GEM/2025/B/6779381,8460761.0,Unclassified,,0,,Not checked,,Read by OCR,2,798,
GEM/2025/B/6779113,8460459.0,Unclassified,,0,,Not checked,,Read by OCR,2,4123,
GEM/2025/B/6780093,8461578.0,Unclassified,,0,,Not checked,,Read by OCR,1,1603,
GEM/2025/B/6780642,8462206.0,Unclassified,,0,,Not checked,,Not extractable,1,85,
GEM/2025/B/6782194,8463972.0,Unclassified,,0,,Not checked,,Read by OCR,3,548,
GEM/2025/B/6781559,8463256.0,Unclassified,,0,,Not checked,,Read by OCR,2,2647,
GEM/2025/B/6782569,8464508.0,Unclassified,,0,,Not checked,,Read by OCR,2,2549,
GEM/2025/B/6784706,8467063.0,Unclassified,,0,,Not checked,,Not extractable,1,129,
GEM/2025/B/6784900,8467293.0,Unclassified,,0,,Not checked,,Read by OCR,1,1179,
GEM/2025/B/6784901,8467294.0,Unclassified,,0,,Not checked,,Read by OCR,1,289,
GEM/2025/B/6786077,8468668.0,Unclassified,,0,,Not checked,,Read by OCR,3,3770,
GEM/2025/B/6786350,8468978.0,Unclassified,,0,,Not checked,,Read by OCR,2,382,
GEM/2025/B/6786666,8469356.0,Unclassified,,0,,Not checked,,Not extractable,2,67,
GEM/2025/B/6784147,8466433.0,Unclassified,,0,,Not checked,,Read by OCR,9,8516,
GEM/2025/B/6773961,8454644.0,MTD — Metallurgical Engineering Department,IS 2062; IS 456; IS 2147,3,IS 2147 (Withdrawn),Yes,,Read by OCR,24,56242,
GEM/2025/B/6780486,8462026.0,Unclassified,,0,,Not checked,,Read by OCR,24,59051,
GEM/2025/B/6791596,8474837.0,Unclassified,,0,,Not checked,,Read by OCR,1,1068,
GEM/2025/B/6790783,8473927.0,Unclassified,,0,,Not checked,,Read by OCR,2,291,
GEM/2025/B/6790191,8473278.0,Unclassified,,0,,Not checked,,Read by OCR,16,21639,
GEM/2025/B/6793200,8476601.0,Unclassified,,0,,Not checked,,Read by OCR,2,4159,
GEM/2025/B/6774172,8454882.0,MTD — Metallurgical Engineering Department,IS 2062; IS 456; IS 2147,3,IS 2147 (Withdrawn),Yes,,Read by OCR,24,56267,
GEM/2025/B/6795511,8479198.0,Unclassified,,0,,Not checked,,Read by OCR,2,273,
GEM/2025/B/6796140,8479892.0,Unclassified,,0,,Not checked,,Not extractable,1,193,
GEM/2025/B/6792454,8475770.0,Unclassified,,0,,Not checked,,Read by OCR,4,7339,
GEM/2025/B/6796272,8480039.0,Unclassified,,0,,Not checked,,Not extractable,1,134,
GEM/2025/B/6796179,8479934.0,Unclassified,,0,,Not checked,,Read by OCR,1,1070,
GEM/2025/B/6796359,8480140.0,Unclassified,,0,,Not checked,,Read by OCR,1,1129,
GEM/2025/B/6796403,8480187.0,Unclassified,,0,,Not checked,,Read by OCR,2,2666,
GEM/2025/B/6795680,8479390.0,Unclassified,,0,,Not checked,,Read by OCR,5,8509,
GEM/2025/B/6797212,8481103.0,Unclassified,,0,,Not checked,,Read by OCR,2,2299,
GEM/2025/B/6797797,8481750.0,Unclassified,,0,,Not checked,,Read by OCR,2,4106,
GEM/2025/B/6798699,8482748.0,Unclassified,,0,,Not checked,,Read by OCR,2,705,
GEM/2025/B/6800108,8484278.0,MTD — Metallurgical Engineering Department,IS 4683,1,,No,,Not extractable,1,191,
GEM/2025/B/6786923,8469649.0,Unclassified,,0,,Not checked,,Read by OCR,25,76725,
GEM/2025/B/6802404,8486917.0,Unclassified,,0,,Not checked,,Not extractable,1,134,
GEM/2025/B/6796825,8480659.0,MED — Mechanical Engineering Department,IS 4097 (1967); IS 4097; IS 460; IS 1811,4,,No,,Read by OCR,10,11306,
GEM/2025/B/6801924,8486382.0,Unclassified,,0,,Not checked,,Read by OCR,3,4745,
GEM/2025/B/6807596,8492689.0,Unclassified,,0,,Not checked,,Not extractable,2,169,
GEM/2025/B/6802876,8487464.0,Unclassified,,0,,Not checked,,Read by OCR,3,6920,
GEM/2025/B/6807957,8493080.0,Unclassified,,0,,Not checked,,Read by OCR,2,441,
GEM/2025/B/6807759,8492866.0,MTD — Metallurgical Engineering Department,IS 816; IS 14562,2,IS 816 (Withdrawn),Yes,,Read by OCR,4,3209,
GEM/2025/B/6810101,8495641.0,Unclassified,,0,,Not checked,,Read by OCR,3,2711,
GEM/2025/B/6810271,8495873.0,Unclassified,,0,,Not checked,,Read by OCR,1,744,
GEM/2025/B/6811221,8497055.0,Unclassified,,0,,Not checked,,Read by OCR,1,353,
GEM/2025/B/6807972,8493096.0,Unclassified,,0,,Not checked,,Read by OCR,7,14973,
GEM/2025/B/6811466,8497334.0,Unclassified,,0,,Not checked,,Read by OCR,1,1280,
GEM/2025/B/6811932,8497866.0,Unclassified,,0,,Not checked,,Not extractable,1,65,
GEM/2025/B/6799906,8484027.0,Unclassified,,0,,Not checked,,Read by OCR,15,16584,
GEM/2025/B/6812831,8498937.0,Unclassified,,0,,Not checked,,Read by OCR,8,12023,
GEM/2025/B/6812958,8499076.0,Unclassified,,0,,Not checked,,Read by OCR,1,718,
GEM/2025/B/6813135,8499271.0,Unclassified,,0,,Not checked,,Read by OCR,1,206,
GEM/2025/B/6813145,8499281.0,Unclassified,,0,,Not checked,,Not extractable,1,190,
GEM/2025/B/6812262,8498233.0,Unclassified,,0,,Not checked,,Read by OCR,12,14601,
GEM/2025/B/6814029,8500282.0,Unclassified,,0,,Not checked,,Not extractable,1,125,
GEM/2025/B/6815266,8501637.0,Unclassified,,0,,Not checked,,Read by OCR,1,269,
GEM/2025/B/6814005,8500256.0,Unclassified,,0,,Not checked,,Read by OCR,3,3744,
GEM/2025/B/6815878,8502353.0,Unclassified,,0,,Not checked,,Read by OCR,1,363,
GEM/2025/B/6815960,8502447.0,Unclassified,,0,,Not checked,,Read by OCR,3,6700,
GEM/2025/B/6816027,8502519.0,Unclassified,,0,,Not checked,,Read by OCR,2,3548,
GEM/2025/B/6807064,8492081.0,Unclassified,,0,,Not checked,,Read by OCR,15,37807,
GEM/2025/B/6815440,8501848.0,Unclassified,,0,,Not checked,,Read by OCR,12,21747,
GEM/2025/B/6817404,8504078.0,Unclassified,,0,,Not checked,,Read by OCR,4,5346,
GEM/2025/B/6818846,8505682.0,Unclassified,,0,,Not checked,,Read by OCR,1,382,
GEM/2025/B/6819135,8506023.0,Unclassified,,0,,Not checked,,Read by OCR,1,1240,
GEM/2025/B/6819288,8506200.0,Unclassified,,0,,Not checked,,Read by OCR,1,1069,
GEM/2025/B/6811348,8497197.0,FAD — Food And Agriculture Department,IS 15228; IS 1540 (Part 2-1990); IS 15227; IS 13457,4,IS 1540 (Part 2-1990) (Withdrawn),Yes,,Read by OCR,25,52864,IS 14158
GEM/2025/B/6819860,8506851.0,Unclassified,,0,,Not checked,,Read by OCR,1,226,
GEM/2025/B/6793696,8477188.0,Unclassified,,0,,Not checked,,Read by OCR,64,135259,
GEM/2025/B/6816322,8502849.0,MTD — Metallurgical Engineering Department,IS 5517; IS 2500 (Part-I),2,,No,,Read by OCR,12,15818,
GEM/2025/B/6823383,8510851.0,Unclassified,,0,,Not checked,,Read by OCR,1,834,
GEM/2025/B/6823682,8511194.0,Unclassified,,0,,Not checked,,Read by OCR,1,853,
GEM/2025/B/6824926,8512629.0,Unclassified,,0,,Not checked,,Read by OCR,1,223,
GEM/2025/B/6823261,8510715.0,Unclassified,,0,,Not checked,,Read by OCR,5,8315,
GEM/2025/B/6826059,8513880.0,Unclassified,,0,,Not checked,,Read by OCR,1,1241,
GEM/2025/B/6820846,8507993.0,Unclassified,,0,,Not checked,,Read by OCR,9,16927,
GEM/2025/B/6827873,8516140.0,Unclassified,,0,,Not checked,,Read by OCR,3,4586,
GEM/2025/B/6820040,8507062.0,Unclassified,,0,,Not checked,,Read by OCR,12,28748,
GEM/2025/B/6829299,8517788.0,Unclassified,,0,,Not checked,,Read by OCR,1,231,
GEM/2025/B/6829753,8518319.0,Unclassified,,0,,Not checked,,Read by OCR,2,1018,
GEM/2025/B/6823083,8510507.0,PGD — Production And General Engineering Department,IS 2102,1,,No,,Read by OCR,6,8754,
GEM/2025/B/6828023,8516325.0,Unclassified,,0,,Not checked,,Read by OCR,5,919,
GEM/2025/B/6828017,8516318.0,Unclassified,,0,,Not checked,,Read by OCR,6,6617,
GEM/2025/B/6831584,8520415.0,Unclassified,,0,,Not checked,,Read by OCR,7,5823,
GEM/2025/B/6832895,8521846.0,Unclassified,,0,,Not checked,,Read by OCR,1,631,
GEM/2025/B/6830880,8519611.0,CHD — Chemical Department,"IS 15138; IS 14887; IS 1155; IS 460; IS 160 (BSS =1/16""); IS 80 (BSS 1/32Ị); IS 160; IS 1010",8,"IS 160 (BSS =1/16"") (Withdrawn); IS 160 (Withdrawn)",Yes,,Read by OCR,12,18503,
GEM/2025/B/6833093,8522068.0,Unclassified,,0,,Not checked,,Read by OCR,1,874,
GEM/2025/B/6833337,8522349.0,Unclassified,,0,,Not checked,,Read by OCR,3,254,
GEM/2025/B/6833378,8522397.0,Unclassified,,0,,Not checked,,Read by OCR,1,1495,
GEM/2025/B/6833410,8522435.0,Unclassified,,0,,Not checked,,Read by OCR,1,312,
GEM/2025/B/6833885,8522977.0,Unclassified,,0,,Not checked,,Read by OCR,2,1011,
GEM/2025/B/6834496,8523675.0,MTD — Metallurgical Engineering Department,IS 5517,1,,No,,Read by OCR,1,1384,
GEM/2025/B/6832920,8521872.0,Unclassified,,0,,Not checked,,Read by OCR,10,13938,
GEM/2025/B/6832091,8520975.0,Unclassified,,0,,Not checked,,Read by OCR,24,42105,
GEM/2025/B/6835245,8524511.0,Unclassified,,0,,Not checked,,Read by OCR,4,7389,
GEM/2025/B/6836433,8525879.0,Unclassified,,0,,Not checked,,Read by OCR,1,1077,
GEM/2025/B/6837054,8526597.0,Unclassified,,0,,Not checked,,Read by OCR,1,557,
GEM/2025/B/6837165,8526730.0,Unclassified,,0,,Not checked,,Read by OCR,1,605,
GEM/2025/B/6838033,8527746.0,Unclassified,,0,,Not checked,,Read by OCR,2,739,
GEM/2025/B/6838517,8528295.0,Unclassified,,0,,Not checked,,Read by OCR,1,298,
GEM/2025/B/6838864,8528692.0,Unclassified,,0,,Not checked,,Not extractable,1,129,
GEM/2025/B/6836054,8525458.0,Unclassified,,0,,Not checked,,Read by OCR,7,12312,
GEM/2025/B/6841579,8531751.0,Unclassified,,0,,Not checked,,Read by OCR,1,831,
GEM/2025/B/6839015,8528859.0,Unclassified,,0,,Not checked,,Read by OCR,1,1373,
GEM/2025/B/6842158,8532412.0,Unclassified,,0,,Not checked,,Read by OCR,1,1564,
GEM/2025/B/6842314,8532613.0,Unclassified,,0,,Not checked,,Read by OCR,2,1352,
GEM/2025/B/6836109,8525518.0,CHD — Chemical Department,IS 2653; IS 708; IS 2012; IS 852; IS 5731; IS 40; IS 5713; IS 3303; IS 250; IS 1140; IS 35; IS 9880; IS 715 (Part 1); IS 2480 (Part 1); IS 6128,15,IS 852 (Withdrawn),Yes,,Read by OCR,9,23508,IS 4654
GEM/2025/B/6842910,8533308.0,Unclassified,,0,,Not checked,,Read by OCR,1,545,
GEM/2025/B/6842941,8533341.0,Unclassified,,0,,Not checked,,Read by OCR,1,579,
GEM/2025/B/6843917,8534444.0,Unclassified,,0,,Not checked,,Read by OCR,2,3066,
GEM/2025/B/6845381,8536090.0,Unclassified,,0,,Not checked,,Read by OCR,2,1141,
GEM/2025/B/6845989,8536831.0,Unclassified,,0,,Not checked,,Read by OCR,2,2110,
GEM/2025/B/6842066,8532309.0,Unclassified,,0,,Not checked,,Read by OCR,12,19258,
GEM/2025/B/6844252,8534827.0,Unclassified,,0,,Not checked,,Read by OCR,4,7203,
GEM/2025/B/6848278,8539506.0,Unclassified,,0,,Not checked,,Read by OCR,2,4708,
GEM/2025/B/6849251,8540651.0,Unclassified,,0,,Not checked,,Read by OCR,2,672,
GEM/2025/B/6848618,8539901.0,Unclassified,,0,,Not checked,,Read by OCR,4,8335,
GEM/2025/B/6832443,8521353.0,Unclassified,,0,,Not checked,,Read by OCR,20,81455,
GEM/2025/B/6850671,8542385.0,Unclassified,,0,,Not checked,,Read by OCR,6,6084,
GEM/2025/B/6848863,8540168.0,TXD — Textile Department,IS 1943; IS 9113; IS 2873,3,,No,,Read by OCR,6,9191,
GEM/2025/B/6853552,8545725.0,Unclassified,,0,,Not checked,,Read by OCR,1,2042,
GEM/2025/B/6854044,8546277.0,Unclassified,,0,,Not checked,,Read by OCR,1,1632,
GEM/2025/B/6851210,8542994.0,Unclassified,,0,,Not checked,,Read by OCR,5,10894,
GEM/2025/B/6851285,8543078.0,Unclassified,,0,,Not checked,,Read by OCR,4,6201,
GEM/2025/B/6857333,8549975.0,Unclassified,,0,,Not checked,,Read by OCR,1,758,
GEM/2025/B/6857527,8550196.0,Electrical cables and wiring,IS 7098 (PART-I),1,,No,,Read by OCR,1,1493,
GEM/2025/B/6857982,8550703.0,Unclassified,,0,,Not checked,,Not extractable,1,0,
GEM/2025/B/6856223,8548726.0,Unclassified,,0,,Not checked,,Read by OCR,4,4358,
GEM/2025/B/6858766,8551568.0,Unclassified,,0,,Not checked,,Read by OCR,1,419,
GEM/2025/B/6860734,8553863.0,Unclassified,,0,,Not checked,,Not extractable,1,0,
GEM/2025/B/6863838,8557471.0,Unclassified,,0,,Not checked,,Read by OCR,3,2941,
GEM/2025/B/6858671,8551469.0,Unclassified,,0,,Not checked,,Read by OCR,5,6834,
GEM/2025/B/6865404,8559241.0,Unclassified,,0,,Not checked,,Read by OCR,5,6500,
GEM/2025/B/6864771,8558521.0,PGD — Production And General Engineering Department,IS 2102,1,,No,,Read by OCR,8,7330,
GEM/2025/B/6865901,8559797.0,Unclassified,,0,,Not checked,,Read by OCR,1,1592,
GEM/2025/B/6866017,8559928.0,Unclassified,,0,,Not checked,,Read by OCR,1,1542,
GEM/2025/B/6825643,8513458.0,Unclassified,,0,,Not checked,,Read by OCR,60,160434,
GEM/2025/B/6864915,8558684.0,LITD — Electronics And Information Technology Department,IS 8225,1,,No,,Read by OCR,8,7089,
GEM/2025/B/6867318,8561383.0,Unclassified,,0,,Not checked,,Read by OCR,1,1260,
GEM/2025/B/6868412,8562638.0,Unclassified,,0,,Not checked,,Read by OCR,1,564,
GEM/2025/B/6868166,8562336.0,Unclassified,,0,,Not checked,,Read by OCR,1,782,
GEM/2025/B/6868164,8562334.0,Unclassified,,0,,Not checked,,Read by OCR,2,1957,
GEM/2025/B/6869187,8563527.0,Unclassified,,0,,Not checked,,Not extractable,1,0,
GEM/2025/B/6868893,8563183.0,Unclassified,,0,,Not checked,,Read by OCR,1,302,
GEM/2025/B/6869930,8564358.0,Unclassified,,0,,Not checked,,Read by OCR,1,753,
GEM/2025/B/6867152,8561197.0,Unclassified,,0,,Not checked,,Read by OCR,5,6834,
GEM/2025/B/6870886,8565450.0,Unclassified,,0,,Not checked,,Read by OCR,3,387,
GEM/2025/B/6869254,8563601.0,Unclassified,,0,,Not checked,,Read by OCR,3,5532,
GEM/2025/B/6871670,8566456.0,Unclassified,,0,,Not checked,,Read by OCR,1,894,
GEM/2025/B/6871187,8565776.0,Unclassified,,0,,Not checked,,Read by OCR,5,14872,
GEM/2025/B/6871987,8566839.0,Unclassified,,0,,Not checked,,Not extractable,1,73,
GEM/2025/B/6872476,8567429.0,Unclassified,,0,,Not checked,,Read by OCR,1,2415,
GEM/2025/B/6871913,8566745.0,Unclassified,,0,,Not checked,,Read by OCR,3,7871,
GEM/2025/B/6872520,8567485.0,Unclassified,,0,,Not checked,,Read by OCR,1,835,
GEM/2025/B/6873427,8568536.0,Unclassified,,0,,Not checked,,Read by OCR,3,4350,
GEM/2025/B/6871224,8565841.0,FAD — Food And Agriculture Department,IS 10500; IS 14134,2,,No,,Read by OCR,12,27535,
GEM/2025/B/6873300,8568397.0,Unclassified,,0,,Not checked,,Read by OCR,6,11354,
GEM/2025/B/6874405,8569639.0,Unclassified,,0,,Not checked,,Read by OCR,1,304,
GEM/2025/B/6874918,8570226.0,Unclassified,,0,,Not checked,,Read by OCR,1,340,
GEM/2025/B/6871779,8566587.0,Unclassified,,0,,Not checked,,Read by OCR,12,31254,
GEM/2025/B/6873941,8569120.0,Unclassified,,0,,Not checked,,Read by OCR,4,3213,
GEM/2025/B/6873605,8568739.0,Unclassified,,0,,Not checked,,Read by OCR,6,9424,
GEM/2025/B/6876360,8571912.0,Unclassified,,0,,Not checked,,Read by OCR,1,1991,
GEM/2025/B/6877417,8573073.0,Unclassified,,0,,Not checked,,Read by OCR,1,442,
GEM/2025/B/6875692,8571120.0,Unclassified,,0,,Not checked,,Read by OCR,4,495,
GEM/2025/B/6881022,8577083.0,Unclassified,,0,,Not checked,,Read by OCR,2,1160,
GEM/2025/B/6884989,8581593.0,Unclassified,,0,,Not checked,,Read by OCR,1,1535,
GEM/2025/B/6885103,8581726.0,Unclassified,,0,,Not checked,,Read by OCR,2,4799,
GEM/2025/B/6879244,8575112.0,Unclassified,,0,,Not checked,,Read by OCR,6,6699,
GEM/2025/B/6879991,8575945.0,Unclassified,,0,,Not checked,,Read by OCR,8,9407,
GEM/2025/B/6885213,8581847.0,Unclassified,,0,,Not checked,,Read by OCR,1,1027,
GEM/2025/B/6885555,8582245.0,Unclassified,,0,,Not checked,,Not extractable,1,180,
GEM/2025/B/6888807,8585866.0,Unclassified,,0,,Not checked,,Read by OCR,1,265,
GEM/2025/B/6887190,8584059.0,Unclassified,,0,,Not checked,,Read by OCR,1,772,
GEM/2025/B/6890402,8587707.0,Unclassified,,0,,Not checked,,Read by OCR,1,1805,
GEM/2025/B/6875098,8570444.0,MTD — Metallurgical Engineering Department,IS 6912,1,,No,,Read by OCR,12,14165,
GEM/2025/B/6890476,8587790.0,Unclassified,,0,,Not checked,,Read by OCR,4,1591,
GEM/2025/B/6890514,8587836.0,Unclassified,,0,,Not checked,,Read by OCR,3,4024,
GEM/2025/B/6886765,8583583.0,Electrical cables and wiring,IS 694,1,,No,,Read by OCR,7,9261,
GEM/2025/B/6890981,8588368.0,Unclassified,,0,,Not checked,,Read by OCR,8,11039,
GEM/2025/B/6892597,8590173.0,Unclassified,,0,,Not checked,,Read by OCR,1,1425,
GEM/2025/B/6855348,8547765.0,Unclassified,,0,,Not checked,,Read by OCR,48,85203,
GEM/2025/B/6890778,8588134.0,Unclassified,,0,,Not checked,,Read by OCR,14,34997,
GEM/2025/B/6895251,8593162.0,Unclassified,,0,,Not checked,,Read by OCR,1,1794,
GEM/2025/B/6894760,8592598.0,Unclassified,,0,,Not checked,,Read by OCR,8,14983,
GEM/2025/B/6895472,8593418.0,Unclassified,,0,,Not checked,,Read by OCR,6,7791,
GEM/2025/B/6895728,8593712.0,Unclassified,,0,,Not checked,,Read by OCR,2,2279,
GEM/2025/B/6896146,8594183.0,Unclassified,,0,,Not checked,,Not extractable,1,92,
GEM/2025/B/6895880,8593876.0,Unclassified,,0,,Not checked,,Read by OCR,1,647,
GEM/2025/B/6897521,8595764.0,Unclassified,,0,,Not checked,,Not extractable,2,112,
GEM/2025/B/6897918,8596203.0,Unclassified,,0,,Not checked,,Read by OCR,1,565,
GEM/2025/B/6897379,8595600.0,Unclassified,,0,,Not checked,,Read by OCR,3,2411,
GEM/2025/B/6898279,8596629.0,Unclassified,,0,,Not checked,,Read by OCR,1,741,
GEM/2025/B/6899332,8597919.0,Unclassified,,0,,Not checked,,Not extractable,1,122,
GEM/2025/B/6899261,8597832.0,Unclassified,,0,,Not checked,,Read by OCR,3,3230,
GEM/2025/B/6901934,8600991.0,Unclassified,,0,,Not checked,,Read by OCR,1,735,
GEM/2025/B/6891640,8589087.0,Unclassified,,0,,Not checked,,Read by OCR,24,24861,
GEM/2025/B/6902645,8601817.0,Unclassified,,0,,Not checked,,Read by OCR,1,503,
GEM/2025/B/6904520,8603910.0,Unclassified,,0,,Not checked,,Not extractable,1,121,
GEM/2025/B/6895629,8593600.0,Unclassified,,0,,Not checked,,Read by OCR,19,36128,
GEM/2025/B/6906096,8605644.0,Unclassified,,0,,Not checked,,Read by OCR,1,770,
GEM/2025/B/6906627,8606241.0,Unclassified,,0,,Not checked,,Not extractable,1,170,
GEM/2025/B/6905291,8604769.0,CHD — Chemical Department,IS 2074; IS 1477 (part-ll); IS 3658; IS 5456,4,IS 5456 (Superseded),Yes,,Read by OCR,10,13314,
GEM/2025/B/6907778,8607500.0,Unclassified,,0,,Not checked,,Read by OCR,1,1241,
GEM/2025/B/6906741,8606362.0,Unclassified,,0,,Not checked,,Read by OCR,3,2093,
GEM/2025/B/6909009,8608848.0,Unclassified,,0,,Not checked,,Read by OCR,2,3091,
GEM/2025/B/6900535,8599312.0,Unclassified,,0,,Not checked,,Read by OCR,19,30510,
GEM/2025/B/6910478,8610476.0,Unclassified,,0,,Not checked,,Read by OCR,1,547,
GEM/2025/B/6910937,8610982.0,CED — Civil Engineering Department,IS 1659,1,IS 1659 (Superseded),Yes,,Read by OCR,5,4876,
GEM/2025/B/6891497,8588940.0,Unclassified,,0,,Not checked,,Read by OCR,50,129041,
GEM/2025/B/6904441,8603823.0,Unclassified,,0,,Not checked,,Read by OCR,24,30913,
GEM/2025/B/6913020,8613272.0,Unclassified,,0,,Not checked,,Not extractable,1,0,
GEM/2025/B/6912278,8612469.0,Unclassified,,0,,Not checked,,Read by OCR,1,1544,
GEM/2025/B/6911727,8611875.0,Unclassified,,0,,Not checked,,Read by OCR,11,18554,
GEM/2025/B/6914155,8614550.0,PGD — Production And General Engineering Department,IS 5109,1,,No,,Read by OCR,2,5973,
GEM/2025/B/6915258,8615826.0,LED lighting,IS 10322 (Part 5/Sec3); IS 16107 (Part 2/ Sec 1),2,,No,,Not extractable,1,127,
GEM/2025/B/6915387,8615983.0,Unclassified,,0,,Not checked,,Read by OCR,1,973,
GEM/2025/B/6915661,8616361.0,Unclassified,,0,,Not checked,,Read by OCR,1,1242,
GEM/2025/B/6915934,8616690.0,Unclassified,,0,,Not checked,,Read by OCR,2,2406,
GEM/2025/B/6914916,8615412.0,Unclassified,,0,,Not checked,,Read by OCR,6,4658,
GEM/2025/B/6915563,8616234.0,Unclassified,,0,,Not checked,,Read by OCR,5,12178,
GEM/2025/B/6912087,8612263.0,Unclassified,,0,,Not checked,,Read by OCR,12,32525,
GEM/2025/B/6918057,8619114.0,Unclassified,,0,,Not checked,,Read by OCR,4,2067,
GEM/2025/B/6918898,8620019.0,Unclassified,,0,,Not checked,,Read by OCR,4,5125,
GEM/2025/B/6919180,8620307.0,Unclassified,,0,,Not checked,,Read by OCR,4,5656,
GEM/2025/B/6920112,8621370.0,Unclassified,,0,,Not checked,,Read by OCR,1,1979,
GEM/2025/B/6920313,8621612.0,Unclassified,,0,,Not checked,,Not extractable,1,78,
GEM/2025/B/6920098,8621353.0,Unclassified,,0,,Not checked,,Read by OCR,3,4025,
GEM/2025/B/6920892,8622291.0,Unclassified,,0,,Not checked,,Read by OCR,1,764,
GEM/2025/B/6920401,8621718.0,Unclassified,,0,,Not checked,,Read by OCR,1,2987,
GEM/2025/B/6922180,8623763.0,Unclassified,,0,,Not checked,,Not extractable,1,71,
GEM/2025/B/6922368,8623979.0,Unclassified,,0,,Not checked,,Not extractable,1,95,
GEM/2025/B/6922415,8624036.0,Unclassified,,0,,Not checked,,Read by OCR,1,265,
GEM/2025/B/6909515,8609413.0,Unclassified,,0,,Not checked,,Read by OCR,24,44272,
GEM/2025/B/6918109,8619175.0,Unclassified,,0,,Not checked,,Read by OCR,12,26506,
GEM/2025/B/6924785,8626859.0,Unclassified,,0,,Not checked,,Read by OCR,1,730,
GEM/2025/B/6924797,8626871.0,Unclassified,,0,,Not checked,,Read by OCR,1,655,
GEM/2025/B/6917187,8618120.0,Unclassified,,0,,Not checked,,Read by OCR,12,29309,
GEM/2025/B/6927940,8630558.0,Unclassified,,0,,Not checked,,Read by OCR,2,1299,
GEM/2025/B/6923387,8625120.0,Unclassified,,0,,Not checked,,Read by OCR,5,8825,
GEM/2025/B/6932705,8635858.0,Unclassified,,0,,Not checked,,Read by OCR,3,239,
GEM/2025/B/6923879,8625760.0,Unclassified,,0,,Not checked,,Read by OCR,6,7927,
GEM/2025/B/6932706,8635859.0,Unclassified,,0,,Not checked,,Read by OCR,1,265,
GEM/2025/B/6933915,8637250.0,Unclassified,,0,,Not checked,,Read by OCR,1,625,
GEM/2025/B/6933962,8637302.0,Unclassified,,0,,Not checked,,Read by OCR,1,322,
GEM/2025/B/6927744,8630323.0,Unclassified,,0,,Not checked,,Read by OCR,6,10881,
GEM/2025/B/6929815,8632676.0,Unclassified,,0,,Not checked,,Read by OCR,6,9363,
GEM/2025/B/6937031,8640844.0,Unclassified,,0,,Not checked,,Read by OCR,3,1769,
GEM/2025/B/6927722,8630300.0,Unclassified,,0,,Not checked,,Read by OCR,12,3044,
GEM/2025/B/6937666,8641560.0,Unclassified,,0,,Not checked,,Read by OCR,2,3776,
GEM/2025/B/6937827,8641740.0,Unclassified,,0,,Not checked,,Read by OCR,1,941,
GEM/2025/B/6938395,8642369.0,Unclassified,,0,,Not checked,,Read by OCR,2,1024,
GEM/2025/B/6936030,8639649.0,Unclassified,,0,,Not checked,,Read by OCR,6,5956,
GEM/2025/B/6938997,8643046.0,Unclassified,,0,,Not checked,,Read by OCR,4,4763,
GEM/2025/B/6940056,8644221.0,Unclassified,,0,,Not checked,,Read by OCR,2,3789,
GEM/2025/B/6941541,8645933.0,Unclassified,,0,,Not checked,,Read by OCR,1,1363,
GEM/2025/B/6941738,8646175.0,Unclassified,,0,,Not checked,,Read by OCR,3,2426,
GEM/2025/B/6935659,8639232.0,Unclassified,,0,,Not checked,,Read by OCR,12,2045,
GEM/2025/B/6941876,8646331.0,Unclassified,,0,,Not checked,,Read by OCR,2,2087,
GEM/2025/B/6944177,8648898.0,Unclassified,,0,,Not checked,,Read by OCR,1,1929,
GEM/2025/B/6945543,8650415.0,Unclassified,,0,,Not checked,,Read by OCR,1,1131,
GEM/2025/B/6946684,8651736.0,Unclassified,,0,,Not checked,,Read by OCR,1,1067,
GEM/2025/B/6943814,8648495.0,Unclassified,,0,,Not checked,,Read by OCR,3,4571,
GEM/2025/B/6947952,8653171.0,CED — Civil Engineering Department,IS 383,1,,No,,Not extractable,1,91,
GEM/2025/B/6949069,8654470.0,Unclassified,,0,,Not checked,,Read by OCR,1,1487,
GEM/2025/B/6947731,8652925.0,Unclassified,,0,,Not checked,,Read by OCR,2,1891,
GEM/2025/B/6939542,8643660.0,Unclassified,,0,,Not checked,,Read by OCR,10,22193,
GEM/2025/B/6949441,8654889.0,Unclassified,,0,,Not checked,,Not extractable,2,66,
GEM/2025/B/6949637,8655168.0,Unclassified,,0,,Not checked,,Read by OCR,2,747,
GEM/2025/B/6950744,8656546.0,Unclassified,,0,,Not checked,,Read by OCR,1,2037,
GEM/2025/B/6951796,8657766.0,Unclassified,,0,,Not checked,,Read by OCR,1,821,
GEM/2025/B/6953852,8660165.0,Unclassified,,0,,Not checked,,Not extractable,1,89,
GEM/2025/B/6955440,8661947.0,Unclassified,,0,,Not checked,,Read by OCR,3,1315,
GEM/2025/B/6953413,8659630.0,Unclassified,,0,,Not checked,,Read by OCR,3,3454,
GEM/2025/B/6953325,8659532.0,Unclassified,,0,,Not checked,,Read by OCR,4,4457,
GEM/2025/B/6955443,8661952.0,Unclassified,,0,,Not checked,,Not extractable,3,164,
GEM/2025/B/6957843,8664618.0,Unclassified,,0,,Not checked,,Read by OCR,3,4095,
GEM/2025/B/6960559,8667624.0,Unclassified,,0,,Not checked,,Read by OCR,4,6534,
GEM/2025/B/6956881,8663558.0,MTD — Metallurgical Engineering Department,IS 2062,1,,No,,Read by OCR,10,21319,
GEM/2025/B/6944280,8649015.0,MSD — Management System Department,IS 2500 (Part-l),1,,No,,Read by OCR,24,28223,
GEM/2025/B/6961991,8669235.0,Unclassified,,0,,Not checked,,Read by OCR,6,1593,
GEM/2025/B/6962475,8669782.0,Unclassified,,0,,Not checked,,Not extractable,1,67,
GEM/2025/B/6939920,8644078.0,MTD — Metallurgical Engineering Department,IS 2102; IS 2500 (Part-I); IS 1079; IS 1570; IS 5986; IS 2004; IS 513; IS 5985; IS 2062; IS 3074; IS 4218,11,IS 1570 (Withdrawn),Yes,,Read by OCR,36,44256,
GEM/2025/B/6962570,8669897.0,Unclassified,,0,,Not checked,,Read by OCR,1,1457,
GEM/2025/B/6962649,8669993.0,Unclassified,,0,,Not checked,,Read by OCR,1,843,
GEM/2025/B/6963332,8670759.0,Unclassified,,0,,Not checked,,Read by OCR,1,700,
GEM/2025/B/6963938,8671447.0,Unclassified,,0,,Not checked,,Read by OCR,2,406,
GEM/2025/B/6965764,8673507.0,Unclassified,,0,,Not checked,,Read by OCR,1,282,
GEM/2025/B/6963167,8670571.0,Unclassified,,0,,Not checked,,Read by OCR,9,13337,
GEM/2025/B/6961732,8668948.0,MTD — Metallurgical Engineering Department,IS 1570; IS 319,2,IS 1570 (Withdrawn),Yes,,Read by OCR,30,54282,
GEM/2025/B/6960184,8667211.0,Unclassified,,0,,Not checked,,Read by OCR,12,33510,
GEM/2025/B/6967993,8676033.0,Unclassified,,0,,Not checked,,Read by OCR,2,229,
GEM/2025/B/6960738,8667840.0,Unclassified,,0,,Not checked,,Read by OCR,12,32937,
GEM/2025/B/6967865,8675890.0,Unclassified,,0,,Not checked,,Read by OCR,7,7502,
GEM/2025/B/6968572,8676668.0,Unclassified,,0,,Not checked,,Read by OCR,1,849,
GEM/2025/B/6970692,8679000.0,Unclassified,,0,,Not checked,,Read by OCR,1,826,
GEM/2025/B/6970046,8678297.0,Unclassified,,0,,Not checked,,Read by OCR,1,1929,
GEM/2025/B/6972007,8680477.0,Unclassified,,0,,Not checked,,Read by OCR,1,877,
GEM/2025/B/6965799,8673547.0,Unclassified,,0,,Not checked,,Read by OCR,24,28127,
GEM/2025/B/6972223,8680753.0,MTD — Metallurgical Engineering Department,IS 1749,1,,No,,Read by OCR,3,2692,
GEM/2025/B/6966805,8674699.0,Unclassified,,0,,Not checked,,Read by OCR,24,67041,
GEM/2025/B/6977297,8687144.0,Unclassified,,0,,Not checked,,Not extractable,1,111,
GEM/2025/B/6968143,8676200.0,Unclassified,,0,,Not checked,,Read by OCR,20,28045,
GEM/2025/B/6977907,8687899.0,Unclassified,,0,,Not checked,,Not extractable,1,27,
GEM/2025/B/6980075,8690396.0,Unclassified,,0,,Not checked,,Read by OCR,2,2455,
GEM/2025/B/6974882,8684092.0,Unclassified,,0,,Not checked,,Read by OCR,12,18257,
GEM/2025/B/6980992,8691428.0,Unclassified,,0,,Not checked,,Read by OCR,1,837,
GEM/2025/B/6981037,8691479.0,Unclassified,,0,,Not checked,,Read by OCR,2,211,
GEM/2025/B/6981452,8691922.0,Unclassified,,0,,Not checked,,Not extractable,1,110,
GEM/2025/B/6981952,8692464.0,Unclassified,,0,,Not checked,,Read by OCR,2,1115,IS 60947
GEM/2025/B/6976431,8686053.0,Unclassified,,0,,Not checked,,Read by OCR,17,22423,
GEM/2025/B/6984295,8695022.0,Unclassified,,0,,Not checked,,Read by OCR,1,519,
GEM/2025/B/6983314,8693946.0,Unclassified,,0,,Not checked,,Read by OCR,3,6752,
GEM/2025/B/6987165,8698204.0,Unclassified,,0,,Not checked,,Read by OCR,4,7451,
GEM/2025/B/6987507,8698567.0,Unclassified,,0,,Not checked,,Not extractable,1,118,
GEM/2025/B/6989382,8700648.0,Unclassified,,0,,Not checked,,Read by OCR,1,1088,
GEM/2025/B/6989487,8700768.0,Unclassified,,0,,Not checked,,Read by OCR,2,3395,
GEM/2025/B/6989488,8700769.0,Unclassified,,0,,Not checked,,Read by OCR,1,433,
GEM/2025/B/6984242,8694959.0,Unclassified,,0,,Not checked,,Read by OCR,12,23141,
GEM/2025/B/6990073,8701413.0,Unclassified,,0,,Not checked,,Read by OCR,1,1341,
GEM/2025/B/6990597,8701996.0,"PCD — Petroleum, Coal And Related Products Department",IS 1448,1,,No,,Read by OCR,1,2499,
GEM/2025/B/6985306,8696118.0,PGD — Production And General Engineering Department,IS 916,1,,No,,Read by OCR,11,16365,
GEM/2025/B/6991286,8702738.0,Unclassified,,0,,Not checked,,Read by OCR,2,363,
GEM/2025/B/6989849,8701160.0,Unclassified,,0,,Not checked,,Read by OCR,4,9180,
GEM/2025/B/6991540,8703019.0,Unclassified,,0,,Not checked,,Read by OCR,1,556,
GEM/2025/B/6992681,8704279.0,"PCD — Petroleum, Coal And Related Products Department",IS 7123; IS 7123 (Latest),2,,No,,Read by OCR,2,1315,
GEM/2025/B/6992940,8704570.0,Unclassified,,0,,Not checked,,Not extractable,1,111,
GEM/2025/B/6992847,8704463.0,Unclassified,,0,,Not checked,,Read by OCR,2,1331,
GEM/2025/B/6993285,8704971.0,Unclassified,,0,,Not checked,,Read by OCR,1,647,
GEM/2025/B/6994165,8705945.0,Unclassified,,0,,Not checked,,Read by OCR,1,237,
GEM/2025/B/6994907,8706767.0,Unclassified,,0,,Not checked,,Read by OCR,1,996,
GEM/2025/B/6993526,8705236.0,Unclassified,,0,,Not checked,,Read by OCR,4,4996,
GEM/2025/B/6997337,8709469.0,Unclassified,,0,,Not checked,,Not extractable,1,128,
GEM/2025/B/6998916,8711255.0,Unclassified,,0,,Not checked,,Read by OCR,1,744,
GEM/2025/B/6995977,8707961.0,Unclassified,,0,,Not checked,,Read by OCR,3,2943,
GEM/2025/B/6998939,8711282.0,Unclassified,,0,,Not checked,,Read by OCR,1,741,
GEM/2025/B/6977483,8687384.0,Unclassified,,0,,Not checked,,Read by OCR,48,34783,
GEM/2025/B/6994044,8705802.0,CHD — Chemical Department,IS 15489,1,,No,,Read by OCR,6,7863,
GEM/2025/B/6998957,8711303.0,Unclassified,,0,,Not checked,,Read by OCR,1,979,
GEM/2025/B/7001071,8713613.0,Unclassified,,0,,Not checked,,Read by OCR,2,1838,
GEM/2025/B/6973480,8682314.0,Unclassified,,0,,Not checked,,Read by OCR,48,33819,
GEM/2025/B/7001715,8714414.0,Unclassified,,0,,Not checked,,Read by OCR,6,6566,
GEM/2025/B/6999056,8711414.0,Unclassified,,0,,Not checked,,Read by OCR,8,6681,
GEM/2025/B/7001893,8714623.0,Unclassified,,0,,Not checked,,Read by OCR,4,11124,
GEM/2025/B/7002100,8714889.0,Unclassified,,0,,Not checked,,Read by OCR,2,1827,
GEM/2025/B/7002382,8715228.0,Unclassified,,0,,Not checked,,Read by OCR,2,2667,
GEM/2025/B/7003266,8716281.0,Unclassified,,0,,Not checked,,Read by OCR,1,1888,
GEM/2025/B/7002059,8714834.0,Unclassified,,0,,Not checked,,Read by OCR,3,5738,
GEM/2025/B/7003333,8716355.0,Unclassified,,0,,Not checked,,Read by OCR,1,1061,
GEM/2025/B/7003982,8717097.0,Unclassified,,0,,Not checked,,Not extractable,1,83,
GEM/2025/B/7004222,8717356.0,Unclassified,,0,,Not checked,,Read by OCR,1,1961,
GEM/2025/B/7003416,8716456.0,Unclassified,,0,,Not checked,,Read by OCR,3,3944,
GEM/2025/B/6998938,8711280.0,Unclassified,,0,,Not checked,,Read by OCR,16,28617,
GEM/2025/B/7002954,8715907.0,"PCD — Petroleum, Coal And Related Products Department",IS 1153,1,,No,,Read by OCR,12,12272,
GEM/2025/B/7005575,8718910.0,Unclassified,,0,,Not checked,,Read by OCR,3,6266,
GEM/2025/B/7005486,8718804.0,LITD — Electronics And Information Technology Department,IS 13252 (Part 1); IS 13252,2,,No,,Read by OCR,7,12808,
GEM/2025/B/7004594,8717789.0,Unclassified,,0,,Not checked,,Read by OCR,12,29599,
GEM/2025/B/7007444,8721029.0,Unclassified,,0,,Not checked,,Read by OCR,1,3332,
GEM/2025/B/7004784,8718005.0,MTD — Metallurgical Engineering Department,IS 20,1,IS 20 (Withdrawn),Yes,,Read by OCR,12,38024,
GEM/2025/B/7007101,8720642.0,Unclassified,,0,,Not checked,,Read by OCR,3,3436,
GEM/2025/B/7009411,8723192.0,Unclassified,,0,,Not checked,,Read by OCR,1,495,
GEM/2025/B/7009644,8723465.0,Unclassified,,0,,Not checked,,Read by OCR,3,1924,
GEM/2025/B/7009857,8723710.0,Unclassified,,0,,Not checked,,Read by OCR,2,273,
GEM/2025/B/7009935,8723803.0,Unclassified,,0,,Not checked,,Not extractable,1,61,
GEM/2025/B/7008813,8722536.0,Unclassified,,0,,Not checked,,Read by OCR,6,6307,
GEM/2025/B/7010888,8724860.0,Unclassified,,0,,Not checked,,Read by OCR,1,1251,
GEM/2025/B/7011041,8725023.0,Unclassified,,0,,Not checked,,Not extractable,1,163,
GEM/2025/B/7004917,8718163.0,MED — Mechanical Engineering Department,IS 1476 (PART 1); IS 1476; IS 1391 (PT 2); IS 1169,4,IS 1476 (PART 1) (Withdrawn); IS 1476 (Withdrawn); IS 1391 (PT 2) (Superseded),Yes,,Read by OCR,16,32177,
GEM/2025/B/7009387,8723166.0,Unclassified,,0,,Not checked,,Read by OCR,6,5957,
GEM/2025/B/7012869,8727038.0,Unclassified,,0,,Not checked,,Not extractable,1,117,
GEM/2025/B/7011656,8725689.0,Unclassified,,0,,Not checked,,Read by OCR,1,1321,
GEM/2025/B/7010098,8723993.0,Unclassified,,0,,Not checked,,Read by OCR,4,519,
GEM/2025/B/7013146,8727349.0,Unclassified,,0,,Not checked,,Not extractable,1,111,
GEM/2025/B/7013332,8727554.0,Unclassified,,0,,Not checked,,Read by OCR,1,318,
GEM/2025/B/7013101,8727298.0,Unclassified,,0,,Not checked,,Read by OCR,2,1089,
GEM/2025/B/7014638,8728999.0,Unclassified,,0,,Not checked,,Read by OCR,1,1785,
GEM/2025/B/7014564,8728921.0,Unclassified,,0,,Not checked,,Read by OCR,2,8527,
GEM/2025/B/7014905,8729300.0,Unclassified,,0,,Not checked,,Read by OCR,1,275,
GEM/2025/B/7016114,8730638.0,Unclassified,,0,,Not checked,,Read by OCR,1,376,
GEM/2025/B/7016541,8731127.0,Unclassified,,0,,Not checked,,Read by OCR,1,1101,
GEM/2025/B/7013071,8727263.0,MTD — Metallurgical Engineering Department,IS 3748; IS 1570 (Pt 5),2,IS 1570 (Pt 5) (Withdrawn),Yes,,Read by OCR,5,10082,
GEM/2025/B/7016629,8731229.0,Unclassified,,0,,Not checked,,Read by OCR,1,428,
GEM/2025/B/7016697,8731313.0,Unclassified,,0,,Not checked,,Not extractable,1,135,
GEM/2025/B/7017652,8732361.0,Unclassified,,0,,Not checked,,Read by OCR,2,931,
GEM/2025/B/7017794,8732521.0,Unclassified,,0,,Not checked,,Not extractable,1,84,
GEM/2025/B/7014050,8728348.0,Unclassified,,0,,Not checked,,Read by OCR,8,16432,
GEM/2025/B/7020023,8735005.0,Unclassified,,0,,Not checked,,Read by OCR,1,1540,
GEM/2025/B/7020279,8735315.0,Unclassified,,0,,Not checked,,Not extractable,1,169,
GEM/2025/B/7017650,8732359.0,MTD — Metallurgical Engineering Department,IS 3748; IS 1570 (Pt 5),2,IS 1570 (Pt 5) (Withdrawn),Yes,,Read by OCR,4,8641,
GEM/2025/B/7021884,8737111.0,Unclassified,,0,,Not checked,,Read by OCR,1,571,
GEM/2025/B/7015992,8730498.0,Unclassified,,0,,Not checked,,Read by OCR,8,11499,
GEM/2025/B/7023025,8738386.0,Unclassified,,0,,Not checked,,Read by OCR,1,634,
GEM/2025/B/7020900,8736019.0,Unclassified,,0,,Not checked,,Read by OCR,3,1385,
GEM/2025/B/7025917,8741640.0,Unclassified,,0,,Not checked,,Not extractable,1,69,
GEM/2025/B/7025778,8741478.0,Unclassified,,0,,Not checked,,Read by OCR,1,2199,
GEM/2025/B/7023480,8738897.0,Unclassified,,0,,Not checked,,Read by OCR,2,4276,
GEM/2025/B/7027102,8742999.0,Unclassified,,0,,Not checked,,Read by OCR,1,1603,
GEM/2025/B/7029628,8745883.0,Unclassified,,0,,Not checked,,Not extractable,1,161,
GEM/2025/B/7032693,8749537.0,Unclassified,,0,,Not checked,,Read by OCR,1,1025,
GEM/2025/B/7032855,8749717.0,Unclassified,,0,,Not checked,,Not extractable,1,71,
GEM/2025/B/7033636,8750666.0,Unclassified,,0,,Not checked,,Read by OCR,1,572,
GEM/2025/B/7031603,8748301.0,Unclassified,,0,,Not checked,,Read by OCR,4,5980,
GEM/2025/B/7033673,8750713.0,Unclassified,,0,,Not checked,,Read by OCR,3,1905,
GEM/2025/B/7017825,8732561.0,Unclassified,,0,,Not checked,,Read by OCR,10,21815,
GEM/2025/B/7035552,8752822.0,Unclassified,,0,,Not checked,,Read by OCR,1,1413,
GEM/2025/B/7035961,8753277.0,Unclassified,,0,,Not checked,,Read by OCR,2,4655,
GEM/2025/B/7037697,8755155.0,Unclassified,,0,,Not checked,,Read by OCR,1,874,
GEM/2025/B/7012145,8726226.0,Unclassified,,0,,Not checked,,Read by OCR,24,59439,
GEM/2025/B/7038186,8755707.0,CED — Civil Engineering Department,IS 12717; IS 617; IS 6603; IS 902,4,,No,,Read by OCR,5,9017,
GEM/2025/B/7038318,8755850.0,Unclassified,,0,,Not checked,,Read by OCR,5,6409,
GEM/2025/B/7038508,8756078.0,Unclassified,,0,,Not checked,,Read by OCR,1,256,
GEM/2025/B/7033731,8750782.0,Unclassified,,0,,Not checked,,Read by OCR,12,22235,
GEM/2025/B/7042155,8760238.0,Unclassified,,0,,Not checked,,Read by OCR,1,1166,
GEM/2025/B/7042869,8761084.0,Unclassified,,0,,Not checked,,Read by OCR,1,984,
GEM/2025/B/7041970,8760019.0,Unclassified,,0,,Not checked,,Read by OCR,3,5800,
GEM/2025/B/7043831,8762146.0,Unclassified,,0,,Not checked,,Read by OCR,1,804,
GEM/2025/B/7038384,8755932.0,MTD — Metallurgical Engineering Department,IS 2507,1,,No,,Read by OCR,7,8623,
GEM/2025/B/7045040,8763558.0,"PCD — Petroleum, Coal And Related Products Department",IS 6312,1,,No,,Read by OCR,1,1089,
GEM/2025/B/7045616,8764252.0,Unclassified,,0,,Not checked,,Read by OCR,2,795,
GEM/2025/B/7028875,8745006.0,Unclassified,,0,,Not checked,,Read by OCR,20,18265,
GEM/2025/B/7047059,8765919.0,Unclassified,,0,,Not checked,,Read by OCR,5,6828,
GEM/2025/B/7048912,8768088.0,Unclassified,,0,,Not checked,,Read by OCR,5,3896,
GEM/2025/B/7049933,8769227.0,Unclassified,,0,,Not checked,,Read by OCR,1,615,
GEM/2025/B/7044184,8762568.0,Unclassified,,0,,Not checked,,Read by OCR,17,19752,
GEM/2025/B/7050066,8769392.0,Unclassified,,0,,Not checked,,Read by OCR,3,2187,
GEM/2025/B/7051183,8770761.0,Unclassified,,0,,Not checked,,Read by OCR,1,2031,
GEM/2025/B/7050940,8770464.0,Unclassified,,0,,Not checked,,Read by OCR,2,1592,
GEM/2025/B/7054030,8774192.0,Unclassified,,0,,Not checked,,Read by OCR,2,2311,
GEM/2025/B/7046182,8764922.0,CED — Civil Engineering Department,IS 926,1,,No,,Read by OCR,18,28528,
GEM/2025/B/7047270,8766174.0,Unclassified,,0,,Not checked,,Read by OCR,14,30348,
GEM/2025/B/7054491,8774768.0,Unclassified,,0,,Not checked,,Read by OCR,1,465,
GEM/2025/B/7053706,8773801.0,Unclassified,,0,,Not checked,,Read by OCR,4,7452,
GEM/2025/B/7057548,8778411.0,Unclassified,,0,,Not checked,,Read by OCR,3,2076,
GEM/2026/B/7060267,8781665.0,Unclassified,,0,,Not checked,,Not extractable,1,39,
GEM/2025/B/7036002,8753322.0,Unclassified,,0,,Not checked,,Read by OCR,40,34579,
GEM/2026/B/7059783,8781072.0,ETD — Electrotechnical Department,IS 9815,1,,No,,Read by OCR,3,3841,
GEM/2026/B/7060582,8782045.0,Unclassified,,0,,Not checked,,Read by OCR,1,3975,
GEM/2026/B/7062098,8783911.0,Unclassified,,0,,Not checked,,Not extractable,1,67,
GEM/2026/B/7062584,8784489.0,Unclassified,,0,,Not checked,,Read by OCR,1,1017,
GEM/2026/B/7062779,8784727.0,Unclassified,,0,,Not checked,,Read by OCR,2,3954,
GEM/2026/B/7063343,8785422.0,Unclassified,,0,,Not checked,,Read by OCR,1,3954,
GEM/2026/B/7064971,8787324.0,Unclassified,,0,,Not checked,,Not extractable,1,146,
GEM/2026/B/7063501,8785620.0,Unclassified,,0,,Not checked,,Read by OCR,1,1550,
GEM/2026/B/7066152,8788656.0,Unclassified,,0,,Not checked,,Not extractable,2,172,
GEM/2026/B/7065479,8787890.0,Unclassified,,0,,Not checked,,Read by OCR,2,2177,
GEM/2025/B/7057039,8777774.0,Unclassified,,0,,Not checked,,Read by OCR,14,29133,
GEM/2026/B/7061644,8783348.0,Unclassified,,0,,Not checked,,Read by OCR,14,27897,
GEM/2025/B/7055649,8776163.0,MTD — Metallurgical Engineering Department,IS 800; IS 3658; IS 10234,3,IS 10234 (Withdrawn),Yes,,Read by OCR,12,23499,
GEM/2026/B/7067391,8790038.0,Unclassified,,0,,Not checked,,Read by OCR,7,10742,
GEM/2026/B/7068000,8790719.0,Unclassified,,0,,Not checked,,Read by OCR,2,1043,
GEM/2026/B/7070239,8793235.0,Unclassified,,0,,Not checked,,Read by OCR,1,2126,
GEM/2026/B/7070504,8793562.0,Unclassified,,0,,Not checked,,Read by OCR,1,1398,
GEM/2026/B/7070591,8793664.0,Unclassified,,0,,Not checked,,Read by OCR,2,1485,
GEM/2026/B/7071133,8794310.0,Unclassified,,0,,Not checked,,Read by OCR,1,2713,
GEM/2026/B/7071376,8794575.0,Unclassified,,0,,Not checked,,Read by OCR,1,291,
GEM/2026/B/7071506,8794708.0,Unclassified,,0,,Not checked,,Read by OCR,2,325,
GEM/2026/B/7071914,8795180.0,Unclassified,,0,,Not checked,,Read by OCR,1,1353,
GEM/2026/B/7066406,8788936.0,Unclassified,,0,,Not checked,,Read by OCR,20,32208,
GEM/2026/B/7071523,8794725.0,ETD — Electrotechnical Department,IS 13947 (Part 4/Section 1); IS 13947 (Part 5),2,IS 13947 (Part 4/Section 1) (Withdrawn); IS 13947 (Part 5) (Withdrawn),Yes,,Read by OCR,5,6317,IS 60947
GEM/2026/B/7072804,8796240.0,Unclassified,,0,,Not checked,,Read by OCR,2,1877,
GEM/2026/B/7072299,8795648.0,Unclassified,,0,,Not checked,,Read by OCR,3,5590,
GEM/2026/B/7067781,8790477.0,Unclassified,,0,,Not checked,,Read by OCR,14,25808,
GEM/2026/B/7074745,8798458.0,Unclassified,,0,,Not checked,,Not extractable,1,176,
GEM/2026/B/7074410,8798058.0,Unclassified,,0,,Not checked,,Read by OCR,2,497,
GEM/2026/B/7073811,8797372.0,Unclassified,,0,,Not checked,,Read by OCR,2,3781,
GEM/2026/B/7075447,8799283.0,Unclassified,,0,,Not checked,,Not extractable,1,180,
GEM/2026/B/7076130,8800055.0,Unclassified,,0,,Not checked,,Read by OCR,2,735,
GEM/2026/B/7076775,8800758.0,Electrical cables and wiring,IS 694,1,,No,,Read by OCR,4,1085,
GEM/2026/B/7077930,8802040.0,Unclassified,,0,,Not checked,,Not extractable,8,40,
GEM/2026/B/7077980,8802096.0,Unclassified,,0,,Not checked,,Read by OCR,2,2547,
GEM/2026/B/7078325,8802489.0,Unclassified,,0,,Not checked,,Read by OCR,1,1889,
GEM/2026/B/7080457,8804840.0,Unclassified,,0,,Not checked,,Not extractable,1,117,
GEM/2026/B/7081335,8805813.0,Unclassified,,0,,Not checked,,Read by OCR,1,960,
GEM/2026/B/7082286,8806892.0,Unclassified,,0,,Not checked,,Not extractable,1,180,
GEM/2026/B/7082562,8807209.0,Unclassified,,0,,Not checked,,Read by OCR,1,782,
GEM/2026/B/7072966,8796421.0,MTD — Metallurgical Engineering Department,IS 3818; IS 1424; IS 2155; IS 1018; IS 3618; IS 1323; IS 1278; IS 2062; IS 1079,9,IS 1018 (Withdrawn); IS 1323 (Withdrawn),Yes,,Read by OCR,12,7254,
GEM/2026/B/7080497,8804884.0,Unclassified,,0,,Not checked,,Read by OCR,3,2489,
GEM/2026/B/7084502,8809337.0,Unclassified,,0,,Not checked,,Not extractable,1,124,
GEM/2026/B/7084849,8809712.0,Unclassified,,0,,Not checked,,Not extractable,1,104,
GEM/2026/B/7086245,8811284.0,Unclassified,,0,,Not checked,,Read by OCR,1,2002,
GEM/2026/B/7085345,8810254.0,Unclassified,,0,,Not checked,,Read by OCR,1,2764,
GEM/2026/B/7089554,8814983.0,Unclassified,,0,,Not checked,,Not extractable,1,198,
GEM/2026/B/7066568,8789114.0,Unclassified,,0,,Not checked,,Read by OCR,30,34054,
GEM/2026/B/7090407,8815943.0,Unclassified,,0,,Not checked,,Read by OCR,2,1826,
GEM/2026/B/7084185,8808998.0,Unclassified,,0,,Not checked,,Read by OCR,3,2106,
GEM/2026/B/7090883,8816475.0,Unclassified,,0,,Not checked,,Read by OCR,1,637,
GEM/2026/B/7091437,8817095.0,Unclassified,,0,,Not checked,,Read by OCR,1,1025,
GEM/2026/B/7091440,8817098.0,Unclassified,,0,,Not checked,,Read by OCR,2,1935,
GEM/2026/B/7074751,8798464.0,FAD — Food And Agriculture Department,IS 2785; IS 2034; IS 4304,3,IS 2785 (Withdrawn); IS 2034 (Withdrawn); IS 4304 (Withdrawn),Yes,,Read by OCR,14,28033,
GEM/2026/B/7091803,8817504.0,Unclassified,,0,,Not checked,,Read by OCR,1,546,
GEM/2026/B/7091762,8817457.0,Unclassified,,0,,Not checked,,Read by OCR,2,677,
GEM/2026/B/7089586,8815020.0,Unclassified,,0,,Not checked,,Read by OCR,8,6487,
GEM/2026/B/7094243,8820280.0,Unclassified,,0,,Not checked,,Read by OCR,1,1612,
GEM/2026/B/7091955,8817680.0,Unclassified,,0,,Not checked,,Read by OCR,2,3856,
GEM/2026/B/7092723,8818556.0,Unclassified,,0,,Not checked,,Read by OCR,3,794,
GEM/2026/B/7096998,8823395.0,Unclassified,,0,,Not checked,,Read by OCR,3,4495,
GEM/2026/B/7097143,8823558.0,Unclassified,,0,,Not checked,,Read by OCR,4,1176,
GEM/2026/B/7098976,8825669.0,Unclassified,,0,,Not checked,,Not extractable,1,116,
GEM/2026/B/7100040,8826846.0,Unclassified,,0,,Not checked,,Not extractable,1,111,
GEM/2026/B/7097552,8824039.0,Unclassified,,0,,Not checked,,Read by OCR,3,5091,
GEM/2026/B/7100551,8827527.0,Unclassified,,0,,Not checked,,Read by OCR,1,1075,
GEM/2026/B/7101327,8828461.0,TXD — Textile Department,IS 5485,1,,No,,Not extractable,1,191,
GEM/2026/B/7100641,8827640.0,Unclassified,,0,,Not checked,,Read by OCR,5,3698,
GEM/2026/B/7098704,8825349.0,Unclassified,,0,,Not checked,,Read by OCR,8,3847,
GEM/2026/B/7101880,8829119.0,Unclassified,,0,,Not checked,,Not extractable,1,175,
GEM/2026/B/7097885,8824423.0,Unclassified,,0,,Not checked,,Read by OCR,5,4919,
GEM/2026/B/7104859,8832573.0,PGD — Production And General Engineering Department,IS 5370; IS 3063; IS 3175; IS 3174,4,IS 3175 (Withdrawn),Yes,,Read by OCR,1,985,
GEM/2026/B/7105365,8833158.0,Unclassified,,0,,Not checked,,Not extractable,1,134,
GEM/2026/B/7105537,8833362.0,Unclassified,,0,,Not checked,,Not extractable,1,109,
GEM/2026/B/7105117,8832888.0,Unclassified,,0,,Not checked,,Read by OCR,2,3281,
GEM/2026/B/7106268,8834167.0,Unclassified,,0,,Not checked,,Read by OCR,1,1133,
GEM/2026/B/7106758,8834723.0,Unclassified,,0,,Not checked,,Read by OCR,1,915,
GEM/2026/B/7101781,8829008.0,Unclassified,,0,,Not checked,,Read by OCR,3,2106,
GEM/2026/B/7109119,8837298.0,Unclassified,,0,,Not checked,,Read by OCR,1,1176,
GEM/2026/B/7108930,8837087.0,Unclassified,,0,,Not checked,,Read by OCR,2,694,
GEM/2026/B/7108122,8836219.0,Unclassified,,0,,Not checked,,Read by OCR,2,1869,
GEM/2026/B/7110822,8839177.0,Unclassified,,0,,Not checked,,Not extractable,1,139,
GEM/2026/B/7111797,8840255.0,Unclassified,,0,,Not checked,,Not extractable,1,151,
GEM/2026/B/7109917,8838183.0,MTD — Metallurgical Engineering Department,IS 2062; IS 210,2,,No,,Read by OCR,3,8896,
GEM/2026/B/7109958,8838228.0,Unclassified,,0,,Not checked,,Read by OCR,4,4523,
GEM/2026/B/7113546,8842204.0,Unclassified,,0,,Not checked,,Read by OCR,1,1659,
GEM/2026/B/7113110,8841714.0,Unclassified,,0,,Not checked,,Read by OCR,2,4330,
GEM/2026/B/7109927,8838193.0,Pipes (PVC and GI),IS 4984,1,,No,,Read by OCR,5,8910,
GEM/2026/B/7114523,8843388.0,Unclassified,,0,,Not checked,,Read by OCR,1,239,
GEM/2026/B/7114358,8843196.0,Unclassified,,0,,Not checked,,Read by OCR,2,2005,
GEM/2026/B/7115426,8844443.0,Unclassified,,0,,Not checked,,Read by OCR,1,334,
GEM/2026/B/7115800,8844866.0,Unclassified,,0,,Not checked,,Read by OCR,1,1473,
GEM/2026/B/7112202,8840708.0,MTD — Metallurgical Engineering Department,IS 5517,1,,No,,Read by OCR,5,9154,
GEM/2026/B/7116394,8845612.0,Unclassified,,0,,Not checked,,Read by OCR,1,213,
GEM/2026/B/7116630,8845898.0,ETD — Electrotechnical Department,IS 12976; IS 302; IS 4159; IS 1867; IS 16240,5,,No,,Read by OCR,3,5311,
GEM/2026/B/7117693,8847211.0,Unclassified,,0,,Not checked,,Read by OCR,3,5343,
GEM/2026/B/7117874,8847424.0,Unclassified,,0,,Not checked,,Read by OCR,1,395,
GEM/2026/B/7115949,8845049.0,MTD — Metallurgical Engineering Department,IS 2825; IS 1239; IS 2062 (2006),3,,No,,Read by OCR,6,7844,
GEM/2026/B/7119861,8849806.0,Unclassified,,0,,Not checked,,Read by OCR,1,1170,
GEM/2026/B/7119938,8849891.0,MTD — Metallurgical Engineering Department,IS 2062,1,,No,,Read by OCR,2,2751,
GEM/2026/B/7121942,8852233.0,Unclassified,,0,,Not checked,,Read by OCR,2,3547,
GEM/2026/B/7122453,8852835.0,Unclassified,,0,,Not checked,,Not extractable,1,72,
GEM/2026/B/7122614,8853027.0,Unclassified,,0,,Not checked,,Read by OCR,2,3513,
GEM/2026/B/7124051,8854820.0,Unclassified,,0,,Not checked,,Read by OCR,2,635,
GEM/2026/B/7118963,8848718.0,Unclassified,,0,,Not checked,,Read by OCR,12,25424,
GEM/2026/B/7125258,8856312.0,MTD — Metallurgical Engineering Department,IS 13502,1,,No,,Read by OCR,1,1511,
GEM/2026/B/7113839,8842550.0,Unclassified,,0,,Not checked,,Read by OCR,14,49547,
GEM/2026/B/7127238,8858731.0,Unclassified,,0,,Not checked,,Read by OCR,1,265,
GEM/2026/B/7127366,8858882.0,Unclassified,,0,,Not checked,,Read by OCR,1,1360,
GEM/2026/B/7126985,8858446.0,Unclassified,,0,,Not checked,,Read by OCR,12,28121,
GEM/2026/B/7129183,8860976.0,Unclassified,,0,,Not checked,,Read by OCR,1,1627,
GEM/2026/B/7124203,8855013.0,Unclassified,,0,,Not checked,,Read by OCR,24,42427,
GEM/2026/B/7132055,8864219.0,Unclassified,,0,,Not checked,,Not extractable,1,171,
GEM/2026/B/7129561,8861418.0,Unclassified,,0,,Not checked,,Read by OCR,2,812,
GEM/2026/B/7132418,8864634.0,Unclassified,,0,,Not checked,,Read by OCR,1,588,
GEM/2026/B/7132692,8864940.0,MTD — Metallurgical Engineering Department,IS 5988; IS 6528; IS 1364,3,,No,,Read by OCR,2,1340,
GEM/2026/B/7133116,8865414.0,Unclassified,,0,,Not checked,,Read by OCR,2,4731,
GEM/2026/B/7133524,8865854.0,Unclassified,,0,,Not checked,,Read by OCR,1,307,
GEM/2026/B/7121320,8851505.0,Unclassified,,0,,Not checked,,Read by OCR,56,24751,
GEM/2026/B/7134950,8867440.0,Unclassified,,0,,Not checked,,Read by OCR,11,10822,
GEM/2026/B/7137233,8870067.0,Unclassified,,0,,Not checked,,Read by OCR,4,1703,
GEM/2026/B/7137954,8870879.0,Unclassified,,0,,Not checked,,Not extractable,1,94,
GEM/2026/B/7138196,8871151.0,Unclassified,,0,,Not checked,,Read by OCR,2,579,
GEM/2026/B/7127399,8858920.0,Unclassified,,0,,Not checked,,Read by OCR,36,37625,
GEM/2026/B/7136682,8869426.0,Unclassified,,0,,Not checked,,Read by OCR,6,9536,
GEM/2026/B/7139972,8873192.0,Unclassified,,0,,Not checked,,Read by OCR,1,647,
GEM/2026/B/7141238,8874643.0,Unclassified,,0,,Not checked,,Read by OCR,1,1457,
GEM/2026/B/7142525,8876089.0,Unclassified,,0,,Not checked,,Read by OCR,1,1360,
GEM/2026/B/7139152,8872238.0,Unclassified,,0,,Not checked,,Read by OCR,6,15752,
GEM/2026/B/7139081,8872164.0,Unclassified,,0,,Not checked,,Read by OCR,11,13481,
GEM/2026/B/7144145,8877878.0,Unclassified,,0,,Not checked,,Not extractable,1,56,
GEM/2026/B/7142810,8876408.0,Unclassified,,0,,Not checked,,Not extractable,1,154,
GEM/2026/B/7142748,8876342.0,Unclassified,,0,,Not checked,,Read by OCR,1,869,
GEM/2026/B/7144157,8877890.0,Unclassified,,0,,Not checked,,Read by OCR,2,5984,
GEM/2026/B/7144658,8878452.0,Unclassified,,0,,Not checked,,Read by OCR,3,7431,
GEM/2026/B/7145105,8878936.0,Unclassified,,0,,Not checked,,Read by OCR,2,245,
GEM/2026/B/7146184,8880100.0,Unclassified,,0,,Not checked,,Read by OCR,1,286,
GEM/2026/B/7144174,8877907.0,Unclassified,,0,,Not checked,,Read by OCR,4,2280,
GEM/2026/B/7149733,8884169.0,Unclassified,,0,,Not checked,,Not extractable,1,85,
GEM/2026/B/7149938,8884413.0,Unclassified,,0,,Not checked,,Not extractable,2,0,
GEM/2026/B/7136641,8869372.0,Unclassified,,0,,Not checked,,Read by OCR,28,101194,
GEM/2026/B/7151762,8886497.0,Unclassified,,0,,Not checked,,Read by OCR,1,498,
GEM/2026/B/7146860,8880898.0,Unclassified,,0,,Not checked,,Read by OCR,8,746,
GEM/2026/B/7149833,8884285.0,Unclassified,,0,,Not checked,,Read by OCR,2,539,
GEM/2026/B/7153940,8889195.0,Unclassified,,0,,Not checked,,Read by OCR,1,1779,
GEM/2026/B/7086480,8811539.0,TXD — Textile Department,IS 16890; IS 16874; IS 15758; IS 6489; IS 8489,5,IS 16890 (Superseded); IS 6489 (Withdrawn),Yes,,Read by OCR,96,160109,
GEM/2026/B/7152313,8887281.0,Unclassified,,0,,Not checked,,Read by OCR,2,7022,
GEM/2026/B/7154017,8889285.0,Unclassified,,0,,Not checked,,Read by OCR,1,1046,
GEM/2026/B/7156231,8891809.0,Unclassified,,0,,Not checked,,Read by OCR,1,393,
GEM/2026/B/7155044,8890448.0,Unclassified,,0,,Not checked,,Read by OCR,2,1641,
GEM/2026/B/7156944,8892656.0,Unclassified,,0,,Not checked,,Read by OCR,2,1014,
GEM/2026/B/7156965,8892684.0,Unclassified,,0,,Not checked,,Read by OCR,2,4179,
GEM/2026/B/7156978,8892707.0,MTD — Metallurgical Engineering Department,IS 10343,1,,No,,Read by OCR,1,1261,
GEM/2026/B/7157148,8892914.0,Unclassified,,0,,Not checked,,Read by OCR,4,14091,
GEM/2026/B/7158065,8893949.0,Unclassified,,0,,Not checked,,Not extractable,1,169,
GEM/2026/B/7153842,8889084.0,Unclassified,,0,,Not checked,,Read by OCR,12,34563,
GEM/2026/B/7164189,8900758.0,Unclassified,,0,,Not checked,,Not extractable,1,117,
GEM/2026/B/7164109,8900670.0,Unclassified,,0,,Not checked,,Read by OCR,3,1645,
GEM/2026/B/7167023,8903901.0,Unclassified,,0,,Not checked,,Read by OCR,1,2245,
GEM/2026/B/7167249,8904156.0,Unclassified,,0,,Not checked,,Read by OCR,2,1851,
GEM/2026/B/7169109,8906281.0,Unclassified,,0,,Not checked,,Read by OCR,3,745,
GEM/2026/B/7150437,8884986.0,Unclassified,,0,,Not checked,,Not extractable,1,32,
GEM/2026/B/7170856,8908239.0,Unclassified,,0,,Not checked,,Not extractable,1,91,
GEM/2026/B/7170884,8908270.0,Unclassified,,0,,Not checked,,Not extractable,1,0,
GEM/2026/B/7157864,8893715.0,Unclassified,,0,,Not checked,,Read by OCR,8,15107,
GEM/2026/B/7170603,8907940.0,Unclassified,,0,,Not checked,,Read by OCR,3,2036,
GEM/2026/B/7170919,8908308.0,"PCD — Petroleum, Coal And Related Products Department",IS 8654 (AL SPECIFICATION),1,,No,,Read by OCR,2,2173,
GEM/2026/B/7172587,8910194.0,Unclassified,,0,,Not checked,,Read by OCR,1,3449,
GEM/2026/B/7171748,8909239.0,Unclassified,,0,,Not checked,,Read by OCR,3,6285,
GEM/2026/B/7173924,8911741.0,Unclassified,,0,,Not checked,,Read by OCR,4,3711,
GEM/2026/B/7174868,8912812.0,Unclassified,,0,,Not checked,,Read by OCR,2,2513,
GEM/2026/B/7176662,8914851.0,Unclassified,,0,,Not checked,,Not extractable,0,0,
GEM/2026/B/7169259,8906445.0,Unclassified,,0,,Not checked,,Read by OCR,13,12541,
GEM/2026/B/7176847,8915058.0,Unclassified,,0,,Not checked,,Not extractable,1,107,
GEM/2026/B/7171415,8908874.0,Unclassified,,0,,Not checked,,Read by OCR,10,13133,
GEM/2026/B/7178109,8916599.0,Unclassified,,0,,Not checked,,Not extractable,1,18,
GEM/2026/B/7178119,8916610.0,Unclassified,,0,,Not checked,,Not extractable,1,166,
GEM/2026/B/7157594,8893417.0,MTD — Metallurgical Engineering Department,IS 13095; IS 210; IS 1865,3,IS 13095 (Superseded),Yes,,Read by OCR,28,37155,
GEM/2026/B/7177658,8915994.0,Unclassified,,0,,Not checked,,Read by OCR,12,21255,
GEM/2026/B/7180669,8919571.0,Unclassified,,0,,Not checked,,Not extractable,1,83,
GEM/2026/B/7180847,8919772.0,"PCD — Petroleum, Coal And Related Products Department",IS 1118,1,,No,,Not extractable,1,82,
GEM/2026/B/7180484,8919371.0,PGD — Production And General Engineering Department,IS 2102,1,,No,,Read by OCR,4,4398,
GEM/2026/B/7174471,8912373.0,Unclassified,,0,,Not checked,,Read by OCR,14,38118,
GEM/2026/B/7181450,8920475.0,Unclassified,,0,,Not checked,,Not extractable,2,88,
GEM/2026/B/7186714,8926459.0,Unclassified,,0,,Not checked,,Read by OCR,1,266,
GEM/2026/B/7184926,8924462.0,Unclassified,,0,,Not checked,,Read by OCR,1,372,
GEM/2026/B/7187253,8927056.0,Unclassified,,0,,Not checked,,Read by OCR,3,1166,
GEM/2026/B/7187794,8927676.0,Unclassified,,0,,Not checked,,Read by OCR,1,1817,
GEM/2026/B/7188481,8928447.0,Unclassified,,0,,Not checked,,Read by OCR,2,1796,
GEM/2026/B/7189801,8929930.0,Unclassified,,0,,Not checked,,Read by OCR,1,1642,
GEM/2026/B/7187564,8927422.0,Unclassified,,0,,Not checked,,Read by OCR,6,17242,
GEM/2026/B/7189867,8930007.0,Unclassified,,0,,Not checked,,Read by OCR,2,4325,
GEM/2026/B/7178185,8916685.0,PGD — Production And General Engineering Department,IS 4440 (Part-5); IS 616,2,,No,,Read by OCR,24,25091,IS 62368
GEM/2026/B/7193476,8934016.0,Unclassified,,0,,Not checked,,Read by OCR,1,576,
GEM/2026/B/7193523,8934068.0,Unclassified,,0,,Not checked,,Read by OCR,2,2365,
GEM/2026/B/7194875,8935670.0,Unclassified,,0,,Not checked,,Read by OCR,1,748,
GEM/2026/B/7195217,8936054.0,Unclassified,,0,,Not checked,,Read by OCR,1,215,
GEM/2026/B/7196249,8937213.0,Unclassified,,0,,Not checked,,Read by OCR,1,1491,
GEM/2026/B/7196297,8937267.0,Unclassified,,0,,Not checked,,Read by OCR,2,230,
GEM/2026/B/7191202,8931498.0,Unclassified,,0,,Not checked,,Read by OCR,11,17389,
GEM/2026/B/7196523,8937533.0,Unclassified,,0,,Not checked,,Read by OCR,4,2265,
GEM/2026/B/7194319,8935019.0,Unclassified,,0,,Not checked,,Read by OCR,12,8245,
GEM/2026/B/7197578,8938701.0,Unclassified,,0,,Not checked,,Read by OCR,2,2535,
GEM/2026/B/7198549,8939770.0,Unclassified,,0,,Not checked,,Read by OCR,1,1606,
GEM/2026/B/7199664,8941026.0,Unclassified,,0,,Not checked,,Read by OCR,1,587,
GEM/2026/B/7199789,8941189.0,Unclassified,,0,,Not checked,,Read by OCR,2,676,
GEM/2026/B/7200335,8941802.0,Unclassified,,0,,Not checked,,Read by OCR,1,690,
GEM/2026/B/7199437,8940781.0,Electrical cables and wiring,IS 10322; IS 1239; IS 694; IS 1445; IS 7935; IS 1443; IS 14255; IS 398 (Pt-4),8,,No,,Read by OCR,4,5844,
GEM/2026/B/7200530,8942024.0,Unclassified,,0,,Not checked,,Read by OCR,2,452,
GEM/2026/B/7200578,8942083.0,Unclassified,,0,,Not checked,,Read by OCR,1,1259,
GEM/2026/B/7198943,8940219.0,Unclassified,,0,,Not checked,,Read by OCR,7,2878,
GEM/2026/B/7179745,8918519.0,Unclassified,,0,,Not checked,,Read by OCR,40,84031,
GEM/2026/B/7202488,8944247.0,Unclassified,,0,,Not checked,,Not extractable,1,193,
GEM/2026/B/7201279,8942867.0,Unclassified,,0,,Not checked,,Read by OCR,4,799,
GEM/2026/B/7200760,8942287.0,Unclassified,,0,,Not checked,,Read by OCR,4,9045,
GEM/2026/B/7206651,8948908.0,Unclassified,,0,,Not checked,,Not extractable,1,117,
GEM/2026/B/7203102,8944933.0,MTD — Metallurgical Engineering Department,IS 1239 (Part-1),1,,No,,Read by OCR,4,9696,
GEM/2026/B/7207414,8949778.0,Unclassified,,0,,Not checked,,Read by OCR,3,4482,
GEM/2026/B/7208696,8951232.0,Unclassified,,0,,Not checked,,Read by OCR,1,1260,
GEM/2026/B/7211228,8954315.0,Unclassified,,0,,Not checked,,Read by OCR,1,726,
GEM/2026/B/7183387,8922707.0,"PCD — Petroleum, Coal And Related Products Department",IS 7888,1,,No,,Read by OCR,31,78540,
GEM/2026/B/7202740,8944526.0,Unclassified,,0,,Not checked,,Read by OCR,13,43737,
GEM/2026/B/7200920,8942468.0,Unclassified,,0,,Not checked,,Read by OCR,20,29183,
GEM/2026/B/7213783,8957252.0,Unclassified,,0,,Not checked,,Read by OCR,1,480,
GEM/2026/B/7212895,8956234.0,Unclassified,,0,,Not checked,,Read by OCR,2,1239,
GEM/2026/B/7208638,8951160.0,MTD — Metallurgical Engineering Department,IS 280; IS 4826; IS 1730; IS 6745; IS 1161; IS 4736; IS 8535; IS 2629; IS 4759; IS 432; IS 8112; IS 383,12,IS 1730 (Withdrawn); IS 4759 (Withdrawn); IS 8112 (Withdrawn),Yes,,Read by OCR,10,18135,
GEM/2026/B/7212339,8955620.0,Unclassified,,0,,Not checked,,Read by OCR,13,19362,
GEM/2026/B/7218789,8962937.0,Unclassified,,0,,Not checked,,Not extractable,1,146,
GEM/2026/B/7217539,8961593.0,Unclassified,,0,,Not checked,,Read by OCR,5,6003,
GEM/2026/B/7219151,8963329.0,Unclassified,,0,,Not checked,,Read by OCR,1,775,
GEM/2026/B/7216488,8960409.0,Unclassified,,0,,Not checked,,Read by OCR,12,14165,
GEM/2026/B/7219202,8963385.0,Unclassified,,0,,Not checked,,Read by OCR,1,574,
GEM/2026/B/7214397,8957956.0,Unclassified,,0,,Not checked,,Read by OCR,12,17855,
GEM/2026/B/7221314,8965798.0,Unclassified,,0,,Not checked,,Not extractable,0,0,
GEM/2026/B/7222459,8967084.0,Unclassified,,0,,Not checked,,Not extractable,1,62,
GEM/2026/B/7220829,8965230.0,Unclassified,,0,,Not checked,,Read by OCR,1,1098,
GEM/2026/B/7223819,8968613.0,Unclassified,,0,,Not checked,,Read by OCR,1,285,
GEM/2026/B/7222569,8967200.0,Unclassified,,0,,Not checked,,Read by OCR,1,805,
GEM/2026/B/7220657,8965038.0,Unclassified,,0,,Not checked,,Read by OCR,2,2055,
GEM/2026/B/7212567,8955873.0,Unclassified,,0,,Not checked,,Read by OCR,20,37950,
GEM/2026/B/7224255,8969095.0,Unclassified,,0,,Not checked,,Read by OCR,2,5685,
GEM/2026/B/7224176,8969006.0,Unclassified,,0,,Not checked,,Read by OCR,3,2643,
GEM/2026/B/7225763,8970781.0,Unclassified,,0,,Not checked,,Read by OCR,1,316,
GEM/2026/B/7226372,8971456.0,Unclassified,,0,,Not checked,,Not extractable,4,0,
GEM/2026/B/7223884,8968687.0,Unclassified,,0,,Not checked,,Read by OCR,5,7507,
GEM/2026/B/7227028,8972207.0,Unclassified,,0,,Not checked,,Not extractable,1,68,
GEM/2026/B/7226799,8971948.0,Unclassified,,0,,Not checked,,Read by OCR,1,494,
GEM/2026/B/7224748,8969647.0,Unclassified,,0,,Not checked,,Read by OCR,1,1466,
GEM/2026/B/7226442,8971542.0,Unclassified,,0,,Not checked,,Read by OCR,3,4938,
GEM/2026/B/7228004,8973299.0,Unclassified,,0,,Not checked,,Not extractable,1,182,
GEM/2026/B/7228831,8974216.0,Unclassified,,0,,Not checked,,Read by OCR,2,288,
GEM/2026/B/7228885,8974281.0,Unclassified,,0,,Not checked,,Read by OCR,1,379,
GEM/2026/B/7228122,8973426.0,Unclassified,,0,,Not checked,,Read by OCR,2,2325,
GEM/2026/B/7232794,8978576.0,Unclassified,,0,,Not checked,,Not extractable,1,156,
GEM/2026/B/7232475,8978235.0,Unclassified,,0,,Not checked,,Read by OCR,1,1419,
GEM/2026/B/7235034,8981110.0,Unclassified,,0,,Not checked,,Not extractable,1,172,
GEM/2026/B/7234389,8980391.0,Unclassified,,0,,Not checked,,Read by OCR,1,930,
GEM/2026/B/7232694,8978474.0,Unclassified,,0,,Not checked,,Read by OCR,2,1970,
GEM/2026/B/7235999,8982163.0,Unclassified,,0,,Not checked,,Read by OCR,3,3914,
GEM/2026/B/7237651,8983981.0,Unclassified,,0,,Not checked,,Read by OCR,4,7163,
GEM/2026/B/7237869,8984228.0,Unclassified,,0,,Not checked,,Read by OCR,1,2312,
GEM/2026/B/7236651,8982865.0,ETD — Electrotechnical Department,IS 302,1,,No,,Read by OCR,11,16989,
GEM/2026/B/7219076,8963249.0,Unclassified,,0,,Not checked,,Read by OCR,32,21554,
GEM/2026/B/7238026,8984398.0,Unclassified,,0,,Not checked,,Read by OCR,2,220,
GEM/2026/B/7238684,8985114.0,Unclassified,,0,,Not checked,,Read by OCR,1,491,
GEM/2026/B/7239875,8986499.0,Unclassified,,0,,Not checked,,Not extractable,1,94,
GEM/2026/B/7235341,8981457.0,Unclassified,,0,,Not checked,,Read by OCR,12,30525,
GEM/2026/B/7241038,8987841.0,Unclassified,,0,,Not checked,,Not extractable,1,63,
GEM/2026/B/7243667,8990914.0,Unclassified,,0,,Not checked,,Read by OCR,1,343,
GEM/2026/B/7241343,8988164.0,Unclassified,,0,,Not checked,,Read by OCR,1,2371,
GEM/2026/B/7243517,8990713.0,Unclassified,,0,,Not checked,,Read by OCR,1,2194,
GEM/2026/B/7244342,8991768.0,Unclassified,,0,,Not checked,,Not extractable,1,123,
GEM/2026/B/7243670,8990918.0,Unclassified,,0,,Not checked,,Read by OCR,1,1476,
GEM/2026/B/7244987,8992559.0,Unclassified,,0,,Not checked,,Read by OCR,1,1741,
GEM/2026/B/7245572,8993252.0,Unclassified,,0,,Not checked,,Not extractable,1,72,
GEM/2026/B/7244582,8992062.0,Unclassified,,0,,Not checked,,Read by OCR,2,1979,
GEM/2026/B/7245991,8993723.0,Unclassified,,0,,Not checked,,Not extractable,1,71,
GEM/2026/B/7228081,8973381.0,MTD — Metallurgical Engineering Department,IS 800; IS 87; IS 3658; IS 10234,4,IS 87 (Withdrawn); IS 10234 (Withdrawn),Yes,,Read by OCR,12,24153,
GEM/2026/B/7246532,8994328.0,Unclassified,,0,,Not checked,,Read by OCR,1,1886,
GEM/2026/B/7248282,8996379.0,Unclassified,,0,,Not checked,,Read by OCR,1,259,
GEM/2026/B/7245392,8993036.0,Unclassified,,0,,Not checked,,Read by OCR,4,7456,
GEM/2026/B/7248612,8996774.0,Unclassified,,0,,Not checked,,Read by OCR,1,2037,
GEM/2026/B/7248902,8997116.0,Unclassified,,0,,Not checked,,Read by OCR,2,1498,
GEM/2026/B/7249025,8997259.0,Unclassified,,0,,Not checked,,Read by OCR,1,379,
GEM/2026/B/7247804,8995810.0,Unclassified,,0,,Not checked,,Read by OCR,3,4419,
GEM/2026/B/7249480,8997781.0,Unclassified,,0,,Not checked,,Read by OCR,1,426,
GEM/2026/B/7249258,8997530.0,MTD — Metallurgical Engineering Department,IS 816,1,IS 816 (Withdrawn),Yes,,Read by OCR,1,2095,
GEM/2026/B/7251340,8999868.0,Unclassified,,0,,Not checked,,Read by OCR,1,1150,
GEM/2026/B/7252413,9001037.0,Unclassified,,0,,Not checked,,Read by OCR,1,1591,
GEM/2026/B/7250105,8998489.0,Unclassified,,0,,Not checked,,Read by OCR,3,2243,
GEM/2026/B/7252919,9001593.0,Unclassified,,0,,Not checked,,Read by OCR,3,1169,
GEM/2026/B/7239195,8985704.0,Unclassified,,0,,Not checked,,Read by OCR,17,29743,
GEM/2026/B/7258855,9008233.0,Unclassified,,0,,Not checked,,Not extractable,1,150,
GEM/2026/B/7252838,9001500.0,MTD — Metallurgical Engineering Department,IS 4432; IS 4452,2,,No,,Read by OCR,9,6992,
GEM/2026/B/7259742,9009249.0,Unclassified,,0,,Not checked,,Read by OCR,3,1436,
GEM/2026/B/7260185,9009760.0,CED — Civil Engineering Department,IS 1892; IS 10042; IS 2131,3,,No,,Read by OCR,1,2521,
GEM/2026/B/7261375,9011143.0,Unclassified,,0,,Not checked,,Read by OCR,1,1553,
GEM/2026/B/7254326,9003175.0,MTD — Metallurgical Engineering Department,IS 2062; IS 4454 (PT 4); IS 4218 (PT 4); IS 513 (PT- 1); IS 2269; IS 6761; IS 10748; IS 7138; IS 4454; IS 513; IS 4218; IS 2380; IS 848,13,IS 4454 (PT 4) (Superseded); IS 4454 (Superseded),Yes,,Read by OCR,12,10927,IS 23823
GEM/2026/B/7263834,9013898.0,Unclassified,,0,,Not checked,,Read by OCR,2,326,
GEM/2026/B/7263043,9013035.0,Unclassified,,0,,Not checked,,Read by OCR,3,1769,
GEM/2026/B/7264623,9014796.0,Unclassified,,0,,Not checked,,Read by OCR,1,263,
GEM/2026/B/7265375,9015677.0,Unclassified,,0,,Not checked,,Not extractable,1,0,
GEM/2026/B/7249094,8997346.0,Unclassified,,0,,Not checked,,Read by OCR,16,35123,
GEM/2026/B/7267203,9017814.0,Unclassified,,0,,Not checked,,Not extractable,1,163,
GEM/2026/B/7267854,9018530.0,Unclassified,,0,,Not checked,,Read by OCR,2,668,
GEM/2026/B/7259831,9009349.0,Unclassified,,0,,Not checked,,Read by OCR,12,22085,
GEM/2026/B/7264503,9014650.0,MTD — Metallurgical Engineering Department,IS 2062; IS 6992,2,,No,,Read by OCR,7,3581,
GEM/2026/B/7268301,9019048.0,Unclassified,,0,,Not checked,,Read by OCR,1,1319,
GEM/2026/B/7269080,9019900.0,Unclassified,,0,,Not checked,,Read by OCR,1,1863,
GEM/2026/B/7266868,9017428.0,Unclassified,,0,,Not checked,,Read by OCR,5,12949,
GEM/2026/B/7269998,9020907.0,Unclassified,,0,,Not checked,,Read by OCR,2,283,
GEM/2026/B/7270295,9021234.0,Unclassified,,0,,Not checked,,Read by OCR,2,667,
GEM/2026/B/7269751,9020630.0,Unclassified,,0,,Not checked,,Read by OCR,3,7823,
GEM/2026/B/7272063,9023306.0,Unclassified,,0,,Not checked,,Not extractable,1,79,
GEM/2026/B/7272708,9024041.0,Unclassified,,0,,Not checked,,Read by OCR,1,561,
GEM/2026/B/7273273,9024692.0,Unclassified,,0,,Not checked,,Read by OCR,1,422,
GEM/2026/B/7271311,9022407.0,Unclassified,,0,,Not checked,,Read by OCR,3,3195,
GEM/2026/B/7256809,9006013.0,Unclassified,,0,,Not checked,,Read by OCR,24,29887,
GEM/2026/B/7268369,9019121.0,Unclassified,,0,,Not checked,,Read by OCR,8,4470,
GEM/2026/B/7273831,9025315.0,Unclassified,,0,,Not checked,,Read by OCR,2,2481,
GEM/2026/B/7274254,9025777.0,Unclassified,,0,,Not checked,,Read by OCR,4,2452,
GEM/2026/B/7270129,9021053.0,Unclassified,,0,,Not checked,,Read by OCR,6,10307,
GEM/2026/B/7275397,9027113.0,Unclassified,,0,,Not checked,,Not extractable,1,99,
GEM/2026/B/7275375,9027089.0,Unclassified,,0,,Not checked,,Not extractable,1,115,
GEM/2026/B/7274312,9025843.0,Unclassified,,0,,Not checked,,Read by OCR,3,4808,
GEM/2026/B/7275444,9027162.0,Unclassified,,0,,Not checked,,Not extractable,1,113,
GEM/2026/B/7274882,9026511.0,Unclassified,,0,,Not checked,,Read by OCR,8,1539,
GEM/2026/B/7279689,9032202.0,Unclassified,,0,,Not checked,,Not extractable,1,197,
GEM/2026/B/7275322,9027027.0,Unclassified,,0,,Not checked,,Read by OCR,3,7704,
GEM/2026/B/7277601,9029771.0,Unclassified,,0,,Not checked,,Read by OCR,3,899,
GEM/2026/B/7281337,9034105.0,Unclassified,,0,,Not checked,,Not extractable,2,170,
GEM/2026/B/7281878,9034752.0,Unclassified,,0,,Not checked,,Not extractable,1,158,
GEM/2026/B/7280584,9033217.0,Unclassified,,0,,Not checked,,Read by OCR,2,761,
GEM/2026/B/7285834,9039211.0,Unclassified,,0,,Not checked,,Not extractable,5,13,
GEM/2026/B/7286537,9039981.0,Unclassified,,0,,Not checked,,Read by OCR,1,2260,
GEM/2026/B/7288045,9041694.0,Unclassified,,0,,Not checked,,Read by OCR,1,263,
GEM/2026/B/7287022,9040541.0,Unclassified,,0,,Not checked,,Read by OCR,1,1071,
GEM/2026/B/7285950,9039332.0,Unclassified,,0,,Not checked,,Read by OCR,3,4525,
GEM/2026/B/7288338,9042030.0,Unclassified,,0,,Not checked,,Not extractable,1,88,
GEM/2026/B/7289259,9043037.0,Unclassified,,0,,Not checked,,Read by OCR,1,1011,
GEM/2026/B/7288874,9042610.0,Unclassified,,0,,Not checked,,Read by OCR,2,2476,
GEM/2026/B/7292386,9046559.0,Unclassified,,0,,Not checked,,Read by OCR,1,649,
GEM/2026/B/7293273,9047604.0,Unclassified,,0,,Not checked,,Not extractable,1,88,
GEM/2026/B/7289300,9043083.0,Unclassified,,0,,Not checked,,Read by OCR,6,6962,
GEM/2026/B/7293374,9047722.0,Unclassified,,0,,Not checked,,Read by OCR,3,2512,
GEM/2026/B/7276489,9028395.0,Unclassified,,0,,Not checked,,Read by OCR,5,10548,
GEM/2026/B/7291855,9045950.0,Unclassified,,0,,Not checked,,Read by OCR,7,11082,
GEM/2026/B/7277836,9030048.0,Unclassified,,0,,Not checked,,Read by OCR,12,30263,
GEM/2026/B/7293931,9048363.0,Unclassified,,0,,Not checked,,Read by OCR,1,1399,
GEM/2026/B/7298507,9053545.0,Unclassified,,0,,Not checked,,Read by OCR,1,357,
GEM/2026/B/7298581,9053652.0,Unclassified,,0,,Not checked,,Read by OCR,1,545,
GEM/2026/B/7296831,9051631.0,Unclassified,,0,,Not checked,,Read by OCR,2,2992,
GEM/2026/B/7300007,9055289.0,Unclassified,,0,,Not checked,,Not extractable,1,190,
GEM/2026/B/7293424,9047782.0,CED — Civil Engineering Department,IS 10,1,,No,,Read by OCR,7,8572,
GEM/2026/B/7300045,9055338.0,Unclassified,,0,,Not checked,,Read by OCR,1,1655,
GEM/2026/B/7300322,9055660.0,Unclassified,,0,,Not checked,,Read by OCR,2,247,
GEM/2026/B/7301092,9056517.0,Unclassified,,0,,Not checked,,Not extractable,1,99,
GEM/2026/B/7296291,9051040.0,"PCD — Petroleum, Coal And Related Products Department",IS 7330; IS 15854,2,IS 15854 (Withdrawn),Yes,,Read by OCR,10,16828,
GEM/2026/B/7299280,9054465.0,Unclassified,,0,,Not checked,,Read by OCR,12,19027,
GEM/2026/B/7303623,9059359.0,Unclassified,,0,,Not checked,,Read by OCR,1,502,
GEM/2026/B/7304294,9060155.0,Unclassified,,0,,Not checked,,Not extractable,1,60,
GEM/2026/B/7300364,9055708.0,MTD — Metallurgical Engineering Department,IS 15508; IS 1528 (Part 14),2,,No,,Read by OCR,9,9302,
GEM/2026/B/7304913,9060887.0,Unclassified,,0,,Not checked,,Read by OCR,1,444,
GEM/2026/B/7304893,9060863.0,Unclassified,,0,,Not checked,,Read by OCR,1,886,
GEM/2026/B/7306537,9062734.0,Unclassified,,0,,Not checked,,Read by OCR,1,1469,
GEM/2026/B/7307691,9064083.0,Unclassified,,0,,Not checked,,Read by OCR,1,1304,
GEM/2026/B/7308378,9064868.0,Unclassified,,0,,Not checked,,Not extractable,1,30,
GEM/2026/B/7303340,9059031.0,Unclassified,,0,,Not checked,,Read by OCR,8,9944,
GEM/2026/B/7305625,9061715.0,Unclassified,,0,,Not checked,,Read by OCR,5,5462,
GEM/2026/B/7309973,9066914.0,Unclassified,,0,,Not checked,,Read by OCR,1,1179,
GEM/2026/B/7313073,9070519.0,Unclassified,,0,,Not checked,,Read by OCR,1,217,
GEM/2026/B/7315944,9073838.0,Unclassified,,0,,Not checked,,Read by OCR,1,1780,
GEM/2026/B/7293895,9048326.0,MTD — Metallurgical Engineering Department,IS 1239,1,,No,,Read by OCR,22,31715,
GEM/2026/B/7317799,9075966.0,Unclassified,,0,,Not checked,,Read by OCR,2,5167,
GEM/2026/B/7316227,9074160.0,Unclassified,,0,,Not checked,,Read by OCR,3,2774,
GEM/2026/B/7318218,9076444.0,ETD — Electrotechnical Department,IS 302,1,,No,,Read by OCR,1,1880,
GEM/2026/B/7318968,9077510.0,Unclassified,,0,,Not checked,,Not extractable,1,157,
GEM/2026/B/7318263,9076499.0,Unclassified,,0,,Not checked,,Read by OCR,2,2999,
GEM/2026/B/7319490,9078142.0,Unclassified,,0,,Not checked,,Read by OCR,1,498,
GEM/2026/B/7319245,9077858.0,Unclassified,,0,,Not checked,,Read by OCR,2,2164,
GEM/2026/B/7308845,9065541.0,MTD — Metallurgical Engineering Department,IS 4923; IS 2062; IS 806; IS 800; IS 733; IS 1285; IS 12701,7,IS 1285 (Withdrawn),Yes,,Read by OCR,9,22677,
GEM/2026/B/7319685,9078384.0,Unclassified,,0,,Not checked,,Read by OCR,1,1516,
GEM/2026/B/7319852,9078574.0,Unclassified,,0,,Not checked,,Read by OCR,1,895,
GEM/2026/B/7322429,9081638.0,Unclassified,,0,,Not checked,,Read by OCR,1,2268,
GEM/2026/B/7315996,9073895.0,MTD — Metallurgical Engineering Department,IS 808 (Hot Rolled Steel Sections); IS 4826; IS 15961; IS 2074; IS 2932,5,,No,,Read by OCR,9,9979,
GEM/2026/B/7320145,9078931.0,Unclassified,,0,,Not checked,,Read by OCR,2,995,
GEM/2026/B/7322641,9081909.0,Unclassified,,0,,Not checked,,Not extractable,1,83,
GEM/2026/B/7322777,9082070.0,Unclassified,,0,,Not checked,,Read by OCR,1,852,
GEM/2026/B/7323021,9082331.0,Unclassified,,0,,Not checked,,Not extractable,1,125,
GEM/2026/B/7324437,9084009.0,Unclassified,,0,,Not checked,,Read by OCR,2,374,
GEM/2026/B/7325243,9084919.0,Unclassified,,0,,Not checked,,Read by OCR,1,1143,
GEM/2026/B/7323441,9082863.0,CED — Civil Engineering Department,IS 781,1,,No,,Read by OCR,2,2187,
GEM/2026/B/7325955,9085735.0,Unclassified,,0,,Not checked,,Read by OCR,1,1251,
GEM/2026/B/7330286,9090709.0,Unclassified,,0,,Not checked,,Read by OCR,1,1773,
GEM/2026/B/7332486,9093317.0,Unclassified,,0,,Not checked,,Read by OCR,1,347,
GEM/2026/B/7332483,9093314.0,CHD — Chemical Department,IS 105,1,IS 105 (Withdrawn),Yes,,Read by OCR,2,1234,
GEM/2026/B/7332545,9093388.0,Unclassified,,0,,Not checked,,Not extractable,1,164,
GEM/2026/B/7332912,9093820.0,Unclassified,,0,,Not checked,,Not extractable,1,173,
GEM/2026/B/7333505,9094621.0,Unclassified,,0,,Not checked,,Not extractable,1,159,
GEM/2026/B/7333942,9095174.0,Unclassified,,0,,Not checked,,Read by OCR,1,2075,
GEM/2026/B/7333496,9094610.0,Unclassified,,0,,Not checked,,Read by OCR,4,3501,
GEM/2026/B/7334126,9095396.0,Unclassified,,0,,Not checked,,Read by OCR,1,1787,
GEM/2026/B/7336203,9097896.0,Unclassified,,0,,Not checked,,Not extractable,1,0,
GEM/2026/B/7337102,9098971.0,Unclassified,,0,,Not checked,,Read by OCR,2,374,
GEM/2026/B/7337564,9099563.0,Unclassified,,0,,Not checked,,Read by OCR,1,527,
GEM/2026/B/7303106,9058753.0,Unclassified,,0,,Not checked,,Read by OCR,39,88731,
GEM/2026/B/7338579,9100809.0,Unclassified,,0,,Not checked,,Read by OCR,1,1736,
GEM/2026/B/7334220,9095512.0,Unclassified,,0,,Not checked,,Read by OCR,6,9338,
GEM/2026/B/7339225,9101543.0,Unclassified,,0,,Not checked,,Read by OCR,3,7568,
GEM/2026/B/7339806,9102237.0,Unclassified,,0,,Not checked,,Read by OCR,1,1387,
GEM/2026/B/7338651,9100891.0,Unclassified,,0,,Not checked,,Read by OCR,6,6096,
GEM/2026/B/7340804,9103392.0,Unclassified,,0,,Not checked,,Read by OCR,1,305,
GEM/2026/B/7343581,9106639.0,Unclassified,,0,,Not checked,,Read by OCR,1,1395,
GEM/2026/B/7320251,9079056.0,Unclassified,,0,,Not checked,,Read by OCR,24,32929,
GEM/2026/B/7345026,9108307.0,ETD — Electrotechnical Department,IS 14697,1,,No,,Read by OCR,18,27567,
GEM/2026/B/7347176,9110745.0,Unclassified,,0,,Not checked,,Read by OCR,1,752,
GEM/2026/B/7347192,9110763.0,Unclassified,,0,,Not checked,,Read by OCR,2,4918,
GEM/2026/B/7347308,9110901.0,Unclassified,,0,,Not checked,,Read by OCR,3,3759,
GEM/2026/B/7347376,9110981.0,Unclassified,,0,,Not checked,,Read by OCR,2,4494,
GEM/2026/B/7345251,9108555.0,Unclassified,,0,,Not checked,,Read by OCR,19,19775,
GEM/2026/B/7347556,9111189.0,Unclassified,,0,,Not checked,,Read by OCR,1,3497,
GEM/2026/B/7351898,9116205.0,Unclassified,,0,,Not checked,,Not extractable,2,0,
GEM/2026/B/7330203,9090619.0,Unclassified,,0,,Not checked,,Read by OCR,48,115807,
GEM/2026/B/7351980,9116293.0,Unclassified,,0,,Not checked,,Read by OCR,2,1658,
GEM/2026/B/7351922,9116231.0,Unclassified,,0,,Not checked,,Read by OCR,5,2820,
GEM/2026/B/7355468,9120440.0,Unclassified,,0,,Not checked,,Read by OCR,4,7895,
GEM/2026/B/7355775,9120802.0,CED — Civil Engineering Department,IS 12269; IS 456; IS 1785; IS 432,4,IS 12269 (Withdrawn),Yes,,Read by OCR,1,1855,
GEM/2026/B/7355897,9120956.0,Unclassified,,0,,Not checked,,Not extractable,1,2,
GEM/2026/B/7338030,9100139.0,"PCD — Petroleum, Coal And Related Products Department",IS 2508; IS 1005; IS 460; IS 1154,4,IS 1005 (Withdrawn),Yes,,Read by OCR,44,74039,
GEM/2026/B/7356533,9121694.0,Unclassified,,0,,Not checked,,Read by OCR,2,2369,
GEM/2026/B/7357281,9122572.0,Unclassified,,0,,Not checked,,Read by OCR,2,4252,
GEM/2026/B/7357378,9122682.0,Unclassified,,0,,Not checked,,Read by OCR,2,1183,IS 15
GEM/2026/B/7342087,9104885.0,PGD — Production And General Engineering Department,IS 2102; IS 4454; IS 617; IS 1366; IS 2016; IS 1364 (PART-4); IS 1364 (PART-3); IS 673; IS 1364,9,IS 4454 (Superseded),Yes,,Read by OCR,13,10219,
GEM/2026/B/7359887,9125680.0,Unclassified,,0,,Not checked,,Not extractable,4,59,
GEM/2026/B/7359570,9125275.0,Unclassified,,0,,Not checked,,Read by OCR,6,15886,
GEM/2026/B/7360058,9125938.0,Unclassified,,0,,Not checked,,Read by OCR,4,4361,
GEM/2026/B/7361631,9127928.0,Unclassified,,0,,Not checked,,Not extractable,1,90,
GEM/2026/B/7362510,9129003.0,Unclassified,,0,,Not checked,,Not extractable,3,80,
GEM/2026/B/7362719,9129254.0,Unclassified,,0,,Not checked,,Not extractable,1,138,
GEM/2026/B/7364317,9131170.0,Electrical cables and wiring,IS 694,1,,No,,Read by OCR,1,1196,
GEM/2026/B/7359889,9125684.0,Unclassified,,0,,Not checked,,Read by OCR,12,31459,
GEM/2026/B/7361283,9127496.0,Unclassified,,0,,Not checked,,Read by OCR,9,17216,
GEM/2026/B/7364398,9131270.0,Unclassified,,0,,Not checked,,Read by OCR,4,12133,
GEM/2026/B/7364763,9131731.0,Unclassified,,0,,Not checked,,Read by OCR,2,2161,
GEM/2026/B/7348996,9112853.0,Unclassified,,0,,Not checked,,Read by OCR,48,45571,
GEM/2026/B/7367123,9134412.0,Unclassified,,0,,Not checked,,Not extractable,1,187,
GEM/2026/B/7352292,9116658.0,Unclassified,,0,,Not checked,,Read by OCR,40,20664,
GEM/2026/B/7367114,9134402.0,Unclassified,,0,,Not checked,,Read by OCR,5,1224,
GEM/2026/B/7364428,9131308.0,Unclassified,,0,,Not checked,,Read by OCR,12,22692,
GEM/2026/B/7372572,9140572.0,Unclassified,,0,,Not checked,,Read by OCR,1,574,
GEM/2026/B/7371475,9139346.0,Unclassified,,0,,Not checked,,Read by OCR,6,15911,
GEM/2026/B/7373237,9141371.0,Unclassified,,0,,Not checked,,Read by OCR,1,749,
GEM/2026/B/7373001,9141088.0,CED — Civil Engineering Department,IS 785; IS 398,2,,No,,Read by OCR,4,7945,
GEM/2026/B/7373774,9141997.0,Unclassified,,0,,Not checked,,Read by OCR,1,748,
GEM/2026/B/7374440,9142757.0,Unclassified,,0,,Not checked,,Read by OCR,2,637,
GEM/2026/B/7377579,9146427.0,Unclassified,,0,,Not checked,,Read by OCR,3,3151,
GEM/2026/B/7377723,9146596.0,Unclassified,,0,,Not checked,,Read by OCR,1,536,
GEM/2026/B/7378465,9147496.0,Unclassified,,0,,Not checked,,Read by OCR,4,2505,
GEM/2026/B/7366192,9133376.0,Unclassified,,0,,Not checked,,Read by OCR,24,32895,
GEM/2026/B/7372006,9139930.0,Unclassified,,0,,Not checked,,Read by OCR,19,15181,
GEM/2026/B/7382313,9152240.0,Unclassified,,0,,Not checked,,Read by OCR,2,552,
GEM/2026/B/7381752,9151473.0,Unclassified,,0,,Not checked,,Read by OCR,1,3219,
GEM/2026/B/7373367,9141534.0,Unclassified,,0,,Not checked,,Read by OCR,18,29725,
GEM/2026/B/7383971,9154306.0,Unclassified,,0,,Not checked,,Read by OCR,1,1027,
GEM/2026/B/7379912,9149189.0,Unclassified,,0,,Not checked,,Read by OCR,6,9998,
GEM/2026/B/7385102,9155741.0,Unclassified,,0,,Not checked,,Read by OCR,2,839,
GEM/2026/B/7385351,9156021.0,Unclassified,,0,,Not checked,,Read by OCR,3,833,
GEM/2026/B/7387232,9158180.0,Unclassified,,0,,Not checked,,Not extractable,2,179,
GEM/2026/B/7387289,9158244.0,Unclassified,,0,,Not checked,,Not extractable,1,15,
GEM/2026/B/7385935,9156724.0,Unclassified,,0,,Not checked,,Read by OCR,8,1304,
GEM/2026/B/7388046,9159077.0,Unclassified,,0,,Not checked,,Read by OCR,1,911,
GEM/2026/B/7389202,9160404.0,"PCD — Petroleum, Coal And Related Products Department",IS 1459,1,,No,,Read by OCR,2,927,
GEM/2026/B/7387054,9157983.0,Unclassified,,0,,Not checked,,Read by OCR,8,6201,
GEM/2026/B/7390683,9162072.0,Unclassified,,0,,Not checked,,Read by OCR,1,1200,
GEM/2026/B/7392141,9163735.0,Unclassified,,0,,Not checked,,Read by OCR,1,363,
GEM/2026/B/7387306,9158262.0,Unclassified,,0,,Not checked,,Read by OCR,6,12454,
GEM/2026/B/7393652,9165472.0,Unclassified,,0,,Not checked,,Not extractable,1,0,
GEM/2026/B/7390966,9162393.0,Unclassified,,0,,Not checked,,Read by OCR,3,3706,
GEM/2026/B/7383685,9153964.0,Unclassified,,0,,Not checked,,Read by OCR,16,19243,
GEM/2026/B/7395218,9167244.0,Unclassified,,0,,Not checked,,Not extractable,2,0,
GEM/2026/B/7394126,9166003.0,LED lighting,IS 10322; IS 694,2,,No,,Read by OCR,4,4404,
GEM/2026/B/7395675,9167815.0,Unclassified,,0,,Not checked,,Read by OCR,1,1926,
GEM/2026/B/7396177,9168417.0,Unclassified,,0,,Not checked,,Read by OCR,1,236,
GEM/2026/B/7396092,9168315.0,Unclassified,,0,,Not checked,,Read by OCR,2,1577,
GEM/2026/B/7392990,9164731.0,Unclassified,,0,,Not checked,,Read by OCR,6,7129,
GEM/2026/B/7396427,9168707.0,Unclassified,,0,,Not checked,,Read by OCR,1,911,
GEM/2026/B/7396527,9168826.0,Unclassified,,0,,Not checked,,Read by OCR,1,1822,
GEM/2026/B/7394455,9166373.0,Unclassified,,0,,Not checked,,Read by OCR,6,6389,
GEM/2026/B/7397383,9169808.0,CED — Civil Engineering Department,IS 303,1,IS 303 (Superseded),Yes,,Read by OCR,6,683,
GEM/2026/B/7397922,9170428.0,Unclassified,,0,,Not checked,,Not extractable,1,182,
GEM/2026/B/7398359,9170959.0,Unclassified,,0,,Not checked,,Read by OCR,1,886,
GEM/2026/B/7396597,9168905.0,Unclassified,,0,,Not checked,,Read by OCR,8,5855,
GEM/2026/B/7398842,9171597.0,Unclassified,,0,,Not checked,,Read by OCR,6,7589,
GEM/2026/B/7399390,9172229.0,Unclassified,,0,,Not checked,,Read by OCR,6,3180,
GEM/2026/B/7399669,9172561.0,Unclassified,,0,,Not checked,,Read by OCR,12,15363,
GEM/2026/B/7401412,9174733.0,Unclassified,,0,,Not checked,,Read by OCR,1,658,
GEM/2026/B/7403008,9176632.0,Unclassified,,0,,Not checked,,Read by OCR,1,1413,
GEM/2026/B/7400773,9173900.0,FAD — Food And Agriculture Department,IS 10500; IS 14134,2,,No,,Read by OCR,7,16908,
GEM/2026/B/7399655,9172540.0,Unclassified,,0,,Not checked,,Read by OCR,24,43221,
GEM/2026/B/7404070,9177870.0,Unclassified,,0,,Not checked,,Read by OCR,4,9611,
GEM/2026/B/7404928,9178816.0,Unclassified,,0,,Not checked,,Read by OCR,2,5383,
GEM/2026/B/7405102,9179012.0,Unclassified,,0,,Not checked,,Read by OCR,7,15747,
GEM/2026/B/7405226,9179147.0,Unclassified,,0,,Not checked,,Not extractable,1,139,
GEM/2026/B/7403838,9177598.0,Unclassified,,0,,Not checked,,Read by OCR,36,71690,
GEM/2026/B/7368643,9136161.0,Unclassified,,0,,Not checked,,Read by OCR,75,26467,
GEM/2026/B/7406206,9180227.0,Unclassified,,0,,Not checked,,Read by OCR,2,2179,
GEM/2026/B/7405410,9179345.0,Unclassified,,0,,Not checked,,Read by OCR,20,55615,
GEM/2026/B/7406540,9180614.0,TED — Transport Engineering Department,IS 15061; IS 11851; IS 11865; IS 11739,4,,No,,Read by OCR,6,4003,
GEM/2026/B/7407207,9181361.0,Unclassified,,0,,Not checked,,Read by OCR,3,5097,
GEM/2026/B/7403368,9177048.0,Unclassified,,0,,Not checked,,Read by OCR,52,130083,
GEM/2026/B/7409310,9183680.0,Unclassified,,0,,Not checked,,Read by OCR,1,1484,
GEM/2026/B/7408535,9182827.0,Unclassified,,0,,Not checked,,Read by OCR,6,12653,
GEM/2026/B/7407892,9182125.0,Unclassified,,0,,Not checked,,Read by OCR,9,16345,
GEM/2026/B/7413581,9188448.0,Unclassified,,0,,Not checked,,Read by OCR,1,1017,
GEM/2026/B/7412536,9187261.0,Unclassified,,0,,Not checked,,Read by OCR,5,1076,
GEM/2026/B/7415688,9190937.0,Unclassified,,0,,Not checked,,Read by OCR,1,1052,
GEM/2026/B/7414167,9189131.0,Unclassified,,0,,Not checked,,Read by OCR,2,2267,
GEM/2026/B/7416230,9191618.0,Unclassified,,0,,Not checked,,Read by OCR,1,1698,
GEM/2026/B/7406201,9180221.0,MSD — Management System Department,IS 2500 (Part-I),1,,No,,Read by OCR,24,32768,
GEM/2026/B/7417885,9193539.0,Unclassified,,0,,Not checked,,Read by OCR,3,7395,
GEM/2026/B/7420609,9196642.0,Unclassified,,0,,Not checked,,Not extractable,1,141,
GEM/2026/B/7421731,9197830.0,Unclassified,,0,,Not checked,,Read by OCR,1,638,
GEM/2026/B/7419111,9194919.0,Unclassified,,0,,Not checked,,Read by OCR,6,9117,
GEM/2026/B/7423748,9200029.0,CHD — Chemical Department,IS 260,1,,No,,Not extractable,1,104,
GEM/2026/B/7424357,9200699.0,PGD — Production And General Engineering Department,IS 551; IS 1249; IS 2324; IS 13596,4,IS 551 (Withdrawn); IS 1249 (Withdrawn); IS 2324 (Withdrawn); IS 13596 (Withdrawn),Yes,,Read by OCR,1,1873,
GEM/2026/B/7410983,9185555.0,Unclassified,,0,,Not checked,,Read by OCR,20,47815,
GEM/2026/B/7422138,9198267.0,MTD — Metallurgical Engineering Department,IS 513 (2008); IS 1079 (1994); IS 4923; IS 2102 (MEDIUM); IS 513,5,,No,,Read by OCR,7,7625,
GEM/2026/B/7426515,9203057.0,Unclassified,,0,,Not checked,,Read by OCR,1,614,
GEM/2026/B/7427810,9204500.0,Unclassified,,0,,Not checked,,Read by OCR,1,992,
GEM/2026/B/7427920,9204626.0,Unclassified,,0,,Not checked,,Read by OCR,2,1876,
GEM/2026/B/7415926,9191220.0,Unclassified,,0,,Not checked,,Read by OCR,11,19994,
GEM/2026/B/7428862,9205636.0,MTD — Metallurgical Engineering Department,IS 2102; IS 2004; IS 1572,3,,No,,Read by OCR,1,1082,
GEM/2026/B/7429016,9205802.0,Unclassified,,0,,Not checked,,Read by OCR,2,1457,
GEM/2026/B/7427292,9203924.0,LED lighting,IS 10322 (part1),1,,No,,Read by OCR,7,9047,
GEM/2026/B/7429520,9206343.0,Unclassified,,0,,Not checked,,Read by OCR,2,1721,
GEM/2026/B/7430565,9207494.0,Unclassified,,0,,Not checked,,Read by OCR,2,2107,
GEM/2026/B/7396541,9168843.0,Unclassified,,0,,Not checked,,Read by OCR,88,228071,
GEM/2026/B/7431004,9207995.0,Unclassified,,0,,Not checked,,Not extractable,1,172,
GEM/2026/B/7430876,9207855.0,Unclassified,,0,,Not checked,,Read by OCR,8,9939,
GEM/2026/B/7431212,9208229.0,Unclassified,,0,,Not checked,,Read by OCR,2,1243,
GEM/2026/B/7430729,9207689.0,FAD — Food And Agriculture Department,IS 10500; IS 14134,2,,No,,Read by OCR,8,18849,
GEM/2026/B/7431219,9208237.0,Unclassified,,0,,Not checked,,Read by OCR,2,1813,
GEM/2026/B/7431817,9208885.0,Unclassified,,0,,Not checked,,Read by OCR,2,479,
GEM/2026/B/7431857,9208933.0,Unclassified,,0,,Not checked,,Not extractable,1,141,
GEM/2026/B/7432068,9209169.0,Unclassified,,0,,Not checked,,Not extractable,1,155,
GEM/2026/B/7431480,9208523.0,Unclassified,,0,,Not checked,,Read by OCR,3,4759,
GEM/2026/B/7432589,9209727.0,ETD — Electrotechnical Department,IS 2147,1,IS 2147 (Withdrawn),Yes,,Read by OCR,3,3734,
GEM/2026/B/7425323,9201754.0,Unclassified,,0,,Not checked,,Read by OCR,26,57032,
GEM/2026/B/7436447,9214032.0,Unclassified,,0,,Not checked,,Read by OCR,1,432,
GEM/2026/B/7435505,9212962.0,Unclassified,,0,,Not checked,,Read by OCR,1,1269,
GEM/2026/B/7429087,9205879.0,Unclassified,,0,,Not checked,,Read by OCR,24,29515,
GEM/2026/B/7437844,9215695.0,Unclassified,,0,,Not checked,,Read by OCR,1,2263,
GEM/2026/B/7432014,9209104.0,Unclassified,,0,,Not checked,,Read by OCR,12,28536,
GEM/2026/B/7437630,9215439.0,Unclassified,,0,,Not checked,,Read by OCR,6,9799,
GEM/2026/B/7442539,9221020.0,Unclassified,,0,,Not checked,,Not extractable,1,172,
GEM/2026/B/7432274,9209395.0,Unclassified,,0,,Not checked,,Read by OCR,11,17732,
GEM/2026/B/7443149,9221713.0,Unclassified,,0,,Not checked,,Read by OCR,1,964,
GEM/2026/B/7441924,9220335.0,Unclassified,,0,,Not checked,,Read by OCR,3,3138,
GEM/2026/B/7444494,9223221.0,"PCD — Petroleum, Coal And Related Products Department",IS 1448 (P- 18); IS 1448,2,,No,,Read by OCR,2,3208,
GEM/2026/B/7442642,9221141.0,Unclassified,,0,,Not checked,,Read by OCR,3,4463,
GEM/2026/B/7444510,9223240.0,Unclassified,,0,,Not checked,,Read by OCR,2,1279,
GEM/2026/B/7448504,9227606.0,Unclassified,,0,,Not checked,,Not extractable,1,180,
GEM/2026/B/7447774,9226799.0,Unclassified,,0,,Not checked,,Read by OCR,5,1229,
GEM/2026/B/7448814,9227957.0,Unclassified,,0,,Not checked,,Read by OCR,2,5553,
GEM/2026/B/7449505,9228740.0,Unclassified,,0,,Not checked,,Read by OCR,1,950,
GEM/2026/B/7446670,9225634.0,Unclassified,,0,,Not checked,,Read by OCR,8,9199,
GEM/2026/B/7449019,9228192.0,Unclassified,,0,,Not checked,,Read by OCR,8,1144,
GEM/2026/B/7449519,9228757.0,Unclassified,,0,,Not checked,,Read by OCR,1,444,
GEM/2026/B/7451420,9230800.0,Unclassified,,0,,Not checked,,Read by OCR,1,1960,
GEM/2026/B/7452580,9232085.0,Unclassified,,0,,Not checked,,Read by OCR,2,249,
GEM/2026/B/7452994,9232568.0,Unclassified,,0,,Not checked,,Read by OCR,2,1749,
GEM/2026/B/7437826,9215676.0,MTD — Metallurgical Engineering Department,IS 8531; IS 11592; IS 2062; IS 1570; IS 1161; IS 1239 (Part 1); IS 3601; IS 210; IS 226; IS 823; IS 1323,11,IS 11592 (Withdrawn); IS 1570 (Withdrawn); IS 226 (Withdrawn); IS 823 (Withdrawn); IS 1323 (Withdrawn),Yes,,Read by OCR,32,17251,
GEM/2026/B/7456878,9237023.0,Unclassified,,0,,Not checked,,Read by OCR,2,433,
GEM/2026/B/7456352,9236410.0,Unclassified,,0,,Not checked,,Read by OCR,8,11920,
GEM/2026/B/7458389,9238691.0,Unclassified,,0,,Not checked,,Read by OCR,1,1025,
GEM/2026/B/7438098,9215986.0,Unclassified,,0,,Not checked,,Read by OCR,20,29930,
GEM/2026/B/7454593,9234374.0,FAD — Food And Agriculture Department,IS 10500; IS 14134,2,,No,,Read by OCR,8,18730,
GEM/2026/B/7459567,9240040.0,Unclassified,,0,,Not checked,,Read by OCR,3,562,
GEM/2026/B/7459212,9239635.0,Unclassified,,0,,Not checked,,Read by OCR,3,2622,
GEM/2026/B/7459504,9239970.0,Unclassified,,0,,Not checked,,Read by OCR,3,4865,
GEM/2026/B/7459895,9240410.0,Unclassified,,0,,Not checked,,Not extractable,3,68,
GEM/2026/B/7459979,9240508.0,MTD — Metallurgical Engineering Department,IS 1570,1,IS 1570 (Withdrawn),Yes,,Read by OCR,2,1099,
GEM/2026/B/7460015,9240544.0,Unclassified,,0,,Not checked,,Read by OCR,1,496,
GEM/2026/B/7460326,9240907.0,Unclassified,,0,,Not checked,,Read by OCR,4,1518,
GEM/2026/B/7462092,9242840.0,Unclassified,,0,,Not checked,,Read by OCR,1,264,
GEM/2026/B/7458378,9238675.0,Unclassified,,0,,Not checked,,Read by OCR,12,17029,
GEM/2026/B/7463348,9244194.0,Unclassified,,0,,Not checked,,Read by OCR,1,1353,
GEM/2026/B/7465160,9246178.0,Unclassified,,0,,Not checked,,Not extractable,1,96,
GEM/2026/B/7460367,9240954.0,Unclassified,,0,,Not checked,,Read by OCR,4,5522,
GEM/2026/B/7465261,9246287.0,Unclassified,,0,,Not checked,,Read by OCR,1,765,
GEM/2026/B/7464845,9245836.0,Unclassified,,0,,Not checked,,Read by OCR,4,6281,
GEM/2026/B/7459766,9240262.0,TXD — Textile Department,IS 2360; IS 9543; IS 1461; IS 5911; IS 2006; IS 744; IS 1390; IS 2454; IS 3361; IS 1567; IS 397 (Part I); IS 3416; IS 1963; IS 1969; IS 1964; IS 765,16,IS 2454 (Withdrawn); IS 3361 (Withdrawn); IS 1567 (Withdrawn); IS 765 (Withdrawn),Yes,,Read by OCR,12,12016,
GEM/2026/B/7466667,9247828.0,Unclassified,,0,,Not checked,,Read by OCR,1,641,
GEM/2026/B/7467796,9249093.0,Unclassified,,0,,Not checked,,Not extractable,1,190,
GEM/2026/B/7466123,9247236.0,Unclassified,,0,,Not checked,,Read by OCR,4,3862,
GEM/2026/B/7466046,9247151.0,Unclassified,,0,,Not checked,,Read by OCR,7,15819,
GEM/2026/B/7471361,9252969.0,Unclassified,,0,,Not checked,,Not extractable,1,149,
GEM/2026/B/7470714,9252252.0,Unclassified,,0,,Not checked,,Read by OCR,6,833,
GEM/2026/B/7450284,9229572.0,Unclassified,,0,,Not checked,,Read by OCR,24,34155,
GEM/2026/B/7473077,9254839.0,Unclassified,,0,,Not checked,,Not extractable,1,184,
GEM/2026/B/7471449,9253064.0,Unclassified,,0,,Not checked,,Read by OCR,1,291,
GEM/2026/B/7472024,9253712.0,Unclassified,,0,,Not checked,,Read by OCR,3,2806,
GEM/2026/B/7469394,9250840.0,MSD — Management System Department,IS 2500,1,,No,,Read by OCR,12,12797,
GEM/2026/B/7475246,9257224.0,Unclassified,,0,,Not checked,,Read by OCR,5,5964,
GEM/2026/B/7470688,9252221.0,Unclassified,,0,,Not checked,,Read by OCR,12,10144,
GEM/2026/B/7475604,9257638.0,Unclassified,,0,,Not checked,,Read by OCR,5,4396,
GEM/2026/B/7474612,9256535.0,Unclassified,,0,,Not checked,,Read by OCR,9,10620,
GEM/2026/B/7476151,9258264.0,Unclassified,,0,,Not checked,,Read by OCR,2,4163,
GEM/2026/B/7477522,9259789.0,Unclassified,,0,,Not checked,,Read by OCR,1,364,
GEM/2026/B/7477040,9259255.0,Unclassified,,0,,Not checked,,Read by OCR,2,1447,
GEM/2026/B/7476644,9258810.0,Unclassified,,0,,Not checked,,Read by OCR,3,4118,
GEM/2026/B/7482541,9265585.0,Unclassified,,0,,Not checked,,Not extractable,1,158,
GEM/2026/B/7483914,9267083.0,Unclassified,,0,,Not checked,,Read by OCR,2,325,
GEM/2026/B/7477606,9259886.0,Unclassified,,0,,Not checked,,Read by OCR,7,1676,
GEM/2026/B/7478123,9260479.0,Unclassified,,0,,Not checked,,Read by OCR,3,3512,
GEM/2026/B/7487285,9270789.0,Unclassified,,0,,Not checked,,Not extractable,1,103,
GEM/2026/B/7487975,9271546.0,CHD — Chemical Department,IS 157,1,IS 157 (Withdrawn),Yes,,Read by OCR,1,1760,
GEM/2026/B/7476545,9258699.0,Electrical cables and wiring,"IS 8130; IS 7098 (Part- 1); IS 3975; IS 5831; IS 10810; IS 10418; IS 7098 (Part 1, latest amendments); IS 7098 (Part - I); IS 7098 (Part 1, Cl. 12.3); IS 7098 (Part 1, Cl. 13.2); IS 14255",11,,No,,Read by OCR,9,13885,
GEM/2026/B/7488085,9271662.0,Unclassified,,0,,Not checked,,Read by OCR,2,283,
GEM/2026/B/7488176,9271762.0,Unclassified,,0,,Not checked,,Read by OCR,2,398,
GEM/2026/B/7488755,9272414.0,Unclassified,,0,,Not checked,,Read by OCR,1,857,
GEM/2026/B/7488239,9271832.0,Unclassified,,0,,Not checked,,Read by OCR,2,809,
GEM/2026/B/7489742,9273561.0,Unclassified,,0,,Not checked,,Read by OCR,2,4659,
GEM/2026/B/7489638,9273433.0,FAD — Food And Agriculture Department,IS 307; IS 5837; IS 2346,3,IS 2346 (Withdrawn),Yes,,Read by OCR,3,4165,
GEM/2026/B/7488011,9271584.0,Unclassified,,0,,Not checked,,Read by OCR,9,10529,
GEM/2026/B/7491722,9275723.0,Unclassified,,0,,Not checked,,Read by OCR,3,1028,
GEM/2026/B/7493010,9277126.0,Unclassified,,0,,Not checked,,Read by OCR,1,3108,
GEM/2026/B/7494041,9278276.0,Unclassified,,0,,Not checked,,Read by OCR,1,265,
GEM/2026/B/7492563,9276643.0,Unclassified,,0,,Not checked,,Read by OCR,3,3087,
GEM/2026/B/7494372,9278635.0,Unclassified,,0,,Not checked,,Read by OCR,2,544,
GEM/2026/B/7494432,9278698.0,Unclassified,,0,,Not checked,,Read by OCR,2,544,
GEM/2026/B/7490630,9274532.0,ETD — Electrotechnical Department,IS 2312; IS 2997,2,,No,,Read by OCR,6,7798,
GEM/2026/B/7486463,9269877.0,Unclassified,,0,,Not checked,,Read by OCR,12,12062,
GEM/2026/B/7482311,9265337.0,Unclassified,,0,,Not checked,,Read by OCR,18,32855,
GEM/2026/B/7496519,9281059.0,Unclassified,,0,,Not checked,,Read by OCR,1,2387,
GEM/2026/B/7495472,9279897.0,Unclassified,,0,,Not checked,,Read by OCR,3,5312,
GEM/2026/B/7500162,9285260.0,Unclassified,,0,,Not checked,,Read by OCR,2,395,
GEM/2026/B/7499356,9284356.0,Unclassified,,0,,Not checked,,Read by OCR,2,2913,
GEM/2026/B/7500441,9285572.0,Unclassified,,0,,Not checked,,Read by OCR,1,2262,
GEM/2026/B/7503333,9288814.0,Unclassified,,0,,Not checked,,Read by OCR,1,1089,
GEM/2026/B/7503859,9289389.0,Pipes (PVC and GI),IS 4985,1,,No,,Read by OCR,1,1201,
GEM/2026/B/7504876,9290496.0,Unclassified,,0,,Not checked,,Read by OCR,3,15461,
GEM/2026/B/7503542,9289049.0,Unclassified,,0,,Not checked,,Read by OCR,8,6148,
GEM/2026/B/7506731,9292514.0,Unclassified,,0,,Not checked,,Read by OCR,4,3697,
GEM/2026/B/7507321,9293173.0,Unclassified,,0,,Not checked,,Read by OCR,3,4502,
GEM/2026/B/7496668,9281221.0,ETD — Electrotechnical Department,IS 3624,1,,No,,Read by OCR,16,22535,
GEM/2026/B/7509135,9295150.0,Unclassified,,0,,Not checked,,Read by OCR,1,908,
GEM/2026/B/7508959,9294966.0,Unclassified,,0,,Not checked,,Read by OCR,3,842,
GEM/2026/B/7507422,9293282.0,CHD — Chemical Department,IS 15298 (Part 1 & 2); IS 15298 (Part 2); IS 15298 (Pt 1 & 2); IS 15298 (Pt -2),4,,No,,Read by OCR,4,7947,
GEM/2026/B/7510125,9296225.0,Unclassified,,0,,Not checked,,Read by OCR,2,2447,
GEM/2026/B/7510467,9296602.0,Unclassified,,0,,Not checked,,Read by OCR,1,732,
GEM/2026/B/7509830,9295896.0,Unclassified,,0,,Not checked,,Read by OCR,8,3827,
GEM/2026/B/7499429,9284438.0,Unclassified,,0,,Not checked,,Read by OCR,20,26973,
GEM/2026/B/7513294,9299704.0,Unclassified,,0,,Not checked,,Read by OCR,3,2338,
GEM/2026/B/7513587,9300015.0,Unclassified,,0,,Not checked,,Read by OCR,2,1860,
GEM/2026/B/7511609,9297862.0,Unclassified,,0,,Not checked,,Read by OCR,6,6152,
GEM/2026/B/7513732,9300171.0,Unclassified,,0,,Not checked,,Read by OCR,2,2156,
GEM/2026/B/7516922,9303721.0,Unclassified,,0,,Not checked,,Read by OCR,1,1010,
GEM/2026/B/7509275,9295305.0,Unclassified,,0,,Not checked,,Read by OCR,16,28489,
GEM/2026/B/7519080,9306055.0,Unclassified,,0,,Not checked,,Not extractable,4,0,
GEM/2026/B/7515474,9302085.0,CHD — Chemical Department,IS 9781; IS 2860,2,,No,,Read by OCR,7,13232,
GEM/2026/B/7517372,9304202.0,Unclassified,,0,,Not checked,,Read by OCR,5,6628,
GEM/2026/B/7521105,9308331.0,Unclassified,,0,,Not checked,,Not extractable,1,133,
GEM/2026/B/7522447,9309817.0,Unclassified,,0,,Not checked,,Not extractable,1,79,
GEM/2026/B/7523665,9311230.0,Unclassified,,0,,Not checked,,Read by OCR,2,337,
GEM/2026/B/7523830,9311452.0,Unclassified,,0,,Not checked,,Read by OCR,1,811,
GEM/2026/B/7520544,9307674.0,MED — Mechanical Engineering Department,IS 2062; IS 2721; IS 278; IS 2932,4,,No,,Read by OCR,5,12945,
GEM/2026/B/7524509,9312244.0,Unclassified,,0,,Not checked,,Read by OCR,4,664,
GEM/2026/B/7513335,9299746.0,Unclassified,,0,,Not checked,,Read by OCR,24,50605,
GEM/2026/B/7503094,9288559.0,Unclassified,,0,,Not checked,,Read by OCR,36,90938,
GEM/2026/B/7525926,9313868.0,Unclassified,,0,,Not checked,,Read by OCR,6,1470,
GEM/2026/B/7525598,9313504.0,Unclassified,,0,,Not checked,,Read by OCR,7,6358,
GEM/2026/B/7527494,9315628.0,Unclassified,,0,,Not checked,,Read by OCR,1,742,
GEM/2026/B/7527867,9316061.0,LITD — Electronics And Information Technology Department,IS 13252 (Part 1),1,,No,,Read by OCR,2,3552,
GEM/2026/B/7528359,9316610.0,Unclassified,,0,,Not checked,,Read by OCR,1,1095,
GEM/2026/B/7528487,9316748.0,Unclassified,,0,,Not checked,,Read by OCR,1,265,
GEM/2026/B/7529384,9317722.0,Unclassified,,0,,Not checked,,Read by OCR,2,2617,
GEM/2026/B/7528061,9316278.0,Unclassified,,0,,Not checked,,Read by OCR,6,11039,
GEM/2026/B/7531359,9319833.0,Unclassified,,0,,Not checked,,Read by OCR,1,372,
GEM/2026/B/7521186,9308419.0,Unclassified,,0,,Not checked,,Read by OCR,12,45838,
GEM/2026/B/7525531,9313422.0,CED — Civil Engineering Department,IS 9954 (latest),1,,No,,Read by OCR,34,34039,
GEM/2026/B/7532586,9321166.0,PGD — Production And General Engineering Department,IS 6639; IS 730; IS 2016; IS 102; IS 2185; IS 2185 (Part 1); IS 8828; IS 694; IS 3419,9,IS 102 (Withdrawn); IS 8828 (Withdrawn),Yes,,Read by OCR,12,21300,
GEM/2026/B/7532875,9321486.0,Unclassified,,0,,Not checked,,Read by OCR,1,850,
GEM/2026/B/7533221,9321859.0,Unclassified,,0,,Not checked,,Read by OCR,1,440,
GEM/2026/B/7532807,9321403.0,Unclassified,,0,,Not checked,,Read by OCR,6,11398,
GEM/2026/B/7533945,9322641.0,Unclassified,,0,,Not checked,,Not extractable,1,114,
GEM/2026/B/7532402,9320960.0,Unclassified,,0,,Not checked,,Read by OCR,12,47914,
GEM/2026/B/7535778,9324623.0,Unclassified,,0,,Not checked,,Read by OCR,5,3794,
GEM/2026/B/7536152,9325017.0,Unclassified,,0,,Not checked,,Not extractable,1,188,
GEM/2026/B/7536132,9324992.0,Unclassified,,0,,Not checked,,Read by OCR,1,1769,
GEM/2026/B/7536275,9325149.0,Unclassified,,0,,Not checked,,Not extractable,1,119,
GEM/2026/B/7536369,9325248.0,Unclassified,,0,,Not checked,,Not extractable,1,80,
GEM/2026/B/7536814,9325739.0,Unclassified,,0,,Not checked,,Read by OCR,2,2138,
GEM/2026/B/7538475,9327577.0,Unclassified,,0,,Not checked,,Read by OCR,1,265,
GEM/2026/B/7538028,9327071.0,Unclassified,,0,,Not checked,,Read by OCR,2,3809,
GEM/2026/B/7539518,9328715.0,Unclassified,,0,,Not checked,,Read by OCR,1,1010,
GEM/2026/B/7538821,9327951.0,Unclassified,,0,,Not checked,,Read by OCR,1,1585,
GEM/2026/B/7540448,9329699.0,Unclassified,,0,,Not checked,,Read by OCR,1,2400,
GEM/2026/B/7540677,9329942.0,Unclassified,,0,,Not checked,,Read by OCR,1,964,
GEM/2026/B/7540605,9329868.0,Unclassified,,0,,Not checked,,Read by OCR,4,6015,
GEM/2026/B/7533016,9321640.0,Unclassified,,0,,Not checked,,Read by OCR,12,34743,
GEM/2026/B/7535744,9324584.0,Unclassified,,0,,Not checked,,Read by OCR,15,28719,
GEM/2026/B/7541424,9330752.0,Unclassified,,0,,Not checked,,Read by OCR,4,3765,
GEM/2026/B/7544140,9333772.0,Unclassified,,0,,Not checked,,Read by OCR,1,283,
GEM/2026/B/7543955,9333562.0,Unclassified,,0,,Not checked,,Read by OCR,2,3894,
GEM/2026/B/7544378,9334045.0,Unclassified,,0,,Not checked,,Read by OCR,2,3824,
GEM/2026/B/7544669,9334362.0,Unclassified,,0,,Not checked,,Read by OCR,1,1041,
GEM/2026/B/7546733,9336622.0,MTD — Metallurgical Engineering Department,IS 2062; IS 4826,2,,No,,Not extractable,1,147,
GEM/2026/B/7543568,9333132.0,Unclassified,,0,,Not checked,,Read by OCR,4,5373,
GEM/2026/B/7548240,9338328.0,Unclassified,,0,,Not checked,,Read by OCR,3,355,
GEM/2026/B/7549641,9339903.0,Unclassified,,0,,Not checked,,Read by OCR,3,6678,
GEM/2026/B/7550995,9341396.0,Unclassified,,0,,Not checked,,Not extractable,1,76,
GEM/2026/B/7551733,9342197.0,Unclassified,,0,,Not checked,,Not extractable,1,194,
GEM/2026/B/7551946,9342491.0,Unclassified,,0,,Not checked,,Read by OCR,2,1622,
GEM/2026/B/7547628,9337607.0,Unclassified,,0,,Not checked,,Read by OCR,4,9039,
GEM/2026/B/7553286,9344037.0,Unclassified,,0,,Not checked,,Read by OCR,2,1112,
GEM/2026/B/7548073,9338128.0,ETD — Electrotechnical Department,IS 3024; IS 13730; IS 2705; IS 16227,4,IS 2705 (Withdrawn),Yes,,Read by OCR,10,29647,
GEM/2026/B/7553715,9344523.0,Unclassified,,0,,Not checked,,Read by OCR,1,812,
GEM/2026/B/7553872,9344710.0,Unclassified,,0,,Not checked,,Read by OCR,1,1082,
GEM/2026/B/7552705,9343384.0,Unclassified,,0,,Not checked,,Read by OCR,6,6756,
GEM/2026/B/7553863,9344701.0,LITD — Electronics And Information Technology Department,IS 13252 (Part 1),1,,No,,Read by OCR,1,2168,
GEM/2026/B/7555431,9346441.0,"PCD — Petroleum, Coal And Related Products Department",IS 1459,1,,No,,Read by OCR,2,1018,
GEM/2026/B/7555580,9346608.0,Unclassified,,0,,Not checked,,Read by OCR,4,5526,
GEM/2026/B/7554341,9345232.0,Unclassified,,0,,Not checked,,Read by OCR,12,6373,
GEM/2026/B/7556818,9348040.0,Unclassified,,0,,Not checked,,Read by OCR,6,10040,
GEM/2026/B/7557275,9348565.0,Unclassified,,0,,Not checked,,Read by OCR,1,745,
GEM/2026/B/7557716,9349048.0,Unclassified,,0,,Not checked,,Read by OCR,5,2203,
GEM/2026/B/7524907,9312704.0,CED — Civil Engineering Department,IS 10,1,,No,,Read by OCR,32,44274,
GEM/2026/B/7562663,9354507.0,Unclassified,,0,,Not checked,,Read by OCR,1,261,
GEM/2026/B/7559046,9350509.0,Unclassified,,0,,Not checked,,Read by OCR,2,2640,
GEM/2026/B/7563219,9355114.0,Unclassified,,0,,Not checked,,Read by OCR,1,1157,
GEM/2026/B/7566026,9358231.0,Unclassified,,0,,Not checked,,Read by OCR,6,936,
GEM/2026/B/7566166,9358382.0,EED — Environment And Ecology Department,IS 17662,1,,No,,Read by OCR,2,2335,
GEM/2026/B/7556830,9348056.0,Unclassified,,0,,Not checked,,Read by OCR,12,20436,
GEM/2026/B/7568604,9361146.0,Unclassified,,0,,Not checked,,Read by OCR,2,4024,
GEM/2026/B/7568892,9361458.0,Unclassified,,0,,Not checked,,Read by OCR,1,918,
GEM/2026/B/7568954,9361529.0,Unclassified,,0,,Not checked,,Not extractable,1,184,
GEM/2026/B/7568198,9360697.0,Unclassified,,0,,Not checked,,Read by OCR,12,49648,
GEM/2026/B/7573116,9366152.0,Unclassified,,0,,Not checked,,Not extractable,2,182,
GEM/2026/B/7573616,9366710.0,Unclassified,,0,,Not checked,,Read by OCR,1,741,
GEM/2026/B/7568481,9361004.0,Unclassified,,0,,Not checked,,Read by OCR,14,36944,
GEM/2026/B/7570005,9362691.0,Unclassified,,0,,Not checked,,Read by OCR,3,2436,
GEM/2026/B/7573814,9366933.0,Unclassified,,0,,Not checked,,Not extractable,1,13,
GEM/2026/B/7574580,9367766.0,Unclassified,,0,,Not checked,,Read by OCR,2,317,
GEM/2026/B/7574724,9367916.0,Unclassified,,0,,Not checked,,Read by OCR,1,2765,
GEM/2026/B/7555338,9346333.0,Unclassified,,0,,Not checked,,Read by OCR,48,75995,
GEM/2026/B/7576068,9369424.0,Unclassified,,0,,Not checked,,Read by OCR,2,3016,
GEM/2026/B/7576592,9370013.0,Unclassified,,0,,Not checked,,Not extractable,1,74,
GEM/2026/B/7574204,9367355.0,Unclassified,,0,,Not checked,,Read by OCR,7,8364,
GEM/2026/B/7577192,9370679.0,Unclassified,,0,,Not checked,,Read by OCR,2,3716,
GEM/2026/B/7577687,9371212.0,Unclassified,,0,,Not checked,,Read by OCR,1,342,
GEM/2026/B/7578846,9372496.0,Unclassified,,0,,Not checked,,Read by OCR,4,3103,
GEM/2026/B/7579410,9373149.0,Unclassified,,0,,Not checked,,Read by OCR,1,248,
GEM/2026/B/7579612,9373373.0,Unclassified,,0,,Not checked,,Read by OCR,1,640,
GEM/2026/B/7582170,9376352.0,Unclassified,,0,,Not checked,,Not extractable,1,192,
GEM/2026/B/7582180,9376362.0,Unclassified,,0,,Not checked,,Read by OCR,2,1862,
GEM/2026/B/7582773,9377047.0,Unclassified,,0,,Not checked,,Read by OCR,1,545,
GEM/2026/B/7573725,9366836.0,Unclassified,,0,,Not checked,,Read by OCR,24,45842,
GEM/2026/B/7584176,9378593.0,Unclassified,,0,,Not checked,,Read by OCR,1,1086,
GEM/2026/B/7585829,9380508.0,Unclassified,,0,,Not checked,,Read by OCR,5,8023,
GEM/2026/B/7589368,9384346.0,Unclassified,,0,,Not checked,,Read by OCR,1,206,
GEM/2026/B/7578880,9372534.0,Unclassified,,0,,Not checked,,Read by OCR,37,46296,
GEM/2026/B/7589542,9384536.0,MED — Mechanical Engineering Department,IS 807; IS 3177; IS 226,3,IS 226 (Withdrawn),Yes,,Read by OCR,13,20452,
GEM/2026/B/7590046,9385086.0,Unclassified,,0,,Not checked,,Read by OCR,1,2327,
GEM/2026/B/7590540,9385649.0,Unclassified,,0,,Not checked,,Read by OCR,1,2061,
GEM/2026/B/7591207,9386385.0,Unclassified,,0,,Not checked,,Read by OCR,2,326,
GEM/2026/B/7591239,9386424.0,Unclassified,,0,,Not checked,,Read by OCR,1,462,
GEM/2026/B/7582793,9377069.0,Unclassified,,0,,Not checked,,Read by OCR,41,62149,
GEM/2026/B/7592947,9388303.0,Unclassified,,0,,Not checked,,Read by OCR,1,1511,
GEM/2026/B/7593340,9388750.0,Unclassified,,0,,Not checked,,Read by OCR,2,4924,
GEM/2026/B/7590015,9385049.0,LITD — Electronics And Information Technology Department,IS 9000; IS 61000,2,,No,,Read by OCR,21,38988,
GEM/2026/B/7593793,9389243.0,Unclassified,,0,,Not checked,,Read by OCR,6,3380,
GEM/2026/B/7591561,9386783.0,Unclassified,,0,,Not checked,,Read by OCR,9,11738,
GEM/2026/B/7595290,9390946.0,Unclassified,,0,,Not checked,,Read by OCR,1,1412,
GEM/2026/B/7542188,9331605.0,MTD — Metallurgical Engineering Department,IS 2062; IS 2061; IS 2862; IS 2162; IS 2262; IS 2082,6,IS 2862 (Withdrawn); IS 2162 (Withdrawn),Yes,,Read by OCR,36,64169,
GEM/2026/B/7595014,9390642.0,Unclassified,,0,,Not checked,,Read by OCR,8,9567,
GEM/2026/B/7596660,9392468.0,Unclassified,,0,,Not checked,,Read by OCR,8,12117,
GEM/2026/B/7599026,9395229.0,Unclassified,,0,,Not checked,,Read by OCR,2,4904,
GEM/2026/B/7599433,9395697.0,Unclassified,,0,,Not checked,,Read by OCR,1,1818,
GEM/2026/B/7576118,9369483.0,Unclassified,,0,,Not checked,,Read by OCR,63,102486,
GEM/2026/B/7601680,9398241.0,Unclassified,,0,,Not checked,,Read by OCR,2,1225,
GEM/2026/B/7603405,9400165.0,Unclassified,,0,,Not checked,,Read by OCR,1,771,
GEM/2026/B/7604164,9401001.0,Unclassified,,0,,Not checked,,Read by OCR,2,1380,
GEM/2026/B/7605936,9403113.0,Unclassified,,0,,Not checked,,Read by OCR,1,574,
GEM/2026/B/7606155,9403363.0,Unclassified,,0,,Not checked,,Read by OCR,1,1014,
GEM/2026/B/7593936,9389398.0,Unclassified,,0,,Not checked,,Read by OCR,18,43769,
GEM/2026/B/7601672,9398233.0,Unclassified,,0,,Not checked,,Read by OCR,12,1097,
GEM/2026/B/7598328,9394425.0,Unclassified,,0,,Not checked,,Read by OCR,15,24809,
GEM/2026/B/7606534,9403796.0,Unclassified,,0,,Not checked,,Read by OCR,1,574,
GEM/2026/B/7606673,9403960.0,Unclassified,,0,,Not checked,,Read by OCR,1,330,
GEM/2026/B/7608399,9405886.0,Unclassified,,0,,Not checked,,Read by OCR,1,1500,
GEM/2026/B/7606796,9404107.0,Unclassified,,0,,Not checked,,Read by OCR,3,1512,
GEM/2026/B/7608879,9406444.0,Unclassified,,0,,Not checked,,Read by OCR,1,1251,
GEM/2026/B/7604199,9401039.0,Unclassified,,0,,Not checked,,Read by OCR,8,6263,
GEM/2026/B/7610110,9407849.0,Unclassified,,0,,Not checked,,Read by OCR,2,2518,
GEM/2026/B/7610737,9408555.0,Unclassified,,0,,Not checked,,Read by OCR,3,1158,
GEM/2026/B/7612678,9410675.0,Unclassified,,0,,Not checked,,Read by OCR,1,1886,
GEM/2026/B/7612070,9410025.0,Unclassified,,0,,Not checked,,Read by OCR,5,9844,
GEM/2026/B/7613355,9411406.0,Unclassified,,0,,Not checked,,Read by OCR,1,591,
GEM/2026/B/7611644,9409564.0,Unclassified,,0,,Not checked,,Read by OCR,7,16334,
GEM/2026/B/7613757,9411841.0,Unclassified,,0,,Not checked,,Read by OCR,2,3079,
GEM/2026/B/7613893,9411992.0,Unclassified,,0,,Not checked,,Read by OCR,1,1157,
GEM/2026/B/7606174,9403382.0,MTD — Metallurgical Engineering Department,IS 2071; IS 2486; IS 4759; IS 6745; IS 320; IS 263; IS 13134; IS 4699; IS 2633; IS 8263,10,IS 4759 (Withdrawn); IS 13134 (Withdrawn); IS 4699 (Withdrawn),Yes,,Read by OCR,12,33876,IS 07
GEM/2026/B/7614349,9412485.0,Unclassified,,0,,Not checked,,Read by OCR,3,3583,
GEM/2026/B/7608567,9406086.0,Unclassified,,0,,Not checked,,Read by OCR,16,22393,
GEM/2026/B/7613214,9411257.0,Unclassified,,0,,Not checked,,Read by OCR,12,21954,
GEM/2026/B/7614388,9412527.0,Unclassified,,0,,Not checked,,Read by OCR,3,3126,
GEM/2026/B/7615615,9413861.0,Unclassified,,0,,Not checked,,Read by OCR,1,493,
GEM/2026/B/7615165,9413381.0,Unclassified,,0,,Not checked,,Read by OCR,1,1363,
GEM/2026/B/7622686,9421637.0,Unclassified,,0,,Not checked,,Not extractable,1,77,
GEM/2026/B/7623285,9422298.0,Unclassified,,0,,Not checked,,Read by OCR,1,471,
GEM/2026/B/7614535,9412687.0,CED — Civil Engineering Department,IS 4989; IS 4989 (latest amendment); IS 7959,3,,No,,Read by OCR,4,8115,
GEM/2026/B/7614427,9412568.0,Unclassified,,0,,Not checked,,Read by OCR,5,8176,
GEM/2026/B/7624365,9423502.0,Unclassified,,0,,Not checked,,Read by OCR,1,1679,
GEM/2026/B/7625708,9425006.0,Unclassified,,0,,Not checked,,Not extractable,1,0,
GEM/2026/B/7625214,9424449.0,Unclassified,,0,,Not checked,,Read by OCR,1,1702,
GEM/2026/B/7624647,9423809.0,Unclassified,,0,,Not checked,,Read by OCR,2,633,
GEM/2026/B/7613884,9411983.0,Unclassified,,0,,Not checked,,Read by OCR,15,40761,
GEM/2026/B/7630273,9430097.0,Unclassified,,0,,Not checked,,Not extractable,1,11,
GEM/2026/B/7630737,9430607.0,Unclassified,,0,,Not checked,,Read by OCR,1,525,
GEM/2026/B/7628463,9428105.0,Unclassified,,0,,Not checked,,Read by OCR,2,3744,
GEM/2026/B/7631860,9431869.0,Unclassified,,0,,Not checked,,Read by OCR,1,461,
GEM/2026/B/7634753,9435216.0,Unclassified,,0,,Not checked,,Read by OCR,1,346,
GEM/2026/B/7631980,9432004.0,Unclassified,,0,,Not checked,,Read by OCR,2,3288,
GEM/2026/B/7634936,9435429.0,Unclassified,,0,,Not checked,,Read by OCR,2,211,
GEM/2026/B/7637160,9437962.0,MTD — Metallurgical Engineering Department,IS 209,1,,No,,Read by OCR,2,3091,
GEM/2026/B/7629080,9428781.0,Unclassified,,0,,Not checked,,Read by OCR,12,31511,
GEM/2026/B/7621999,9420879.0,Unclassified,,0,,Not checked,,Read by OCR,12,8566,
GEM/2026/B/7637708,9438566.0,Unclassified,,0,,Not checked,,Read by OCR,4,7066,
GEM/2026/B/7637733,9438593.0,Unclassified,,0,,Not checked,,Read by OCR,1,629,
GEM/2026/B/7642604,9444002.0,Unclassified,,0,,Not checked,,Not extractable,1,59,
GEM/2026/B/7643593,9445098.0,Unclassified,,0,,Not checked,,Not extractable,1,94,
GEM/2026/B/7643941,9445486.0,Unclassified,,0,,Not checked,,Not extractable,1,59,
GEM/2026/B/7645705,9447436.0,Unclassified,,0,,Not checked,,Read by OCR,1,2852,
GEM/2026/B/7646560,9448356.0,Unclassified,,0,,Not checked,,Read by OCR,1,2202,
GEM/2026/B/7643254,9444710.0,PGD — Production And General Engineering Department,IS 2102,1,,No,,Read by OCR,3,5663,
GEM/2026/B/7648143,9450080.0,Unclassified,,0,,Not checked,,Read by OCR,2,4224,
GEM/2026/B/7648238,9450184.0,Unclassified,,0,,Not checked,,Read by OCR,1,786,
GEM/2026/B/7650525,9452736.0,Unclassified,,0,,Not checked,,Not extractable,1,134,
GEM/2026/B/7642068,9443428.0,Unclassified,,0,,Not checked,,Read by OCR,12,19769,
GEM/2026/B/7651923,9454260.0,Unclassified,,0,,Not checked,,Read by OCR,1,1405,
GEM/2026/B/7652149,9454515.0,Unclassified,,0,,Not checked,,Read by OCR,1,550,
GEM/2026/B/7629619,9429386.0,FAD — Food And Agriculture Department,IS 2785; IS 2034; IS 4304,3,IS 2785 (Withdrawn); IS 2034 (Withdrawn); IS 4304 (Withdrawn),Yes,,Read by OCR,21,42050,
GEM/2026/B/7652390,9454778.0,Unclassified,,0,,Not checked,,Not extractable,1,149,
GEM/2026/B/7650901,9453140.0,Unclassified,,0,,Not checked,,Read by OCR,6,7357,
GEM/2026/B/7647326,9449192.0,Unclassified,,0,,Not checked,,Read by OCR,5,5907,
GEM/2026/B/7653469,9455943.0,Unclassified,,0,,Not checked,,Not extractable,1,186,
GEM/2026/B/7657886,9460873.0,Unclassified,,0,,Not checked,,Read by OCR,2,1578,
GEM/2026/B/7653144,9455587.0,Unclassified,,0,,Not checked,,Read by OCR,3,6693,
GEM/2026/B/7659294,9462407.0,Unclassified,,0,,Not checked,,Read by OCR,3,280,
GEM/2026/B/7659507,9462650.0,Unclassified,,0,,Not checked,,Read by OCR,3,3077,
GEM/2026/B/7661193,9464557.0,Unclassified,,0,,Not checked,,Read by OCR,1,601,
GEM/2026/B/7661241,9464612.0,Unclassified,,0,,Not checked,,Read by OCR,1,612,
GEM/2026/B/7636906,9437679.0,Unclassified,,0,,Not checked,,Read by OCR,36,39710,
GEM/2026/B/7661596,9465010.0,Unclassified,,0,,Not checked,,Read by OCR,3,5959,
GEM/2026/B/7652777,9455188.0,Unclassified,,0,,Not checked,,Read by OCR,13,88622,
GEM/2026/B/7656044,9458847.0,MTD — Metallurgical Engineering Department,IS 1285; IS 733; IS 738,3,IS 1285 (Withdrawn),Yes,,Read by OCR,10,5952,
GEM/2026/B/7662640,9466193.0,Unclassified,,0,,Not checked,,Read by OCR,1,356,
GEM/2026/B/7664746,9468695.0,Unclassified,,0,,Not checked,,Not extractable,1,106,
GEM/2026/B/7662205,9465693.0,Unclassified,,0,,Not checked,,Read by OCR,11,8297,
GEM/2026/B/7665265,9469260.0,Unclassified,,0,,Not checked,,Read by OCR,3,1615,
GEM/2026/B/7663030,9466631.0,LITD — Electronics And Information Technology Department,IS 9000; IS 9000 (Part-III/ Section 5/1977); IS 9000 (Part V/Section 1/1981); IS 9000 (Part-II/ Section 4/1977),4,,No,,Read by OCR,12,23210,
GEM/2026/B/7665430,9469452.0,Unclassified,,0,,Not checked,,Read by OCR,6,5345,
GEM/2026/B/7667373,9471669.0,Unclassified,,0,,Not checked,,Read by OCR,1,1640,
GEM/2026/B/7658636,9461683.0,Unclassified,,0,,Not checked,,Read by OCR,27,82895,
GEM/2026/B/7668663,9473194.0,Unclassified,,0,,Not checked,,Not extractable,1,125,
GEM/2026/B/7668219,9472673.0,Unclassified,,0,,Not checked,,Read by OCR,1,1665,
GEM/2026/B/7669654,9474302.0,Unclassified,,0,,Not checked,,Read by OCR,2,1058,
GEM/2026/B/7669851,9474525.0,Unclassified,,0,,Not checked,,Not extractable,1,108,
GEM/2026/B/7669952,9474635.0,Unclassified,,0,,Not checked,,Not extractable,1,41,
GEM/2026/B/7669258,9473860.0,Unclassified,,0,,Not checked,,Read by OCR,5,2472,
GEM/2026/B/7662144,9465630.0,Unclassified,,0,,Not checked,,Read by OCR,22,49827,
GEM/2026/B/7668972,9473547.0,Unclassified,,0,,Not checked,,Read by OCR,6,7307,
GEM/2026/B/7664895,9468863.0,TXD — Textile Department,IS 17051; IS 17435,2,,No,,Read by OCR,18,25544,
GEM/2026/B/7670928,9475735.0,Unclassified,,0,,Not checked,,Not extractable,1,86,
GEM/2026/B/7672977,9477962.0,Unclassified,,0,,Not checked,,Not extractable,1,198,
GEM/2026/B/7670525,9475289.0,Unclassified,,0,,Not checked,,Read by OCR,4,12593,
GEM/2026/B/7673532,9478570.0,Unclassified,,0,,Not checked,,Read by OCR,1,693,
GEM/2026/B/7672534,9477465.0,Unclassified,,0,,Not checked,,Read by OCR,3,2755,
GEM/2026/B/7672756,9477718.0,Unclassified,,0,,Not checked,,Read by OCR,3,4824,
GEM/2026/B/7673556,9478598.0,Unclassified,,0,,Not checked,,Read by OCR,1,1567,
GEM/2026/B/7673921,9479018.0,Unclassified,,0,,Not checked,,Not extractable,2,157,
GEM/2026/B/7673613,9478663.0,Unclassified,,0,,Not checked,,Read by OCR,2,919,
GEM/2026/B/7675751,9481035.0,Unclassified,,0,,Not checked,,Not extractable,1,0,
GEM/2026/B/7674510,9479676.0,Unclassified,,0,,Not checked,,Read by OCR,1,525,
GEM/2026/B/7676561,9481907.0,Unclassified,,0,,Not checked,,Read by OCR,2,257,
GEM/2026/B/7673942,9479043.0,Unclassified,,0,,Not checked,,Read by OCR,2,4025,
GEM/2026/B/7673753,9478827.0,Unclassified,,0,,Not checked,,Read by OCR,4,9297,
GEM/2026/B/7677460,9482881.0,Unclassified,,0,,Not checked,,Read by OCR,3,3212,
GEM/2026/B/7678768,9484366.0,Unclassified,,0,,Not checked,,Read by OCR,4,5263,
GEM/2026/B/7676775,9482137.0,Unclassified,,0,,Not checked,,Read by OCR,8,8648,
GEM/2026/B/7679305,9484957.0,Unclassified,,0,,Not checked,,Read by OCR,2,1095,
GEM/2026/B/7679308,9484960.0,Unclassified,,0,,Not checked,,Read by OCR,1,2306,
GEM/2026/B/7680279,9486038.0,Unclassified,,0,,Not checked,,Read by OCR,3,5324,
GEM/2026/B/7679410,9485073.0,Unclassified,,0,,Not checked,,Read by OCR,4,801,
GEM/2026/B/7680920,9486754.0,Unclassified,,0,,Not checked,,Read by OCR,1,720,
GEM/2026/B/7670716,9475502.0,Unclassified,,0,,Not checked,,Read by OCR,28,14547,
GEM/2026/B/7682052,9487998.0,Unclassified,,0,,Not checked,,Read by OCR,2,341,
GEM/2026/B/7681351,9487231.0,Unclassified,,0,,Not checked,,Read by OCR,2,1257,
GEM/2026/B/7682970,9489000.0,Unclassified,,0,,Not checked,,Read by OCR,1,1545,
GEM/2026/B/7683275,9489332.0,Unclassified,,0,,Not checked,,Read by OCR,1,683,
GEM/2026/B/7683902,9490048.0,MTD — Metallurgical Engineering Department,IS 1387; IS 13502,2,,No,,Read by OCR,1,1552,
GEM/2026/B/7676782,9482144.0,TXD — Textile Department,IS 1084; IS 4572; IS 9554; IS 7071 (Part 1 to 3); IS 7071 (Part 4); IS 7071; IS 4572 (3 & 8 Strands),7,,No,,Read by OCR,19,19383,
GEM/2026/B/7682487,9488475.0,Unclassified,,0,,Not checked,,Read by OCR,6,7963,
GEM/2026/B/7685259,9491585.0,Unclassified,,0,,Not checked,,Not extractable,1,21,
GEM/2026/B/7682257,9488216.0,Unclassified,,0,,Not checked,,Read by OCR,6,10305,
GEM/2026/B/7684977,9491260.0,Unclassified,,0,,Not checked,,Read by OCR,2,1215,
GEM/2026/B/7685406,9491752.0,Unclassified,,0,,Not checked,,Read by OCR,1,212,
GEM/2026/B/7687461,9494018.0,Unclassified,,0,,Not checked,,Read by OCR,1,282,
GEM/2026/B/7684223,9490430.0,Unclassified,,0,,Not checked,,Read by OCR,3,7337,
GEM/2026/B/7687595,9494161.0,Unclassified,,0,,Not checked,,Read by OCR,1,1655,
GEM/2026/B/7687694,9494266.0,Unclassified,,0,,Not checked,,Read by OCR,1,1667,
GEM/2026/B/7688630,9495299.0,Unclassified,,0,,Not checked,,Read by OCR,1,602,
GEM/2026/B/7688926,9495632.0,Unclassified,,0,,Not checked,,Read by OCR,2,2046,
GEM/2026/B/7685991,9492394.0,Unclassified,,0,,Not checked,,Read by OCR,5,4354,
GEM/2026/B/7678989,9484615.0,Unclassified,,0,,Not checked,,Read by OCR,20,29675,
GEM/2026/B/7690800,9497779.0,Unclassified,,0,,Not checked,,Read by OCR,2,4035,
GEM/2026/B/7690465,9497404.0,"PCD — Petroleum, Coal And Related Products Department",IS 636 (latest revision); IS 903; IS 636; IS 3444; IS 937,5,IS 937 (Withdrawn),Yes,,Read by OCR,3,5186,
GEM/2026/B/7692068,9499195.0,Unclassified,,0,,Not checked,,Read by OCR,1,688,
GEM/2026/B/7691302,9498344.0,Unclassified,,0,,Not checked,,Read by OCR,6,13373,
GEM/2026/B/7692312,9499464.0,Unclassified,,0,,Not checked,,Read by OCR,6,11122,
GEM/2026/B/7692741,9499956.0,Unclassified,,0,,Not checked,,Read by OCR,1,1821,
GEM/2026/B/7685265,9491593.0,CED — Civil Engineering Department,IS 8112; IS 12269; IS 383; IS 2386; IS 9103; IS 456; IS 1786,7,IS 8112 (Withdrawn); IS 12269 (Withdrawn),Yes,,Read by OCR,16,35151,
GEM/2026/B/7692954,9500196.0,Unclassified,,0,,Not checked,,Not extractable,1,159,
GEM/2026/B/7694110,9501598.0,Unclassified,,0,,Not checked,,Read by OCR,1,823,
GEM/2026/B/7697294,9505201.0,Unclassified,,0,,Not checked,,Read by OCR,1,819,
GEM/2026/B/7692417,9499583.0,FAD — Food And Agriculture Department,IS 10500; IS 1413; IS 14134,3,IS 1413 (Withdrawn),Yes,,Read by OCR,12,27451,
GEM/2026/B/7692829,9500053.0,Unclassified,,0,,Not checked,,Read by OCR,6,9671,
GEM/2026/B/7698468,9506606.0,Unclassified,,0,,Not checked,,Read by OCR,2,2883,
GEM/2026/B/7698891,9507077.0,Unclassified,,0,,Not checked,,Read by OCR,3,3545,
GEM/2026/B/7699005,9507200.0,Unclassified,,0,,Not checked,,Read by OCR,1,260,
GEM/2026/B/7699540,9507780.0,Unclassified,,0,,Not checked,,Not extractable,1,139,
GEM/2026/B/7699712,9507966.0,Unclassified,,0,,Not checked,,Not extractable,1,139,
GEM/2026/B/7700307,9508628.0,Unclassified,,0,,Not checked,,Read by OCR,1,1092,
GEM/2026/B/7698110,9506178.0,Unclassified,,0,,Not checked,,Read by OCR,13,16304,
GEM/2026/B/7700607,9508960.0,Unclassified,,0,,Not checked,,Read by OCR,3,3124,
GEM/2026/B/7693535,9500899.0,PGD — Production And General Engineering Department,IS 6702; IS 1715,2,IS 1715 (Withdrawn),Yes,,Read by OCR,8,12775,
GEM/2026/B/7700878,9509244.0,Unclassified,,0,,Not checked,,Read by OCR,2,2674,
GEM/2026/B/7700593,9508945.0,Unclassified,,0,,Not checked,,Read by OCR,6,11403,
GEM/2026/B/7701295,9509692.0,Unclassified,,0,,Not checked,,Read by OCR,2,854,
GEM/2026/B/7701702,9510119.0,Unclassified,,0,,Not checked,,Read by OCR,3,454,
GEM/2026/B/7701100,9509485.0,Unclassified,,0,,Not checked,,Read by OCR,5,7037,
GEM/2026/B/7702640,9511145.0,Unclassified,,0,,Not checked,,Read by OCR,1,570,
GEM/2026/B/7702782,9511311.0,Unclassified,,0,,Not checked,,Read by OCR,2,323,
GEM/2026/B/7702503,9511000.0,Unclassified,,0,,Not checked,,Read by OCR,4,6766,
GEM/2026/B/7702167,9510619.0,Unclassified,,0,,Not checked,,Read by OCR,5,5110,
GEM/2026/B/7703836,9512494.0,Unclassified,,0,,Not checked,,Read by OCR,1,570,
GEM/2026/B/7701861,9510293.0,Unclassified,,0,,Not checked,,Read by OCR,5,8605,
GEM/2026/B/7703996,9512672.0,Unclassified,,0,,Not checked,,Read by OCR,2,1993,
GEM/2026/B/7704324,9513026.0,Unclassified,,0,,Not checked,,Read by OCR,1,724,
GEM/2026/B/7707736,9516778.0,Unclassified,,0,,Not checked,,Read by OCR,1,1686,
GEM/2026/B/7707680,9516715.0,Unclassified,,0,,Not checked,,Read by OCR,3,1505,
GEM/2026/B/7708606,9517775.0,Unclassified,,0,,Not checked,,Read by OCR,1,1411,
GEM/2026/B/7704103,9512789.0,Unclassified,,0,,Not checked,,Read by OCR,5,4246,
GEM/2026/B/7708642,9517818.0,Unclassified,,0,,Not checked,,Read by OCR,1,793,
GEM/2026/B/7706095,9514985.0,Unclassified,,0,,Not checked,,Read by OCR,4,4223,
GEM/2026/B/7709376,9518635.0,Unclassified,,0,,Not checked,,Read by OCR,3,1659,IS 1791
GEM/2026/B/7712965,9522628.0,Unclassified,,0,,Not checked,,Read by OCR,1,397,
GEM/2026/B/7687630,9494199.0,ETD — Electrotechnical Department,IS 6262; IS 13567; IS 1448 (p-21); IS 10593; IS 9434,5,IS 6262 (Withdrawn),Yes,,Read by OCR,29,60817,
GEM/2026/B/7713563,9523336.0,Unclassified,,0,,Not checked,,Not extractable,1,138,
GEM/2026/B/7714726,9524651.0,Unclassified,,0,,Not checked,,Not extractable,1,90,
GEM/2026/B/7714268,9524132.0,Unclassified,,0,,Not checked,,Read by OCR,2,376,
GEM/2026/B/7713482,9523244.0,MTD — Metallurgical Engineering Department,IS 318,1,,No,,Read by OCR,6,1623,
GEM/2026/B/7716023,9526059.0,Unclassified,,0,,Not checked,,Not extractable,1,62,
GEM/2026/B/7710919,9520352.0,Unclassified,,0,,Not checked,,Read by OCR,6,13961,
GEM/2026/B/7715571,9525562.0,MTD — Metallurgical Engineering Department,IS 1570,1,IS 1570 (Withdrawn),Yes,,Read by OCR,3,4604,
GEM/2026/B/7714779,9524709.0,Unclassified,,0,,Not checked,,Read by OCR,6,6980,
GEM/2026/B/7717689,9528007.0,Unclassified,,0,,Not checked,,Read by OCR,1,1157,
GEM/2026/B/7716115,9526179.0,Unclassified,,0,,Not checked,,Read by OCR,2,2021,
GEM/2026/B/7719529,9530108.0,Unclassified,,0,,Not checked,,Read by OCR,2,1258,
GEM/2026/B/7719592,9530186.0,Unclassified,,0,,Not checked,,Read by OCR,1,815,
GEM/2026/B/7720935,9531893.0,Unclassified,,0,,Not checked,,Not extractable,1,174,
GEM/2026/B/7720812,9531741.0,Unclassified,,0,,Not checked,,Read by OCR,1,1069,
GEM/2026/B/7719635,9530235.0,Unclassified,,0,,Not checked,,Read by OCR,2,1488,
GEM/2026/B/7722132,9533301.0,Unclassified,,0,,Not checked,,Not extractable,1,161,
GEM/2026/B/7711731,9521250.0,Unclassified,,0,,Not checked,,Read by OCR,8,20515,
GEM/2026/B/7720528,9531374.0,Unclassified,,0,,Not checked,,Read by OCR,3,2195,
GEM/2026/B/7725009,9536637.0,Unclassified,,0,,Not checked,,Read by OCR,1,1208,
GEM/2026/B/7722930,9534189.0,Unclassified,,0,,Not checked,,Read by OCR,2,979,
GEM/2026/B/7726878,9538720.0,Unclassified,,0,,Not checked,,Not extractable,1,149,
GEM/2026/B/7727407,9539290.0,Unclassified,,0,,Not checked,,Read by OCR,5,4394,
GEM/2026/B/7725606,9537289.0,Unclassified,,0,,Not checked,,Read by OCR,8,12932,
GEM/2026/B/7729124,9541258.0,Unclassified,,0,,Not checked,,Not extractable,2,157,
GEM/2026/B/7729479,9541650.0,Unclassified,,0,,Not checked,,Read by OCR,1,1021,
GEM/2026/B/7723808,9535226.0,"PCD — Petroleum, Coal And Related Products Department",IS 408; IS 1448; IS 495; IS 494; IS 1447 (Part 1),5,,No,,Read by OCR,8,15392,
GEM/2026/B/7729532,9541705.0,Unclassified,,0,,Not checked,,Not extractable,1,0,
GEM/2026/B/7729556,9541731.0,Unclassified,,0,,Not checked,,Read by OCR,1,497,
GEM/2026/B/7729788,9541996.0,Unclassified,,0,,Not checked,,Read by OCR,1,601,
GEM/2026/B/7730811,9543105.0,Unclassified,,0,,Not checked,,Not extractable,1,99,
GEM/2026/B/7724329,9535848.0,Unclassified,,0,,Not checked,,Read by OCR,12,22009,
GEM/2026/B/7731538,9543931.0,Unclassified,,0,,Not checked,,Read by OCR,1,315,
GEM/2026/B/7731683,9544085.0,Unclassified,,0,,Not checked,,Read by OCR,3,470,
GEM/2026/B/7731954,9544373.0,Unclassified,,0,,Not checked,,Read by OCR,1,1026,
GEM/2026/B/7731943,9544361.0,Unclassified,,0,,Not checked,,Read by OCR,2,1121,
GEM/2026/B/7733124,9545660.0,Unclassified,,0,,Not checked,,Read by OCR,1,1448,
GEM/2026/B/7733848,9546500.0,Unclassified,,0,,Not checked,,Read by OCR,1,1378,
GEM/2026/B/7734308,9547033.0,Unclassified,,0,,Not checked,,Read by OCR,1,312,
GEM/2026/B/7734379,9547112.0,Unclassified,,0,,Not checked,,Not extractable,1,177,
GEM/2026/B/7733861,9546518.0,Unclassified,,0,,Not checked,,Read by OCR,3,3467,
GEM/2026/B/7729010,9541122.0,Unclassified,,0,,Not checked,,Read by OCR,8,18553,
GEM/2026/B/7733581,9546159.0,Unclassified,,0,,Not checked,,Read by OCR,3,4874,
GEM/2026/B/7735615,9548485.0,Unclassified,,0,,Not checked,,Read by OCR,1,1118,
GEM/2026/B/7735319,9548148.0,Unclassified,,0,,Not checked,,Read by OCR,2,3199,
GEM/2026/B/7735433,9548274.0,Unclassified,,0,,Not checked,,Read by OCR,2,1689,
GEM/2026/B/7737445,9550541.0,Unclassified,,0,,Not checked,,Read by OCR,4,4809,
GEM/2026/B/7738043,9551205.0,Unclassified,,0,,Not checked,,Read by OCR,2,1436,
GEM/2026/B/7735635,9548507.0,Unclassified,,0,,Not checked,,Read by OCR,12,12751,
GEM/2026/B/7737482,9550583.0,Unclassified,,0,,Not checked,,Read by OCR,12,17627,
GEM/2026/B/7739693,9553104.0,MED — Mechanical Engineering Department,IS 3832,1,,No,,Read by OCR,3,1921,
GEM/2026/B/7739840,9553265.0,Unclassified,,0,,Not checked,,Read by OCR,2,3653,
GEM/2026/B/7740319,9553805.0,Unclassified,,0,,Not checked,,Read by OCR,1,1779,
GEM/2026/B/7740806,9554346.0,Unclassified,,0,,Not checked,,Read by OCR,1,677,
GEM/2026/B/7741431,9555035.0,Unclassified,,0,,Not checked,,Read by OCR,1,1545,
GEM/2026/B/7727199,9539068.0,Unclassified,,0,,Not checked,,Read by OCR,36,61070,
GEM/2026/B/7734682,9547449.0,Unclassified,,0,,Not checked,,Read by OCR,25,58501,
GEM/2026/B/7742051,9555740.0,Unclassified,,0,,Not checked,,Read by OCR,2,4865,
GEM/2026/B/7742485,9556205.0,Unclassified,,0,,Not checked,,Read by OCR,1,1429,
GEM/2026/B/7739772,9553194.0,Unclassified,,0,,Not checked,,Read by OCR,12,21840,
GEM/2026/B/7744566,9558599.0,Unclassified,,0,,Not checked,,Read by OCR,1,2078,
GEM/2026/B/7744625,9558669.0,LITD — Electronics And Information Technology Department,IS 13252 (PART 1),1,,No,,Read by OCR,2,2586,IS 14001
GEM/2026/B/7743243,9557035.0,CHD — Chemical Department,IS 40,1,,No,,Read by OCR,4,4633,
GEM/2026/B/7744684,9558735.0,Unclassified,,0,,Not checked,,Read by OCR,1,794,
GEM/2026/B/7744880,9558969.0,Unclassified,,0,,Not checked,,Read by OCR,1,534,
GEM/2026/B/7745743,9559955.0,Unclassified,,0,,Not checked,,Read by OCR,1,834,
GEM/2026/B/7745014,9559115.0,Unclassified,,0,,Not checked,,Read by OCR,2,1133,
GEM/2026/B/7745812,9560037.0,Unclassified,,0,,Not checked,,Read by OCR,2,3398,
GEM/2026/B/7746726,9561059.0,Unclassified,,0,,Not checked,,Read by OCR,2,3977,
GEM/2026/B/7747081,9561446.0,Unclassified,,0,,Not checked,,Not extractable,1,0,
GEM/2026/B/7746802,9561138.0,Unclassified,,0,,Not checked,,Read by OCR,1,1580,
GEM/2026/B/7748525,9563103.0,Unclassified,,0,,Not checked,,Read by OCR,1,1295,
GEM/2026/B/7748654,9563282.0,TXD — Textile Department,IS 7056; IS 2097,2,,No,,Read by OCR,5,4429,
GEM/2026/B/7741928,9555601.0,Unclassified,,0,,Not checked,,Read by OCR,19,29866,
GEM/2026/B/7750699,9565845.0,Unclassified,,0,,Not checked,,Read by OCR,2,7526,
GEM/2026/B/7754483,9570180.0,Unclassified,,0,,Not checked,,Read by OCR,1,805,
GEM/2026/B/7756742,9572612.0,Unclassified,,0,,Not checked,,Read by OCR,1,1471,
GEM/2026/B/7744351,9558321.0,Electrical cables and wiring,IS 14246; IS 277; IS 806; IS 800; IS 694; IS 9537; IS 3043; IS 13032,8,IS 14246 (Superseded),Yes,,Read by OCR,24,31937,
GEM/2026/B/7739558,9552952.0,Unclassified,,0,,Not checked,,Read by OCR,15,15842,
GEM/2026/B/7757677,9573698.0,Unclassified,,0,,Not checked,,Read by OCR,2,4746,
GEM/2026/B/7748733,9563397.0,Unclassified,,0,,Not checked,,Read by OCR,20,23829,
GEM/2026/B/7758154,9574227.0,Unclassified,,0,,Not checked,,Read by OCR,1,491,
GEM/2026/B/7759913,9576172.0,Unclassified,,0,,Not checked,,Read by OCR,1,1335,
GEM/2026/B/7752847,9568341.0,Unclassified,,0,,Not checked,,Read by OCR,14,21417,
GEM/2026/B/7759951,9576213.0,Unclassified,,0,,Not checked,,Read by OCR,1,3032,
GEM/2026/B/7757046,9572962.0,Unclassified,,0,,Not checked,,Read by OCR,4,5657,
GEM/2026/B/7757546,9573552.0,Unclassified,,0,,Not checked,,Read by OCR,12,20908,
GEM/2026/B/7760174,9576467.0,Unclassified,,0,,Not checked,,Read by OCR,4,6249,
GEM/2026/B/7761659,9578048.0,Unclassified,,0,,Not checked,,Read by OCR,3,3081,
GEM/2026/B/7761936,9578340.0,Unclassified,,0,,Not checked,,Read by OCR,3,1475,
GEM/2026/B/7765004,9581775.0,Unclassified,,0,,Not checked,,Read by OCR,1,632,
GEM/2026/B/7767238,9584194.0,Unclassified,,0,,Not checked,,Read by OCR,1,1954,
GEM/2026/B/7768339,9585418.0,Unclassified,,0,,Not checked,,Read by OCR,1,943,
GEM/2026/B/7760445,9576763.0,MTD — Metallurgical Engineering Department,IS 4454,1,IS 4454 (Superseded),Yes,,Read by OCR,17,36726,
GEM/2026/B/7769340,9586631.0,Unclassified,,0,,Not checked,,Read by OCR,1,603,
GEM/2026/B/7768994,9586223.0,Unclassified,,0,,Not checked,,Read by OCR,20,28186,
GEM/2026/B/7770880,9588386.0,FAD — Food And Agriculture Department,IS 4393,1,,No,,Read by OCR,12,27075,
GEM/2026/B/7758135,9574208.0,ETD — Electrotechnical Department,IS 493 (Part 1); IS 11696; IS 493; IS 9466; IS 1449; IS 1447 (Part 3); IS 335; IS 13631; IS 1448 (Part 21); IS 1448 (Part 16); IS 16082; IS 15668; IS 13236; IS 16497 (Part 1); IS 12422 (Method C); IS 2026 (Part 2); IS 12463; IS 1866; IS 1448 (Part 25); IS 16084; IS 1448 (Part 10/Sec 2); IS 6792; IS 16086; IS 16310; IS 12422; IS 6855,26,IS 493 (Part 1) (Withdrawn); IS 493 (Withdrawn); IS 12463 (Withdrawn),Yes,,Read by OCR,34,86654,
GEM/2026/B/7773336,9591127.0,Unclassified,,0,,Not checked,,Read by OCR,1,296,
GEM/2026/B/7771425,9589012.0,ETD — Electrotechnical Department,IS 13364 (Part-2); IS 10000 (Part IX); IS 13364; IS 1239 (Part-1),4,,No,,Read by OCR,7,14171,
GEM/2026/B/7764339,9581041.0,Unclassified,,0,,Not checked,,Read by OCR,36,92063,
GEM/2026/B/7775019,9593093.0,Unclassified,,0,,Not checked,,Read by OCR,1,1409,
GEM/2026/B/7760788,9577132.0,PGD — Production And General Engineering Department,IS 2102; IS 2500 (Part-I),2,,No,,Read by OCR,36,49040,
GEM/2026/B/7776682,9594963.0,Unclassified,,0,,Not checked,,Read by OCR,1,948,
GEM/2026/B/7775573,9593716.0,Unclassified,,0,,Not checked,,Read by OCR,4,4251,
GEM/2026/B/7778956,9597716.0,Unclassified,,0,,Not checked,,Read by OCR,4,3965,
GEM/2026/B/7774927,9592991.0,FAD — Food And Agriculture Department,IS 10500; IS 14134,2,,No,,Read by OCR,11,18680,
GEM/2026/B/7774323,9592284.0,"PCD — Petroleum, Coal And Related Products Department",IS 3400,1,,No,,Read by OCR,12,19812,
GEM/2026/B/7779180,9597983.0,TED — Transport Engineering Department,IS 10613 (Q2 Category); IS 2039; IS 623; IS 2061; IS 625; IS 2973; IS 626; IS 629; IS 1281; IS 15511; IS 1131; IS 1132; IS 1134; IS 628; IS 1282; IS 624; IS 532; IS 630; IS 960; IS 2704; IS 10613; IS 6799; IS 2414; IS 2415; IS 6742,25,IS 1281 (Superseded); IS 628 (Superseded),Yes,,Read by OCR,6,5341,
GEM/2026/B/7780365,9599351.0,"PCD — Petroleum, Coal And Related Products Department",IS 1741,1,,No,,Read by OCR,3,849,
GEM/2026/B/7783495,9602968.0,Unclassified,,0,,Not checked,,Not extractable,2,78,
GEM/2026/B/7770964,9588483.0,Unclassified,,0,,Not checked,,Read by OCR,24,68119,
GEM/2026/B/7784521,9604105.0,Unclassified,,0,,Not checked,,Read by OCR,1,1702,
GEM/2026/B/7782553,9601888.0,Unclassified,,0,,Not checked,,Read by OCR,4,3210,
GEM/2026/B/7785953,9605703.0,Unclassified,,0,,Not checked,,Read by OCR,2,2405,
GEM/2026/B/7786608,9606405.0,CHD — Chemical Department,IS 252,1,,No,,Read by OCR,1,216,
GEM/2026/B/7784550,9604141.0,Unclassified,,0,,Not checked,,Read by OCR,2,2367,
GEM/2026/B/7787747,9607670.0,Unclassified,,0,,Not checked,,Read by OCR,1,1233,
GEM/2026/B/7787800,9607724.0,Unclassified,,0,,Not checked,,Read by OCR,1,444,
GEM/2026/B/7787638,9607549.0,Unclassified,,0,,Not checked,,Read by OCR,2,2836,
GEM/2026/B/7788096,9608043.0,Unclassified,,0,,Not checked,,Read by OCR,1,1100,
GEM/2026/B/7788217,9608183.0,Unclassified,,0,,Not checked,,Read by OCR,3,2061,
GEM/2026/B/7779827,9598738.0,Unclassified,,0,,Not checked,,Read by OCR,12,30966,
GEM/2026/B/7788447,9608449.0,Unclassified,,0,,Not checked,,Read by OCR,2,3231,
GEM/2026/B/7788622,9608644.0,Unclassified,,0,,Not checked,,Read by OCR,2,2578,
GEM/2026/B/7789567,9609680.0,Unclassified,,0,,Not checked,,Read by OCR,1,305,
GEM/2026/B/7789918,9610075.0,Unclassified,,0,,Not checked,,Read by OCR,1,1789,
GEM/2026/B/7789924,9610083.0,Unclassified,,0,,Not checked,,Read by OCR,1,211,
GEM/2026/B/7790142,9610335.0,Unclassified,,0,,Not checked,,Read by OCR,1,1875,
GEM/2026/B/7789831,9609977.0,Unclassified,,0,,Not checked,,Read by OCR,5,7625,
GEM/2026/B/7792109,9612530.0,Unclassified,,0,,Not checked,,Read by OCR,2,3465,
GEM/2026/B/7792926,9613463.0,Unclassified,,0,,Not checked,,Read by OCR,1,418,
GEM/2026/B/7793216,9613792.0,Unclassified,,0,,Not checked,,Read by OCR,3,251,
GEM/2026/B/7794769,9615554.0,Unclassified,,0,,Not checked,,Read by OCR,5,4764,
GEM/2026/B/7795436,9616301.0,CHD — Chemical Department,IS 42,1,IS 42 (Withdrawn),Yes,,Read by OCR,2,373,
GEM/2026/B/7789381,9609475.0,Unclassified,,0,,Not checked,,Read by OCR,12,18711,
GEM/2026/B/7795632,9616517.0,Unclassified,,0,,Not checked,,Read by OCR,1,501,
GEM/2026/B/7793281,9613866.0,LITD — Electronics And Information Technology Department,IS 13252; IS 13252 (Part 1),2,,No,,Read by OCR,7,11455,
GEM/2026/B/7797401,9618470.0,Unclassified,,0,,Not checked,,Read by OCR,2,2198,
GEM/2026/B/7796208,9617165.0,Unclassified,,0,,Not checked,,Read by OCR,2,1309,
GEM/2026/B/7797686,9618788.0,TXD — Textile Department,IS 1923; IS 1969; IS 4420; IS 1390,4,,No,,Read by OCR,2,3923,
GEM/2026/B/7799694,9621075.0,Unclassified,,0,,Not checked,,Read by OCR,3,299,
GEM/2026/B/7799619,9620996.0,Unclassified,,0,,Not checked,,Read by OCR,3,1733,
GEM/2026/B/7801254,9622834.0,Unclassified,,0,,Not checked,,Read by OCR,3,1811,
GEM/2026/B/7801749,9623385.0,Unclassified,,0,,Not checked,,Read by OCR,4,1511,
GEM/2026/B/7801845,9623492.0,Unclassified,,0,,Not checked,,Read by OCR,4,9961,
GEM/2026/B/7804423,9626493.0,Unclassified,,0,,Not checked,,Read by OCR,2,2186,
GEM/2026/B/7805763,9628042.0,Unclassified,,0,,Not checked,,Read by OCR,1,1081,
GEM/2026/B/7806258,9628588.0,Unclassified,,0,,Not checked,,Read by OCR,1,1335,
GEM/2026/B/7806748,9629170.0,Unclassified,,0,,Not checked,,Not extractable,1,179,
GEM/2026/B/7807579,9630146.0,Unclassified,,0,,Not checked,,Read by OCR,2,2018,
GEM/2026/B/7807989,9630745.0,Unclassified,,0,,Not checked,,Read by OCR,2,3619,
GEM/2026/B/7802232,9623915.0,Unclassified,,0,,Not checked,,Read by OCR,12,11249,
GEM/2026/B/7808342,9631204.0,Unclassified,,0,,Not checked,,Read by OCR,2,3977,
GEM/2026/B/7809992,9633162.0,Unclassified,,0,,Not checked,,Read by OCR,1,875,
GEM/2026/B/7810043,9633215.0,Unclassified,,0,,Not checked,,Read by OCR,1,1491,
GEM/2026/B/7810551,9633774.0,Unclassified,,0,,Not checked,,Read by OCR,1,1708,
GEM/2026/B/7809833,9632980.0,Unclassified,,0,,Not checked,,Read by OCR,6,3599,
GEM/2026/B/7811997,9635407.0,Unclassified,,0,,Not checked,,Read by OCR,1,537,
GEM/2026/B/7811383,9634695.0,Unclassified,,0,,Not checked,,Read by OCR,2,1878,
GEM/2026/B/7785427,9605117.0,Unclassified,,0,,Not checked,,Read by OCR,40,94379,
GEM/2026/B/7815226,9639110.0,Unclassified,,0,,Not checked,,Read by OCR,1,324,
GEM/2026/B/7815779,9639706.0,"PCD — Petroleum, Coal And Related Products Department",IS 495,1,,No,,Read by OCR,1,454,
GEM/2026/B/7814166,9637936.0,Unclassified,,0,,Not checked,,Read by OCR,3,3585,
GEM/2026/B/7813258,9636922.0,Unclassified,,0,,Not checked,,Read by OCR,5,6767,
GEM/2026/B/7816105,9640065.0,MTD — Metallurgical Engineering Department,IS 2004; IS 25,2,IS 25 (Withdrawn),Yes,,Read by OCR,2,3282,
GEM/2026/B/7816859,9640888.0,Unclassified,,0,,Not checked,,Read by OCR,4,2162,
GEM/2026/B/7819545,9643949.0,Unclassified,,0,,Not checked,,Not extractable,1,0,
GEM/2026/B/7819409,9643793.0,Unclassified,,0,,Not checked,,Read by OCR,1,1725,
GEM/2026/B/7820987,9645582.0,Unclassified,,0,,Not checked,,Not extractable,1,83,
GEM/2026/B/7820397,9644922.0,Unclassified,,0,,Not checked,,Read by OCR,1,1397,
GEM/2026/B/7821166,9645778.0,MTD — Metallurgical Engineering Department,IS 209,1,,No,,Read by OCR,1,293,
GEM/2026/B/7821051,9645649.0,Unclassified,,0,,Not checked,,Read by OCR,2,2772,
GEM/2026/B/7823697,9648641.0,Unclassified,,0,,Not checked,,Read by OCR,2,249,
GEM/2026/B/7822913,9647745.0,Unclassified,,0,,Not checked,,Read by OCR,1,1580,
GEM/2026/B/7828028,9653545.0,Unclassified,,0,,Not checked,,Not extractable,1,0,
GEM/2026/B/7828543,9654163.0,Unclassified,,0,,Not checked,,Read by OCR,1,1567,
GEM/2026/B/7828785,9654447.0,Unclassified,,0,,Not checked,,Not extractable,1,52,
GEM/2026/B/7828599,9654236.0,Unclassified,,0,,Not checked,,Read by OCR,2,2352,
GEM/2026/B/7829360,9655098.0,Unclassified,,0,,Not checked,,Read by OCR,1,793,
GEM/2026/B/7828845,9654517.0,Unclassified,,0,,Not checked,,Read by OCR,4,4321,
GEM/2026/B/7830045,9655867.0,Unclassified,,0,,Not checked,,Not extractable,3,176,
GEM/2026/B/7830130,9655961.0,Unclassified,,0,,Not checked,,Read by OCR,6,2581,
GEM/2026/B/7830481,9656366.0,Unclassified,,0,,Not checked,,Read by OCR,1,2558,
GEM/2026/B/7829390,9655137.0,Unclassified,,0,,Not checked,,Read by OCR,12,9217,
GEM/2026/B/7831189,9657204.0,Unclassified,,0,,Not checked,,Read by OCR,1,205,
GEM/2026/B/7830881,9656832.0,Unclassified,,0,,Not checked,,Read by OCR,1,551,
GEM/2026/B/7831572,9657632.0,Unclassified,,0,,Not checked,,Not extractable,1,0,
GEM/2026/B/7833356,9659664.0,Unclassified,,0,,Not checked,,Read by OCR,1,285,
GEM/2026/B/7833014,9659264.0,Unclassified,,0,,Not checked,,Read by OCR,2,2147,
GEM/2026/B/7833424,9659751.0,Unclassified,,0,,Not checked,,Read by OCR,2,4059,
GEM/2026/B/7833616,9659992.0,Unclassified,,0,,Not checked,,Read by OCR,1,967,
GEM/2026/B/7805824,9628105.0,Unclassified,,0,,Not checked,,Read by OCR,48,105451,
GEM/2026/B/7833816,9660234.0,Unclassified,,0,,Not checked,,Read by OCR,2,1491,
GEM/2026/B/7833839,9660260.0,Unclassified,,0,,Not checked,,Not extractable,1,116,
GEM/2026/B/7818599,9642887.0,LITD — Electronics And Information Technology Department,IS 16910,1,,No,,Read by OCR,24,42163,
GEM/2026/B/7835201,9661829.0,Unclassified,,0,,Not checked,,Read by OCR,1,1558,
GEM/2026/B/7833457,9659795.0,ETD — Electrotechnical Department,IS 13364 (Part-1); IS 14257,2,IS 14257 (Superseded),Yes,,Read by OCR,8,4130,
GEM/2026/B/7837001,9663909.0,Unclassified,,0,,Not checked,,Read by OCR,1,1145,
GEM/2026/B/7837490,9664603.0,Unclassified,,0,,Not checked,,Read by OCR,2,1053,
GEM/2026/B/7838804,9666193.0,Unclassified,,0,,Not checked,,Read by OCR,2,3557,
GEM/2026/B/7839891,9667458.0,Unclassified,,0,,Not checked,,Read by OCR,1,2119,
GEM/2026/B/7843478,9671579.0,Unclassified,,0,,Not checked,,Read by OCR,1,383,
GEM/2026/B/7844373,9672581.0,Unclassified,,0,,Not checked,,Read by OCR,1,1876,
GEM/2026/B/7833817,9660235.0,Unclassified,,0,,Not checked,,Read by OCR,12,31597,
GEM/2026/B/7845871,9674228.0,Unclassified,,0,,Not checked,,Read by OCR,2,5504,
GEM/2026/B/7845158,9673424.0,Unclassified,,0,,Not checked,,Read by OCR,9,5740,
GEM/2026/B/7846542,9674980.0,Unclassified,,0,,Not checked,,Read by OCR,4,6967,
GEM/2026/B/7848341,9677064.0,Unclassified,,0,,Not checked,,Read by OCR,2,1337,
GEM/2026/B/7850682,9679650.0,Unclassified,,0,,Not checked,,Read by OCR,2,727,
GEM/2026/B/7834241,9660737.0,Unclassified,,0,,Not checked,,Read by OCR,18,50661,
GEM/2026/B/7853720,9683109.0,Unclassified,,0,,Not checked,,Read by OCR,2,2480,
GEM/2026/B/7837702,9664870.0,Unclassified,,0,,Not checked,,Read by OCR,24,18290,
GEM/2026/B/7855732,9685311.0,Unclassified,,0,,Not checked,,Read by OCR,1,1367,
GEM/2026/B/7856145,9685768.0,Unclassified,,0,,Not checked,,Read by OCR,1,923,
GEM/2026/B/7856179,9685803.0,Unclassified,,0,,Not checked,,Read by OCR,1,338,
GEM/2026/B/7848391,9677116.0,Unclassified,,0,,Not checked,,Read by OCR,10,16225,
GEM/2026/B/7856802,9686510.0,Unclassified,,0,,Not checked,,Not extractable,2,0,
GEM/2026/B/7856878,9686589.0,Unclassified,,0,,Not checked,,Read by OCR,2,3677,
GEM/2026/B/7857015,9686749.0,Unclassified,,0,,Not checked,,Not extractable,1,193,
GEM/2026/B/7855414,9684969.0,Unclassified,,0,,Not checked,,Read by OCR,6,14817,
GEM/2026/B/7857941,9687790.0,Unclassified,,0,,Not checked,,Read by OCR,5,5912,
GEM/2026/B/7858069,9687949.0,Unclassified,,0,,Not checked,,Read by OCR,2,341,
GEM/2026/B/7858349,9688259.0,Unclassified,,0,,Not checked,,Read by OCR,1,957,
GEM/2026/B/7859144,9689141.0,Unclassified,,0,,Not checked,,Not extractable,1,109,
GEM/2026/B/7859796,9689858.0,Unclassified,,0,,Not checked,,Read by OCR,1,925,
GEM/2026/B/7857352,9687136.0,Unclassified,,0,,Not checked,,Read by OCR,12,23151,
GEM/2026/B/7854952,9684475.0,Unclassified,,0,,Not checked,,Read by OCR,20,51611,
GEM/2026/B/7859865,9689932.0,Unclassified,,0,,Not checked,,Read by OCR,3,5616,
GEM/2026/B/7860275,9690394.0,Unclassified,,0,,Not checked,,Read by OCR,1,1543,
GEM/2026/B/7863494,9694040.0,Unclassified,,0,,Not checked,,Read by OCR,1,823,
GEM/2026/B/7861703,9691974.0,Unclassified,,0,,Not checked,,Read by OCR,3,6903,
GEM/2026/B/7863530,9694077.0,Unclassified,,0,,Not checked,,Read by OCR,1,2076,
GEM/2026/B/7862674,9693059.0,MTD — Metallurgical Engineering Department,IS 2708,1,,No,,Read by OCR,3,5161,
GEM/2026/B/7865422,9696204.0,Unclassified,,0,,Not checked,,Read by OCR,2,2905,
GEM/2026/B/7863998,9694607.0,MED — Mechanical Engineering Department,IS 16014; IS 14715,2,,No,,Read by OCR,3,3038,
GEM/2026/B/7864367,9695020.0,Unclassified,,0,,Not checked,,Read by OCR,4,6077,
GEM/2026/B/7867463,9698702.0,Unclassified,,0,,Not checked,,Read by OCR,1,1504,
GEM/2026/B/7869449,9701102.0,Unclassified,,0,,Not checked,,Read by OCR,1,1313,
GEM/2026/B/7870656,9702472.0,Unclassified,,0,,Not checked,,Read by OCR,4,559,
GEM/2026/B/7871341,9703284.0,Unclassified,,0,,Not checked,,Read by OCR,3,7373,
GEM/2026/B/7871402,9703365.0,Unclassified,,0,,Not checked,,Read by OCR,1,265,
GEM/2026/B/7871393,9703354.0,Unclassified,,0,,Not checked,,Read by OCR,3,6404,
GEM/2026/B/7872701,9704858.0,Unclassified,,0,,Not checked,,Read by OCR,1,1317,
GEM/2026/B/7873738,9706004.0,Unclassified,,0,,Not checked,,Read by OCR,1,952,
GEM/2026/B/7856461,9686124.0,Unclassified,,0,,Not checked,,Read by OCR,37,56517,
GEM/2026/B/7873413,9705639.0,Unclassified,,0,,Not checked,,Read by OCR,4,4405,
GEM/2026/B/7874724,9707115.0,Unclassified,,0,,Not checked,,Read by OCR,1,610,
GEM/2026/B/7870265,9702034.0,"PCD — Petroleum, Coal And Related Products Department",IS 170,1,,No,,Read by OCR,12,14247,
GEM/2026/B/7876633,9709215.0,Unclassified,,0,,Not checked,,Not extractable,2,93,
GEM/2026/B/7878066,9710873.0,Unclassified,,0,,Not checked,,Read by OCR,1,411,
GEM/2026/B/7788804,9608842.0,Unclassified,,0,,Not checked,,Read by OCR,48,72087,
GEM/2026/B/7877268,9709978.0,FAD — Food And Agriculture Department,IS 2785; IS 2034; IS 4304,3,IS 2785 (Withdrawn); IS 2034 (Withdrawn); IS 4304 (Withdrawn),Yes,,Read by OCR,8,15069,
GEM/2026/B/7874323,9706675.0,Unclassified,,0,,Not checked,,Read by OCR,8,14751,
GEM/2026/B/7881867,9715132.0,Unclassified,,0,,Not checked,,Read by OCR,1,1230,
GEM/2026/B/7882594,9716021.0,Unclassified,,0,,Not checked,,Read by OCR,1,593,
GEM/2026/B/7884531,9718182.0,Unclassified,,0,,Not checked,,Not extractable,1,106,
GEM/2026/B/7878725,9711587.0,MSD — Management System Department,IS 4905; IS 2500 (Part -l); IS 2500 (Pt- 1),3,,No,,Read by OCR,12,15400,
GEM/2026/B/7874369,9706729.0,Unclassified,,0,,Not checked,,Read by OCR,24,34617,
GEM/2026/B/7887755,9721816.0,Unclassified,,0,,Not checked,,Read by OCR,6,1300,
GEM/2026/B/7887823,9721893.0,Unclassified,,0,,Not checked,,Not extractable,1,153,
GEM/2026/B/7885000,9718699.0,MTD — Metallurgical Engineering Department,IS 513; IS 2102; IS 737; IS 1079; IS 1079 (FOR 08 Kp GOST-1050-74),5,IS 737 (Superseded),Yes,,Read by OCR,8,4204,
GEM/2026/B/7888769,9722984.0,Unclassified,,0,,Not checked,,Not extractable,1,61,
GEM/2026/B/7889831,9724175.0,Unclassified,,0,,Not checked,,Read by OCR,2,2199,
GEM/2026/B/7881181,9714324.0,Unclassified,,0,,Not checked,,Read by OCR,12,33025,
GEM/2026/B/7888279,9722435.0,Unclassified,,0,,Not checked,,Read by OCR,4,8174,
GEM/2026/B/7892775,9727488.0,Unclassified,,0,,Not checked,,Read by OCR,1,1611,
GEM/2026/B/7894772,9729826.0,Unclassified,,0,,Not checked,,Not extractable,1,94,
GEM/2026/B/7894697,9729733.0,Unclassified,,0,,Not checked,,Not extractable,1,180,
GEM/2026/B/7895916,9731134.0,Unclassified,,0,,Not checked,,Read by OCR,1,563,
GEM/2026/B/7895938,9731159.0,Unclassified,,0,,Not checked,,Not extractable,0,0,
GEM/2026/B/7896602,9732009.0,Unclassified,,0,,Not checked,,Read by OCR,1,1351,
GEM/2026/B/7890062,9724434.0,MHD — Medical Equipment And Hospital Planning Department,IS 18375,1,,No,,Read by OCR,5,3339,
GEM/2026/B/7896673,9732105.0,Unclassified,,0,,Not checked,,Read by OCR,1,1008,
GEM/2026/B/7896711,9732152.0,Unclassified,,0,,Not checked,,Read by OCR,2,2254,
GEM/2026/B/7886277,9720096.0,Unclassified,,0,,Not checked,,Read by OCR,16,18199,
GEM/2026/B/7897023,9732554.0,Unclassified,,0,,Not checked,,Read by OCR,2,805,
GEM/2026/B/7897109,9732658.0,Unclassified,,0,,Not checked,,Read by OCR,1,1778,
GEM/2026/B/7899942,9735995.0,Unclassified,,0,,Not checked,,Read by OCR,1,1303,
GEM/2026/B/7900162,9736243.0,Unclassified,,0,,Not checked,,Read by OCR,1,1151,
GEM/2026/B/7900271,9736361.0,Unclassified,,0,,Not checked,,Read by OCR,2,5326,
GEM/2026/B/7903603,9740217.0,Unclassified,,0,,Not checked,,Read by OCR,1,587,
GEM/2026/B/7906128,9743024.0,Unclassified,,0,,Not checked,,Read by OCR,2,555,
GEM/2026/B/7906881,9743861.0,Unclassified,,0,,Not checked,,Read by OCR,2,1053,
GEM/2026/B/7899113,9735064.0,Unclassified,,0,,Not checked,,Read by OCR,12,23991,
GEM/2026/B/7908264,9745407.0,Unclassified,,0,,Not checked,,Read by OCR,2,1450,
GEM/2026/B/7907654,9744713.0,Unclassified,,0,,Not checked,,Read by OCR,3,6290,
GEM/2026/B/7879273,9712216.0,Unclassified,,0,,Not checked,,Read by OCR,36,104756,
GEM/2026/B/7908795,9746014.0,Unclassified,,0,,Not checked,,Read by OCR,6,7061,
GEM/2026/B/7908874,9746106.0,"PCD — Petroleum, Coal And Related Products Department",IS 1448,1,,No,,Read by OCR,5,6403,
GEM/2026/B/7896889,9732380.0,Unclassified,,0,,Not checked,,Read by OCR,24,36583,
GEM/2026/B/7911522,9749070.0,Unclassified,,0,,Not checked,,Not extractable,1,92,
GEM/2026/B/7911125,9748591.0,Unclassified,,0,,Not checked,,Read by OCR,1,725,
GEM/2026/B/7908846,9746071.0,Unclassified,,0,,Not checked,,Read by OCR,10,12794,
GEM/2026/B/7895809,9731014.0,Unclassified,,0,,Not checked,,Read by OCR,40,121823,
GEM/2026/B/7909507,9746789.0,Unclassified,,0,,Not checked,,Read by OCR,49,155141,
